2020-05-26 09:23:07,679 WARN com.zaxxer.hikari.pool.HikariPool$HouseKeeper [HikariPool-1 housekeeper] HikariPool-1 - Thread starvation or clock leap detected (housekeeper delta=12h5m30s215ms).
2020-05-26 09:23:23,474 INFO com.surshree.app.scheduling.CacheScheduler [scheduling-1] Clear user cache : START
2020-05-26 09:23:23,485 INFO com.surshree.app.scheduling.CacheScheduler [scheduling-1] Clear user cache : END
2020-05-26 09:32:57,657 WARN com.zaxxer.hikari.pool.HikariPool$HouseKeeper [HikariPool-1 housekeeper] HikariPool-1 - Thread starvation or clock leap detected (housekeeper delta=9m51s249ms).
2020-05-26 09:42:41,786 INFO com.surshree.app.scheduling.CacheScheduler [scheduling-1] Clear user cache : START
2020-05-26 09:42:41,794 INFO com.surshree.app.scheduling.CacheScheduler [scheduling-1] Clear user cache : END
2020-05-26 09:52:41,816 INFO com.surshree.app.scheduling.CacheScheduler [scheduling-1] Clear user cache : START
2020-05-26 09:52:41,856 INFO com.surshree.app.scheduling.CacheScheduler [scheduling-1] Clear user cache : END
2020-05-26 10:02:41,877 INFO com.surshree.app.scheduling.CacheScheduler [scheduling-1] Clear user cache : START
2020-05-26 10:02:41,884 INFO com.surshree.app.scheduling.CacheScheduler [scheduling-1] Clear user cache : END
2020-05-26 10:12:41,911 INFO com.surshree.app.scheduling.CacheScheduler [scheduling-1] Clear user cache : START
2020-05-26 10:12:41,926 INFO com.surshree.app.scheduling.CacheScheduler [scheduling-1] Clear user cache : END
2020-05-26 10:22:41,934 INFO com.surshree.app.scheduling.CacheScheduler [scheduling-1] Clear user cache : START
2020-05-26 10:22:41,946 INFO com.surshree.app.scheduling.CacheScheduler [scheduling-1] Clear user cache : END
2020-05-26 10:32:41,960 INFO com.surshree.app.scheduling.CacheScheduler [scheduling-1] Clear user cache : START
2020-05-26 10:32:41,975 INFO com.surshree.app.scheduling.CacheScheduler [scheduling-1] Clear user cache : END
2020-05-26 10:42:42,037 INFO com.surshree.app.scheduling.CacheScheduler [scheduling-1] Clear user cache : START
2020-05-26 10:42:42,038 INFO com.surshree.app.scheduling.CacheScheduler [scheduling-1] Clear user cache : END
2020-05-26 10:52:42,056 INFO com.surshree.app.scheduling.CacheScheduler [scheduling-1] Clear user cache : START
2020-05-26 10:52:42,071 INFO com.surshree.app.scheduling.CacheScheduler [scheduling-1] Clear user cache : END
2020-05-26 11:02:42,102 INFO com.surshree.app.scheduling.CacheScheduler [scheduling-1] Clear user cache : START
2020-05-26 11:02:42,107 INFO com.surshree.app.scheduling.CacheScheduler [scheduling-1] Clear user cache : END
2020-05-26 11:17:16,660 INFO org.springframework.boot.SpringApplication [main] No active profile set, falling back to default profiles: default
2020-05-26 11:17:19,326 INFO org.springframework.data.repository.config.RepositoryConfigurationDelegate [main] Bootstrapping Spring Data JPA repositories in DEFAULT mode.
2020-05-26 11:17:20,531 INFO org.springframework.data.repository.config.RepositoryConfigurationDelegate [main] Finished Spring Data repository scanning in 1181ms. Found 9 JPA repository interfaces.
2020-05-26 11:17:23,481 INFO org.springframework.cloud.context.scope.GenericScope [main] BeanFactory id=0d5d551f-c6e4-3843-9900-0651a2a53da4
2020-05-26 11:17:25,523 INFO org.springframework.boot.web.embedded.tomcat.TomcatWebServer [main] Tomcat initialized with port(s): 8080 (http)
2020-05-26 11:17:25,555 INFO org.apache.juli.logging.DirectJDKLog [main] Initializing ProtocolHandler ["http-nio-8080"]
2020-05-26 11:17:25,557 INFO org.apache.juli.logging.DirectJDKLog [main] Starting service [Tomcat]
2020-05-26 11:17:25,557 INFO org.apache.juli.logging.DirectJDKLog [main] Starting Servlet engine: [Apache Tomcat/9.0.33]
2020-05-26 11:17:26,020 INFO org.apache.juli.logging.DirectJDKLog [main] Initializing Spring embedded WebApplicationContext
2020-05-26 11:17:26,021 INFO org.springframework.boot.web.servlet.context.ServletWebServerApplicationContext [main] Root WebApplicationContext: initialization completed in 9017 ms
2020-05-26 11:17:27,060 INFO com.surshree.app.config.CacheConfig [main] Initializing cache.
2020-05-26 11:17:27,692 INFO org.hibernate.jpa.internal.util.LogHelper [main] HHH000204: Processing PersistenceUnitInfo [name: default]
2020-05-26 11:17:28,071 INFO org.hibernate.Version [main] HHH000412: Hibernate ORM core version 5.4.12.Final
2020-05-26 11:17:28,787 INFO org.hibernate.annotations.common.reflection.java.JavaReflectionManager [main] HCANN000001: Hibernate Commons Annotations {5.1.0.Final}
2020-05-26 11:17:29,595 INFO com.zaxxer.hikari.HikariDataSource [main] HikariPool-1 - Starting...
2020-05-26 11:17:30,147 INFO com.zaxxer.hikari.HikariDataSource [main] HikariPool-1 - Start completed.
2020-05-26 11:17:30,327 INFO org.hibernate.dialect.Dialect [main] HHH000400: Using dialect: org.hibernate.dialect.PostgreSQL10Dialect
2020-05-26 11:17:35,412 INFO org.hibernate.engine.transaction.jta.platform.internal.JtaPlatformInitiator [main] HHH000490: Using JtaPlatform implementation: [org.hibernate.engine.transaction.jta.platform.internal.NoJtaPlatform]
2020-05-26 11:17:35,845 INFO org.springframework.orm.jpa.AbstractEntityManagerFactoryBean [main] Initialized JPA EntityManagerFactory for persistence unit 'default'
2020-05-26 11:17:35,997 WARN org.springframework.boot.autoconfigure.orm.jpa.JpaBaseConfiguration$JpaWebConfiguration [main] spring.jpa.open-in-view is enabled by default. Therefore, database queries may be performed during view rendering. Explicitly configure spring.jpa.open-in-view to disable this warning
2020-05-26 11:17:37,503 WARN org.springframework.context.support.AbstractApplicationContext [main] Exception encountered during context initialization - cancelling refresh attempt: org.springframework.beans.factory.UnsatisfiedDependencyException: Error creating bean with name 'authorizationServerConfig': Unsatisfied dependency expressed through field 'authenticationManager'; nested exception is org.springframework.beans.factory.UnsatisfiedDependencyException: Error creating bean with name 'webSecurityConfig': Unsatisfied dependency expressed through method 'setAuthenticationConfiguration' parameter 0; nested exception is org.springframework.beans.factory.UnsatisfiedDependencyException: Error creating bean with name 'org.springframework.security.config.annotation.authentication.configuration.AuthenticationConfiguration': Unsatisfied dependency expressed through method 'setGlobalAuthenticationConfigurers' parameter 0; nested exception is org.springframework.beans.factory.UnsatisfiedDependencyException: Error creating bean with name 'userAuthenticationConfig': Unsatisfied dependency expressed through field 'authenticationProvider'; nested exception is org.springframework.beans.factory.UnsatisfiedDependencyException: Error creating bean with name 'customAuthenticationProvider': Unsatisfied dependency expressed through field 'otpService'; nested exception is org.springframework.beans.factory.UnsatisfiedDependencyException: Error creating bean with name 'otpService': Unsatisfied dependency expressed through field 'template'; nested exception is org.springframework.beans.factory.NoSuchBeanDefinitionException: No qualifying bean of type 'org.springframework.web.client.RestTemplate' available: expected at least 1 bean which qualifies as autowire candidate. Dependency annotations: {@org.springframework.beans.factory.annotation.Autowired(required=true)}
2020-05-26 11:17:37,504 INFO org.springframework.orm.jpa.AbstractEntityManagerFactoryBean [main] Closing JPA EntityManagerFactory for persistence unit 'default'
2020-05-26 11:17:37,508 INFO com.zaxxer.hikari.HikariDataSource [main] HikariPool-1 - Shutdown initiated...
2020-05-26 11:17:37,532 INFO com.zaxxer.hikari.HikariDataSource [main] HikariPool-1 - Shutdown completed.
2020-05-26 11:17:37,537 INFO org.apache.juli.logging.DirectJDKLog [main] Stopping service [Tomcat]
2020-05-26 11:17:37,581 INFO org.springframework.boot.autoconfigure.logging.ConditionEvaluationReportLoggingListener [main] 

Error starting ApplicationContext. To display the conditions report re-run your application with 'debug' enabled.
2020-05-26 11:17:38,494 ERROR org.springframework.boot.diagnostics.LoggingFailureAnalysisReporter [main] 

***************************
APPLICATION FAILED TO START
***************************

Description:

Field template in com.surshree.app.services.OtpService required a bean of type 'org.springframework.web.client.RestTemplate' that could not be found.

The injection point has the following annotations:
	- @org.springframework.beans.factory.annotation.Autowired(required=true)


Action:

Consider defining a bean of type 'org.springframework.web.client.RestTemplate' in your configuration.

2020-05-26 11:19:53,522 INFO org.springframework.boot.SpringApplication [main] No active profile set, falling back to default profiles: default
2020-05-26 11:19:55,714 INFO org.springframework.data.repository.config.RepositoryConfigurationDelegate [main] Bootstrapping Spring Data JPA repositories in DEFAULT mode.
2020-05-26 11:19:55,929 INFO org.springframework.data.repository.config.RepositoryConfigurationDelegate [main] Finished Spring Data repository scanning in 194ms. Found 9 JPA repository interfaces.
2020-05-26 11:19:58,554 INFO org.springframework.cloud.context.scope.GenericScope [main] BeanFactory id=0d5d551f-c6e4-3843-9900-0651a2a53da4
2020-05-26 11:20:00,347 INFO org.springframework.boot.web.embedded.tomcat.TomcatWebServer [main] Tomcat initialized with port(s): 8080 (http)
2020-05-26 11:20:00,366 INFO org.apache.juli.logging.DirectJDKLog [main] Initializing ProtocolHandler ["http-nio-8080"]
2020-05-26 11:20:00,367 INFO org.apache.juli.logging.DirectJDKLog [main] Starting service [Tomcat]
2020-05-26 11:20:00,368 INFO org.apache.juli.logging.DirectJDKLog [main] Starting Servlet engine: [Apache Tomcat/9.0.33]
2020-05-26 11:20:00,680 INFO org.apache.juli.logging.DirectJDKLog [main] Initializing Spring embedded WebApplicationContext
2020-05-26 11:20:00,680 INFO org.springframework.boot.web.servlet.context.ServletWebServerApplicationContext [main] Root WebApplicationContext: initialization completed in 7086 ms
2020-05-26 11:20:01,274 INFO com.surshree.app.config.CacheConfig [main] Initializing cache.
2020-05-26 11:20:01,426 INFO org.hibernate.jpa.internal.util.LogHelper [main] HHH000204: Processing PersistenceUnitInfo [name: default]
2020-05-26 11:20:01,594 INFO org.hibernate.Version [main] HHH000412: Hibernate ORM core version 5.4.12.Final
2020-05-26 11:20:01,923 INFO org.hibernate.annotations.common.reflection.java.JavaReflectionManager [main] HCANN000001: Hibernate Commons Annotations {5.1.0.Final}
2020-05-26 11:20:02,494 INFO com.zaxxer.hikari.HikariDataSource [main] HikariPool-1 - Starting...
2020-05-26 11:20:02,714 INFO com.zaxxer.hikari.HikariDataSource [main] HikariPool-1 - Start completed.
2020-05-26 11:20:02,764 INFO org.hibernate.dialect.Dialect [main] HHH000400: Using dialect: org.hibernate.dialect.PostgreSQL10Dialect
2020-05-26 11:20:08,331 INFO org.hibernate.engine.transaction.jta.platform.internal.JtaPlatformInitiator [main] HHH000490: Using JtaPlatform implementation: [org.hibernate.engine.transaction.jta.platform.internal.NoJtaPlatform]
2020-05-26 11:20:08,608 INFO org.springframework.orm.jpa.AbstractEntityManagerFactoryBean [main] Initialized JPA EntityManagerFactory for persistence unit 'default'
2020-05-26 11:20:08,713 WARN org.springframework.boot.autoconfigure.orm.jpa.JpaBaseConfiguration$JpaWebConfiguration [main] spring.jpa.open-in-view is enabled by default. Therefore, database queries may be performed during view rendering. Explicitly configure spring.jpa.open-in-view to disable this warning
2020-05-26 11:20:16,271 INFO org.springframework.security.web.DefaultSecurityFilterChain [main] Creating filter chain: OrRequestMatcher [requestMatchers=[Ant [pattern='/oauth/token'], Ant [pattern='/oauth/token_key'], Ant [pattern='/oauth/check_token']]], [org.springframework.security.web.context.request.async.WebAsyncManagerIntegrationFilter@7c48ea9e, org.springframework.security.web.context.SecurityContextPersistenceFilter@1985f8e3, org.springframework.security.web.header.HeaderWriterFilter@3ca43e5d, org.springframework.security.web.authentication.logout.LogoutFilter@42cef0af, org.springframework.web.filter.CorsFilter@25058759, org.springframework.security.web.authentication.www.BasicAuthenticationFilter@621a7d83, org.springframework.security.web.savedrequest.RequestCacheAwareFilter@7ba70b3b, org.springframework.security.web.servletapi.SecurityContextHolderAwareRequestFilter@21a09c5a, org.springframework.security.web.authentication.AnonymousAuthenticationFilter@d833770, org.springframework.security.web.session.SessionManagementFilter@8829ecd, org.springframework.security.web.access.ExceptionTranslationFilter@100235c7, org.springframework.security.web.access.intercept.FilterSecurityInterceptor@4e24db00]
2020-05-26 11:20:16,356 INFO org.springframework.security.web.DefaultSecurityFilterChain [main] Creating filter chain: com.surshree.app.config.ResourceServerConfig$$Lambda$1044/0x0000000800a47c40@148c571c, [org.springframework.security.web.context.request.async.WebAsyncManagerIntegrationFilter@545e200b, org.springframework.security.web.context.SecurityContextPersistenceFilter@2c4142f8, org.springframework.security.web.header.HeaderWriterFilter@2ca8bd50, org.springframework.security.web.authentication.logout.LogoutFilter@2cb95c6c, org.springframework.security.oauth2.provider.authentication.OAuth2AuthenticationProcessingFilter@f81bd2c, org.springframework.security.web.savedrequest.RequestCacheAwareFilter@7ef8cfbb, org.springframework.security.web.servletapi.SecurityContextHolderAwareRequestFilter@17d3bf09, org.springframework.security.web.authentication.AnonymousAuthenticationFilter@3a22c944, org.springframework.security.web.session.SessionManagementFilter@47db5b8f, org.springframework.security.web.access.ExceptionTranslationFilter@43f23338, org.springframework.security.web.access.intercept.FilterSecurityInterceptor@1666e021]
2020-05-26 11:20:18,263 INFO org.springframework.boot.actuate.endpoint.web.EndpointLinksResolver [main] Exposing 2 endpoint(s) beneath base path '/actuator'
2020-05-26 11:20:18,369 INFO org.springframework.security.web.DefaultSecurityFilterChain [main] Creating filter chain: any request, [org.springframework.security.web.context.request.async.WebAsyncManagerIntegrationFilter@37bafef8, org.springframework.security.web.context.SecurityContextPersistenceFilter@7d90d4c6, org.springframework.security.web.header.HeaderWriterFilter@e36a4c1, org.springframework.web.filter.CorsFilter@2a6b6f4, org.springframework.security.web.authentication.logout.LogoutFilter@45dbbb97, org.springframework.security.web.authentication.www.BasicAuthenticationFilter@1dcfbad1, org.springframework.security.web.savedrequest.RequestCacheAwareFilter@453fcce2, org.springframework.security.web.servletapi.SecurityContextHolderAwareRequestFilter@7e147828, org.springframework.security.web.authentication.AnonymousAuthenticationFilter@11636d43, org.springframework.security.web.session.SessionManagementFilter@3986b56, org.springframework.security.web.access.ExceptionTranslationFilter@21132086, org.springframework.security.web.access.intercept.FilterSecurityInterceptor@630a647c]
2020-05-26 11:20:19,054 INFO org.springframework.scheduling.concurrent.ExecutorConfigurationSupport [main] Initializing ExecutorService 'applicationTaskExecutor'
2020-05-26 11:20:20,895 INFO org.springframework.scheduling.concurrent.ExecutorConfigurationSupport [main] Initializing ExecutorService 'taskScheduler'
2020-05-26 11:20:21,300 INFO com.surshree.app.scheduling.CacheScheduler [scheduling-1] Clear user cache : START
2020-05-26 11:20:21,302 INFO com.surshree.app.scheduling.CacheScheduler [scheduling-1] Clear user cache : END
2020-05-26 11:20:21,303 INFO org.apache.juli.logging.DirectJDKLog [main] Starting ProtocolHandler ["http-nio-8080"]
2020-05-26 11:20:21,490 INFO org.springframework.boot.web.embedded.tomcat.TomcatWebServer [main] Tomcat started on port(s): 8080 (http) with context path ''
2020-05-26 11:20:21,519 INFO org.springframework.boot.StartupInfoLogger [main] Started SurShreeApplication in 31.497 seconds (JVM running for 33.216)
2020-05-26 11:22:17,449 INFO org.apache.juli.logging.DirectJDKLog [http-nio-8080-exec-2] Initializing Spring DispatcherServlet 'dispatcherServlet'
2020-05-26 11:22:17,470 INFO org.springframework.web.servlet.FrameworkServlet [http-nio-8080-exec-2] Initializing Servlet 'dispatcherServlet'
2020-05-26 11:22:17,585 INFO org.springframework.web.servlet.FrameworkServlet [http-nio-8080-exec-2] Completed initialization in 114 ms
2020-05-26 11:29:59,569 INFO org.springframework.boot.SpringApplication [main] No active profile set, falling back to default profiles: default
2020-05-26 11:30:02,300 INFO org.springframework.data.repository.config.RepositoryConfigurationDelegate [main] Bootstrapping Spring Data JPA repositories in DEFAULT mode.
2020-05-26 11:30:02,546 INFO org.springframework.data.repository.config.RepositoryConfigurationDelegate [main] Finished Spring Data repository scanning in 216ms. Found 9 JPA repository interfaces.
2020-05-26 11:30:03,914 INFO org.springframework.cloud.context.scope.GenericScope [main] BeanFactory id=0d5d551f-c6e4-3843-9900-0651a2a53da4
2020-05-26 11:30:05,161 INFO org.springframework.boot.web.embedded.tomcat.TomcatWebServer [main] Tomcat initialized with port(s): 8080 (http)
2020-05-26 11:30:05,191 INFO org.apache.juli.logging.DirectJDKLog [main] Initializing ProtocolHandler ["http-nio-8080"]
2020-05-26 11:30:05,192 INFO org.apache.juli.logging.DirectJDKLog [main] Starting service [Tomcat]
2020-05-26 11:30:05,193 INFO org.apache.juli.logging.DirectJDKLog [main] Starting Servlet engine: [Apache Tomcat/9.0.33]
2020-05-26 11:30:05,727 INFO org.apache.juli.logging.DirectJDKLog [main] Initializing Spring embedded WebApplicationContext
2020-05-26 11:30:05,728 INFO org.springframework.boot.web.servlet.context.ServletWebServerApplicationContext [main] Root WebApplicationContext: initialization completed in 6028 ms
2020-05-26 11:30:06,395 INFO com.surshree.app.config.CacheConfig [main] Initializing cache.
2020-05-26 11:30:06,597 INFO org.hibernate.jpa.internal.util.LogHelper [main] HHH000204: Processing PersistenceUnitInfo [name: default]
2020-05-26 11:30:06,811 INFO org.hibernate.Version [main] HHH000412: Hibernate ORM core version 5.4.12.Final
2020-05-26 11:30:07,199 INFO org.hibernate.annotations.common.reflection.java.JavaReflectionManager [main] HCANN000001: Hibernate Commons Annotations {5.1.0.Final}
2020-05-26 11:30:07,473 INFO com.zaxxer.hikari.HikariDataSource [main] HikariPool-1 - Starting...
2020-05-26 11:30:07,737 INFO com.zaxxer.hikari.HikariDataSource [main] HikariPool-1 - Start completed.
2020-05-26 11:30:07,794 INFO org.hibernate.dialect.Dialect [main] HHH000400: Using dialect: org.hibernate.dialect.PostgreSQL10Dialect
2020-05-26 11:30:10,517 INFO org.hibernate.engine.transaction.jta.platform.internal.JtaPlatformInitiator [main] HHH000490: Using JtaPlatform implementation: [org.hibernate.engine.transaction.jta.platform.internal.NoJtaPlatform]
2020-05-26 11:30:10,844 INFO org.springframework.orm.jpa.AbstractEntityManagerFactoryBean [main] Initialized JPA EntityManagerFactory for persistence unit 'default'
2020-05-26 11:30:10,951 WARN org.springframework.boot.autoconfigure.orm.jpa.JpaBaseConfiguration$JpaWebConfiguration [main] spring.jpa.open-in-view is enabled by default. Therefore, database queries may be performed during view rendering. Explicitly configure spring.jpa.open-in-view to disable this warning
2020-05-26 11:30:14,232 INFO org.springframework.security.web.DefaultSecurityFilterChain [main] Creating filter chain: OrRequestMatcher [requestMatchers=[Ant [pattern='/oauth/token'], Ant [pattern='/oauth/token_key'], Ant [pattern='/oauth/check_token']]], [org.springframework.security.web.context.request.async.WebAsyncManagerIntegrationFilter@2ca4b010, org.springframework.security.web.context.SecurityContextPersistenceFilter@a589070, org.springframework.security.web.header.HeaderWriterFilter@504216ff, org.springframework.security.web.authentication.logout.LogoutFilter@7ebf5bf, org.springframework.web.filter.CorsFilter@83b39c3, org.springframework.security.web.authentication.www.BasicAuthenticationFilter@48d6248d, org.springframework.security.web.savedrequest.RequestCacheAwareFilter@747216b6, org.springframework.security.web.servletapi.SecurityContextHolderAwareRequestFilter@37a74cf4, org.springframework.security.web.authentication.AnonymousAuthenticationFilter@1f7653ae, org.springframework.security.web.session.SessionManagementFilter@181a6784, org.springframework.security.web.access.ExceptionTranslationFilter@295e989, org.springframework.security.web.access.intercept.FilterSecurityInterceptor@1ee37c7a]
2020-05-26 11:30:14,252 INFO org.springframework.security.web.DefaultSecurityFilterChain [main] Creating filter chain: com.surshree.app.config.ResourceServerConfig$$Lambda$1043/0x0000000800a48840@252459b2, [org.springframework.security.web.context.request.async.WebAsyncManagerIntegrationFilter@5128efc, org.springframework.security.web.context.SecurityContextPersistenceFilter@652855c4, org.springframework.security.web.header.HeaderWriterFilter@108a7fff, org.springframework.security.web.authentication.logout.LogoutFilter@1639ec7a, org.springframework.security.oauth2.provider.authentication.OAuth2AuthenticationProcessingFilter@e62d757, org.springframework.security.web.savedrequest.RequestCacheAwareFilter@619dc070, org.springframework.security.web.servletapi.SecurityContextHolderAwareRequestFilter@22ab3e3b, org.springframework.security.web.authentication.AnonymousAuthenticationFilter@438a2337, org.springframework.security.web.session.SessionManagementFilter@56f8ab05, org.springframework.security.web.access.ExceptionTranslationFilter@23b4f0a9, org.springframework.security.web.access.intercept.FilterSecurityInterceptor@3de4f936]
2020-05-26 11:30:14,735 INFO org.springframework.boot.actuate.endpoint.web.EndpointLinksResolver [main] Exposing 2 endpoint(s) beneath base path '/actuator'
2020-05-26 11:30:14,764 INFO org.springframework.security.web.DefaultSecurityFilterChain [main] Creating filter chain: any request, [org.springframework.security.web.context.request.async.WebAsyncManagerIntegrationFilter@41fdb59c, org.springframework.security.web.context.SecurityContextPersistenceFilter@5927473a, org.springframework.security.web.header.HeaderWriterFilter@31f5580b, org.springframework.web.filter.CorsFilter@5f386009, org.springframework.security.web.authentication.logout.LogoutFilter@5da08e9a, org.springframework.security.web.authentication.www.BasicAuthenticationFilter@655008a2, org.springframework.security.web.savedrequest.RequestCacheAwareFilter@36c45b54, org.springframework.security.web.servletapi.SecurityContextHolderAwareRequestFilter@2d6a6887, org.springframework.security.web.authentication.AnonymousAuthenticationFilter@5112858c, org.springframework.security.web.session.SessionManagementFilter@56a8b19f, org.springframework.security.web.access.ExceptionTranslationFilter@5f160341, org.springframework.security.web.access.intercept.FilterSecurityInterceptor@6b02909d]
2020-05-26 11:30:14,926 INFO org.springframework.scheduling.concurrent.ExecutorConfigurationSupport [main] Initializing ExecutorService 'applicationTaskExecutor'
2020-05-26 11:30:15,364 INFO org.springframework.scheduling.concurrent.ExecutorConfigurationSupport [main] Initializing ExecutorService 'taskScheduler'
2020-05-26 11:30:15,509 INFO com.surshree.app.scheduling.CacheScheduler [scheduling-1] Clear user cache : START
2020-05-26 11:30:15,510 INFO com.surshree.app.scheduling.CacheScheduler [scheduling-1] Clear user cache : END
2020-05-26 11:30:15,511 INFO org.apache.juli.logging.DirectJDKLog [main] Starting ProtocolHandler ["http-nio-8080"]
2020-05-26 11:30:15,602 INFO org.springframework.boot.web.embedded.tomcat.TomcatWebServer [main] Tomcat started on port(s): 8080 (http) with context path ''
2020-05-26 11:30:15,610 INFO org.springframework.boot.StartupInfoLogger [main] Started SurShreeApplication in 20.609 seconds (JVM running for 22.772)
2020-05-26 11:31:13,838 INFO org.apache.juli.logging.DirectJDKLog [http-nio-8080-exec-1] Initializing Spring DispatcherServlet 'dispatcherServlet'
2020-05-26 11:31:13,839 INFO org.springframework.web.servlet.FrameworkServlet [http-nio-8080-exec-1] Initializing Servlet 'dispatcherServlet'
2020-05-26 11:31:13,858 INFO org.springframework.web.servlet.FrameworkServlet [http-nio-8080-exec-1] Completed initialization in 18 ms
2020-05-26 11:31:37,704 INFO com.surshree.app.services.OtpService [http-nio-8080-exec-2] OTP Generated
2020-05-26 11:31:37,717 ERROR com.surshree.app.exception.CustomResponseEntityExceptionHandler [http-nio-8080-exec-2] Error occurred while generating the OTP. Please try again later.
java.lang.RuntimeException: Error occurred while generating the OTP. Please try again later.
	at com.surshree.app.services.OtpService.generateOTP(OtpService.java:67)
	at com.surshree.app.controllers.AuthController.getOtp(AuthController.java:72)
	at java.base/jdk.internal.reflect.NativeMethodAccessorImpl.invoke0(Native Method)
	at java.base/jdk.internal.reflect.NativeMethodAccessorImpl.invoke(NativeMethodAccessorImpl.java:62)
	at java.base/jdk.internal.reflect.DelegatingMethodAccessorImpl.invoke(DelegatingMethodAccessorImpl.java:43)
	at java.base/java.lang.reflect.Method.invoke(Method.java:566)
	at org.springframework.web.method.support.InvocableHandlerMethod.doInvoke(InvocableHandlerMethod.java:190)
	at org.springframework.web.method.support.InvocableHandlerMethod.invokeForRequest(InvocableHandlerMethod.java:138)
	at org.springframework.web.servlet.mvc.method.annotation.ServletInvocableHandlerMethod.invokeAndHandle(ServletInvocableHandlerMethod.java:105)
	at org.springframework.web.servlet.mvc.method.annotation.RequestMappingHandlerAdapter.invokeHandlerMethod(RequestMappingHandlerAdapter.java:879)
	at org.springframework.web.servlet.mvc.method.annotation.RequestMappingHandlerAdapter.handleInternal(RequestMappingHandlerAdapter.java:793)
	at org.springframework.web.servlet.mvc.method.AbstractHandlerMethodAdapter.handle(AbstractHandlerMethodAdapter.java:87)
	at org.springframework.web.servlet.DispatcherServlet.doDispatch(DispatcherServlet.java:1040)
	at org.springframework.web.servlet.DispatcherServlet.doService(DispatcherServlet.java:943)
	at org.springframework.web.servlet.FrameworkServlet.processRequest(FrameworkServlet.java:1006)
	at org.springframework.web.servlet.FrameworkServlet.doGet(FrameworkServlet.java:898)
	at javax.servlet.http.HttpServlet.service(HttpServlet.java:634)
	at org.springframework.web.servlet.FrameworkServlet.service(FrameworkServlet.java:883)
	at javax.servlet.http.HttpServlet.service(HttpServlet.java:741)
	at org.apache.catalina.core.ApplicationFilterChain.internalDoFilter(ApplicationFilterChain.java:231)
	at org.apache.catalina.core.ApplicationFilterChain.doFilter(ApplicationFilterChain.java:166)
	at org.apache.tomcat.websocket.server.WsFilter.doFilter(WsFilter.java:53)
	at org.apache.catalina.core.ApplicationFilterChain.internalDoFilter(ApplicationFilterChain.java:193)
	at org.apache.catalina.core.ApplicationFilterChain.doFilter(ApplicationFilterChain.java:166)
	at org.springframework.security.web.FilterChainProxy$VirtualFilterChain.doFilter(FilterChainProxy.java:320)
	at org.springframework.security.web.access.intercept.FilterSecurityInterceptor.invoke(FilterSecurityInterceptor.java:126)
	at org.springframework.security.web.access.intercept.FilterSecurityInterceptor.doFilter(FilterSecurityInterceptor.java:90)
	at org.springframework.security.web.FilterChainProxy$VirtualFilterChain.doFilter(FilterChainProxy.java:334)
	at org.springframework.security.web.access.ExceptionTranslationFilter.doFilter(ExceptionTranslationFilter.java:118)
	at org.springframework.security.web.FilterChainProxy$VirtualFilterChain.doFilter(FilterChainProxy.java:334)
	at org.springframework.security.web.session.SessionManagementFilter.doFilter(SessionManagementFilter.java:137)
	at org.springframework.security.web.FilterChainProxy$VirtualFilterChain.doFilter(FilterChainProxy.java:334)
	at org.springframework.security.web.authentication.AnonymousAuthenticationFilter.doFilter(AnonymousAuthenticationFilter.java:111)
	at org.springframework.security.web.FilterChainProxy$VirtualFilterChain.doFilter(FilterChainProxy.java:334)
	at org.springframework.security.web.servletapi.SecurityContextHolderAwareRequestFilter.doFilter(SecurityContextHolderAwareRequestFilter.java:158)
	at org.springframework.security.web.FilterChainProxy$VirtualFilterChain.doFilter(FilterChainProxy.java:334)
	at org.springframework.security.web.savedrequest.RequestCacheAwareFilter.doFilter(RequestCacheAwareFilter.java:63)
	at org.springframework.security.web.FilterChainProxy$VirtualFilterChain.doFilter(FilterChainProxy.java:334)
	at org.springframework.security.web.authentication.www.BasicAuthenticationFilter.doFilterInternal(BasicAuthenticationFilter.java:155)
	at org.springframework.web.filter.OncePerRequestFilter.doFilter(OncePerRequestFilter.java:119)
	at org.springframework.security.web.FilterChainProxy$VirtualFilterChain.doFilter(FilterChainProxy.java:334)
	at org.springframework.security.web.authentication.logout.LogoutFilter.doFilter(LogoutFilter.java:116)
	at org.springframework.security.web.FilterChainProxy$VirtualFilterChain.doFilter(FilterChainProxy.java:334)
	at org.springframework.web.filter.CorsFilter.doFilterInternal(CorsFilter.java:92)
	at org.springframework.web.filter.OncePerRequestFilter.doFilter(OncePerRequestFilter.java:119)
	at org.springframework.security.web.FilterChainProxy$VirtualFilterChain.doFilter(FilterChainProxy.java:334)
	at org.springframework.security.web.header.HeaderWriterFilter.doHeadersAfter(HeaderWriterFilter.java:92)
	at org.springframework.security.web.header.HeaderWriterFilter.doFilterInternal(HeaderWriterFilter.java:77)
	at org.springframework.web.filter.OncePerRequestFilter.doFilter(OncePerRequestFilter.java:119)
	at org.springframework.security.web.FilterChainProxy$VirtualFilterChain.doFilter(FilterChainProxy.java:334)
	at org.springframework.security.web.context.SecurityContextPersistenceFilter.doFilter(SecurityContextPersistenceFilter.java:105)
	at org.springframework.security.web.FilterChainProxy$VirtualFilterChain.doFilter(FilterChainProxy.java:334)
	at org.springframework.security.web.context.request.async.WebAsyncManagerIntegrationFilter.doFilterInternal(WebAsyncManagerIntegrationFilter.java:56)
	at org.springframework.web.filter.OncePerRequestFilter.doFilter(OncePerRequestFilter.java:119)
	at org.springframework.security.web.FilterChainProxy$VirtualFilterChain.doFilter(FilterChainProxy.java:334)
	at org.springframework.security.web.FilterChainProxy.doFilterInternal(FilterChainProxy.java:215)
	at org.springframework.security.web.FilterChainProxy.doFilter(FilterChainProxy.java:178)
	at org.springframework.web.filter.DelegatingFilterProxy.invokeDelegate(DelegatingFilterProxy.java:358)
	at org.springframework.web.filter.DelegatingFilterProxy.doFilter(DelegatingFilterProxy.java:271)
	at org.apache.catalina.core.ApplicationFilterChain.internalDoFilter(ApplicationFilterChain.java:193)
	at org.apache.catalina.core.ApplicationFilterChain.doFilter(ApplicationFilterChain.java:166)
	at org.springframework.web.filter.RequestContextFilter.doFilterInternal(RequestContextFilter.java:100)
	at org.springframework.web.filter.OncePerRequestFilter.doFilter(OncePerRequestFilter.java:119)
	at org.apache.catalina.core.ApplicationFilterChain.internalDoFilter(ApplicationFilterChain.java:193)
	at org.apache.catalina.core.ApplicationFilterChain.doFilter(ApplicationFilterChain.java:166)
	at org.springframework.web.filter.FormContentFilter.doFilterInternal(FormContentFilter.java:93)
	at org.springframework.web.filter.OncePerRequestFilter.doFilter(OncePerRequestFilter.java:119)
	at org.apache.catalina.core.ApplicationFilterChain.internalDoFilter(ApplicationFilterChain.java:193)
	at org.apache.catalina.core.ApplicationFilterChain.doFilter(ApplicationFilterChain.java:166)
	at org.springframework.boot.actuate.metrics.web.servlet.WebMvcMetricsFilter.doFilterInternal(WebMvcMetricsFilter.java:109)
	at org.springframework.web.filter.OncePerRequestFilter.doFilter(OncePerRequestFilter.java:119)
	at org.apache.catalina.core.ApplicationFilterChain.internalDoFilter(ApplicationFilterChain.java:193)
	at org.apache.catalina.core.ApplicationFilterChain.doFilter(ApplicationFilterChain.java:166)
	at org.springframework.web.filter.CharacterEncodingFilter.doFilterInternal(CharacterEncodingFilter.java:201)
	at org.springframework.web.filter.OncePerRequestFilter.doFilter(OncePerRequestFilter.java:119)
	at org.apache.catalina.core.ApplicationFilterChain.internalDoFilter(ApplicationFilterChain.java:193)
	at org.apache.catalina.core.ApplicationFilterChain.doFilter(ApplicationFilterChain.java:166)
	at org.apache.catalina.core.StandardWrapperValve.invoke(StandardWrapperValve.java:202)
	at org.apache.catalina.core.StandardContextValve.invoke(StandardContextValve.java:96)
	at org.apache.catalina.authenticator.AuthenticatorBase.invoke(AuthenticatorBase.java:541)
	at org.apache.catalina.core.StandardHostValve.invoke(StandardHostValve.java:139)
	at org.apache.catalina.valves.ErrorReportValve.invoke(ErrorReportValve.java:92)
	at org.apache.catalina.core.StandardEngineValve.invoke(StandardEngineValve.java:74)
	at org.apache.catalina.connector.CoyoteAdapter.service(CoyoteAdapter.java:343)
	at org.apache.coyote.http11.Http11Processor.service(Http11Processor.java:373)
	at org.apache.coyote.AbstractProcessorLight.process(AbstractProcessorLight.java:65)
	at org.apache.coyote.AbstractProtocol$ConnectionHandler.process(AbstractProtocol.java:868)
	at org.apache.tomcat.util.net.NioEndpoint$SocketProcessor.doRun(NioEndpoint.java:1594)
	at org.apache.tomcat.util.net.SocketProcessorBase.run(SocketProcessorBase.java:49)
	at java.base/java.util.concurrent.ThreadPoolExecutor.runWorker(ThreadPoolExecutor.java:1128)
	at java.base/java.util.concurrent.ThreadPoolExecutor$Worker.run(ThreadPoolExecutor.java:628)
	at org.apache.tomcat.util.threads.TaskThread$WrappingRunnable.run(TaskThread.java:61)
	at java.base/java.lang.Thread.run(Thread.java:834)
2020-05-26 11:35:17,505 INFO org.springframework.boot.SpringApplication [main] No active profile set, falling back to default profiles: default
2020-05-26 11:35:19,978 INFO org.springframework.data.repository.config.RepositoryConfigurationDelegate [main] Bootstrapping Spring Data JPA repositories in DEFAULT mode.
2020-05-26 11:35:20,198 INFO org.springframework.data.repository.config.RepositoryConfigurationDelegate [main] Finished Spring Data repository scanning in 183ms. Found 9 JPA repository interfaces.
2020-05-26 11:35:21,688 INFO org.springframework.cloud.context.scope.GenericScope [main] BeanFactory id=0d5d551f-c6e4-3843-9900-0651a2a53da4
2020-05-26 11:35:23,062 INFO org.springframework.boot.web.embedded.tomcat.TomcatWebServer [main] Tomcat initialized with port(s): 8080 (http)
2020-05-26 11:35:23,158 INFO org.apache.juli.logging.DirectJDKLog [main] Initializing ProtocolHandler ["http-nio-8080"]
2020-05-26 11:35:23,161 INFO org.apache.juli.logging.DirectJDKLog [main] Starting service [Tomcat]
2020-05-26 11:35:23,170 INFO org.apache.juli.logging.DirectJDKLog [main] Starting Servlet engine: [Apache Tomcat/9.0.33]
2020-05-26 11:35:23,577 INFO org.apache.juli.logging.DirectJDKLog [main] Initializing Spring embedded WebApplicationContext
2020-05-26 11:35:23,578 INFO org.springframework.boot.web.servlet.context.ServletWebServerApplicationContext [main] Root WebApplicationContext: initialization completed in 5830 ms
2020-05-26 11:35:24,258 INFO com.surshree.app.config.CacheConfig [main] Initializing cache.
2020-05-26 11:35:24,437 INFO org.hibernate.jpa.internal.util.LogHelper [main] HHH000204: Processing PersistenceUnitInfo [name: default]
2020-05-26 11:35:24,669 INFO org.hibernate.Version [main] HHH000412: Hibernate ORM core version 5.4.12.Final
2020-05-26 11:35:25,118 INFO org.hibernate.annotations.common.reflection.java.JavaReflectionManager [main] HCANN000001: Hibernate Commons Annotations {5.1.0.Final}
2020-05-26 11:35:25,538 INFO com.zaxxer.hikari.HikariDataSource [main] HikariPool-1 - Starting...
2020-05-26 11:35:25,825 INFO com.zaxxer.hikari.HikariDataSource [main] HikariPool-1 - Start completed.
2020-05-26 11:35:25,884 INFO org.hibernate.dialect.Dialect [main] HHH000400: Using dialect: org.hibernate.dialect.PostgreSQL10Dialect
2020-05-26 11:35:28,801 INFO org.hibernate.engine.transaction.jta.platform.internal.JtaPlatformInitiator [main] HHH000490: Using JtaPlatform implementation: [org.hibernate.engine.transaction.jta.platform.internal.NoJtaPlatform]
2020-05-26 11:35:29,127 INFO org.springframework.orm.jpa.AbstractEntityManagerFactoryBean [main] Initialized JPA EntityManagerFactory for persistence unit 'default'
2020-05-26 11:35:29,228 WARN org.springframework.boot.autoconfigure.orm.jpa.JpaBaseConfiguration$JpaWebConfiguration [main] spring.jpa.open-in-view is enabled by default. Therefore, database queries may be performed during view rendering. Explicitly configure spring.jpa.open-in-view to disable this warning
2020-05-26 11:35:32,642 INFO org.springframework.security.web.DefaultSecurityFilterChain [main] Creating filter chain: OrRequestMatcher [requestMatchers=[Ant [pattern='/oauth/token'], Ant [pattern='/oauth/token_key'], Ant [pattern='/oauth/check_token']]], [org.springframework.security.web.context.request.async.WebAsyncManagerIntegrationFilter@15eaa2ce, org.springframework.security.web.context.SecurityContextPersistenceFilter@2100d881, org.springframework.security.web.header.HeaderWriterFilter@6dde03ce, org.springframework.security.web.authentication.logout.LogoutFilter@6872201, org.springframework.web.filter.CorsFilter@1d0fae45, org.springframework.security.web.authentication.www.BasicAuthenticationFilter@5beda06e, org.springframework.security.web.savedrequest.RequestCacheAwareFilter@59ac94ad, org.springframework.security.web.servletapi.SecurityContextHolderAwareRequestFilter@10395bc4, org.springframework.security.web.authentication.AnonymousAuthenticationFilter@596343e7, org.springframework.security.web.session.SessionManagementFilter@44189797, org.springframework.security.web.access.ExceptionTranslationFilter@ca90087, org.springframework.security.web.access.intercept.FilterSecurityInterceptor@51c660c8]
2020-05-26 11:35:32,663 INFO org.springframework.security.web.DefaultSecurityFilterChain [main] Creating filter chain: com.surshree.app.config.ResourceServerConfig$$Lambda$1043/0x0000000800a48840@4b93a232, [org.springframework.security.web.context.request.async.WebAsyncManagerIntegrationFilter@6c6fdf5d, org.springframework.security.web.context.SecurityContextPersistenceFilter@57421e4e, org.springframework.security.web.header.HeaderWriterFilter@55bf08a5, org.springframework.security.web.authentication.logout.LogoutFilter@34e4a136, org.springframework.security.oauth2.provider.authentication.OAuth2AuthenticationProcessingFilter@c730e65, org.springframework.security.web.savedrequest.RequestCacheAwareFilter@5a75bad4, org.springframework.security.web.servletapi.SecurityContextHolderAwareRequestFilter@77227b1f, org.springframework.security.web.authentication.AnonymousAuthenticationFilter@187c8f96, org.springframework.security.web.session.SessionManagementFilter@623cd12e, org.springframework.security.web.access.ExceptionTranslationFilter@44992466, org.springframework.security.web.access.intercept.FilterSecurityInterceptor@4620e669]
2020-05-26 11:35:33,226 INFO org.springframework.boot.actuate.endpoint.web.EndpointLinksResolver [main] Exposing 2 endpoint(s) beneath base path '/actuator'
2020-05-26 11:35:33,258 INFO org.springframework.security.web.DefaultSecurityFilterChain [main] Creating filter chain: any request, [org.springframework.security.web.context.request.async.WebAsyncManagerIntegrationFilter@5545c42, org.springframework.security.web.context.SecurityContextPersistenceFilter@475454ae, org.springframework.security.web.header.HeaderWriterFilter@f7e004d, org.springframework.web.filter.CorsFilter@2420e962, org.springframework.security.web.authentication.logout.LogoutFilter@443819d5, org.springframework.security.web.authentication.www.BasicAuthenticationFilter@581da9e6, org.springframework.security.web.savedrequest.RequestCacheAwareFilter@6efd83ac, org.springframework.security.web.servletapi.SecurityContextHolderAwareRequestFilter@117e9a56, org.springframework.security.web.authentication.AnonymousAuthenticationFilter@1fc51af7, org.springframework.security.web.session.SessionManagementFilter@2d33aa31, org.springframework.security.web.access.ExceptionTranslationFilter@66b9f727, org.springframework.security.web.access.intercept.FilterSecurityInterceptor@1469015e]
2020-05-26 11:35:33,434 INFO org.springframework.scheduling.concurrent.ExecutorConfigurationSupport [main] Initializing ExecutorService 'applicationTaskExecutor'
2020-05-26 11:35:34,040 INFO org.springframework.scheduling.concurrent.ExecutorConfigurationSupport [main] Initializing ExecutorService 'taskScheduler'
2020-05-26 11:35:34,241 INFO com.surshree.app.scheduling.CacheScheduler [scheduling-1] Clear user cache : START
2020-05-26 11:35:34,243 INFO com.surshree.app.scheduling.CacheScheduler [scheduling-1] Clear user cache : END
2020-05-26 11:35:34,245 INFO org.apache.juli.logging.DirectJDKLog [main] Starting ProtocolHandler ["http-nio-8080"]
2020-05-26 11:35:34,483 INFO org.springframework.boot.web.embedded.tomcat.TomcatWebServer [main] Tomcat started on port(s): 8080 (http) with context path ''
2020-05-26 11:35:34,491 INFO org.springframework.boot.StartupInfoLogger [main] Started SurShreeApplication in 20.592 seconds (JVM running for 23.111)
2020-05-26 11:35:51,454 INFO org.apache.juli.logging.DirectJDKLog [http-nio-8080-exec-1] Initializing Spring DispatcherServlet 'dispatcherServlet'
2020-05-26 11:35:51,455 INFO org.springframework.web.servlet.FrameworkServlet [http-nio-8080-exec-1] Initializing Servlet 'dispatcherServlet'
2020-05-26 11:35:51,488 INFO org.springframework.web.servlet.FrameworkServlet [http-nio-8080-exec-1] Completed initialization in 32 ms
2020-05-26 11:36:00,125 INFO com.surshree.app.services.OtpService [http-nio-8080-exec-1] OTP Generated
2020-05-26 11:36:00,730 INFO com.surshree.app.services.CustomUserDetailsService [http-nio-8080-exec-1] Granted Authorities --> ROLE_CONT
2020-05-26 11:36:00,730 INFO com.surshree.app.services.CustomUserDetailsService [http-nio-8080-exec-1] Granted Authorities --> FUNC_CONT_MENU
2020-05-26 11:37:56,442 INFO com.surshree.app.services.OtpService [http-nio-8080-exec-6] OTP Generated
2020-05-26 11:37:56,575 INFO com.surshree.app.services.CustomUserDetailsService [http-nio-8080-exec-6] Granted Authorities --> ROLE_CONT
2020-05-26 11:37:56,601 INFO com.surshree.app.services.CustomUserDetailsService [http-nio-8080-exec-6] Granted Authorities --> FUNC_CONT_MENU
2020-05-26 11:38:35,216 INFO com.surshree.app.services.CustomUserDetailsService [http-nio-8080-exec-4] Granted Authorities --> ROLE_CONT
2020-05-26 11:38:35,230 INFO com.surshree.app.services.CustomUserDetailsService [http-nio-8080-exec-4] Granted Authorities --> FUNC_CONT_MENU
2020-05-26 11:38:40,341 WARN org.springframework.security.oauth2.provider.endpoint.TokenEndpoint [http-nio-8080-exec-4] Handling error: InvalidGrantException, Invalid Username and/or Password.
2020-05-26 11:38:40,408 WARN org.springframework.web.servlet.mvc.method.annotation.ExceptionHandlerExceptionResolver [http-nio-8080-exec-4] Failure in @ExceptionHandler org.springframework.security.oauth2.provider.endpoint.TokenEndpoint#handleException(OAuth2Exception)
org.springframework.web.HttpMediaTypeNotAcceptableException: Could not find acceptable representation
	at org.springframework.web.servlet.mvc.method.annotation.AbstractMessageConverterMethodProcessor.writeWithMessageConverters(AbstractMessageConverterMethodProcessor.java:243)
	at org.springframework.web.servlet.mvc.method.annotation.HttpEntityMethodProcessor.handleReturnValue(HttpEntityMethodProcessor.java:219)
	at org.springframework.web.method.support.HandlerMethodReturnValueHandlerComposite.handleReturnValue(HandlerMethodReturnValueHandlerComposite.java:82)
	at org.springframework.web.servlet.mvc.method.annotation.ServletInvocableHandlerMethod.invokeAndHandle(ServletInvocableHandlerMethod.java:123)
	at org.springframework.web.servlet.mvc.method.annotation.ExceptionHandlerExceptionResolver.doResolveHandlerMethodException(ExceptionHandlerExceptionResolver.java:407)
	at org.springframework.web.servlet.handler.AbstractHandlerMethodExceptionResolver.doResolveException(AbstractHandlerMethodExceptionResolver.java:61)
	at org.springframework.web.servlet.handler.AbstractHandlerExceptionResolver.resolveException(AbstractHandlerExceptionResolver.java:141)
	at org.springframework.web.servlet.handler.HandlerExceptionResolverComposite.resolveException(HandlerExceptionResolverComposite.java:80)
	at org.springframework.web.servlet.DispatcherServlet.processHandlerException(DispatcherServlet.java:1300)
	at org.springframework.web.servlet.DispatcherServlet.processDispatchResult(DispatcherServlet.java:1111)
	at org.springframework.web.servlet.DispatcherServlet.doDispatch(DispatcherServlet.java:1057)
	at org.springframework.web.servlet.DispatcherServlet.doService(DispatcherServlet.java:943)
	at org.springframework.web.servlet.FrameworkServlet.processRequest(FrameworkServlet.java:1006)
	at org.springframework.web.servlet.FrameworkServlet.doPost(FrameworkServlet.java:909)
	at javax.servlet.http.HttpServlet.service(HttpServlet.java:660)
	at org.springframework.web.servlet.FrameworkServlet.service(FrameworkServlet.java:883)
	at javax.servlet.http.HttpServlet.service(HttpServlet.java:741)
	at org.apache.catalina.core.ApplicationFilterChain.internalDoFilter(ApplicationFilterChain.java:231)
	at org.apache.catalina.core.ApplicationFilterChain.doFilter(ApplicationFilterChain.java:166)
	at org.apache.tomcat.websocket.server.WsFilter.doFilter(WsFilter.java:53)
	at org.apache.catalina.core.ApplicationFilterChain.internalDoFilter(ApplicationFilterChain.java:193)
	at org.apache.catalina.core.ApplicationFilterChain.doFilter(ApplicationFilterChain.java:166)
	at org.springframework.security.web.FilterChainProxy$VirtualFilterChain.doFilter(FilterChainProxy.java:320)
	at org.springframework.security.web.access.intercept.FilterSecurityInterceptor.invoke(FilterSecurityInterceptor.java:126)
	at org.springframework.security.web.access.intercept.FilterSecurityInterceptor.doFilter(FilterSecurityInterceptor.java:90)
	at org.springframework.security.web.FilterChainProxy$VirtualFilterChain.doFilter(FilterChainProxy.java:334)
	at org.springframework.security.web.access.ExceptionTranslationFilter.doFilter(ExceptionTranslationFilter.java:118)
	at org.springframework.security.web.FilterChainProxy$VirtualFilterChain.doFilter(FilterChainProxy.java:334)
	at org.springframework.security.web.session.SessionManagementFilter.doFilter(SessionManagementFilter.java:137)
	at org.springframework.security.web.FilterChainProxy$VirtualFilterChain.doFilter(FilterChainProxy.java:334)
	at org.springframework.security.web.authentication.AnonymousAuthenticationFilter.doFilter(AnonymousAuthenticationFilter.java:111)
	at org.springframework.security.web.FilterChainProxy$VirtualFilterChain.doFilter(FilterChainProxy.java:334)
	at org.springframework.security.web.servletapi.SecurityContextHolderAwareRequestFilter.doFilter(SecurityContextHolderAwareRequestFilter.java:158)
	at org.springframework.security.web.FilterChainProxy$VirtualFilterChain.doFilter(FilterChainProxy.java:334)
	at org.springframework.security.web.savedrequest.RequestCacheAwareFilter.doFilter(RequestCacheAwareFilter.java:63)
	at org.springframework.security.web.FilterChainProxy$VirtualFilterChain.doFilter(FilterChainProxy.java:334)
	at org.springframework.security.web.authentication.www.BasicAuthenticationFilter.doFilterInternal(BasicAuthenticationFilter.java:204)
	at org.springframework.web.filter.OncePerRequestFilter.doFilter(OncePerRequestFilter.java:119)
	at org.springframework.security.web.FilterChainProxy$VirtualFilterChain.doFilter(FilterChainProxy.java:334)
	at org.springframework.web.filter.CorsFilter.doFilterInternal(CorsFilter.java:92)
	at org.springframework.web.filter.OncePerRequestFilter.doFilter(OncePerRequestFilter.java:119)
	at org.springframework.security.web.FilterChainProxy$VirtualFilterChain.doFilter(FilterChainProxy.java:334)
	at org.springframework.security.web.authentication.logout.LogoutFilter.doFilter(LogoutFilter.java:116)
	at org.springframework.security.web.FilterChainProxy$VirtualFilterChain.doFilter(FilterChainProxy.java:334)
	at org.springframework.security.web.header.HeaderWriterFilter.doHeadersAfter(HeaderWriterFilter.java:92)
	at org.springframework.security.web.header.HeaderWriterFilter.doFilterInternal(HeaderWriterFilter.java:77)
	at org.springframework.web.filter.OncePerRequestFilter.doFilter(OncePerRequestFilter.java:119)
	at org.springframework.security.web.FilterChainProxy$VirtualFilterChain.doFilter(FilterChainProxy.java:334)
	at org.springframework.security.web.context.SecurityContextPersistenceFilter.doFilter(SecurityContextPersistenceFilter.java:105)
	at org.springframework.security.web.FilterChainProxy$VirtualFilterChain.doFilter(FilterChainProxy.java:334)
	at org.springframework.security.web.context.request.async.WebAsyncManagerIntegrationFilter.doFilterInternal(WebAsyncManagerIntegrationFilter.java:56)
	at org.springframework.web.filter.OncePerRequestFilter.doFilter(OncePerRequestFilter.java:119)
	at org.springframework.security.web.FilterChainProxy$VirtualFilterChain.doFilter(FilterChainProxy.java:334)
	at org.springframework.security.web.FilterChainProxy.doFilterInternal(FilterChainProxy.java:215)
	at org.springframework.security.web.FilterChainProxy.doFilter(FilterChainProxy.java:178)
	at org.springframework.web.filter.DelegatingFilterProxy.invokeDelegate(DelegatingFilterProxy.java:358)
	at org.springframework.web.filter.DelegatingFilterProxy.doFilter(DelegatingFilterProxy.java:271)
	at org.apache.catalina.core.ApplicationFilterChain.internalDoFilter(ApplicationFilterChain.java:193)
	at org.apache.catalina.core.ApplicationFilterChain.doFilter(ApplicationFilterChain.java:166)
	at org.springframework.web.filter.RequestContextFilter.doFilterInternal(RequestContextFilter.java:100)
	at org.springframework.web.filter.OncePerRequestFilter.doFilter(OncePerRequestFilter.java:119)
	at org.apache.catalina.core.ApplicationFilterChain.internalDoFilter(ApplicationFilterChain.java:193)
	at org.apache.catalina.core.ApplicationFilterChain.doFilter(ApplicationFilterChain.java:166)
	at org.springframework.web.filter.FormContentFilter.doFilterInternal(FormContentFilter.java:93)
	at org.springframework.web.filter.OncePerRequestFilter.doFilter(OncePerRequestFilter.java:119)
	at org.apache.catalina.core.ApplicationFilterChain.internalDoFilter(ApplicationFilterChain.java:193)
	at org.apache.catalina.core.ApplicationFilterChain.doFilter(ApplicationFilterChain.java:166)
	at org.springframework.boot.actuate.metrics.web.servlet.WebMvcMetricsFilter.doFilterInternal(WebMvcMetricsFilter.java:109)
	at org.springframework.web.filter.OncePerRequestFilter.doFilter(OncePerRequestFilter.java:119)
	at org.apache.catalina.core.ApplicationFilterChain.internalDoFilter(ApplicationFilterChain.java:193)
	at org.apache.catalina.core.ApplicationFilterChain.doFilter(ApplicationFilterChain.java:166)
	at org.springframework.web.filter.CharacterEncodingFilter.doFilterInternal(CharacterEncodingFilter.java:201)
	at org.springframework.web.filter.OncePerRequestFilter.doFilter(OncePerRequestFilter.java:119)
	at org.apache.catalina.core.ApplicationFilterChain.internalDoFilter(ApplicationFilterChain.java:193)
	at org.apache.catalina.core.ApplicationFilterChain.doFilter(ApplicationFilterChain.java:166)
	at org.apache.catalina.core.StandardWrapperValve.invoke(StandardWrapperValve.java:202)
	at org.apache.catalina.core.StandardContextValve.invoke(StandardContextValve.java:96)
	at org.apache.catalina.authenticator.AuthenticatorBase.invoke(AuthenticatorBase.java:541)
	at org.apache.catalina.core.StandardHostValve.invoke(StandardHostValve.java:139)
	at org.apache.catalina.valves.ErrorReportValve.invoke(ErrorReportValve.java:92)
	at org.apache.catalina.core.StandardEngineValve.invoke(StandardEngineValve.java:74)
	at org.apache.catalina.connector.CoyoteAdapter.service(CoyoteAdapter.java:343)
	at org.apache.coyote.http11.Http11Processor.service(Http11Processor.java:373)
	at org.apache.coyote.AbstractProcessorLight.process(AbstractProcessorLight.java:65)
	at org.apache.coyote.AbstractProtocol$ConnectionHandler.process(AbstractProtocol.java:868)
	at org.apache.tomcat.util.net.NioEndpoint$SocketProcessor.doRun(NioEndpoint.java:1594)
	at org.apache.tomcat.util.net.SocketProcessorBase.run(SocketProcessorBase.java:49)
	at java.base/java.util.concurrent.ThreadPoolExecutor.runWorker(ThreadPoolExecutor.java:1128)
	at java.base/java.util.concurrent.ThreadPoolExecutor$Worker.run(ThreadPoolExecutor.java:628)
	at org.apache.tomcat.util.threads.TaskThread$WrappingRunnable.run(TaskThread.java:61)
	at java.base/java.lang.Thread.run(Thread.java:834)
2020-05-26 11:38:40,415 ERROR org.apache.juli.logging.DirectJDKLog [http-nio-8080-exec-4] Servlet.service() for servlet [dispatcherServlet] in context with path [] threw exception [Request processing failed; nested exception is error="invalid_grant", error_description="Invalid Username and/or Password."] with root cause
org.springframework.security.oauth2.common.exceptions.InvalidGrantException: Invalid Username and/or Password.
	at org.springframework.security.oauth2.provider.password.ResourceOwnerPasswordTokenGranter.getOAuth2Authentication(ResourceOwnerPasswordTokenGranter.java:79)
	at org.springframework.security.oauth2.provider.token.AbstractTokenGranter.getAccessToken(AbstractTokenGranter.java:72)
	at org.springframework.security.oauth2.provider.token.AbstractTokenGranter.grant(AbstractTokenGranter.java:67)
	at org.springframework.security.oauth2.provider.CompositeTokenGranter.grant(CompositeTokenGranter.java:38)
	at org.springframework.security.oauth2.config.annotation.web.configurers.AuthorizationServerEndpointsConfigurer$4.grant(AuthorizationServerEndpointsConfigurer.java:583)
	at org.springframework.security.oauth2.provider.endpoint.TokenEndpoint.postAccessToken(TokenEndpoint.java:132)
	at java.base/jdk.internal.reflect.NativeMethodAccessorImpl.invoke0(Native Method)
	at java.base/jdk.internal.reflect.NativeMethodAccessorImpl.invoke(NativeMethodAccessorImpl.java:62)
	at java.base/jdk.internal.reflect.DelegatingMethodAccessorImpl.invoke(DelegatingMethodAccessorImpl.java:43)
	at java.base/java.lang.reflect.Method.invoke(Method.java:566)
	at org.springframework.web.method.support.InvocableHandlerMethod.doInvoke(InvocableHandlerMethod.java:190)
	at org.springframework.web.method.support.InvocableHandlerMethod.invokeForRequest(InvocableHandlerMethod.java:138)
	at org.springframework.web.servlet.mvc.method.annotation.ServletInvocableHandlerMethod.invokeAndHandle(ServletInvocableHandlerMethod.java:105)
	at org.springframework.web.servlet.mvc.method.annotation.RequestMappingHandlerAdapter.invokeHandlerMethod(RequestMappingHandlerAdapter.java:879)
	at org.springframework.web.servlet.mvc.method.annotation.RequestMappingHandlerAdapter.handleInternal(RequestMappingHandlerAdapter.java:793)
	at org.springframework.web.servlet.mvc.method.AbstractHandlerMethodAdapter.handle(AbstractHandlerMethodAdapter.java:87)
	at org.springframework.web.servlet.DispatcherServlet.doDispatch(DispatcherServlet.java:1040)
	at org.springframework.web.servlet.DispatcherServlet.doService(DispatcherServlet.java:943)
	at org.springframework.web.servlet.FrameworkServlet.processRequest(FrameworkServlet.java:1006)
	at org.springframework.web.servlet.FrameworkServlet.doPost(FrameworkServlet.java:909)
	at javax.servlet.http.HttpServlet.service(HttpServlet.java:660)
	at org.springframework.web.servlet.FrameworkServlet.service(FrameworkServlet.java:883)
	at javax.servlet.http.HttpServlet.service(HttpServlet.java:741)
	at org.apache.catalina.core.ApplicationFilterChain.internalDoFilter(ApplicationFilterChain.java:231)
	at org.apache.catalina.core.ApplicationFilterChain.doFilter(ApplicationFilterChain.java:166)
	at org.apache.tomcat.websocket.server.WsFilter.doFilter(WsFilter.java:53)
	at org.apache.catalina.core.ApplicationFilterChain.internalDoFilter(ApplicationFilterChain.java:193)
	at org.apache.catalina.core.ApplicationFilterChain.doFilter(ApplicationFilterChain.java:166)
	at org.springframework.security.web.FilterChainProxy$VirtualFilterChain.doFilter(FilterChainProxy.java:320)
	at org.springframework.security.web.access.intercept.FilterSecurityInterceptor.invoke(FilterSecurityInterceptor.java:126)
	at org.springframework.security.web.access.intercept.FilterSecurityInterceptor.doFilter(FilterSecurityInterceptor.java:90)
	at org.springframework.security.web.FilterChainProxy$VirtualFilterChain.doFilter(FilterChainProxy.java:334)
	at org.springframework.security.web.access.ExceptionTranslationFilter.doFilter(ExceptionTranslationFilter.java:118)
	at org.springframework.security.web.FilterChainProxy$VirtualFilterChain.doFilter(FilterChainProxy.java:334)
	at org.springframework.security.web.session.SessionManagementFilter.doFilter(SessionManagementFilter.java:137)
	at org.springframework.security.web.FilterChainProxy$VirtualFilterChain.doFilter(FilterChainProxy.java:334)
	at org.springframework.security.web.authentication.AnonymousAuthenticationFilter.doFilter(AnonymousAuthenticationFilter.java:111)
	at org.springframework.security.web.FilterChainProxy$VirtualFilterChain.doFilter(FilterChainProxy.java:334)
	at org.springframework.security.web.servletapi.SecurityContextHolderAwareRequestFilter.doFilter(SecurityContextHolderAwareRequestFilter.java:158)
	at org.springframework.security.web.FilterChainProxy$VirtualFilterChain.doFilter(FilterChainProxy.java:334)
	at org.springframework.security.web.savedrequest.RequestCacheAwareFilter.doFilter(RequestCacheAwareFilter.java:63)
	at org.springframework.security.web.FilterChainProxy$VirtualFilterChain.doFilter(FilterChainProxy.java:334)
	at org.springframework.security.web.authentication.www.BasicAuthenticationFilter.doFilterInternal(BasicAuthenticationFilter.java:204)
	at org.springframework.web.filter.OncePerRequestFilter.doFilter(OncePerRequestFilter.java:119)
	at org.springframework.security.web.FilterChainProxy$VirtualFilterChain.doFilter(FilterChainProxy.java:334)
	at org.springframework.web.filter.CorsFilter.doFilterInternal(CorsFilter.java:92)
	at org.springframework.web.filter.OncePerRequestFilter.doFilter(OncePerRequestFilter.java:119)
	at org.springframework.security.web.FilterChainProxy$VirtualFilterChain.doFilter(FilterChainProxy.java:334)
	at org.springframework.security.web.authentication.logout.LogoutFilter.doFilter(LogoutFilter.java:116)
	at org.springframework.security.web.FilterChainProxy$VirtualFilterChain.doFilter(FilterChainProxy.java:334)
	at org.springframework.security.web.header.HeaderWriterFilter.doHeadersAfter(HeaderWriterFilter.java:92)
	at org.springframework.security.web.header.HeaderWriterFilter.doFilterInternal(HeaderWriterFilter.java:77)
	at org.springframework.web.filter.OncePerRequestFilter.doFilter(OncePerRequestFilter.java:119)
	at org.springframework.security.web.FilterChainProxy$VirtualFilterChain.doFilter(FilterChainProxy.java:334)
	at org.springframework.security.web.context.SecurityContextPersistenceFilter.doFilter(SecurityContextPersistenceFilter.java:105)
	at org.springframework.security.web.FilterChainProxy$VirtualFilterChain.doFilter(FilterChainProxy.java:334)
	at org.springframework.security.web.context.request.async.WebAsyncManagerIntegrationFilter.doFilterInternal(WebAsyncManagerIntegrationFilter.java:56)
	at org.springframework.web.filter.OncePerRequestFilter.doFilter(OncePerRequestFilter.java:119)
	at org.springframework.security.web.FilterChainProxy$VirtualFilterChain.doFilter(FilterChainProxy.java:334)
	at org.springframework.security.web.FilterChainProxy.doFilterInternal(FilterChainProxy.java:215)
	at org.springframework.security.web.FilterChainProxy.doFilter(FilterChainProxy.java:178)
	at org.springframework.web.filter.DelegatingFilterProxy.invokeDelegate(DelegatingFilterProxy.java:358)
	at org.springframework.web.filter.DelegatingFilterProxy.doFilter(DelegatingFilterProxy.java:271)
	at org.apache.catalina.core.ApplicationFilterChain.internalDoFilter(ApplicationFilterChain.java:193)
	at org.apache.catalina.core.ApplicationFilterChain.doFilter(ApplicationFilterChain.java:166)
	at org.springframework.web.filter.RequestContextFilter.doFilterInternal(RequestContextFilter.java:100)
	at org.springframework.web.filter.OncePerRequestFilter.doFilter(OncePerRequestFilter.java:119)
	at org.apache.catalina.core.ApplicationFilterChain.internalDoFilter(ApplicationFilterChain.java:193)
	at org.apache.catalina.core.ApplicationFilterChain.doFilter(ApplicationFilterChain.java:166)
	at org.springframework.web.filter.FormContentFilter.doFilterInternal(FormContentFilter.java:93)
	at org.springframework.web.filter.OncePerRequestFilter.doFilter(OncePerRequestFilter.java:119)
	at org.apache.catalina.core.ApplicationFilterChain.internalDoFilter(ApplicationFilterChain.java:193)
	at org.apache.catalina.core.ApplicationFilterChain.doFilter(ApplicationFilterChain.java:166)
	at org.springframework.boot.actuate.metrics.web.servlet.WebMvcMetricsFilter.doFilterInternal(WebMvcMetricsFilter.java:109)
	at org.springframework.web.filter.OncePerRequestFilter.doFilter(OncePerRequestFilter.java:119)
	at org.apache.catalina.core.ApplicationFilterChain.internalDoFilter(ApplicationFilterChain.java:193)
	at org.apache.catalina.core.ApplicationFilterChain.doFilter(ApplicationFilterChain.java:166)
	at org.springframework.web.filter.CharacterEncodingFilter.doFilterInternal(CharacterEncodingFilter.java:201)
	at org.springframework.web.filter.OncePerRequestFilter.doFilter(OncePerRequestFilter.java:119)
	at org.apache.catalina.core.ApplicationFilterChain.internalDoFilter(ApplicationFilterChain.java:193)
	at org.apache.catalina.core.ApplicationFilterChain.doFilter(ApplicationFilterChain.java:166)
	at org.apache.catalina.core.StandardWrapperValve.invoke(StandardWrapperValve.java:202)
	at org.apache.catalina.core.StandardContextValve.invoke(StandardContextValve.java:96)
	at org.apache.catalina.authenticator.AuthenticatorBase.invoke(AuthenticatorBase.java:541)
	at org.apache.catalina.core.StandardHostValve.invoke(StandardHostValve.java:139)
	at org.apache.catalina.valves.ErrorReportValve.invoke(ErrorReportValve.java:92)
	at org.apache.catalina.core.StandardEngineValve.invoke(StandardEngineValve.java:74)
	at org.apache.catalina.connector.CoyoteAdapter.service(CoyoteAdapter.java:343)
	at org.apache.coyote.http11.Http11Processor.service(Http11Processor.java:373)
	at org.apache.coyote.AbstractProcessorLight.process(AbstractProcessorLight.java:65)
	at org.apache.coyote.AbstractProtocol$ConnectionHandler.process(AbstractProtocol.java:868)
	at org.apache.tomcat.util.net.NioEndpoint$SocketProcessor.doRun(NioEndpoint.java:1594)
	at org.apache.tomcat.util.net.SocketProcessorBase.run(SocketProcessorBase.java:49)
	at java.base/java.util.concurrent.ThreadPoolExecutor.runWorker(ThreadPoolExecutor.java:1128)
	at java.base/java.util.concurrent.ThreadPoolExecutor$Worker.run(ThreadPoolExecutor.java:628)
	at org.apache.tomcat.util.threads.TaskThread$WrappingRunnable.run(TaskThread.java:61)
	at java.base/java.lang.Thread.run(Thread.java:834)
2020-05-26 11:44:35,430 INFO com.surshree.app.services.OtpService [http-nio-8080-exec-5] OTP Generated
2020-05-26 11:44:35,446 INFO com.surshree.app.services.CustomUserDetailsService [http-nio-8080-exec-5] Granted Authorities --> ROLE_CONT
2020-05-26 11:44:35,447 INFO com.surshree.app.services.CustomUserDetailsService [http-nio-8080-exec-5] Granted Authorities --> FUNC_CONT_MENU
2020-05-26 11:45:06,187 INFO com.surshree.app.services.CustomUserDetailsService [http-nio-8080-exec-6] Granted Authorities --> ROLE_CONT
2020-05-26 11:45:06,238 INFO com.surshree.app.services.CustomUserDetailsService [http-nio-8080-exec-6] Granted Authorities --> FUNC_CONT_MENU
2020-05-26 11:45:08,198 INFO com.surshree.app.services.OtpService [http-nio-8080-exec-6] OTP Generated
2020-05-26 11:45:14,398 WARN org.springframework.security.oauth2.provider.endpoint.TokenEndpoint [http-nio-8080-exec-6] Handling error: InvalidGrantException, Invalid OTP.
2020-05-26 11:45:14,415 WARN org.springframework.web.servlet.mvc.method.annotation.ExceptionHandlerExceptionResolver [http-nio-8080-exec-6] Failure in @ExceptionHandler org.springframework.security.oauth2.provider.endpoint.TokenEndpoint#handleException(OAuth2Exception)
org.springframework.web.HttpMediaTypeNotAcceptableException: Could not find acceptable representation
	at org.springframework.web.servlet.mvc.method.annotation.AbstractMessageConverterMethodProcessor.writeWithMessageConverters(AbstractMessageConverterMethodProcessor.java:243)
	at org.springframework.web.servlet.mvc.method.annotation.HttpEntityMethodProcessor.handleReturnValue(HttpEntityMethodProcessor.java:219)
	at org.springframework.web.method.support.HandlerMethodReturnValueHandlerComposite.handleReturnValue(HandlerMethodReturnValueHandlerComposite.java:82)
	at org.springframework.web.servlet.mvc.method.annotation.ServletInvocableHandlerMethod.invokeAndHandle(ServletInvocableHandlerMethod.java:123)
	at org.springframework.web.servlet.mvc.method.annotation.ExceptionHandlerExceptionResolver.doResolveHandlerMethodException(ExceptionHandlerExceptionResolver.java:407)
	at org.springframework.web.servlet.handler.AbstractHandlerMethodExceptionResolver.doResolveException(AbstractHandlerMethodExceptionResolver.java:61)
	at org.springframework.web.servlet.handler.AbstractHandlerExceptionResolver.resolveException(AbstractHandlerExceptionResolver.java:141)
	at org.springframework.web.servlet.handler.HandlerExceptionResolverComposite.resolveException(HandlerExceptionResolverComposite.java:80)
	at org.springframework.web.servlet.DispatcherServlet.processHandlerException(DispatcherServlet.java:1300)
	at org.springframework.web.servlet.DispatcherServlet.processDispatchResult(DispatcherServlet.java:1111)
	at org.springframework.web.servlet.DispatcherServlet.doDispatch(DispatcherServlet.java:1057)
	at org.springframework.web.servlet.DispatcherServlet.doService(DispatcherServlet.java:943)
	at org.springframework.web.servlet.FrameworkServlet.processRequest(FrameworkServlet.java:1006)
	at org.springframework.web.servlet.FrameworkServlet.doPost(FrameworkServlet.java:909)
	at javax.servlet.http.HttpServlet.service(HttpServlet.java:660)
	at org.springframework.web.servlet.FrameworkServlet.service(FrameworkServlet.java:883)
	at javax.servlet.http.HttpServlet.service(HttpServlet.java:741)
	at org.apache.catalina.core.ApplicationFilterChain.internalDoFilter(ApplicationFilterChain.java:231)
	at org.apache.catalina.core.ApplicationFilterChain.doFilter(ApplicationFilterChain.java:166)
	at org.apache.tomcat.websocket.server.WsFilter.doFilter(WsFilter.java:53)
	at org.apache.catalina.core.ApplicationFilterChain.internalDoFilter(ApplicationFilterChain.java:193)
	at org.apache.catalina.core.ApplicationFilterChain.doFilter(ApplicationFilterChain.java:166)
	at org.springframework.security.web.FilterChainProxy$VirtualFilterChain.doFilter(FilterChainProxy.java:320)
	at org.springframework.security.web.access.intercept.FilterSecurityInterceptor.invoke(FilterSecurityInterceptor.java:126)
	at org.springframework.security.web.access.intercept.FilterSecurityInterceptor.doFilter(FilterSecurityInterceptor.java:90)
	at org.springframework.security.web.FilterChainProxy$VirtualFilterChain.doFilter(FilterChainProxy.java:334)
	at org.springframework.security.web.access.ExceptionTranslationFilter.doFilter(ExceptionTranslationFilter.java:118)
	at org.springframework.security.web.FilterChainProxy$VirtualFilterChain.doFilter(FilterChainProxy.java:334)
	at org.springframework.security.web.session.SessionManagementFilter.doFilter(SessionManagementFilter.java:137)
	at org.springframework.security.web.FilterChainProxy$VirtualFilterChain.doFilter(FilterChainProxy.java:334)
	at org.springframework.security.web.authentication.AnonymousAuthenticationFilter.doFilter(AnonymousAuthenticationFilter.java:111)
	at org.springframework.security.web.FilterChainProxy$VirtualFilterChain.doFilter(FilterChainProxy.java:334)
	at org.springframework.security.web.servletapi.SecurityContextHolderAwareRequestFilter.doFilter(SecurityContextHolderAwareRequestFilter.java:158)
	at org.springframework.security.web.FilterChainProxy$VirtualFilterChain.doFilter(FilterChainProxy.java:334)
	at org.springframework.security.web.savedrequest.RequestCacheAwareFilter.doFilter(RequestCacheAwareFilter.java:63)
	at org.springframework.security.web.FilterChainProxy$VirtualFilterChain.doFilter(FilterChainProxy.java:334)
	at org.springframework.security.web.authentication.www.BasicAuthenticationFilter.doFilterInternal(BasicAuthenticationFilter.java:204)
	at org.springframework.web.filter.OncePerRequestFilter.doFilter(OncePerRequestFilter.java:119)
	at org.springframework.security.web.FilterChainProxy$VirtualFilterChain.doFilter(FilterChainProxy.java:334)
	at org.springframework.web.filter.CorsFilter.doFilterInternal(CorsFilter.java:92)
	at org.springframework.web.filter.OncePerRequestFilter.doFilter(OncePerRequestFilter.java:119)
	at org.springframework.security.web.FilterChainProxy$VirtualFilterChain.doFilter(FilterChainProxy.java:334)
	at org.springframework.security.web.authentication.logout.LogoutFilter.doFilter(LogoutFilter.java:116)
	at org.springframework.security.web.FilterChainProxy$VirtualFilterChain.doFilter(FilterChainProxy.java:334)
	at org.springframework.security.web.header.HeaderWriterFilter.doHeadersAfter(HeaderWriterFilter.java:92)
	at org.springframework.security.web.header.HeaderWriterFilter.doFilterInternal(HeaderWriterFilter.java:77)
	at org.springframework.web.filter.OncePerRequestFilter.doFilter(OncePerRequestFilter.java:119)
	at org.springframework.security.web.FilterChainProxy$VirtualFilterChain.doFilter(FilterChainProxy.java:334)
	at org.springframework.security.web.context.SecurityContextPersistenceFilter.doFilter(SecurityContextPersistenceFilter.java:105)
	at org.springframework.security.web.FilterChainProxy$VirtualFilterChain.doFilter(FilterChainProxy.java:334)
	at org.springframework.security.web.context.request.async.WebAsyncManagerIntegrationFilter.doFilterInternal(WebAsyncManagerIntegrationFilter.java:56)
	at org.springframework.web.filter.OncePerRequestFilter.doFilter(OncePerRequestFilter.java:119)
	at org.springframework.security.web.FilterChainProxy$VirtualFilterChain.doFilter(FilterChainProxy.java:334)
	at org.springframework.security.web.FilterChainProxy.doFilterInternal(FilterChainProxy.java:215)
	at org.springframework.security.web.FilterChainProxy.doFilter(FilterChainProxy.java:178)
	at org.springframework.web.filter.DelegatingFilterProxy.invokeDelegate(DelegatingFilterProxy.java:358)
	at org.springframework.web.filter.DelegatingFilterProxy.doFilter(DelegatingFilterProxy.java:271)
	at org.apache.catalina.core.ApplicationFilterChain.internalDoFilter(ApplicationFilterChain.java:193)
	at org.apache.catalina.core.ApplicationFilterChain.doFilter(ApplicationFilterChain.java:166)
	at org.springframework.web.filter.RequestContextFilter.doFilterInternal(RequestContextFilter.java:100)
	at org.springframework.web.filter.OncePerRequestFilter.doFilter(OncePerRequestFilter.java:119)
	at org.apache.catalina.core.ApplicationFilterChain.internalDoFilter(ApplicationFilterChain.java:193)
	at org.apache.catalina.core.ApplicationFilterChain.doFilter(ApplicationFilterChain.java:166)
	at org.springframework.web.filter.FormContentFilter.doFilterInternal(FormContentFilter.java:93)
	at org.springframework.web.filter.OncePerRequestFilter.doFilter(OncePerRequestFilter.java:119)
	at org.apache.catalina.core.ApplicationFilterChain.internalDoFilter(ApplicationFilterChain.java:193)
	at org.apache.catalina.core.ApplicationFilterChain.doFilter(ApplicationFilterChain.java:166)
	at org.springframework.boot.actuate.metrics.web.servlet.WebMvcMetricsFilter.doFilterInternal(WebMvcMetricsFilter.java:109)
	at org.springframework.web.filter.OncePerRequestFilter.doFilter(OncePerRequestFilter.java:119)
	at org.apache.catalina.core.ApplicationFilterChain.internalDoFilter(ApplicationFilterChain.java:193)
	at org.apache.catalina.core.ApplicationFilterChain.doFilter(ApplicationFilterChain.java:166)
	at org.springframework.web.filter.CharacterEncodingFilter.doFilterInternal(CharacterEncodingFilter.java:201)
	at org.springframework.web.filter.OncePerRequestFilter.doFilter(OncePerRequestFilter.java:119)
	at org.apache.catalina.core.ApplicationFilterChain.internalDoFilter(ApplicationFilterChain.java:193)
	at org.apache.catalina.core.ApplicationFilterChain.doFilter(ApplicationFilterChain.java:166)
	at org.apache.catalina.core.StandardWrapperValve.invoke(StandardWrapperValve.java:202)
	at org.apache.catalina.core.StandardContextValve.invoke(StandardContextValve.java:96)
	at org.apache.catalina.authenticator.AuthenticatorBase.invoke(AuthenticatorBase.java:541)
	at org.apache.catalina.core.StandardHostValve.invoke(StandardHostValve.java:139)
	at org.apache.catalina.valves.ErrorReportValve.invoke(ErrorReportValve.java:92)
	at org.apache.catalina.core.StandardEngineValve.invoke(StandardEngineValve.java:74)
	at org.apache.catalina.connector.CoyoteAdapter.service(CoyoteAdapter.java:343)
	at org.apache.coyote.http11.Http11Processor.service(Http11Processor.java:373)
	at org.apache.coyote.AbstractProcessorLight.process(AbstractProcessorLight.java:65)
	at org.apache.coyote.AbstractProtocol$ConnectionHandler.process(AbstractProtocol.java:868)
	at org.apache.tomcat.util.net.NioEndpoint$SocketProcessor.doRun(NioEndpoint.java:1594)
	at org.apache.tomcat.util.net.SocketProcessorBase.run(SocketProcessorBase.java:49)
	at java.base/java.util.concurrent.ThreadPoolExecutor.runWorker(ThreadPoolExecutor.java:1128)
	at java.base/java.util.concurrent.ThreadPoolExecutor$Worker.run(ThreadPoolExecutor.java:628)
	at org.apache.tomcat.util.threads.TaskThread$WrappingRunnable.run(TaskThread.java:61)
	at java.base/java.lang.Thread.run(Thread.java:834)
2020-05-26 11:45:14,430 ERROR org.apache.juli.logging.DirectJDKLog [http-nio-8080-exec-6] Servlet.service() for servlet [dispatcherServlet] in context with path [] threw exception [Request processing failed; nested exception is error="invalid_grant", error_description="Invalid OTP."] with root cause
org.springframework.security.oauth2.common.exceptions.InvalidGrantException: Invalid OTP.
	at org.springframework.security.oauth2.provider.password.ResourceOwnerPasswordTokenGranter.getOAuth2Authentication(ResourceOwnerPasswordTokenGranter.java:79)
	at org.springframework.security.oauth2.provider.token.AbstractTokenGranter.getAccessToken(AbstractTokenGranter.java:72)
	at org.springframework.security.oauth2.provider.token.AbstractTokenGranter.grant(AbstractTokenGranter.java:67)
	at org.springframework.security.oauth2.provider.CompositeTokenGranter.grant(CompositeTokenGranter.java:38)
	at org.springframework.security.oauth2.config.annotation.web.configurers.AuthorizationServerEndpointsConfigurer$4.grant(AuthorizationServerEndpointsConfigurer.java:583)
	at org.springframework.security.oauth2.provider.endpoint.TokenEndpoint.postAccessToken(TokenEndpoint.java:132)
	at java.base/jdk.internal.reflect.NativeMethodAccessorImpl.invoke0(Native Method)
	at java.base/jdk.internal.reflect.NativeMethodAccessorImpl.invoke(NativeMethodAccessorImpl.java:62)
	at java.base/jdk.internal.reflect.DelegatingMethodAccessorImpl.invoke(DelegatingMethodAccessorImpl.java:43)
	at java.base/java.lang.reflect.Method.invoke(Method.java:566)
	at org.springframework.web.method.support.InvocableHandlerMethod.doInvoke(InvocableHandlerMethod.java:190)
	at org.springframework.web.method.support.InvocableHandlerMethod.invokeForRequest(InvocableHandlerMethod.java:138)
	at org.springframework.web.servlet.mvc.method.annotation.ServletInvocableHandlerMethod.invokeAndHandle(ServletInvocableHandlerMethod.java:105)
	at org.springframework.web.servlet.mvc.method.annotation.RequestMappingHandlerAdapter.invokeHandlerMethod(RequestMappingHandlerAdapter.java:879)
	at org.springframework.web.servlet.mvc.method.annotation.RequestMappingHandlerAdapter.handleInternal(RequestMappingHandlerAdapter.java:793)
	at org.springframework.web.servlet.mvc.method.AbstractHandlerMethodAdapter.handle(AbstractHandlerMethodAdapter.java:87)
	at org.springframework.web.servlet.DispatcherServlet.doDispatch(DispatcherServlet.java:1040)
	at org.springframework.web.servlet.DispatcherServlet.doService(DispatcherServlet.java:943)
	at org.springframework.web.servlet.FrameworkServlet.processRequest(FrameworkServlet.java:1006)
	at org.springframework.web.servlet.FrameworkServlet.doPost(FrameworkServlet.java:909)
	at javax.servlet.http.HttpServlet.service(HttpServlet.java:660)
	at org.springframework.web.servlet.FrameworkServlet.service(FrameworkServlet.java:883)
	at javax.servlet.http.HttpServlet.service(HttpServlet.java:741)
	at org.apache.catalina.core.ApplicationFilterChain.internalDoFilter(ApplicationFilterChain.java:231)
	at org.apache.catalina.core.ApplicationFilterChain.doFilter(ApplicationFilterChain.java:166)
	at org.apache.tomcat.websocket.server.WsFilter.doFilter(WsFilter.java:53)
	at org.apache.catalina.core.ApplicationFilterChain.internalDoFilter(ApplicationFilterChain.java:193)
	at org.apache.catalina.core.ApplicationFilterChain.doFilter(ApplicationFilterChain.java:166)
	at org.springframework.security.web.FilterChainProxy$VirtualFilterChain.doFilter(FilterChainProxy.java:320)
	at org.springframework.security.web.access.intercept.FilterSecurityInterceptor.invoke(FilterSecurityInterceptor.java:126)
	at org.springframework.security.web.access.intercept.FilterSecurityInterceptor.doFilter(FilterSecurityInterceptor.java:90)
	at org.springframework.security.web.FilterChainProxy$VirtualFilterChain.doFilter(FilterChainProxy.java:334)
	at org.springframework.security.web.access.ExceptionTranslationFilter.doFilter(ExceptionTranslationFilter.java:118)
	at org.springframework.security.web.FilterChainProxy$VirtualFilterChain.doFilter(FilterChainProxy.java:334)
	at org.springframework.security.web.session.SessionManagementFilter.doFilter(SessionManagementFilter.java:137)
	at org.springframework.security.web.FilterChainProxy$VirtualFilterChain.doFilter(FilterChainProxy.java:334)
	at org.springframework.security.web.authentication.AnonymousAuthenticationFilter.doFilter(AnonymousAuthenticationFilter.java:111)
	at org.springframework.security.web.FilterChainProxy$VirtualFilterChain.doFilter(FilterChainProxy.java:334)
	at org.springframework.security.web.servletapi.SecurityContextHolderAwareRequestFilter.doFilter(SecurityContextHolderAwareRequestFilter.java:158)
	at org.springframework.security.web.FilterChainProxy$VirtualFilterChain.doFilter(FilterChainProxy.java:334)
	at org.springframework.security.web.savedrequest.RequestCacheAwareFilter.doFilter(RequestCacheAwareFilter.java:63)
	at org.springframework.security.web.FilterChainProxy$VirtualFilterChain.doFilter(FilterChainProxy.java:334)
	at org.springframework.security.web.authentication.www.BasicAuthenticationFilter.doFilterInternal(BasicAuthenticationFilter.java:204)
	at org.springframework.web.filter.OncePerRequestFilter.doFilter(OncePerRequestFilter.java:119)
	at org.springframework.security.web.FilterChainProxy$VirtualFilterChain.doFilter(FilterChainProxy.java:334)
	at org.springframework.web.filter.CorsFilter.doFilterInternal(CorsFilter.java:92)
	at org.springframework.web.filter.OncePerRequestFilter.doFilter(OncePerRequestFilter.java:119)
	at org.springframework.security.web.FilterChainProxy$VirtualFilterChain.doFilter(FilterChainProxy.java:334)
	at org.springframework.security.web.authentication.logout.LogoutFilter.doFilter(LogoutFilter.java:116)
	at org.springframework.security.web.FilterChainProxy$VirtualFilterChain.doFilter(FilterChainProxy.java:334)
	at org.springframework.security.web.header.HeaderWriterFilter.doHeadersAfter(HeaderWriterFilter.java:92)
	at org.springframework.security.web.header.HeaderWriterFilter.doFilterInternal(HeaderWriterFilter.java:77)
	at org.springframework.web.filter.OncePerRequestFilter.doFilter(OncePerRequestFilter.java:119)
	at org.springframework.security.web.FilterChainProxy$VirtualFilterChain.doFilter(FilterChainProxy.java:334)
	at org.springframework.security.web.context.SecurityContextPersistenceFilter.doFilter(SecurityContextPersistenceFilter.java:105)
	at org.springframework.security.web.FilterChainProxy$VirtualFilterChain.doFilter(FilterChainProxy.java:334)
	at org.springframework.security.web.context.request.async.WebAsyncManagerIntegrationFilter.doFilterInternal(WebAsyncManagerIntegrationFilter.java:56)
	at org.springframework.web.filter.OncePerRequestFilter.doFilter(OncePerRequestFilter.java:119)
	at org.springframework.security.web.FilterChainProxy$VirtualFilterChain.doFilter(FilterChainProxy.java:334)
	at org.springframework.security.web.FilterChainProxy.doFilterInternal(FilterChainProxy.java:215)
	at org.springframework.security.web.FilterChainProxy.doFilter(FilterChainProxy.java:178)
	at org.springframework.web.filter.DelegatingFilterProxy.invokeDelegate(DelegatingFilterProxy.java:358)
	at org.springframework.web.filter.DelegatingFilterProxy.doFilter(DelegatingFilterProxy.java:271)
	at org.apache.catalina.core.ApplicationFilterChain.internalDoFilter(ApplicationFilterChain.java:193)
	at org.apache.catalina.core.ApplicationFilterChain.doFilter(ApplicationFilterChain.java:166)
	at org.springframework.web.filter.RequestContextFilter.doFilterInternal(RequestContextFilter.java:100)
	at org.springframework.web.filter.OncePerRequestFilter.doFilter(OncePerRequestFilter.java:119)
	at org.apache.catalina.core.ApplicationFilterChain.internalDoFilter(ApplicationFilterChain.java:193)
	at org.apache.catalina.core.ApplicationFilterChain.doFilter(ApplicationFilterChain.java:166)
	at org.springframework.web.filter.FormContentFilter.doFilterInternal(FormContentFilter.java:93)
	at org.springframework.web.filter.OncePerRequestFilter.doFilter(OncePerRequestFilter.java:119)
	at org.apache.catalina.core.ApplicationFilterChain.internalDoFilter(ApplicationFilterChain.java:193)
	at org.apache.catalina.core.ApplicationFilterChain.doFilter(ApplicationFilterChain.java:166)
	at org.springframework.boot.actuate.metrics.web.servlet.WebMvcMetricsFilter.doFilterInternal(WebMvcMetricsFilter.java:109)
	at org.springframework.web.filter.OncePerRequestFilter.doFilter(OncePerRequestFilter.java:119)
	at org.apache.catalina.core.ApplicationFilterChain.internalDoFilter(ApplicationFilterChain.java:193)
	at org.apache.catalina.core.ApplicationFilterChain.doFilter(ApplicationFilterChain.java:166)
	at org.springframework.web.filter.CharacterEncodingFilter.doFilterInternal(CharacterEncodingFilter.java:201)
	at org.springframework.web.filter.OncePerRequestFilter.doFilter(OncePerRequestFilter.java:119)
	at org.apache.catalina.core.ApplicationFilterChain.internalDoFilter(ApplicationFilterChain.java:193)
	at org.apache.catalina.core.ApplicationFilterChain.doFilter(ApplicationFilterChain.java:166)
	at org.apache.catalina.core.StandardWrapperValve.invoke(StandardWrapperValve.java:202)
	at org.apache.catalina.core.StandardContextValve.invoke(StandardContextValve.java:96)
	at org.apache.catalina.authenticator.AuthenticatorBase.invoke(AuthenticatorBase.java:541)
	at org.apache.catalina.core.StandardHostValve.invoke(StandardHostValve.java:139)
	at org.apache.catalina.valves.ErrorReportValve.invoke(ErrorReportValve.java:92)
	at org.apache.catalina.core.StandardEngineValve.invoke(StandardEngineValve.java:74)
	at org.apache.catalina.connector.CoyoteAdapter.service(CoyoteAdapter.java:343)
	at org.apache.coyote.http11.Http11Processor.service(Http11Processor.java:373)
	at org.apache.coyote.AbstractProcessorLight.process(AbstractProcessorLight.java:65)
	at org.apache.coyote.AbstractProtocol$ConnectionHandler.process(AbstractProtocol.java:868)
	at org.apache.tomcat.util.net.NioEndpoint$SocketProcessor.doRun(NioEndpoint.java:1594)
	at org.apache.tomcat.util.net.SocketProcessorBase.run(SocketProcessorBase.java:49)
	at java.base/java.util.concurrent.ThreadPoolExecutor.runWorker(ThreadPoolExecutor.java:1128)
	at java.base/java.util.concurrent.ThreadPoolExecutor$Worker.run(ThreadPoolExecutor.java:628)
	at org.apache.tomcat.util.threads.TaskThread$WrappingRunnable.run(TaskThread.java:61)
	at java.base/java.lang.Thread.run(Thread.java:834)
2020-05-26 11:45:34,264 INFO com.surshree.app.scheduling.CacheScheduler [scheduling-1] Clear user cache : START
2020-05-26 11:45:34,265 INFO com.surshree.app.scheduling.CacheScheduler [scheduling-1] Clear user cache : END
2020-05-26 11:49:08,818 INFO org.springframework.boot.SpringApplication [main] No active profile set, falling back to default profiles: default
2020-05-26 11:49:10,951 INFO org.springframework.data.repository.config.RepositoryConfigurationDelegate [main] Bootstrapping Spring Data JPA repositories in DEFAULT mode.
2020-05-26 11:49:11,129 INFO org.springframework.data.repository.config.RepositoryConfigurationDelegate [main] Finished Spring Data repository scanning in 158ms. Found 9 JPA repository interfaces.
2020-05-26 11:49:12,423 INFO org.springframework.cloud.context.scope.GenericScope [main] BeanFactory id=0d5d551f-c6e4-3843-9900-0651a2a53da4
2020-05-26 11:49:13,742 INFO org.springframework.boot.web.embedded.tomcat.TomcatWebServer [main] Tomcat initialized with port(s): 8080 (http)
2020-05-26 11:49:13,789 INFO org.apache.juli.logging.DirectJDKLog [main] Initializing ProtocolHandler ["http-nio-8080"]
2020-05-26 11:49:13,796 INFO org.apache.juli.logging.DirectJDKLog [main] Starting service [Tomcat]
2020-05-26 11:49:13,800 INFO org.apache.juli.logging.DirectJDKLog [main] Starting Servlet engine: [Apache Tomcat/9.0.33]
2020-05-26 11:49:14,198 INFO org.apache.juli.logging.DirectJDKLog [main] Initializing Spring embedded WebApplicationContext
2020-05-26 11:49:14,199 INFO org.springframework.boot.web.servlet.context.ServletWebServerApplicationContext [main] Root WebApplicationContext: initialization completed in 5300 ms
2020-05-26 11:49:14,781 INFO com.surshree.app.config.CacheConfig [main] Initializing cache.
2020-05-26 11:49:14,948 INFO org.hibernate.jpa.internal.util.LogHelper [main] HHH000204: Processing PersistenceUnitInfo [name: default]
2020-05-26 11:49:15,111 INFO org.hibernate.Version [main] HHH000412: Hibernate ORM core version 5.4.12.Final
2020-05-26 11:49:15,649 INFO org.hibernate.annotations.common.reflection.java.JavaReflectionManager [main] HCANN000001: Hibernate Commons Annotations {5.1.0.Final}
2020-05-26 11:49:15,886 INFO com.zaxxer.hikari.HikariDataSource [main] HikariPool-1 - Starting...
2020-05-26 11:49:16,112 INFO com.zaxxer.hikari.HikariDataSource [main] HikariPool-1 - Start completed.
2020-05-26 11:49:16,154 INFO org.hibernate.dialect.Dialect [main] HHH000400: Using dialect: org.hibernate.dialect.PostgreSQL10Dialect
2020-05-26 11:49:18,945 INFO org.hibernate.engine.transaction.jta.platform.internal.JtaPlatformInitiator [main] HHH000490: Using JtaPlatform implementation: [org.hibernate.engine.transaction.jta.platform.internal.NoJtaPlatform]
2020-05-26 11:49:19,252 INFO org.springframework.orm.jpa.AbstractEntityManagerFactoryBean [main] Initialized JPA EntityManagerFactory for persistence unit 'default'
2020-05-26 11:49:19,345 WARN org.springframework.boot.autoconfigure.orm.jpa.JpaBaseConfiguration$JpaWebConfiguration [main] spring.jpa.open-in-view is enabled by default. Therefore, database queries may be performed during view rendering. Explicitly configure spring.jpa.open-in-view to disable this warning
2020-05-26 11:49:22,282 INFO org.springframework.security.web.DefaultSecurityFilterChain [main] Creating filter chain: OrRequestMatcher [requestMatchers=[Ant [pattern='/oauth/token'], Ant [pattern='/oauth/token_key'], Ant [pattern='/oauth/check_token']]], [org.springframework.security.web.context.request.async.WebAsyncManagerIntegrationFilter@796d0b43, org.springframework.security.web.context.SecurityContextPersistenceFilter@49de2cc4, org.springframework.security.web.header.HeaderWriterFilter@37672aa7, org.springframework.security.web.authentication.logout.LogoutFilter@7720334e, org.springframework.web.filter.CorsFilter@424ebf5b, org.springframework.security.web.authentication.www.BasicAuthenticationFilter@1d0fae45, org.springframework.security.web.savedrequest.RequestCacheAwareFilter@3459ccd9, org.springframework.security.web.servletapi.SecurityContextHolderAwareRequestFilter@670e6fa3, org.springframework.security.web.authentication.AnonymousAuthenticationFilter@42cef0af, org.springframework.security.web.session.SessionManagementFilter@500e995b, org.springframework.security.web.access.ExceptionTranslationFilter@17c0d43c, org.springframework.security.web.access.intercept.FilterSecurityInterceptor@53d3ae89]
2020-05-26 11:49:22,307 INFO org.springframework.security.web.DefaultSecurityFilterChain [main] Creating filter chain: com.surshree.app.config.ResourceServerConfig$$Lambda$1054/0x00000008009fb840@498d7c57, [org.springframework.security.web.context.request.async.WebAsyncManagerIntegrationFilter@12ff0e4f, org.springframework.security.web.context.SecurityContextPersistenceFilter@5ea24702, org.springframework.security.web.header.HeaderWriterFilter@27ae6f9e, org.springframework.security.web.authentication.logout.LogoutFilter@3f803fae, org.springframework.security.oauth2.provider.authentication.OAuth2AuthenticationProcessingFilter@592e315e, org.springframework.security.web.savedrequest.RequestCacheAwareFilter@1da2219c, org.springframework.security.web.servletapi.SecurityContextHolderAwareRequestFilter@49a46f29, org.springframework.security.web.authentication.AnonymousAuthenticationFilter@66b9f727, org.springframework.security.web.session.SessionManagementFilter@4fdea2de, org.springframework.security.web.access.ExceptionTranslationFilter@43300e64, org.springframework.security.web.access.intercept.FilterSecurityInterceptor@610115e8]
2020-05-26 11:49:23,032 INFO org.springframework.boot.actuate.endpoint.web.EndpointLinksResolver [main] Exposing 2 endpoint(s) beneath base path '/actuator'
2020-05-26 11:49:23,055 INFO org.springframework.security.web.DefaultSecurityFilterChain [main] Creating filter chain: any request, [org.springframework.security.web.context.request.async.WebAsyncManagerIntegrationFilter@2d12a71f, org.springframework.security.web.context.SecurityContextPersistenceFilter@643bef2a, org.springframework.security.web.header.HeaderWriterFilter@465a121d, org.springframework.web.filter.CorsFilter@6773c073, org.springframework.security.web.authentication.logout.LogoutFilter@7225583d, org.springframework.security.web.authentication.www.BasicAuthenticationFilter@3a02172a, org.springframework.security.web.savedrequest.RequestCacheAwareFilter@6049b4c9, org.springframework.security.web.servletapi.SecurityContextHolderAwareRequestFilter@76958827, org.springframework.security.web.authentication.AnonymousAuthenticationFilter@6ca6cc1c, org.springframework.security.web.session.SessionManagementFilter@23938caa, org.springframework.security.web.access.ExceptionTranslationFilter@443819d5, org.springframework.security.web.access.intercept.FilterSecurityInterceptor@4e24db00]
2020-05-26 11:49:23,198 INFO org.springframework.scheduling.concurrent.ExecutorConfigurationSupport [main] Initializing ExecutorService 'applicationTaskExecutor'
2020-05-26 11:49:23,779 INFO org.springframework.scheduling.concurrent.ExecutorConfigurationSupport [main] Initializing ExecutorService 'taskScheduler'
2020-05-26 11:49:23,908 INFO com.surshree.app.scheduling.CacheScheduler [scheduling-1] Clear user cache : START
2020-05-26 11:49:23,910 INFO com.surshree.app.scheduling.CacheScheduler [scheduling-1] Clear user cache : END
2020-05-26 11:49:23,910 INFO org.apache.juli.logging.DirectJDKLog [main] Starting ProtocolHandler ["http-nio-8080"]
2020-05-26 11:49:23,979 INFO org.springframework.boot.web.embedded.tomcat.TomcatWebServer [main] Tomcat started on port(s): 8080 (http) with context path ''
2020-05-26 11:49:23,986 INFO org.springframework.boot.StartupInfoLogger [main] Started SurShreeApplication in 19.032 seconds (JVM running for 20.964)
2020-05-26 11:54:34,994 INFO org.apache.juli.logging.DirectJDKLog [http-nio-8080-exec-1] Initializing Spring DispatcherServlet 'dispatcherServlet'
2020-05-26 11:54:34,997 INFO org.springframework.web.servlet.FrameworkServlet [http-nio-8080-exec-1] Initializing Servlet 'dispatcherServlet'
2020-05-26 11:54:35,053 INFO org.springframework.web.servlet.FrameworkServlet [http-nio-8080-exec-1] Completed initialization in 55 ms
2020-05-26 11:54:35,814 INFO com.surshree.app.services.OtpService [http-nio-8080-exec-1] OTP Generated
2020-05-26 11:54:36,377 INFO com.surshree.app.services.CustomUserDetailsService [http-nio-8080-exec-1] Granted Authorities --> ROLE_CONT
2020-05-26 11:54:36,378 INFO com.surshree.app.services.CustomUserDetailsService [http-nio-8080-exec-1] Granted Authorities --> FUNC_CONT_MENU
2020-05-26 11:55:05,516 INFO com.surshree.app.services.CustomUserDetailsService [http-nio-8080-exec-2] Granted Authorities --> ROLE_CONT
2020-05-26 11:55:05,537 INFO com.surshree.app.services.CustomUserDetailsService [http-nio-8080-exec-2] Granted Authorities --> FUNC_CONT_MENU
2020-05-26 11:55:46,603 INFO com.surshree.app.services.OtpService [http-nio-8080-exec-2] OTP Validated
2020-05-26 11:55:46,674 WARN org.springframework.security.oauth2.provider.endpoint.TokenEndpoint [http-nio-8080-exec-2] Handling error: InvalidGrantException, Invalid OTP.
2020-05-26 11:55:47,012 WARN org.springframework.web.servlet.mvc.method.annotation.ExceptionHandlerExceptionResolver [http-nio-8080-exec-2] Failure in @ExceptionHandler org.springframework.security.oauth2.provider.endpoint.TokenEndpoint#handleException(OAuth2Exception)
org.springframework.web.HttpMediaTypeNotAcceptableException: Could not find acceptable representation
	at org.springframework.web.servlet.mvc.method.annotation.AbstractMessageConverterMethodProcessor.writeWithMessageConverters(AbstractMessageConverterMethodProcessor.java:243)
	at org.springframework.web.servlet.mvc.method.annotation.HttpEntityMethodProcessor.handleReturnValue(HttpEntityMethodProcessor.java:219)
	at org.springframework.web.method.support.HandlerMethodReturnValueHandlerComposite.handleReturnValue(HandlerMethodReturnValueHandlerComposite.java:82)
	at org.springframework.web.servlet.mvc.method.annotation.ServletInvocableHandlerMethod.invokeAndHandle(ServletInvocableHandlerMethod.java:123)
	at org.springframework.web.servlet.mvc.method.annotation.ExceptionHandlerExceptionResolver.doResolveHandlerMethodException(ExceptionHandlerExceptionResolver.java:407)
	at org.springframework.web.servlet.handler.AbstractHandlerMethodExceptionResolver.doResolveException(AbstractHandlerMethodExceptionResolver.java:61)
	at org.springframework.web.servlet.handler.AbstractHandlerExceptionResolver.resolveException(AbstractHandlerExceptionResolver.java:141)
	at org.springframework.web.servlet.handler.HandlerExceptionResolverComposite.resolveException(HandlerExceptionResolverComposite.java:80)
	at org.springframework.web.servlet.DispatcherServlet.processHandlerException(DispatcherServlet.java:1300)
	at org.springframework.web.servlet.DispatcherServlet.processDispatchResult(DispatcherServlet.java:1111)
	at org.springframework.web.servlet.DispatcherServlet.doDispatch(DispatcherServlet.java:1057)
	at org.springframework.web.servlet.DispatcherServlet.doService(DispatcherServlet.java:943)
	at org.springframework.web.servlet.FrameworkServlet.processRequest(FrameworkServlet.java:1006)
	at org.springframework.web.servlet.FrameworkServlet.doPost(FrameworkServlet.java:909)
	at javax.servlet.http.HttpServlet.service(HttpServlet.java:660)
	at org.springframework.web.servlet.FrameworkServlet.service(FrameworkServlet.java:883)
	at javax.servlet.http.HttpServlet.service(HttpServlet.java:741)
	at org.apache.catalina.core.ApplicationFilterChain.internalDoFilter(ApplicationFilterChain.java:231)
	at org.apache.catalina.core.ApplicationFilterChain.doFilter(ApplicationFilterChain.java:166)
	at org.apache.tomcat.websocket.server.WsFilter.doFilter(WsFilter.java:53)
	at org.apache.catalina.core.ApplicationFilterChain.internalDoFilter(ApplicationFilterChain.java:193)
	at org.apache.catalina.core.ApplicationFilterChain.doFilter(ApplicationFilterChain.java:166)
	at org.springframework.security.web.FilterChainProxy$VirtualFilterChain.doFilter(FilterChainProxy.java:320)
	at org.springframework.security.web.access.intercept.FilterSecurityInterceptor.invoke(FilterSecurityInterceptor.java:126)
	at org.springframework.security.web.access.intercept.FilterSecurityInterceptor.doFilter(FilterSecurityInterceptor.java:90)
	at org.springframework.security.web.FilterChainProxy$VirtualFilterChain.doFilter(FilterChainProxy.java:334)
	at org.springframework.security.web.access.ExceptionTranslationFilter.doFilter(ExceptionTranslationFilter.java:118)
	at org.springframework.security.web.FilterChainProxy$VirtualFilterChain.doFilter(FilterChainProxy.java:334)
	at org.springframework.security.web.session.SessionManagementFilter.doFilter(SessionManagementFilter.java:137)
	at org.springframework.security.web.FilterChainProxy$VirtualFilterChain.doFilter(FilterChainProxy.java:334)
	at org.springframework.security.web.authentication.AnonymousAuthenticationFilter.doFilter(AnonymousAuthenticationFilter.java:111)
	at org.springframework.security.web.FilterChainProxy$VirtualFilterChain.doFilter(FilterChainProxy.java:334)
	at org.springframework.security.web.servletapi.SecurityContextHolderAwareRequestFilter.doFilter(SecurityContextHolderAwareRequestFilter.java:158)
	at org.springframework.security.web.FilterChainProxy$VirtualFilterChain.doFilter(FilterChainProxy.java:334)
	at org.springframework.security.web.savedrequest.RequestCacheAwareFilter.doFilter(RequestCacheAwareFilter.java:63)
	at org.springframework.security.web.FilterChainProxy$VirtualFilterChain.doFilter(FilterChainProxy.java:334)
	at org.springframework.security.web.authentication.www.BasicAuthenticationFilter.doFilterInternal(BasicAuthenticationFilter.java:204)
	at org.springframework.web.filter.OncePerRequestFilter.doFilter(OncePerRequestFilter.java:119)
	at org.springframework.security.web.FilterChainProxy$VirtualFilterChain.doFilter(FilterChainProxy.java:334)
	at org.springframework.web.filter.CorsFilter.doFilterInternal(CorsFilter.java:92)
	at org.springframework.web.filter.OncePerRequestFilter.doFilter(OncePerRequestFilter.java:119)
	at org.springframework.security.web.FilterChainProxy$VirtualFilterChain.doFilter(FilterChainProxy.java:334)
	at org.springframework.security.web.authentication.logout.LogoutFilter.doFilter(LogoutFilter.java:116)
	at org.springframework.security.web.FilterChainProxy$VirtualFilterChain.doFilter(FilterChainProxy.java:334)
	at org.springframework.security.web.header.HeaderWriterFilter.doHeadersAfter(HeaderWriterFilter.java:92)
	at org.springframework.security.web.header.HeaderWriterFilter.doFilterInternal(HeaderWriterFilter.java:77)
	at org.springframework.web.filter.OncePerRequestFilter.doFilter(OncePerRequestFilter.java:119)
	at org.springframework.security.web.FilterChainProxy$VirtualFilterChain.doFilter(FilterChainProxy.java:334)
	at org.springframework.security.web.context.SecurityContextPersistenceFilter.doFilter(SecurityContextPersistenceFilter.java:105)
	at org.springframework.security.web.FilterChainProxy$VirtualFilterChain.doFilter(FilterChainProxy.java:334)
	at org.springframework.security.web.context.request.async.WebAsyncManagerIntegrationFilter.doFilterInternal(WebAsyncManagerIntegrationFilter.java:56)
	at org.springframework.web.filter.OncePerRequestFilter.doFilter(OncePerRequestFilter.java:119)
	at org.springframework.security.web.FilterChainProxy$VirtualFilterChain.doFilter(FilterChainProxy.java:334)
	at org.springframework.security.web.FilterChainProxy.doFilterInternal(FilterChainProxy.java:215)
	at org.springframework.security.web.FilterChainProxy.doFilter(FilterChainProxy.java:178)
	at org.springframework.web.filter.DelegatingFilterProxy.invokeDelegate(DelegatingFilterProxy.java:358)
	at org.springframework.web.filter.DelegatingFilterProxy.doFilter(DelegatingFilterProxy.java:271)
	at org.apache.catalina.core.ApplicationFilterChain.internalDoFilter(ApplicationFilterChain.java:193)
	at org.apache.catalina.core.ApplicationFilterChain.doFilter(ApplicationFilterChain.java:166)
	at org.springframework.web.filter.RequestContextFilter.doFilterInternal(RequestContextFilter.java:100)
	at org.springframework.web.filter.OncePerRequestFilter.doFilter(OncePerRequestFilter.java:119)
	at org.apache.catalina.core.ApplicationFilterChain.internalDoFilter(ApplicationFilterChain.java:193)
	at org.apache.catalina.core.ApplicationFilterChain.doFilter(ApplicationFilterChain.java:166)
	at org.springframework.web.filter.FormContentFilter.doFilterInternal(FormContentFilter.java:93)
	at org.springframework.web.filter.OncePerRequestFilter.doFilter(OncePerRequestFilter.java:119)
	at org.apache.catalina.core.ApplicationFilterChain.internalDoFilter(ApplicationFilterChain.java:193)
	at org.apache.catalina.core.ApplicationFilterChain.doFilter(ApplicationFilterChain.java:166)
	at org.springframework.boot.actuate.metrics.web.servlet.WebMvcMetricsFilter.doFilterInternal(WebMvcMetricsFilter.java:109)
	at org.springframework.web.filter.OncePerRequestFilter.doFilter(OncePerRequestFilter.java:119)
	at org.apache.catalina.core.ApplicationFilterChain.internalDoFilter(ApplicationFilterChain.java:193)
	at org.apache.catalina.core.ApplicationFilterChain.doFilter(ApplicationFilterChain.java:166)
	at org.springframework.web.filter.CharacterEncodingFilter.doFilterInternal(CharacterEncodingFilter.java:201)
	at org.springframework.web.filter.OncePerRequestFilter.doFilter(OncePerRequestFilter.java:119)
	at org.apache.catalina.core.ApplicationFilterChain.internalDoFilter(ApplicationFilterChain.java:193)
	at org.apache.catalina.core.ApplicationFilterChain.doFilter(ApplicationFilterChain.java:166)
	at org.apache.catalina.core.StandardWrapperValve.invoke(StandardWrapperValve.java:202)
	at org.apache.catalina.core.StandardContextValve.invoke(StandardContextValve.java:96)
	at org.apache.catalina.authenticator.AuthenticatorBase.invoke(AuthenticatorBase.java:541)
	at org.apache.catalina.core.StandardHostValve.invoke(StandardHostValve.java:139)
	at org.apache.catalina.valves.ErrorReportValve.invoke(ErrorReportValve.java:92)
	at org.apache.catalina.core.StandardEngineValve.invoke(StandardEngineValve.java:74)
	at org.apache.catalina.connector.CoyoteAdapter.service(CoyoteAdapter.java:343)
	at org.apache.coyote.http11.Http11Processor.service(Http11Processor.java:373)
	at org.apache.coyote.AbstractProcessorLight.process(AbstractProcessorLight.java:65)
	at org.apache.coyote.AbstractProtocol$ConnectionHandler.process(AbstractProtocol.java:868)
	at org.apache.tomcat.util.net.NioEndpoint$SocketProcessor.doRun(NioEndpoint.java:1594)
	at org.apache.tomcat.util.net.SocketProcessorBase.run(SocketProcessorBase.java:49)
	at java.base/java.util.concurrent.ThreadPoolExecutor.runWorker(ThreadPoolExecutor.java:1128)
	at java.base/java.util.concurrent.ThreadPoolExecutor$Worker.run(ThreadPoolExecutor.java:628)
	at org.apache.tomcat.util.threads.TaskThread$WrappingRunnable.run(TaskThread.java:61)
	at java.base/java.lang.Thread.run(Thread.java:834)
2020-05-26 11:55:47,036 ERROR org.apache.juli.logging.DirectJDKLog [http-nio-8080-exec-2] Servlet.service() for servlet [dispatcherServlet] in context with path [] threw exception [Request processing failed; nested exception is error="invalid_grant", error_description="Invalid OTP."] with root cause
org.springframework.security.oauth2.common.exceptions.InvalidGrantException: Invalid OTP.
	at org.springframework.security.oauth2.provider.password.ResourceOwnerPasswordTokenGranter.getOAuth2Authentication(ResourceOwnerPasswordTokenGranter.java:79)
	at org.springframework.security.oauth2.provider.token.AbstractTokenGranter.getAccessToken(AbstractTokenGranter.java:72)
	at org.springframework.security.oauth2.provider.token.AbstractTokenGranter.grant(AbstractTokenGranter.java:67)
	at org.springframework.security.oauth2.provider.CompositeTokenGranter.grant(CompositeTokenGranter.java:38)
	at org.springframework.security.oauth2.config.annotation.web.configurers.AuthorizationServerEndpointsConfigurer$4.grant(AuthorizationServerEndpointsConfigurer.java:583)
	at org.springframework.security.oauth2.provider.endpoint.TokenEndpoint.postAccessToken(TokenEndpoint.java:132)
	at java.base/jdk.internal.reflect.NativeMethodAccessorImpl.invoke0(Native Method)
	at java.base/jdk.internal.reflect.NativeMethodAccessorImpl.invoke(NativeMethodAccessorImpl.java:62)
	at java.base/jdk.internal.reflect.DelegatingMethodAccessorImpl.invoke(DelegatingMethodAccessorImpl.java:43)
	at java.base/java.lang.reflect.Method.invoke(Method.java:566)
	at org.springframework.web.method.support.InvocableHandlerMethod.doInvoke(InvocableHandlerMethod.java:190)
	at org.springframework.web.method.support.InvocableHandlerMethod.invokeForRequest(InvocableHandlerMethod.java:138)
	at org.springframework.web.servlet.mvc.method.annotation.ServletInvocableHandlerMethod.invokeAndHandle(ServletInvocableHandlerMethod.java:105)
	at org.springframework.web.servlet.mvc.method.annotation.RequestMappingHandlerAdapter.invokeHandlerMethod(RequestMappingHandlerAdapter.java:879)
	at org.springframework.web.servlet.mvc.method.annotation.RequestMappingHandlerAdapter.handleInternal(RequestMappingHandlerAdapter.java:793)
	at org.springframework.web.servlet.mvc.method.AbstractHandlerMethodAdapter.handle(AbstractHandlerMethodAdapter.java:87)
	at org.springframework.web.servlet.DispatcherServlet.doDispatch(DispatcherServlet.java:1040)
	at org.springframework.web.servlet.DispatcherServlet.doService(DispatcherServlet.java:943)
	at org.springframework.web.servlet.FrameworkServlet.processRequest(FrameworkServlet.java:1006)
	at org.springframework.web.servlet.FrameworkServlet.doPost(FrameworkServlet.java:909)
	at javax.servlet.http.HttpServlet.service(HttpServlet.java:660)
	at org.springframework.web.servlet.FrameworkServlet.service(FrameworkServlet.java:883)
	at javax.servlet.http.HttpServlet.service(HttpServlet.java:741)
	at org.apache.catalina.core.ApplicationFilterChain.internalDoFilter(ApplicationFilterChain.java:231)
	at org.apache.catalina.core.ApplicationFilterChain.doFilter(ApplicationFilterChain.java:166)
	at org.apache.tomcat.websocket.server.WsFilter.doFilter(WsFilter.java:53)
	at org.apache.catalina.core.ApplicationFilterChain.internalDoFilter(ApplicationFilterChain.java:193)
	at org.apache.catalina.core.ApplicationFilterChain.doFilter(ApplicationFilterChain.java:166)
	at org.springframework.security.web.FilterChainProxy$VirtualFilterChain.doFilter(FilterChainProxy.java:320)
	at org.springframework.security.web.access.intercept.FilterSecurityInterceptor.invoke(FilterSecurityInterceptor.java:126)
	at org.springframework.security.web.access.intercept.FilterSecurityInterceptor.doFilter(FilterSecurityInterceptor.java:90)
	at org.springframework.security.web.FilterChainProxy$VirtualFilterChain.doFilter(FilterChainProxy.java:334)
	at org.springframework.security.web.access.ExceptionTranslationFilter.doFilter(ExceptionTranslationFilter.java:118)
	at org.springframework.security.web.FilterChainProxy$VirtualFilterChain.doFilter(FilterChainProxy.java:334)
	at org.springframework.security.web.session.SessionManagementFilter.doFilter(SessionManagementFilter.java:137)
	at org.springframework.security.web.FilterChainProxy$VirtualFilterChain.doFilter(FilterChainProxy.java:334)
	at org.springframework.security.web.authentication.AnonymousAuthenticationFilter.doFilter(AnonymousAuthenticationFilter.java:111)
	at org.springframework.security.web.FilterChainProxy$VirtualFilterChain.doFilter(FilterChainProxy.java:334)
	at org.springframework.security.web.servletapi.SecurityContextHolderAwareRequestFilter.doFilter(SecurityContextHolderAwareRequestFilter.java:158)
	at org.springframework.security.web.FilterChainProxy$VirtualFilterChain.doFilter(FilterChainProxy.java:334)
	at org.springframework.security.web.savedrequest.RequestCacheAwareFilter.doFilter(RequestCacheAwareFilter.java:63)
	at org.springframework.security.web.FilterChainProxy$VirtualFilterChain.doFilter(FilterChainProxy.java:334)
	at org.springframework.security.web.authentication.www.BasicAuthenticationFilter.doFilterInternal(BasicAuthenticationFilter.java:204)
	at org.springframework.web.filter.OncePerRequestFilter.doFilter(OncePerRequestFilter.java:119)
	at org.springframework.security.web.FilterChainProxy$VirtualFilterChain.doFilter(FilterChainProxy.java:334)
	at org.springframework.web.filter.CorsFilter.doFilterInternal(CorsFilter.java:92)
	at org.springframework.web.filter.OncePerRequestFilter.doFilter(OncePerRequestFilter.java:119)
	at org.springframework.security.web.FilterChainProxy$VirtualFilterChain.doFilter(FilterChainProxy.java:334)
	at org.springframework.security.web.authentication.logout.LogoutFilter.doFilter(LogoutFilter.java:116)
	at org.springframework.security.web.FilterChainProxy$VirtualFilterChain.doFilter(FilterChainProxy.java:334)
	at org.springframework.security.web.header.HeaderWriterFilter.doHeadersAfter(HeaderWriterFilter.java:92)
	at org.springframework.security.web.header.HeaderWriterFilter.doFilterInternal(HeaderWriterFilter.java:77)
	at org.springframework.web.filter.OncePerRequestFilter.doFilter(OncePerRequestFilter.java:119)
	at org.springframework.security.web.FilterChainProxy$VirtualFilterChain.doFilter(FilterChainProxy.java:334)
	at org.springframework.security.web.context.SecurityContextPersistenceFilter.doFilter(SecurityContextPersistenceFilter.java:105)
	at org.springframework.security.web.FilterChainProxy$VirtualFilterChain.doFilter(FilterChainProxy.java:334)
	at org.springframework.security.web.context.request.async.WebAsyncManagerIntegrationFilter.doFilterInternal(WebAsyncManagerIntegrationFilter.java:56)
	at org.springframework.web.filter.OncePerRequestFilter.doFilter(OncePerRequestFilter.java:119)
	at org.springframework.security.web.FilterChainProxy$VirtualFilterChain.doFilter(FilterChainProxy.java:334)
	at org.springframework.security.web.FilterChainProxy.doFilterInternal(FilterChainProxy.java:215)
	at org.springframework.security.web.FilterChainProxy.doFilter(FilterChainProxy.java:178)
	at org.springframework.web.filter.DelegatingFilterProxy.invokeDelegate(DelegatingFilterProxy.java:358)
	at org.springframework.web.filter.DelegatingFilterProxy.doFilter(DelegatingFilterProxy.java:271)
	at org.apache.catalina.core.ApplicationFilterChain.internalDoFilter(ApplicationFilterChain.java:193)
	at org.apache.catalina.core.ApplicationFilterChain.doFilter(ApplicationFilterChain.java:166)
	at org.springframework.web.filter.RequestContextFilter.doFilterInternal(RequestContextFilter.java:100)
	at org.springframework.web.filter.OncePerRequestFilter.doFilter(OncePerRequestFilter.java:119)
	at org.apache.catalina.core.ApplicationFilterChain.internalDoFilter(ApplicationFilterChain.java:193)
	at org.apache.catalina.core.ApplicationFilterChain.doFilter(ApplicationFilterChain.java:166)
	at org.springframework.web.filter.FormContentFilter.doFilterInternal(FormContentFilter.java:93)
	at org.springframework.web.filter.OncePerRequestFilter.doFilter(OncePerRequestFilter.java:119)
	at org.apache.catalina.core.ApplicationFilterChain.internalDoFilter(ApplicationFilterChain.java:193)
	at org.apache.catalina.core.ApplicationFilterChain.doFilter(ApplicationFilterChain.java:166)
	at org.springframework.boot.actuate.metrics.web.servlet.WebMvcMetricsFilter.doFilterInternal(WebMvcMetricsFilter.java:109)
	at org.springframework.web.filter.OncePerRequestFilter.doFilter(OncePerRequestFilter.java:119)
	at org.apache.catalina.core.ApplicationFilterChain.internalDoFilter(ApplicationFilterChain.java:193)
	at org.apache.catalina.core.ApplicationFilterChain.doFilter(ApplicationFilterChain.java:166)
	at org.springframework.web.filter.CharacterEncodingFilter.doFilterInternal(CharacterEncodingFilter.java:201)
	at org.springframework.web.filter.OncePerRequestFilter.doFilter(OncePerRequestFilter.java:119)
	at org.apache.catalina.core.ApplicationFilterChain.internalDoFilter(ApplicationFilterChain.java:193)
	at org.apache.catalina.core.ApplicationFilterChain.doFilter(ApplicationFilterChain.java:166)
	at org.apache.catalina.core.StandardWrapperValve.invoke(StandardWrapperValve.java:202)
	at org.apache.catalina.core.StandardContextValve.invoke(StandardContextValve.java:96)
	at org.apache.catalina.authenticator.AuthenticatorBase.invoke(AuthenticatorBase.java:541)
	at org.apache.catalina.core.StandardHostValve.invoke(StandardHostValve.java:139)
	at org.apache.catalina.valves.ErrorReportValve.invoke(ErrorReportValve.java:92)
	at org.apache.catalina.core.StandardEngineValve.invoke(StandardEngineValve.java:74)
	at org.apache.catalina.connector.CoyoteAdapter.service(CoyoteAdapter.java:343)
	at org.apache.coyote.http11.Http11Processor.service(Http11Processor.java:373)
	at org.apache.coyote.AbstractProcessorLight.process(AbstractProcessorLight.java:65)
	at org.apache.coyote.AbstractProtocol$ConnectionHandler.process(AbstractProtocol.java:868)
	at org.apache.tomcat.util.net.NioEndpoint$SocketProcessor.doRun(NioEndpoint.java:1594)
	at org.apache.tomcat.util.net.SocketProcessorBase.run(SocketProcessorBase.java:49)
	at java.base/java.util.concurrent.ThreadPoolExecutor.runWorker(ThreadPoolExecutor.java:1128)
	at java.base/java.util.concurrent.ThreadPoolExecutor$Worker.run(ThreadPoolExecutor.java:628)
	at org.apache.tomcat.util.threads.TaskThread$WrappingRunnable.run(TaskThread.java:61)
	at java.base/java.lang.Thread.run(Thread.java:834)
2020-05-26 11:57:06,440 INFO org.springframework.boot.SpringApplication [main] No active profile set, falling back to default profiles: default
2020-05-26 11:57:09,211 INFO org.springframework.data.repository.config.RepositoryConfigurationDelegate [main] Bootstrapping Spring Data JPA repositories in DEFAULT mode.
2020-05-26 11:57:09,453 INFO org.springframework.data.repository.config.RepositoryConfigurationDelegate [main] Finished Spring Data repository scanning in 215ms. Found 9 JPA repository interfaces.
2020-05-26 11:57:10,930 INFO org.springframework.cloud.context.scope.GenericScope [main] BeanFactory id=0d5d551f-c6e4-3843-9900-0651a2a53da4
2020-05-26 11:57:12,389 INFO org.springframework.boot.web.embedded.tomcat.TomcatWebServer [main] Tomcat initialized with port(s): 8080 (http)
2020-05-26 11:57:12,440 INFO org.apache.juli.logging.DirectJDKLog [main] Initializing ProtocolHandler ["http-nio-8080"]
2020-05-26 11:57:12,441 INFO org.apache.juli.logging.DirectJDKLog [main] Starting service [Tomcat]
2020-05-26 11:57:12,442 INFO org.apache.juli.logging.DirectJDKLog [main] Starting Servlet engine: [Apache Tomcat/9.0.33]
2020-05-26 11:57:13,334 INFO org.apache.juli.logging.DirectJDKLog [main] Initializing Spring embedded WebApplicationContext
2020-05-26 11:57:13,335 INFO org.springframework.boot.web.servlet.context.ServletWebServerApplicationContext [main] Root WebApplicationContext: initialization completed in 6724 ms
2020-05-26 11:57:14,097 INFO com.surshree.app.config.CacheConfig [main] Initializing cache.
2020-05-26 11:57:14,279 INFO org.hibernate.jpa.internal.util.LogHelper [main] HHH000204: Processing PersistenceUnitInfo [name: default]
2020-05-26 11:57:14,535 INFO org.hibernate.Version [main] HHH000412: Hibernate ORM core version 5.4.12.Final
2020-05-26 11:57:15,023 INFO org.hibernate.annotations.common.reflection.java.JavaReflectionManager [main] HCANN000001: Hibernate Commons Annotations {5.1.0.Final}
2020-05-26 11:57:15,380 INFO com.zaxxer.hikari.HikariDataSource [main] HikariPool-1 - Starting...
2020-05-26 11:57:15,659 INFO com.zaxxer.hikari.HikariDataSource [main] HikariPool-1 - Start completed.
2020-05-26 11:57:15,710 INFO org.hibernate.dialect.Dialect [main] HHH000400: Using dialect: org.hibernate.dialect.PostgreSQL10Dialect
2020-05-26 11:57:18,597 INFO org.hibernate.engine.transaction.jta.platform.internal.JtaPlatformInitiator [main] HHH000490: Using JtaPlatform implementation: [org.hibernate.engine.transaction.jta.platform.internal.NoJtaPlatform]
2020-05-26 11:57:18,957 INFO org.springframework.orm.jpa.AbstractEntityManagerFactoryBean [main] Initialized JPA EntityManagerFactory for persistence unit 'default'
2020-05-26 11:57:19,042 WARN org.springframework.boot.autoconfigure.orm.jpa.JpaBaseConfiguration$JpaWebConfiguration [main] spring.jpa.open-in-view is enabled by default. Therefore, database queries may be performed during view rendering. Explicitly configure spring.jpa.open-in-view to disable this warning
2020-05-26 11:57:22,215 INFO org.springframework.security.web.DefaultSecurityFilterChain [main] Creating filter chain: OrRequestMatcher [requestMatchers=[Ant [pattern='/oauth/token'], Ant [pattern='/oauth/token_key'], Ant [pattern='/oauth/check_token']]], [org.springframework.security.web.context.request.async.WebAsyncManagerIntegrationFilter@551fefe8, org.springframework.security.web.context.SecurityContextPersistenceFilter@1a56cb99, org.springframework.security.web.header.HeaderWriterFilter@4540aade, org.springframework.security.web.authentication.logout.LogoutFilter@12b34bd5, org.springframework.web.filter.CorsFilter@6affa355, org.springframework.security.web.authentication.www.BasicAuthenticationFilter@2ea2f965, org.springframework.security.web.savedrequest.RequestCacheAwareFilter@5acc6ca1, org.springframework.security.web.servletapi.SecurityContextHolderAwareRequestFilter@10fa270e, org.springframework.security.web.authentication.AnonymousAuthenticationFilter@621a7d83, org.springframework.security.web.session.SessionManagementFilter@77b7a4b2, org.springframework.security.web.access.ExceptionTranslationFilter@3d7d920b, org.springframework.security.web.access.intercept.FilterSecurityInterceptor@5e92a27]
2020-05-26 11:57:22,239 INFO org.springframework.security.web.DefaultSecurityFilterChain [main] Creating filter chain: com.surshree.app.config.ResourceServerConfig$$Lambda$1044/0x0000000800a47c40@213fc7e7, [org.springframework.security.web.context.request.async.WebAsyncManagerIntegrationFilter@c358f32, org.springframework.security.web.context.SecurityContextPersistenceFilter@3cdafb82, org.springframework.security.web.header.HeaderWriterFilter@e4b9a64, org.springframework.security.web.authentication.logout.LogoutFilter@408573b1, org.springframework.security.oauth2.provider.authentication.OAuth2AuthenticationProcessingFilter@18ce7872, org.springframework.security.web.savedrequest.RequestCacheAwareFilter@28f663de, org.springframework.security.web.servletapi.SecurityContextHolderAwareRequestFilter@7a3c541e, org.springframework.security.web.authentication.AnonymousAuthenticationFilter@5e18a6a7, org.springframework.security.web.session.SessionManagementFilter@35ec9d29, org.springframework.security.web.access.ExceptionTranslationFilter@d833770, org.springframework.security.web.access.intercept.FilterSecurityInterceptor@16a30d66]
2020-05-26 11:57:22,711 INFO org.springframework.boot.actuate.endpoint.web.EndpointLinksResolver [main] Exposing 2 endpoint(s) beneath base path '/actuator'
2020-05-26 11:57:22,731 INFO org.springframework.security.web.DefaultSecurityFilterChain [main] Creating filter chain: any request, [org.springframework.security.web.context.request.async.WebAsyncManagerIntegrationFilter@4df8f4e9, org.springframework.security.web.context.SecurityContextPersistenceFilter@6da6c10e, org.springframework.security.web.header.HeaderWriterFilter@3a22c944, org.springframework.web.filter.CorsFilter@7785430c, org.springframework.security.web.authentication.logout.LogoutFilter@63f093a, org.springframework.security.web.authentication.www.BasicAuthenticationFilter@97842a0, org.springframework.security.web.savedrequest.RequestCacheAwareFilter@485dfac9, org.springframework.security.web.servletapi.SecurityContextHolderAwareRequestFilter@6419726f, org.springframework.security.web.authentication.AnonymousAuthenticationFilter@13056efe, org.springframework.security.web.session.SessionManagementFilter@1b6441c9, org.springframework.security.web.access.ExceptionTranslationFilter@545e200b, org.springframework.security.web.access.intercept.FilterSecurityInterceptor@36c763cd]
2020-05-26 11:57:22,905 INFO org.springframework.scheduling.concurrent.ExecutorConfigurationSupport [main] Initializing ExecutorService 'applicationTaskExecutor'
2020-05-26 11:57:23,332 INFO org.springframework.scheduling.concurrent.ExecutorConfigurationSupport [main] Initializing ExecutorService 'taskScheduler'
2020-05-26 11:57:23,569 INFO com.surshree.app.scheduling.CacheScheduler [scheduling-1] Clear user cache : START
2020-05-26 11:57:23,570 INFO com.surshree.app.scheduling.CacheScheduler [scheduling-1] Clear user cache : END
2020-05-26 11:57:23,572 INFO org.apache.juli.logging.DirectJDKLog [main] Starting ProtocolHandler ["http-nio-8080"]
2020-05-26 11:57:23,660 INFO org.springframework.boot.web.embedded.tomcat.TomcatWebServer [main] Tomcat started on port(s): 8080 (http) with context path ''
2020-05-26 11:57:23,684 INFO org.springframework.boot.StartupInfoLogger [main] Started SurShreeApplication in 22.041 seconds (JVM running for 23.672)
2020-05-26 11:59:48,365 INFO org.apache.juli.logging.DirectJDKLog [http-nio-8080-exec-1] Initializing Spring DispatcherServlet 'dispatcherServlet'
2020-05-26 11:59:48,372 INFO org.springframework.web.servlet.FrameworkServlet [http-nio-8080-exec-1] Initializing Servlet 'dispatcherServlet'
2020-05-26 11:59:48,472 INFO org.springframework.web.servlet.FrameworkServlet [http-nio-8080-exec-1] Completed initialization in 95 ms
2020-05-26 11:59:49,505 INFO com.surshree.app.services.OtpService [http-nio-8080-exec-1] OTP Generated
2020-05-26 11:59:50,055 INFO com.surshree.app.services.CustomUserDetailsService [http-nio-8080-exec-1] Granted Authorities --> ROLE_CONT
2020-05-26 11:59:50,057 INFO com.surshree.app.services.CustomUserDetailsService [http-nio-8080-exec-1] Granted Authorities --> FUNC_CONT_MENU
2020-05-26 12:00:05,745 INFO com.surshree.app.services.CustomUserDetailsService [http-nio-8080-exec-2] Granted Authorities --> ROLE_CONT
2020-05-26 12:00:05,752 INFO com.surshree.app.services.CustomUserDetailsService [http-nio-8080-exec-2] Granted Authorities --> FUNC_CONT_MENU
2020-05-26 12:00:43,191 INFO com.surshree.app.services.OtpService [http-nio-8080-exec-2] OTP Validated
2020-05-26 12:00:43,207 WARN org.springframework.security.oauth2.provider.endpoint.TokenEndpoint [http-nio-8080-exec-2] Handling error: InvalidGrantException, Invalid OTP.
2020-05-26 12:00:43,345 WARN org.springframework.web.servlet.mvc.method.annotation.ExceptionHandlerExceptionResolver [http-nio-8080-exec-2] Failure in @ExceptionHandler org.springframework.security.oauth2.provider.endpoint.TokenEndpoint#handleException(OAuth2Exception)
org.springframework.web.HttpMediaTypeNotAcceptableException: Could not find acceptable representation
	at org.springframework.web.servlet.mvc.method.annotation.AbstractMessageConverterMethodProcessor.writeWithMessageConverters(AbstractMessageConverterMethodProcessor.java:243)
	at org.springframework.web.servlet.mvc.method.annotation.HttpEntityMethodProcessor.handleReturnValue(HttpEntityMethodProcessor.java:219)
	at org.springframework.web.method.support.HandlerMethodReturnValueHandlerComposite.handleReturnValue(HandlerMethodReturnValueHandlerComposite.java:82)
	at org.springframework.web.servlet.mvc.method.annotation.ServletInvocableHandlerMethod.invokeAndHandle(ServletInvocableHandlerMethod.java:123)
	at org.springframework.web.servlet.mvc.method.annotation.ExceptionHandlerExceptionResolver.doResolveHandlerMethodException(ExceptionHandlerExceptionResolver.java:407)
	at org.springframework.web.servlet.handler.AbstractHandlerMethodExceptionResolver.doResolveException(AbstractHandlerMethodExceptionResolver.java:61)
	at org.springframework.web.servlet.handler.AbstractHandlerExceptionResolver.resolveException(AbstractHandlerExceptionResolver.java:141)
	at org.springframework.web.servlet.handler.HandlerExceptionResolverComposite.resolveException(HandlerExceptionResolverComposite.java:80)
	at org.springframework.web.servlet.DispatcherServlet.processHandlerException(DispatcherServlet.java:1300)
	at org.springframework.web.servlet.DispatcherServlet.processDispatchResult(DispatcherServlet.java:1111)
	at org.springframework.web.servlet.DispatcherServlet.doDispatch(DispatcherServlet.java:1057)
	at org.springframework.web.servlet.DispatcherServlet.doService(DispatcherServlet.java:943)
	at org.springframework.web.servlet.FrameworkServlet.processRequest(FrameworkServlet.java:1006)
	at org.springframework.web.servlet.FrameworkServlet.doPost(FrameworkServlet.java:909)
	at javax.servlet.http.HttpServlet.service(HttpServlet.java:660)
	at org.springframework.web.servlet.FrameworkServlet.service(FrameworkServlet.java:883)
	at javax.servlet.http.HttpServlet.service(HttpServlet.java:741)
	at org.apache.catalina.core.ApplicationFilterChain.internalDoFilter(ApplicationFilterChain.java:231)
	at org.apache.catalina.core.ApplicationFilterChain.doFilter(ApplicationFilterChain.java:166)
	at org.apache.tomcat.websocket.server.WsFilter.doFilter(WsFilter.java:53)
	at org.apache.catalina.core.ApplicationFilterChain.internalDoFilter(ApplicationFilterChain.java:193)
	at org.apache.catalina.core.ApplicationFilterChain.doFilter(ApplicationFilterChain.java:166)
	at org.springframework.security.web.FilterChainProxy$VirtualFilterChain.doFilter(FilterChainProxy.java:320)
	at org.springframework.security.web.access.intercept.FilterSecurityInterceptor.invoke(FilterSecurityInterceptor.java:126)
	at org.springframework.security.web.access.intercept.FilterSecurityInterceptor.doFilter(FilterSecurityInterceptor.java:90)
	at org.springframework.security.web.FilterChainProxy$VirtualFilterChain.doFilter(FilterChainProxy.java:334)
	at org.springframework.security.web.access.ExceptionTranslationFilter.doFilter(ExceptionTranslationFilter.java:118)
	at org.springframework.security.web.FilterChainProxy$VirtualFilterChain.doFilter(FilterChainProxy.java:334)
	at org.springframework.security.web.session.SessionManagementFilter.doFilter(SessionManagementFilter.java:137)
	at org.springframework.security.web.FilterChainProxy$VirtualFilterChain.doFilter(FilterChainProxy.java:334)
	at org.springframework.security.web.authentication.AnonymousAuthenticationFilter.doFilter(AnonymousAuthenticationFilter.java:111)
	at org.springframework.security.web.FilterChainProxy$VirtualFilterChain.doFilter(FilterChainProxy.java:334)
	at org.springframework.security.web.servletapi.SecurityContextHolderAwareRequestFilter.doFilter(SecurityContextHolderAwareRequestFilter.java:158)
	at org.springframework.security.web.FilterChainProxy$VirtualFilterChain.doFilter(FilterChainProxy.java:334)
	at org.springframework.security.web.savedrequest.RequestCacheAwareFilter.doFilter(RequestCacheAwareFilter.java:63)
	at org.springframework.security.web.FilterChainProxy$VirtualFilterChain.doFilter(FilterChainProxy.java:334)
	at org.springframework.security.web.authentication.www.BasicAuthenticationFilter.doFilterInternal(BasicAuthenticationFilter.java:204)
	at org.springframework.web.filter.OncePerRequestFilter.doFilter(OncePerRequestFilter.java:119)
	at org.springframework.security.web.FilterChainProxy$VirtualFilterChain.doFilter(FilterChainProxy.java:334)
	at org.springframework.web.filter.CorsFilter.doFilterInternal(CorsFilter.java:92)
	at org.springframework.web.filter.OncePerRequestFilter.doFilter(OncePerRequestFilter.java:119)
	at org.springframework.security.web.FilterChainProxy$VirtualFilterChain.doFilter(FilterChainProxy.java:334)
	at org.springframework.security.web.authentication.logout.LogoutFilter.doFilter(LogoutFilter.java:116)
	at org.springframework.security.web.FilterChainProxy$VirtualFilterChain.doFilter(FilterChainProxy.java:334)
	at org.springframework.security.web.header.HeaderWriterFilter.doHeadersAfter(HeaderWriterFilter.java:92)
	at org.springframework.security.web.header.HeaderWriterFilter.doFilterInternal(HeaderWriterFilter.java:77)
	at org.springframework.web.filter.OncePerRequestFilter.doFilter(OncePerRequestFilter.java:119)
	at org.springframework.security.web.FilterChainProxy$VirtualFilterChain.doFilter(FilterChainProxy.java:334)
	at org.springframework.security.web.context.SecurityContextPersistenceFilter.doFilter(SecurityContextPersistenceFilter.java:105)
	at org.springframework.security.web.FilterChainProxy$VirtualFilterChain.doFilter(FilterChainProxy.java:334)
	at org.springframework.security.web.context.request.async.WebAsyncManagerIntegrationFilter.doFilterInternal(WebAsyncManagerIntegrationFilter.java:56)
	at org.springframework.web.filter.OncePerRequestFilter.doFilter(OncePerRequestFilter.java:119)
	at org.springframework.security.web.FilterChainProxy$VirtualFilterChain.doFilter(FilterChainProxy.java:334)
	at org.springframework.security.web.FilterChainProxy.doFilterInternal(FilterChainProxy.java:215)
	at org.springframework.security.web.FilterChainProxy.doFilter(FilterChainProxy.java:178)
	at org.springframework.web.filter.DelegatingFilterProxy.invokeDelegate(DelegatingFilterProxy.java:358)
	at org.springframework.web.filter.DelegatingFilterProxy.doFilter(DelegatingFilterProxy.java:271)
	at org.apache.catalina.core.ApplicationFilterChain.internalDoFilter(ApplicationFilterChain.java:193)
	at org.apache.catalina.core.ApplicationFilterChain.doFilter(ApplicationFilterChain.java:166)
	at org.springframework.web.filter.RequestContextFilter.doFilterInternal(RequestContextFilter.java:100)
	at org.springframework.web.filter.OncePerRequestFilter.doFilter(OncePerRequestFilter.java:119)
	at org.apache.catalina.core.ApplicationFilterChain.internalDoFilter(ApplicationFilterChain.java:193)
	at org.apache.catalina.core.ApplicationFilterChain.doFilter(ApplicationFilterChain.java:166)
	at org.springframework.web.filter.FormContentFilter.doFilterInternal(FormContentFilter.java:93)
	at org.springframework.web.filter.OncePerRequestFilter.doFilter(OncePerRequestFilter.java:119)
	at org.apache.catalina.core.ApplicationFilterChain.internalDoFilter(ApplicationFilterChain.java:193)
	at org.apache.catalina.core.ApplicationFilterChain.doFilter(ApplicationFilterChain.java:166)
	at org.springframework.boot.actuate.metrics.web.servlet.WebMvcMetricsFilter.doFilterInternal(WebMvcMetricsFilter.java:109)
	at org.springframework.web.filter.OncePerRequestFilter.doFilter(OncePerRequestFilter.java:119)
	at org.apache.catalina.core.ApplicationFilterChain.internalDoFilter(ApplicationFilterChain.java:193)
	at org.apache.catalina.core.ApplicationFilterChain.doFilter(ApplicationFilterChain.java:166)
	at org.springframework.web.filter.CharacterEncodingFilter.doFilterInternal(CharacterEncodingFilter.java:201)
	at org.springframework.web.filter.OncePerRequestFilter.doFilter(OncePerRequestFilter.java:119)
	at org.apache.catalina.core.ApplicationFilterChain.internalDoFilter(ApplicationFilterChain.java:193)
	at org.apache.catalina.core.ApplicationFilterChain.doFilter(ApplicationFilterChain.java:166)
	at org.apache.catalina.core.StandardWrapperValve.invoke(StandardWrapperValve.java:202)
	at org.apache.catalina.core.StandardContextValve.invoke(StandardContextValve.java:96)
	at org.apache.catalina.authenticator.AuthenticatorBase.invoke(AuthenticatorBase.java:541)
	at org.apache.catalina.core.StandardHostValve.invoke(StandardHostValve.java:139)
	at org.apache.catalina.valves.ErrorReportValve.invoke(ErrorReportValve.java:92)
	at org.apache.catalina.core.StandardEngineValve.invoke(StandardEngineValve.java:74)
	at org.apache.catalina.connector.CoyoteAdapter.service(CoyoteAdapter.java:343)
	at org.apache.coyote.http11.Http11Processor.service(Http11Processor.java:373)
	at org.apache.coyote.AbstractProcessorLight.process(AbstractProcessorLight.java:65)
	at org.apache.coyote.AbstractProtocol$ConnectionHandler.process(AbstractProtocol.java:868)
	at org.apache.tomcat.util.net.NioEndpoint$SocketProcessor.doRun(NioEndpoint.java:1594)
	at org.apache.tomcat.util.net.SocketProcessorBase.run(SocketProcessorBase.java:49)
	at java.base/java.util.concurrent.ThreadPoolExecutor.runWorker(ThreadPoolExecutor.java:1128)
	at java.base/java.util.concurrent.ThreadPoolExecutor$Worker.run(ThreadPoolExecutor.java:628)
	at org.apache.tomcat.util.threads.TaskThread$WrappingRunnable.run(TaskThread.java:61)
	at java.base/java.lang.Thread.run(Thread.java:834)
2020-05-26 12:00:43,435 ERROR org.apache.juli.logging.DirectJDKLog [http-nio-8080-exec-2] Servlet.service() for servlet [dispatcherServlet] in context with path [] threw exception [Request processing failed; nested exception is error="invalid_grant", error_description="Invalid OTP."] with root cause
org.springframework.security.oauth2.common.exceptions.InvalidGrantException: Invalid OTP.
	at org.springframework.security.oauth2.provider.password.ResourceOwnerPasswordTokenGranter.getOAuth2Authentication(ResourceOwnerPasswordTokenGranter.java:79)
	at org.springframework.security.oauth2.provider.token.AbstractTokenGranter.getAccessToken(AbstractTokenGranter.java:72)
	at org.springframework.security.oauth2.provider.token.AbstractTokenGranter.grant(AbstractTokenGranter.java:67)
	at org.springframework.security.oauth2.provider.CompositeTokenGranter.grant(CompositeTokenGranter.java:38)
	at org.springframework.security.oauth2.config.annotation.web.configurers.AuthorizationServerEndpointsConfigurer$4.grant(AuthorizationServerEndpointsConfigurer.java:583)
	at org.springframework.security.oauth2.provider.endpoint.TokenEndpoint.postAccessToken(TokenEndpoint.java:132)
	at java.base/jdk.internal.reflect.NativeMethodAccessorImpl.invoke0(Native Method)
	at java.base/jdk.internal.reflect.NativeMethodAccessorImpl.invoke(NativeMethodAccessorImpl.java:62)
	at java.base/jdk.internal.reflect.DelegatingMethodAccessorImpl.invoke(DelegatingMethodAccessorImpl.java:43)
	at java.base/java.lang.reflect.Method.invoke(Method.java:566)
	at org.springframework.web.method.support.InvocableHandlerMethod.doInvoke(InvocableHandlerMethod.java:190)
	at org.springframework.web.method.support.InvocableHandlerMethod.invokeForRequest(InvocableHandlerMethod.java:138)
	at org.springframework.web.servlet.mvc.method.annotation.ServletInvocableHandlerMethod.invokeAndHandle(ServletInvocableHandlerMethod.java:105)
	at org.springframework.web.servlet.mvc.method.annotation.RequestMappingHandlerAdapter.invokeHandlerMethod(RequestMappingHandlerAdapter.java:879)
	at org.springframework.web.servlet.mvc.method.annotation.RequestMappingHandlerAdapter.handleInternal(RequestMappingHandlerAdapter.java:793)
	at org.springframework.web.servlet.mvc.method.AbstractHandlerMethodAdapter.handle(AbstractHandlerMethodAdapter.java:87)
	at org.springframework.web.servlet.DispatcherServlet.doDispatch(DispatcherServlet.java:1040)
	at org.springframework.web.servlet.DispatcherServlet.doService(DispatcherServlet.java:943)
	at org.springframework.web.servlet.FrameworkServlet.processRequest(FrameworkServlet.java:1006)
	at org.springframework.web.servlet.FrameworkServlet.doPost(FrameworkServlet.java:909)
	at javax.servlet.http.HttpServlet.service(HttpServlet.java:660)
	at org.springframework.web.servlet.FrameworkServlet.service(FrameworkServlet.java:883)
	at javax.servlet.http.HttpServlet.service(HttpServlet.java:741)
	at org.apache.catalina.core.ApplicationFilterChain.internalDoFilter(ApplicationFilterChain.java:231)
	at org.apache.catalina.core.ApplicationFilterChain.doFilter(ApplicationFilterChain.java:166)
	at org.apache.tomcat.websocket.server.WsFilter.doFilter(WsFilter.java:53)
	at org.apache.catalina.core.ApplicationFilterChain.internalDoFilter(ApplicationFilterChain.java:193)
	at org.apache.catalina.core.ApplicationFilterChain.doFilter(ApplicationFilterChain.java:166)
	at org.springframework.security.web.FilterChainProxy$VirtualFilterChain.doFilter(FilterChainProxy.java:320)
	at org.springframework.security.web.access.intercept.FilterSecurityInterceptor.invoke(FilterSecurityInterceptor.java:126)
	at org.springframework.security.web.access.intercept.FilterSecurityInterceptor.doFilter(FilterSecurityInterceptor.java:90)
	at org.springframework.security.web.FilterChainProxy$VirtualFilterChain.doFilter(FilterChainProxy.java:334)
	at org.springframework.security.web.access.ExceptionTranslationFilter.doFilter(ExceptionTranslationFilter.java:118)
	at org.springframework.security.web.FilterChainProxy$VirtualFilterChain.doFilter(FilterChainProxy.java:334)
	at org.springframework.security.web.session.SessionManagementFilter.doFilter(SessionManagementFilter.java:137)
	at org.springframework.security.web.FilterChainProxy$VirtualFilterChain.doFilter(FilterChainProxy.java:334)
	at org.springframework.security.web.authentication.AnonymousAuthenticationFilter.doFilter(AnonymousAuthenticationFilter.java:111)
	at org.springframework.security.web.FilterChainProxy$VirtualFilterChain.doFilter(FilterChainProxy.java:334)
	at org.springframework.security.web.servletapi.SecurityContextHolderAwareRequestFilter.doFilter(SecurityContextHolderAwareRequestFilter.java:158)
	at org.springframework.security.web.FilterChainProxy$VirtualFilterChain.doFilter(FilterChainProxy.java:334)
	at org.springframework.security.web.savedrequest.RequestCacheAwareFilter.doFilter(RequestCacheAwareFilter.java:63)
	at org.springframework.security.web.FilterChainProxy$VirtualFilterChain.doFilter(FilterChainProxy.java:334)
	at org.springframework.security.web.authentication.www.BasicAuthenticationFilter.doFilterInternal(BasicAuthenticationFilter.java:204)
	at org.springframework.web.filter.OncePerRequestFilter.doFilter(OncePerRequestFilter.java:119)
	at org.springframework.security.web.FilterChainProxy$VirtualFilterChain.doFilter(FilterChainProxy.java:334)
	at org.springframework.web.filter.CorsFilter.doFilterInternal(CorsFilter.java:92)
	at org.springframework.web.filter.OncePerRequestFilter.doFilter(OncePerRequestFilter.java:119)
	at org.springframework.security.web.FilterChainProxy$VirtualFilterChain.doFilter(FilterChainProxy.java:334)
	at org.springframework.security.web.authentication.logout.LogoutFilter.doFilter(LogoutFilter.java:116)
	at org.springframework.security.web.FilterChainProxy$VirtualFilterChain.doFilter(FilterChainProxy.java:334)
	at org.springframework.security.web.header.HeaderWriterFilter.doHeadersAfter(HeaderWriterFilter.java:92)
	at org.springframework.security.web.header.HeaderWriterFilter.doFilterInternal(HeaderWriterFilter.java:77)
	at org.springframework.web.filter.OncePerRequestFilter.doFilter(OncePerRequestFilter.java:119)
	at org.springframework.security.web.FilterChainProxy$VirtualFilterChain.doFilter(FilterChainProxy.java:334)
	at org.springframework.security.web.context.SecurityContextPersistenceFilter.doFilter(SecurityContextPersistenceFilter.java:105)
	at org.springframework.security.web.FilterChainProxy$VirtualFilterChain.doFilter(FilterChainProxy.java:334)
	at org.springframework.security.web.context.request.async.WebAsyncManagerIntegrationFilter.doFilterInternal(WebAsyncManagerIntegrationFilter.java:56)
	at org.springframework.web.filter.OncePerRequestFilter.doFilter(OncePerRequestFilter.java:119)
	at org.springframework.security.web.FilterChainProxy$VirtualFilterChain.doFilter(FilterChainProxy.java:334)
	at org.springframework.security.web.FilterChainProxy.doFilterInternal(FilterChainProxy.java:215)
	at org.springframework.security.web.FilterChainProxy.doFilter(FilterChainProxy.java:178)
	at org.springframework.web.filter.DelegatingFilterProxy.invokeDelegate(DelegatingFilterProxy.java:358)
	at org.springframework.web.filter.DelegatingFilterProxy.doFilter(DelegatingFilterProxy.java:271)
	at org.apache.catalina.core.ApplicationFilterChain.internalDoFilter(ApplicationFilterChain.java:193)
	at org.apache.catalina.core.ApplicationFilterChain.doFilter(ApplicationFilterChain.java:166)
	at org.springframework.web.filter.RequestContextFilter.doFilterInternal(RequestContextFilter.java:100)
	at org.springframework.web.filter.OncePerRequestFilter.doFilter(OncePerRequestFilter.java:119)
	at org.apache.catalina.core.ApplicationFilterChain.internalDoFilter(ApplicationFilterChain.java:193)
	at org.apache.catalina.core.ApplicationFilterChain.doFilter(ApplicationFilterChain.java:166)
	at org.springframework.web.filter.FormContentFilter.doFilterInternal(FormContentFilter.java:93)
	at org.springframework.web.filter.OncePerRequestFilter.doFilter(OncePerRequestFilter.java:119)
	at org.apache.catalina.core.ApplicationFilterChain.internalDoFilter(ApplicationFilterChain.java:193)
	at org.apache.catalina.core.ApplicationFilterChain.doFilter(ApplicationFilterChain.java:166)
	at org.springframework.boot.actuate.metrics.web.servlet.WebMvcMetricsFilter.doFilterInternal(WebMvcMetricsFilter.java:109)
	at org.springframework.web.filter.OncePerRequestFilter.doFilter(OncePerRequestFilter.java:119)
	at org.apache.catalina.core.ApplicationFilterChain.internalDoFilter(ApplicationFilterChain.java:193)
	at org.apache.catalina.core.ApplicationFilterChain.doFilter(ApplicationFilterChain.java:166)
	at org.springframework.web.filter.CharacterEncodingFilter.doFilterInternal(CharacterEncodingFilter.java:201)
	at org.springframework.web.filter.OncePerRequestFilter.doFilter(OncePerRequestFilter.java:119)
	at org.apache.catalina.core.ApplicationFilterChain.internalDoFilter(ApplicationFilterChain.java:193)
	at org.apache.catalina.core.ApplicationFilterChain.doFilter(ApplicationFilterChain.java:166)
	at org.apache.catalina.core.StandardWrapperValve.invoke(StandardWrapperValve.java:202)
	at org.apache.catalina.core.StandardContextValve.invoke(StandardContextValve.java:96)
	at org.apache.catalina.authenticator.AuthenticatorBase.invoke(AuthenticatorBase.java:541)
	at org.apache.catalina.core.StandardHostValve.invoke(StandardHostValve.java:139)
	at org.apache.catalina.valves.ErrorReportValve.invoke(ErrorReportValve.java:92)
	at org.apache.catalina.core.StandardEngineValve.invoke(StandardEngineValve.java:74)
	at org.apache.catalina.connector.CoyoteAdapter.service(CoyoteAdapter.java:343)
	at org.apache.coyote.http11.Http11Processor.service(Http11Processor.java:373)
	at org.apache.coyote.AbstractProcessorLight.process(AbstractProcessorLight.java:65)
	at org.apache.coyote.AbstractProtocol$ConnectionHandler.process(AbstractProtocol.java:868)
	at org.apache.tomcat.util.net.NioEndpoint$SocketProcessor.doRun(NioEndpoint.java:1594)
	at org.apache.tomcat.util.net.SocketProcessorBase.run(SocketProcessorBase.java:49)
	at java.base/java.util.concurrent.ThreadPoolExecutor.runWorker(ThreadPoolExecutor.java:1128)
	at java.base/java.util.concurrent.ThreadPoolExecutor$Worker.run(ThreadPoolExecutor.java:628)
	at org.apache.tomcat.util.threads.TaskThread$WrappingRunnable.run(TaskThread.java:61)
	at java.base/java.lang.Thread.run(Thread.java:834)
2020-05-26 12:00:49,987 INFO com.surshree.app.services.OtpService [http-nio-8080-exec-3] OTP Generated
2020-05-26 12:00:50,002 INFO com.surshree.app.services.CustomUserDetailsService [http-nio-8080-exec-3] Granted Authorities --> ROLE_CONT
2020-05-26 12:00:50,005 INFO com.surshree.app.services.CustomUserDetailsService [http-nio-8080-exec-3] Granted Authorities --> FUNC_CONT_MENU
2020-05-26 12:01:09,000 INFO com.surshree.app.services.CustomUserDetailsService [http-nio-8080-exec-4] Granted Authorities --> ROLE_CONT
2020-05-26 12:01:09,011 INFO com.surshree.app.services.CustomUserDetailsService [http-nio-8080-exec-4] Granted Authorities --> FUNC_CONT_MENU
2020-05-26 12:01:16,799 INFO com.surshree.app.services.OtpService [http-nio-8080-exec-4] OTP Validated
2020-05-26 12:01:16,812 WARN org.springframework.security.oauth2.provider.endpoint.TokenEndpoint [http-nio-8080-exec-4] Handling error: InvalidGrantException, Invalid Username and/or Password.
2020-05-26 12:01:16,815 WARN org.springframework.web.servlet.mvc.method.annotation.ExceptionHandlerExceptionResolver [http-nio-8080-exec-4] Failure in @ExceptionHandler org.springframework.security.oauth2.provider.endpoint.TokenEndpoint#handleException(OAuth2Exception)
org.springframework.web.HttpMediaTypeNotAcceptableException: Could not find acceptable representation
	at org.springframework.web.servlet.mvc.method.annotation.AbstractMessageConverterMethodProcessor.writeWithMessageConverters(AbstractMessageConverterMethodProcessor.java:243)
	at org.springframework.web.servlet.mvc.method.annotation.HttpEntityMethodProcessor.handleReturnValue(HttpEntityMethodProcessor.java:219)
	at org.springframework.web.method.support.HandlerMethodReturnValueHandlerComposite.handleReturnValue(HandlerMethodReturnValueHandlerComposite.java:82)
	at org.springframework.web.servlet.mvc.method.annotation.ServletInvocableHandlerMethod.invokeAndHandle(ServletInvocableHandlerMethod.java:123)
	at org.springframework.web.servlet.mvc.method.annotation.ExceptionHandlerExceptionResolver.doResolveHandlerMethodException(ExceptionHandlerExceptionResolver.java:407)
	at org.springframework.web.servlet.handler.AbstractHandlerMethodExceptionResolver.doResolveException(AbstractHandlerMethodExceptionResolver.java:61)
	at org.springframework.web.servlet.handler.AbstractHandlerExceptionResolver.resolveException(AbstractHandlerExceptionResolver.java:141)
	at org.springframework.web.servlet.handler.HandlerExceptionResolverComposite.resolveException(HandlerExceptionResolverComposite.java:80)
	at org.springframework.web.servlet.DispatcherServlet.processHandlerException(DispatcherServlet.java:1300)
	at org.springframework.web.servlet.DispatcherServlet.processDispatchResult(DispatcherServlet.java:1111)
	at org.springframework.web.servlet.DispatcherServlet.doDispatch(DispatcherServlet.java:1057)
	at org.springframework.web.servlet.DispatcherServlet.doService(DispatcherServlet.java:943)
	at org.springframework.web.servlet.FrameworkServlet.processRequest(FrameworkServlet.java:1006)
	at org.springframework.web.servlet.FrameworkServlet.doPost(FrameworkServlet.java:909)
	at javax.servlet.http.HttpServlet.service(HttpServlet.java:660)
	at org.springframework.web.servlet.FrameworkServlet.service(FrameworkServlet.java:883)
	at javax.servlet.http.HttpServlet.service(HttpServlet.java:741)
	at org.apache.catalina.core.ApplicationFilterChain.internalDoFilter(ApplicationFilterChain.java:231)
	at org.apache.catalina.core.ApplicationFilterChain.doFilter(ApplicationFilterChain.java:166)
	at org.apache.tomcat.websocket.server.WsFilter.doFilter(WsFilter.java:53)
	at org.apache.catalina.core.ApplicationFilterChain.internalDoFilter(ApplicationFilterChain.java:193)
	at org.apache.catalina.core.ApplicationFilterChain.doFilter(ApplicationFilterChain.java:166)
	at org.springframework.security.web.FilterChainProxy$VirtualFilterChain.doFilter(FilterChainProxy.java:320)
	at org.springframework.security.web.access.intercept.FilterSecurityInterceptor.invoke(FilterSecurityInterceptor.java:126)
	at org.springframework.security.web.access.intercept.FilterSecurityInterceptor.doFilter(FilterSecurityInterceptor.java:90)
	at org.springframework.security.web.FilterChainProxy$VirtualFilterChain.doFilter(FilterChainProxy.java:334)
	at org.springframework.security.web.access.ExceptionTranslationFilter.doFilter(ExceptionTranslationFilter.java:118)
	at org.springframework.security.web.FilterChainProxy$VirtualFilterChain.doFilter(FilterChainProxy.java:334)
	at org.springframework.security.web.session.SessionManagementFilter.doFilter(SessionManagementFilter.java:137)
	at org.springframework.security.web.FilterChainProxy$VirtualFilterChain.doFilter(FilterChainProxy.java:334)
	at org.springframework.security.web.authentication.AnonymousAuthenticationFilter.doFilter(AnonymousAuthenticationFilter.java:111)
	at org.springframework.security.web.FilterChainProxy$VirtualFilterChain.doFilter(FilterChainProxy.java:334)
	at org.springframework.security.web.servletapi.SecurityContextHolderAwareRequestFilter.doFilter(SecurityContextHolderAwareRequestFilter.java:158)
	at org.springframework.security.web.FilterChainProxy$VirtualFilterChain.doFilter(FilterChainProxy.java:334)
	at org.springframework.security.web.savedrequest.RequestCacheAwareFilter.doFilter(RequestCacheAwareFilter.java:63)
	at org.springframework.security.web.FilterChainProxy$VirtualFilterChain.doFilter(FilterChainProxy.java:334)
	at org.springframework.security.web.authentication.www.BasicAuthenticationFilter.doFilterInternal(BasicAuthenticationFilter.java:204)
	at org.springframework.web.filter.OncePerRequestFilter.doFilter(OncePerRequestFilter.java:119)
	at org.springframework.security.web.FilterChainProxy$VirtualFilterChain.doFilter(FilterChainProxy.java:334)
	at org.springframework.web.filter.CorsFilter.doFilterInternal(CorsFilter.java:92)
	at org.springframework.web.filter.OncePerRequestFilter.doFilter(OncePerRequestFilter.java:119)
	at org.springframework.security.web.FilterChainProxy$VirtualFilterChain.doFilter(FilterChainProxy.java:334)
	at org.springframework.security.web.authentication.logout.LogoutFilter.doFilter(LogoutFilter.java:116)
	at org.springframework.security.web.FilterChainProxy$VirtualFilterChain.doFilter(FilterChainProxy.java:334)
	at org.springframework.security.web.header.HeaderWriterFilter.doHeadersAfter(HeaderWriterFilter.java:92)
	at org.springframework.security.web.header.HeaderWriterFilter.doFilterInternal(HeaderWriterFilter.java:77)
	at org.springframework.web.filter.OncePerRequestFilter.doFilter(OncePerRequestFilter.java:119)
	at org.springframework.security.web.FilterChainProxy$VirtualFilterChain.doFilter(FilterChainProxy.java:334)
	at org.springframework.security.web.context.SecurityContextPersistenceFilter.doFilter(SecurityContextPersistenceFilter.java:105)
	at org.springframework.security.web.FilterChainProxy$VirtualFilterChain.doFilter(FilterChainProxy.java:334)
	at org.springframework.security.web.context.request.async.WebAsyncManagerIntegrationFilter.doFilterInternal(WebAsyncManagerIntegrationFilter.java:56)
	at org.springframework.web.filter.OncePerRequestFilter.doFilter(OncePerRequestFilter.java:119)
	at org.springframework.security.web.FilterChainProxy$VirtualFilterChain.doFilter(FilterChainProxy.java:334)
	at org.springframework.security.web.FilterChainProxy.doFilterInternal(FilterChainProxy.java:215)
	at org.springframework.security.web.FilterChainProxy.doFilter(FilterChainProxy.java:178)
	at org.springframework.web.filter.DelegatingFilterProxy.invokeDelegate(DelegatingFilterProxy.java:358)
	at org.springframework.web.filter.DelegatingFilterProxy.doFilter(DelegatingFilterProxy.java:271)
	at org.apache.catalina.core.ApplicationFilterChain.internalDoFilter(ApplicationFilterChain.java:193)
	at org.apache.catalina.core.ApplicationFilterChain.doFilter(ApplicationFilterChain.java:166)
	at org.springframework.web.filter.RequestContextFilter.doFilterInternal(RequestContextFilter.java:100)
	at org.springframework.web.filter.OncePerRequestFilter.doFilter(OncePerRequestFilter.java:119)
	at org.apache.catalina.core.ApplicationFilterChain.internalDoFilter(ApplicationFilterChain.java:193)
	at org.apache.catalina.core.ApplicationFilterChain.doFilter(ApplicationFilterChain.java:166)
	at org.springframework.web.filter.FormContentFilter.doFilterInternal(FormContentFilter.java:93)
	at org.springframework.web.filter.OncePerRequestFilter.doFilter(OncePerRequestFilter.java:119)
	at org.apache.catalina.core.ApplicationFilterChain.internalDoFilter(ApplicationFilterChain.java:193)
	at org.apache.catalina.core.ApplicationFilterChain.doFilter(ApplicationFilterChain.java:166)
	at org.springframework.boot.actuate.metrics.web.servlet.WebMvcMetricsFilter.doFilterInternal(WebMvcMetricsFilter.java:109)
	at org.springframework.web.filter.OncePerRequestFilter.doFilter(OncePerRequestFilter.java:119)
	at org.apache.catalina.core.ApplicationFilterChain.internalDoFilter(ApplicationFilterChain.java:193)
	at org.apache.catalina.core.ApplicationFilterChain.doFilter(ApplicationFilterChain.java:166)
	at org.springframework.web.filter.CharacterEncodingFilter.doFilterInternal(CharacterEncodingFilter.java:201)
	at org.springframework.web.filter.OncePerRequestFilter.doFilter(OncePerRequestFilter.java:119)
	at org.apache.catalina.core.ApplicationFilterChain.internalDoFilter(ApplicationFilterChain.java:193)
	at org.apache.catalina.core.ApplicationFilterChain.doFilter(ApplicationFilterChain.java:166)
	at org.apache.catalina.core.StandardWrapperValve.invoke(StandardWrapperValve.java:202)
	at org.apache.catalina.core.StandardContextValve.invoke(StandardContextValve.java:96)
	at org.apache.catalina.authenticator.AuthenticatorBase.invoke(AuthenticatorBase.java:541)
	at org.apache.catalina.core.StandardHostValve.invoke(StandardHostValve.java:139)
	at org.apache.catalina.valves.ErrorReportValve.invoke(ErrorReportValve.java:92)
	at org.apache.catalina.core.StandardEngineValve.invoke(StandardEngineValve.java:74)
	at org.apache.catalina.connector.CoyoteAdapter.service(CoyoteAdapter.java:343)
	at org.apache.coyote.http11.Http11Processor.service(Http11Processor.java:373)
	at org.apache.coyote.AbstractProcessorLight.process(AbstractProcessorLight.java:65)
	at org.apache.coyote.AbstractProtocol$ConnectionHandler.process(AbstractProtocol.java:868)
	at org.apache.tomcat.util.net.NioEndpoint$SocketProcessor.doRun(NioEndpoint.java:1594)
	at org.apache.tomcat.util.net.SocketProcessorBase.run(SocketProcessorBase.java:49)
	at java.base/java.util.concurrent.ThreadPoolExecutor.runWorker(ThreadPoolExecutor.java:1128)
	at java.base/java.util.concurrent.ThreadPoolExecutor$Worker.run(ThreadPoolExecutor.java:628)
	at org.apache.tomcat.util.threads.TaskThread$WrappingRunnable.run(TaskThread.java:61)
	at java.base/java.lang.Thread.run(Thread.java:834)
2020-05-26 12:01:16,832 ERROR org.apache.juli.logging.DirectJDKLog [http-nio-8080-exec-4] Servlet.service() for servlet [dispatcherServlet] in context with path [] threw exception [Request processing failed; nested exception is error="invalid_grant", error_description="Invalid Username and/or Password."] with root cause
org.springframework.security.oauth2.common.exceptions.InvalidGrantException: Invalid Username and/or Password.
	at org.springframework.security.oauth2.provider.password.ResourceOwnerPasswordTokenGranter.getOAuth2Authentication(ResourceOwnerPasswordTokenGranter.java:79)
	at org.springframework.security.oauth2.provider.token.AbstractTokenGranter.getAccessToken(AbstractTokenGranter.java:72)
	at org.springframework.security.oauth2.provider.token.AbstractTokenGranter.grant(AbstractTokenGranter.java:67)
	at org.springframework.security.oauth2.provider.CompositeTokenGranter.grant(CompositeTokenGranter.java:38)
	at org.springframework.security.oauth2.config.annotation.web.configurers.AuthorizationServerEndpointsConfigurer$4.grant(AuthorizationServerEndpointsConfigurer.java:583)
	at org.springframework.security.oauth2.provider.endpoint.TokenEndpoint.postAccessToken(TokenEndpoint.java:132)
	at java.base/jdk.internal.reflect.NativeMethodAccessorImpl.invoke0(Native Method)
	at java.base/jdk.internal.reflect.NativeMethodAccessorImpl.invoke(NativeMethodAccessorImpl.java:62)
	at java.base/jdk.internal.reflect.DelegatingMethodAccessorImpl.invoke(DelegatingMethodAccessorImpl.java:43)
	at java.base/java.lang.reflect.Method.invoke(Method.java:566)
	at org.springframework.web.method.support.InvocableHandlerMethod.doInvoke(InvocableHandlerMethod.java:190)
	at org.springframework.web.method.support.InvocableHandlerMethod.invokeForRequest(InvocableHandlerMethod.java:138)
	at org.springframework.web.servlet.mvc.method.annotation.ServletInvocableHandlerMethod.invokeAndHandle(ServletInvocableHandlerMethod.java:105)
	at org.springframework.web.servlet.mvc.method.annotation.RequestMappingHandlerAdapter.invokeHandlerMethod(RequestMappingHandlerAdapter.java:879)
	at org.springframework.web.servlet.mvc.method.annotation.RequestMappingHandlerAdapter.handleInternal(RequestMappingHandlerAdapter.java:793)
	at org.springframework.web.servlet.mvc.method.AbstractHandlerMethodAdapter.handle(AbstractHandlerMethodAdapter.java:87)
	at org.springframework.web.servlet.DispatcherServlet.doDispatch(DispatcherServlet.java:1040)
	at org.springframework.web.servlet.DispatcherServlet.doService(DispatcherServlet.java:943)
	at org.springframework.web.servlet.FrameworkServlet.processRequest(FrameworkServlet.java:1006)
	at org.springframework.web.servlet.FrameworkServlet.doPost(FrameworkServlet.java:909)
	at javax.servlet.http.HttpServlet.service(HttpServlet.java:660)
	at org.springframework.web.servlet.FrameworkServlet.service(FrameworkServlet.java:883)
	at javax.servlet.http.HttpServlet.service(HttpServlet.java:741)
	at org.apache.catalina.core.ApplicationFilterChain.internalDoFilter(ApplicationFilterChain.java:231)
	at org.apache.catalina.core.ApplicationFilterChain.doFilter(ApplicationFilterChain.java:166)
	at org.apache.tomcat.websocket.server.WsFilter.doFilter(WsFilter.java:53)
	at org.apache.catalina.core.ApplicationFilterChain.internalDoFilter(ApplicationFilterChain.java:193)
	at org.apache.catalina.core.ApplicationFilterChain.doFilter(ApplicationFilterChain.java:166)
	at org.springframework.security.web.FilterChainProxy$VirtualFilterChain.doFilter(FilterChainProxy.java:320)
	at org.springframework.security.web.access.intercept.FilterSecurityInterceptor.invoke(FilterSecurityInterceptor.java:126)
	at org.springframework.security.web.access.intercept.FilterSecurityInterceptor.doFilter(FilterSecurityInterceptor.java:90)
	at org.springframework.security.web.FilterChainProxy$VirtualFilterChain.doFilter(FilterChainProxy.java:334)
	at org.springframework.security.web.access.ExceptionTranslationFilter.doFilter(ExceptionTranslationFilter.java:118)
	at org.springframework.security.web.FilterChainProxy$VirtualFilterChain.doFilter(FilterChainProxy.java:334)
	at org.springframework.security.web.session.SessionManagementFilter.doFilter(SessionManagementFilter.java:137)
	at org.springframework.security.web.FilterChainProxy$VirtualFilterChain.doFilter(FilterChainProxy.java:334)
	at org.springframework.security.web.authentication.AnonymousAuthenticationFilter.doFilter(AnonymousAuthenticationFilter.java:111)
	at org.springframework.security.web.FilterChainProxy$VirtualFilterChain.doFilter(FilterChainProxy.java:334)
	at org.springframework.security.web.servletapi.SecurityContextHolderAwareRequestFilter.doFilter(SecurityContextHolderAwareRequestFilter.java:158)
	at org.springframework.security.web.FilterChainProxy$VirtualFilterChain.doFilter(FilterChainProxy.java:334)
	at org.springframework.security.web.savedrequest.RequestCacheAwareFilter.doFilter(RequestCacheAwareFilter.java:63)
	at org.springframework.security.web.FilterChainProxy$VirtualFilterChain.doFilter(FilterChainProxy.java:334)
	at org.springframework.security.web.authentication.www.BasicAuthenticationFilter.doFilterInternal(BasicAuthenticationFilter.java:204)
	at org.springframework.web.filter.OncePerRequestFilter.doFilter(OncePerRequestFilter.java:119)
	at org.springframework.security.web.FilterChainProxy$VirtualFilterChain.doFilter(FilterChainProxy.java:334)
	at org.springframework.web.filter.CorsFilter.doFilterInternal(CorsFilter.java:92)
	at org.springframework.web.filter.OncePerRequestFilter.doFilter(OncePerRequestFilter.java:119)
	at org.springframework.security.web.FilterChainProxy$VirtualFilterChain.doFilter(FilterChainProxy.java:334)
	at org.springframework.security.web.authentication.logout.LogoutFilter.doFilter(LogoutFilter.java:116)
	at org.springframework.security.web.FilterChainProxy$VirtualFilterChain.doFilter(FilterChainProxy.java:334)
	at org.springframework.security.web.header.HeaderWriterFilter.doHeadersAfter(HeaderWriterFilter.java:92)
	at org.springframework.security.web.header.HeaderWriterFilter.doFilterInternal(HeaderWriterFilter.java:77)
	at org.springframework.web.filter.OncePerRequestFilter.doFilter(OncePerRequestFilter.java:119)
	at org.springframework.security.web.FilterChainProxy$VirtualFilterChain.doFilter(FilterChainProxy.java:334)
	at org.springframework.security.web.context.SecurityContextPersistenceFilter.doFilter(SecurityContextPersistenceFilter.java:105)
	at org.springframework.security.web.FilterChainProxy$VirtualFilterChain.doFilter(FilterChainProxy.java:334)
	at org.springframework.security.web.context.request.async.WebAsyncManagerIntegrationFilter.doFilterInternal(WebAsyncManagerIntegrationFilter.java:56)
	at org.springframework.web.filter.OncePerRequestFilter.doFilter(OncePerRequestFilter.java:119)
	at org.springframework.security.web.FilterChainProxy$VirtualFilterChain.doFilter(FilterChainProxy.java:334)
	at org.springframework.security.web.FilterChainProxy.doFilterInternal(FilterChainProxy.java:215)
	at org.springframework.security.web.FilterChainProxy.doFilter(FilterChainProxy.java:178)
	at org.springframework.web.filter.DelegatingFilterProxy.invokeDelegate(DelegatingFilterProxy.java:358)
	at org.springframework.web.filter.DelegatingFilterProxy.doFilter(DelegatingFilterProxy.java:271)
	at org.apache.catalina.core.ApplicationFilterChain.internalDoFilter(ApplicationFilterChain.java:193)
	at org.apache.catalina.core.ApplicationFilterChain.doFilter(ApplicationFilterChain.java:166)
	at org.springframework.web.filter.RequestContextFilter.doFilterInternal(RequestContextFilter.java:100)
	at org.springframework.web.filter.OncePerRequestFilter.doFilter(OncePerRequestFilter.java:119)
	at org.apache.catalina.core.ApplicationFilterChain.internalDoFilter(ApplicationFilterChain.java:193)
	at org.apache.catalina.core.ApplicationFilterChain.doFilter(ApplicationFilterChain.java:166)
	at org.springframework.web.filter.FormContentFilter.doFilterInternal(FormContentFilter.java:93)
	at org.springframework.web.filter.OncePerRequestFilter.doFilter(OncePerRequestFilter.java:119)
	at org.apache.catalina.core.ApplicationFilterChain.internalDoFilter(ApplicationFilterChain.java:193)
	at org.apache.catalina.core.ApplicationFilterChain.doFilter(ApplicationFilterChain.java:166)
	at org.springframework.boot.actuate.metrics.web.servlet.WebMvcMetricsFilter.doFilterInternal(WebMvcMetricsFilter.java:109)
	at org.springframework.web.filter.OncePerRequestFilter.doFilter(OncePerRequestFilter.java:119)
	at org.apache.catalina.core.ApplicationFilterChain.internalDoFilter(ApplicationFilterChain.java:193)
	at org.apache.catalina.core.ApplicationFilterChain.doFilter(ApplicationFilterChain.java:166)
	at org.springframework.web.filter.CharacterEncodingFilter.doFilterInternal(CharacterEncodingFilter.java:201)
	at org.springframework.web.filter.OncePerRequestFilter.doFilter(OncePerRequestFilter.java:119)
	at org.apache.catalina.core.ApplicationFilterChain.internalDoFilter(ApplicationFilterChain.java:193)
	at org.apache.catalina.core.ApplicationFilterChain.doFilter(ApplicationFilterChain.java:166)
	at org.apache.catalina.core.StandardWrapperValve.invoke(StandardWrapperValve.java:202)
	at org.apache.catalina.core.StandardContextValve.invoke(StandardContextValve.java:96)
	at org.apache.catalina.authenticator.AuthenticatorBase.invoke(AuthenticatorBase.java:541)
	at org.apache.catalina.core.StandardHostValve.invoke(StandardHostValve.java:139)
	at org.apache.catalina.valves.ErrorReportValve.invoke(ErrorReportValve.java:92)
	at org.apache.catalina.core.StandardEngineValve.invoke(StandardEngineValve.java:74)
	at org.apache.catalina.connector.CoyoteAdapter.service(CoyoteAdapter.java:343)
	at org.apache.coyote.http11.Http11Processor.service(Http11Processor.java:373)
	at org.apache.coyote.AbstractProcessorLight.process(AbstractProcessorLight.java:65)
	at org.apache.coyote.AbstractProtocol$ConnectionHandler.process(AbstractProtocol.java:868)
	at org.apache.tomcat.util.net.NioEndpoint$SocketProcessor.doRun(NioEndpoint.java:1594)
	at org.apache.tomcat.util.net.SocketProcessorBase.run(SocketProcessorBase.java:49)
	at java.base/java.util.concurrent.ThreadPoolExecutor.runWorker(ThreadPoolExecutor.java:1128)
	at java.base/java.util.concurrent.ThreadPoolExecutor$Worker.run(ThreadPoolExecutor.java:628)
	at org.apache.tomcat.util.threads.TaskThread$WrappingRunnable.run(TaskThread.java:61)
	at java.base/java.lang.Thread.run(Thread.java:834)
2020-05-26 12:02:51,374 INFO org.springframework.boot.SpringApplication [main] No active profile set, falling back to default profiles: default
2020-05-26 12:02:53,122 INFO org.springframework.data.repository.config.RepositoryConfigurationDelegate [main] Bootstrapping Spring Data JPA repositories in DEFAULT mode.
2020-05-26 12:02:53,362 INFO org.springframework.data.repository.config.RepositoryConfigurationDelegate [main] Finished Spring Data repository scanning in 204ms. Found 9 JPA repository interfaces.
2020-05-26 12:02:54,993 INFO org.springframework.cloud.context.scope.GenericScope [main] BeanFactory id=0d5d551f-c6e4-3843-9900-0651a2a53da4
2020-05-26 12:02:57,026 INFO org.springframework.boot.web.embedded.tomcat.TomcatWebServer [main] Tomcat initialized with port(s): 8080 (http)
2020-05-26 12:02:57,057 INFO org.apache.juli.logging.DirectJDKLog [main] Initializing ProtocolHandler ["http-nio-8080"]
2020-05-26 12:02:57,060 INFO org.apache.juli.logging.DirectJDKLog [main] Starting service [Tomcat]
2020-05-26 12:02:57,061 INFO org.apache.juli.logging.DirectJDKLog [main] Starting Servlet engine: [Apache Tomcat/9.0.33]
2020-05-26 12:02:57,461 INFO org.apache.juli.logging.DirectJDKLog [main] Initializing Spring embedded WebApplicationContext
2020-05-26 12:02:57,461 INFO org.springframework.boot.web.servlet.context.ServletWebServerApplicationContext [main] Root WebApplicationContext: initialization completed in 6002 ms
2020-05-26 12:02:58,974 INFO com.surshree.app.config.CacheConfig [main] Initializing cache.
2020-05-26 12:02:59,145 INFO org.hibernate.jpa.internal.util.LogHelper [main] HHH000204: Processing PersistenceUnitInfo [name: default]
2020-05-26 12:02:59,306 INFO org.hibernate.Version [main] HHH000412: Hibernate ORM core version 5.4.12.Final
2020-05-26 12:02:59,940 INFO org.hibernate.annotations.common.reflection.java.JavaReflectionManager [main] HCANN000001: Hibernate Commons Annotations {5.1.0.Final}
2020-05-26 12:03:00,357 INFO com.zaxxer.hikari.HikariDataSource [main] HikariPool-1 - Starting...
2020-05-26 12:03:00,566 INFO com.zaxxer.hikari.HikariDataSource [main] HikariPool-1 - Start completed.
2020-05-26 12:03:00,625 INFO org.hibernate.dialect.Dialect [main] HHH000400: Using dialect: org.hibernate.dialect.PostgreSQL10Dialect
2020-05-26 12:03:03,875 INFO org.hibernate.engine.transaction.jta.platform.internal.JtaPlatformInitiator [main] HHH000490: Using JtaPlatform implementation: [org.hibernate.engine.transaction.jta.platform.internal.NoJtaPlatform]
2020-05-26 12:03:04,148 INFO org.springframework.orm.jpa.AbstractEntityManagerFactoryBean [main] Initialized JPA EntityManagerFactory for persistence unit 'default'
2020-05-26 12:03:04,242 WARN org.springframework.boot.autoconfigure.orm.jpa.JpaBaseConfiguration$JpaWebConfiguration [main] spring.jpa.open-in-view is enabled by default. Therefore, database queries may be performed during view rendering. Explicitly configure spring.jpa.open-in-view to disable this warning
2020-05-26 12:03:07,069 INFO org.springframework.security.web.DefaultSecurityFilterChain [main] Creating filter chain: OrRequestMatcher [requestMatchers=[Ant [pattern='/oauth/token'], Ant [pattern='/oauth/token_key'], Ant [pattern='/oauth/check_token']]], [org.springframework.security.web.context.request.async.WebAsyncManagerIntegrationFilter@41f274d, org.springframework.security.web.context.SecurityContextPersistenceFilter@2cc3b0a7, org.springframework.security.web.header.HeaderWriterFilter@63f093a, org.springframework.security.web.authentication.logout.LogoutFilter@1ac9c3cc, org.springframework.web.filter.CorsFilter@4b90a402, org.springframework.security.web.authentication.www.BasicAuthenticationFilter@73ae084e, org.springframework.security.web.savedrequest.RequestCacheAwareFilter@4cb641a5, org.springframework.security.web.servletapi.SecurityContextHolderAwareRequestFilter@42210d27, org.springframework.security.web.authentication.AnonymousAuthenticationFilter@67fdc1e9, org.springframework.security.web.session.SessionManagementFilter@36c763cd, org.springframework.security.web.access.ExceptionTranslationFilter@6419726f, org.springframework.security.web.access.intercept.FilterSecurityInterceptor@38fc2c39]
2020-05-26 12:03:07,085 INFO org.springframework.security.web.DefaultSecurityFilterChain [main] Creating filter chain: com.surshree.app.config.ResourceServerConfig$$Lambda$1054/0x00000008009fb840@42a698bd, [org.springframework.security.web.context.request.async.WebAsyncManagerIntegrationFilter@26acbc9d, org.springframework.security.web.context.SecurityContextPersistenceFilter@451393a9, org.springframework.security.web.header.HeaderWriterFilter@781befe7, org.springframework.security.web.authentication.logout.LogoutFilter@2b1818d1, org.springframework.security.oauth2.provider.authentication.OAuth2AuthenticationProcessingFilter@5112858c, org.springframework.security.web.savedrequest.RequestCacheAwareFilter@7c590039, org.springframework.security.web.servletapi.SecurityContextHolderAwareRequestFilter@5b9aac82, org.springframework.security.web.authentication.AnonymousAuthenticationFilter@7e047d85, org.springframework.security.web.session.SessionManagementFilter@69780093, org.springframework.security.web.access.ExceptionTranslationFilter@1435a8ca, org.springframework.security.web.access.intercept.FilterSecurityInterceptor@62243a7a]
2020-05-26 12:03:07,533 INFO org.springframework.boot.actuate.endpoint.web.EndpointLinksResolver [main] Exposing 2 endpoint(s) beneath base path '/actuator'
2020-05-26 12:03:07,555 INFO org.springframework.security.web.DefaultSecurityFilterChain [main] Creating filter chain: any request, [org.springframework.security.web.context.request.async.WebAsyncManagerIntegrationFilter@50720344, org.springframework.security.web.context.SecurityContextPersistenceFilter@58192546, org.springframework.security.web.header.HeaderWriterFilter@7b50e70a, org.springframework.web.filter.CorsFilter@5dce3e82, org.springframework.security.web.authentication.logout.LogoutFilter@34c79268, org.springframework.security.web.authentication.www.BasicAuthenticationFilter@5b1ebbe, org.springframework.security.web.savedrequest.RequestCacheAwareFilter@18be7f57, org.springframework.security.web.servletapi.SecurityContextHolderAwareRequestFilter@64aab3fd, org.springframework.security.web.authentication.AnonymousAuthenticationFilter@613aeb51, org.springframework.security.web.session.SessionManagementFilter@4a0161ee, org.springframework.security.web.access.ExceptionTranslationFilter@70d61624, org.springframework.security.web.access.intercept.FilterSecurityInterceptor@442e7215]
2020-05-26 12:03:07,738 INFO org.springframework.scheduling.concurrent.ExecutorConfigurationSupport [main] Initializing ExecutorService 'applicationTaskExecutor'
2020-05-26 12:03:08,136 INFO org.springframework.scheduling.concurrent.ExecutorConfigurationSupport [main] Initializing ExecutorService 'taskScheduler'
2020-05-26 12:03:08,265 INFO com.surshree.app.scheduling.CacheScheduler [scheduling-1] Clear user cache : START
2020-05-26 12:03:08,266 INFO com.surshree.app.scheduling.CacheScheduler [scheduling-1] Clear user cache : END
2020-05-26 12:03:08,267 INFO org.apache.juli.logging.DirectJDKLog [main] Starting ProtocolHandler ["http-nio-8080"]
2020-05-26 12:03:08,340 INFO org.springframework.boot.web.embedded.tomcat.TomcatWebServer [main] Tomcat started on port(s): 8080 (http) with context path ''
2020-05-26 12:03:08,347 INFO org.springframework.boot.StartupInfoLogger [main] Started SurShreeApplication in 19.774 seconds (JVM running for 21.016)
2020-05-26 12:03:39,260 INFO org.apache.juli.logging.DirectJDKLog [http-nio-8080-exec-1] Initializing Spring DispatcherServlet 'dispatcherServlet'
2020-05-26 12:03:39,261 INFO org.springframework.web.servlet.FrameworkServlet [http-nio-8080-exec-1] Initializing Servlet 'dispatcherServlet'
2020-05-26 12:03:39,347 INFO org.springframework.web.servlet.FrameworkServlet [http-nio-8080-exec-1] Completed initialization in 86 ms
2020-05-26 12:03:56,100 INFO com.surshree.app.services.OtpService [http-nio-8080-exec-1] OTP Generated
2020-05-26 12:03:56,532 INFO com.surshree.app.services.CustomUserDetailsService [http-nio-8080-exec-1] Granted Authorities --> ROLE_CONT
2020-05-26 12:03:56,533 INFO com.surshree.app.services.CustomUserDetailsService [http-nio-8080-exec-1] Granted Authorities --> FUNC_CONT_MENU
2020-05-26 12:04:12,688 INFO com.surshree.app.services.CustomUserDetailsService [http-nio-8080-exec-2] Granted Authorities --> ROLE_CONT
2020-05-26 12:04:12,701 INFO com.surshree.app.services.CustomUserDetailsService [http-nio-8080-exec-2] Granted Authorities --> FUNC_CONT_MENU
2020-05-26 12:04:15,829 INFO com.surshree.app.services.OtpService [http-nio-8080-exec-2] OTP Validated
2020-05-26 12:04:16,328 INFO org.springframework.security.oauth2.provider.token.store.JdbcTokenStore [http-nio-8080-exec-2] Failed to find access token for token 4ba261ef-f2aa-4ff4-ba17-31fb21b2d625
2020-05-26 12:04:16,642 INFO com.surshree.app.services.CustomUserDetailsService [http-nio-8080-exec-4] Granted Authorities --> ROLE_CONT
2020-05-26 12:04:16,642 INFO com.surshree.app.services.CustomUserDetailsService [http-nio-8080-exec-4] Granted Authorities --> FUNC_CONT_MENU
2020-05-26 12:04:16,987 ERROR com.surshree.app.exception.CustomResponseEntityExceptionHandler [http-nio-8080-exec-6] No data present to display.
java.util.NoSuchElementException: No value present
	at java.base/java.util.Optional.get(Optional.java:148)
	at com.surshree.app.controllers.CompetitionController.getActiveCompetitions(CompetitionController.java:72)
	at java.base/jdk.internal.reflect.NativeMethodAccessorImpl.invoke0(Native Method)
	at java.base/jdk.internal.reflect.NativeMethodAccessorImpl.invoke(NativeMethodAccessorImpl.java:62)
	at java.base/jdk.internal.reflect.DelegatingMethodAccessorImpl.invoke(DelegatingMethodAccessorImpl.java:43)
	at java.base/java.lang.reflect.Method.invoke(Method.java:566)
	at org.springframework.web.method.support.InvocableHandlerMethod.doInvoke(InvocableHandlerMethod.java:190)
	at org.springframework.web.method.support.InvocableHandlerMethod.invokeForRequest(InvocableHandlerMethod.java:138)
	at org.springframework.web.servlet.mvc.method.annotation.ServletInvocableHandlerMethod.invokeAndHandle(ServletInvocableHandlerMethod.java:105)
	at org.springframework.web.servlet.mvc.method.annotation.RequestMappingHandlerAdapter.invokeHandlerMethod(RequestMappingHandlerAdapter.java:879)
	at org.springframework.web.servlet.mvc.method.annotation.RequestMappingHandlerAdapter.handleInternal(RequestMappingHandlerAdapter.java:793)
	at org.springframework.web.servlet.mvc.method.AbstractHandlerMethodAdapter.handle(AbstractHandlerMethodAdapter.java:87)
	at org.springframework.web.servlet.DispatcherServlet.doDispatch(DispatcherServlet.java:1040)
	at org.springframework.web.servlet.DispatcherServlet.doService(DispatcherServlet.java:943)
	at org.springframework.web.servlet.FrameworkServlet.processRequest(FrameworkServlet.java:1006)
	at org.springframework.web.servlet.FrameworkServlet.doGet(FrameworkServlet.java:898)
	at javax.servlet.http.HttpServlet.service(HttpServlet.java:634)
	at org.springframework.web.servlet.FrameworkServlet.service(FrameworkServlet.java:883)
	at javax.servlet.http.HttpServlet.service(HttpServlet.java:741)
	at org.apache.catalina.core.ApplicationFilterChain.internalDoFilter(ApplicationFilterChain.java:231)
	at org.apache.catalina.core.ApplicationFilterChain.doFilter(ApplicationFilterChain.java:166)
	at org.apache.tomcat.websocket.server.WsFilter.doFilter(WsFilter.java:53)
	at org.apache.catalina.core.ApplicationFilterChain.internalDoFilter(ApplicationFilterChain.java:193)
	at org.apache.catalina.core.ApplicationFilterChain.doFilter(ApplicationFilterChain.java:166)
	at org.springframework.security.web.FilterChainProxy$VirtualFilterChain.doFilter(FilterChainProxy.java:320)
	at org.springframework.security.web.access.intercept.FilterSecurityInterceptor.invoke(FilterSecurityInterceptor.java:126)
	at org.springframework.security.web.access.intercept.FilterSecurityInterceptor.doFilter(FilterSecurityInterceptor.java:90)
	at org.springframework.security.web.FilterChainProxy$VirtualFilterChain.doFilter(FilterChainProxy.java:334)
	at org.springframework.security.web.access.ExceptionTranslationFilter.doFilter(ExceptionTranslationFilter.java:118)
	at org.springframework.security.web.FilterChainProxy$VirtualFilterChain.doFilter(FilterChainProxy.java:334)
	at org.springframework.security.web.session.SessionManagementFilter.doFilter(SessionManagementFilter.java:137)
	at org.springframework.security.web.FilterChainProxy$VirtualFilterChain.doFilter(FilterChainProxy.java:334)
	at org.springframework.security.web.authentication.AnonymousAuthenticationFilter.doFilter(AnonymousAuthenticationFilter.java:111)
	at org.springframework.security.web.FilterChainProxy$VirtualFilterChain.doFilter(FilterChainProxy.java:334)
	at org.springframework.security.web.servletapi.SecurityContextHolderAwareRequestFilter.doFilter(SecurityContextHolderAwareRequestFilter.java:158)
	at org.springframework.security.web.FilterChainProxy$VirtualFilterChain.doFilter(FilterChainProxy.java:334)
	at org.springframework.security.web.savedrequest.RequestCacheAwareFilter.doFilter(RequestCacheAwareFilter.java:63)
	at org.springframework.security.web.FilterChainProxy$VirtualFilterChain.doFilter(FilterChainProxy.java:334)
	at org.springframework.security.oauth2.provider.authentication.OAuth2AuthenticationProcessingFilter.doFilter(OAuth2AuthenticationProcessingFilter.java:176)
	at org.springframework.security.web.FilterChainProxy$VirtualFilterChain.doFilter(FilterChainProxy.java:334)
	at org.springframework.security.web.authentication.logout.LogoutFilter.doFilter(LogoutFilter.java:116)
	at org.springframework.security.web.FilterChainProxy$VirtualFilterChain.doFilter(FilterChainProxy.java:334)
	at org.springframework.security.web.header.HeaderWriterFilter.doHeadersAfter(HeaderWriterFilter.java:92)
	at org.springframework.security.web.header.HeaderWriterFilter.doFilterInternal(HeaderWriterFilter.java:77)
	at org.springframework.web.filter.OncePerRequestFilter.doFilter(OncePerRequestFilter.java:119)
	at org.springframework.security.web.FilterChainProxy$VirtualFilterChain.doFilter(FilterChainProxy.java:334)
	at org.springframework.security.web.context.SecurityContextPersistenceFilter.doFilter(SecurityContextPersistenceFilter.java:105)
	at org.springframework.security.web.FilterChainProxy$VirtualFilterChain.doFilter(FilterChainProxy.java:334)
	at org.springframework.security.web.context.request.async.WebAsyncManagerIntegrationFilter.doFilterInternal(WebAsyncManagerIntegrationFilter.java:56)
	at org.springframework.web.filter.OncePerRequestFilter.doFilter(OncePerRequestFilter.java:119)
	at org.springframework.security.web.FilterChainProxy$VirtualFilterChain.doFilter(FilterChainProxy.java:334)
	at org.springframework.security.web.FilterChainProxy.doFilterInternal(FilterChainProxy.java:215)
	at org.springframework.security.web.FilterChainProxy.doFilter(FilterChainProxy.java:178)
	at org.springframework.web.filter.DelegatingFilterProxy.invokeDelegate(DelegatingFilterProxy.java:358)
	at org.springframework.web.filter.DelegatingFilterProxy.doFilter(DelegatingFilterProxy.java:271)
	at org.apache.catalina.core.ApplicationFilterChain.internalDoFilter(ApplicationFilterChain.java:193)
	at org.apache.catalina.core.ApplicationFilterChain.doFilter(ApplicationFilterChain.java:166)
	at org.springframework.web.filter.RequestContextFilter.doFilterInternal(RequestContextFilter.java:100)
	at org.springframework.web.filter.OncePerRequestFilter.doFilter(OncePerRequestFilter.java:119)
	at org.apache.catalina.core.ApplicationFilterChain.internalDoFilter(ApplicationFilterChain.java:193)
	at org.apache.catalina.core.ApplicationFilterChain.doFilter(ApplicationFilterChain.java:166)
	at org.springframework.web.filter.FormContentFilter.doFilterInternal(FormContentFilter.java:93)
	at org.springframework.web.filter.OncePerRequestFilter.doFilter(OncePerRequestFilter.java:119)
	at org.apache.catalina.core.ApplicationFilterChain.internalDoFilter(ApplicationFilterChain.java:193)
	at org.apache.catalina.core.ApplicationFilterChain.doFilter(ApplicationFilterChain.java:166)
	at org.springframework.boot.actuate.metrics.web.servlet.WebMvcMetricsFilter.doFilterInternal(WebMvcMetricsFilter.java:109)
	at org.springframework.web.filter.OncePerRequestFilter.doFilter(OncePerRequestFilter.java:119)
	at org.apache.catalina.core.ApplicationFilterChain.internalDoFilter(ApplicationFilterChain.java:193)
	at org.apache.catalina.core.ApplicationFilterChain.doFilter(ApplicationFilterChain.java:166)
	at org.springframework.web.filter.CharacterEncodingFilter.doFilterInternal(CharacterEncodingFilter.java:201)
	at org.springframework.web.filter.OncePerRequestFilter.doFilter(OncePerRequestFilter.java:119)
	at org.apache.catalina.core.ApplicationFilterChain.internalDoFilter(ApplicationFilterChain.java:193)
	at org.apache.catalina.core.ApplicationFilterChain.doFilter(ApplicationFilterChain.java:166)
	at org.apache.catalina.core.StandardWrapperValve.invoke(StandardWrapperValve.java:202)
	at org.apache.catalina.core.StandardContextValve.invoke(StandardContextValve.java:96)
	at org.apache.catalina.authenticator.AuthenticatorBase.invoke(AuthenticatorBase.java:541)
	at org.apache.catalina.core.StandardHostValve.invoke(StandardHostValve.java:139)
	at org.apache.catalina.valves.ErrorReportValve.invoke(ErrorReportValve.java:92)
	at org.apache.catalina.core.StandardEngineValve.invoke(StandardEngineValve.java:74)
	at org.apache.catalina.connector.CoyoteAdapter.service(CoyoteAdapter.java:343)
	at org.apache.coyote.http11.Http11Processor.service(Http11Processor.java:373)
	at org.apache.coyote.AbstractProcessorLight.process(AbstractProcessorLight.java:65)
	at org.apache.coyote.AbstractProtocol$ConnectionHandler.process(AbstractProtocol.java:868)
	at org.apache.tomcat.util.net.NioEndpoint$SocketProcessor.doRun(NioEndpoint.java:1594)
	at org.apache.tomcat.util.net.SocketProcessorBase.run(SocketProcessorBase.java:49)
	at java.base/java.util.concurrent.ThreadPoolExecutor.runWorker(ThreadPoolExecutor.java:1128)
	at java.base/java.util.concurrent.ThreadPoolExecutor$Worker.run(ThreadPoolExecutor.java:628)
	at org.apache.tomcat.util.threads.TaskThread$WrappingRunnable.run(TaskThread.java:61)
	at java.base/java.lang.Thread.run(Thread.java:834)
2020-05-26 12:06:33,155 INFO com.surshree.app.services.CustomUserDetailsService [http-nio-8080-exec-8] Granted Authorities --> ROLE_CONT
2020-05-26 12:06:33,161 INFO com.surshree.app.services.CustomUserDetailsService [http-nio-8080-exec-8] Granted Authorities --> FUNC_CONT_MENU
2020-05-26 12:06:34,184 INFO com.surshree.app.services.CustomUserDetailsService [http-nio-8080-exec-3] Granted Authorities --> ROLE_CONT
2020-05-26 12:06:34,185 INFO com.surshree.app.services.CustomUserDetailsService [http-nio-8080-exec-3] Granted Authorities --> FUNC_CONT_MENU
2020-05-26 12:06:55,553 INFO com.surshree.app.services.CustomUserDetailsService [http-nio-8080-exec-7] Granted Authorities --> ROLE_CONT
2020-05-26 12:06:55,555 INFO com.surshree.app.services.CustomUserDetailsService [http-nio-8080-exec-7] Granted Authorities --> FUNC_CONT_MENU
2020-05-26 12:11:51,456 INFO com.surshree.app.services.CustomUserDetailsService [http-nio-8080-exec-4] Granted Authorities --> ROLE_CONT
2020-05-26 12:11:51,460 INFO com.surshree.app.services.CustomUserDetailsService [http-nio-8080-exec-4] Granted Authorities --> FUNC_CONT_MENU
2020-05-26 12:11:52,189 INFO com.surshree.app.services.CustomUserDetailsService [http-nio-8080-exec-5] Granted Authorities --> ROLE_CONT
2020-05-26 12:11:52,190 INFO com.surshree.app.services.CustomUserDetailsService [http-nio-8080-exec-5] Granted Authorities --> FUNC_CONT_MENU
2020-05-26 12:12:08,352 INFO com.surshree.app.services.CustomUserDetailsService [http-nio-8080-exec-1] Granted Authorities --> ROLE_CONT
2020-05-26 12:12:08,353 INFO com.surshree.app.services.CustomUserDetailsService [http-nio-8080-exec-1] Granted Authorities --> FUNC_CONT_MENU
2020-05-26 12:13:08,284 INFO com.surshree.app.scheduling.CacheScheduler [scheduling-1] Clear user cache : START
2020-05-26 12:13:08,430 INFO com.surshree.app.scheduling.CacheScheduler [scheduling-1] Clear user cache : END
2020-05-26 12:23:08,431 INFO com.surshree.app.scheduling.CacheScheduler [scheduling-1] Clear user cache : START
2020-05-26 12:23:08,434 INFO com.surshree.app.scheduling.CacheScheduler [scheduling-1] Clear user cache : END
2020-05-26 12:27:54,075 INFO com.surshree.app.services.CustomUserDetailsService [http-nio-8080-exec-2] Granted Authorities --> ROLE_CONT
2020-05-26 12:27:54,083 INFO com.surshree.app.services.CustomUserDetailsService [http-nio-8080-exec-2] Granted Authorities --> FUNC_CONT_MENU
2020-05-26 12:27:54,372 INFO com.surshree.app.services.CustomUserDetailsService [http-nio-8080-exec-10] Granted Authorities --> ROLE_CONT
2020-05-26 12:27:54,379 INFO com.surshree.app.services.CustomUserDetailsService [http-nio-8080-exec-10] Granted Authorities --> FUNC_CONT_MENU
2020-05-26 12:27:54,682 INFO com.surshree.app.services.CustomUserDetailsService [http-nio-8080-exec-6] Granted Authorities --> ROLE_CONT
2020-05-26 12:27:54,683 INFO com.surshree.app.services.CustomUserDetailsService [http-nio-8080-exec-6] Granted Authorities --> FUNC_CONT_MENU
2020-05-26 12:28:04,188 INFO com.surshree.app.services.CustomUserDetailsService [http-nio-8080-exec-8] Granted Authorities --> ROLE_CONT
2020-05-26 12:28:04,189 INFO com.surshree.app.services.CustomUserDetailsService [http-nio-8080-exec-8] Granted Authorities --> FUNC_CONT_MENU
2020-05-26 12:33:08,454 INFO com.surshree.app.scheduling.CacheScheduler [scheduling-1] Clear user cache : START
2020-05-26 12:33:08,457 INFO com.surshree.app.scheduling.CacheScheduler [scheduling-1] Clear user cache : END
2020-05-26 12:33:30,902 INFO com.surshree.app.services.CustomUserDetailsService [http-nio-8080-exec-6] Granted Authorities --> ROLE_CONT
2020-05-26 12:33:30,905 INFO com.surshree.app.services.CustomUserDetailsService [http-nio-8080-exec-6] Granted Authorities --> FUNC_CONT_MENU
2020-05-26 12:33:31,546 INFO com.surshree.app.services.CustomUserDetailsService [http-nio-8080-exec-3] Granted Authorities --> ROLE_CONT
2020-05-26 12:33:31,547 INFO com.surshree.app.services.CustomUserDetailsService [http-nio-8080-exec-3] Granted Authorities --> FUNC_CONT_MENU
2020-05-26 12:33:34,054 INFO com.surshree.app.services.CustomUserDetailsService [http-nio-8080-exec-2] Granted Authorities --> ROLE_CONT
2020-05-26 12:33:34,057 INFO com.surshree.app.services.CustomUserDetailsService [http-nio-8080-exec-2] Granted Authorities --> FUNC_CONT_MENU
2020-05-26 12:33:34,506 INFO com.surshree.app.services.CustomUserDetailsService [http-nio-8080-exec-4] Granted Authorities --> ROLE_CONT
2020-05-26 12:33:34,507 INFO com.surshree.app.services.CustomUserDetailsService [http-nio-8080-exec-4] Granted Authorities --> FUNC_CONT_MENU
2020-05-26 12:33:52,076 INFO com.surshree.app.services.CustomUserDetailsService [http-nio-8080-exec-4] Granted Authorities --> ROLE_CONT
2020-05-26 12:33:52,077 INFO com.surshree.app.services.CustomUserDetailsService [http-nio-8080-exec-4] Granted Authorities --> FUNC_CONT_MENU
2020-05-26 12:33:52,433 INFO com.surshree.app.services.CustomUserDetailsService [http-nio-8080-exec-5] Granted Authorities --> ROLE_CONT
2020-05-26 12:33:52,434 INFO com.surshree.app.services.CustomUserDetailsService [http-nio-8080-exec-5] Granted Authorities --> FUNC_CONT_MENU
2020-05-26 12:33:54,819 INFO com.surshree.app.services.CustomUserDetailsService [http-nio-8080-exec-5] Granted Authorities --> ROLE_CONT
2020-05-26 12:33:54,819 INFO com.surshree.app.services.CustomUserDetailsService [http-nio-8080-exec-5] Granted Authorities --> FUNC_CONT_MENU
2020-05-26 12:33:55,171 INFO com.surshree.app.services.CustomUserDetailsService [http-nio-8080-exec-3] Granted Authorities --> ROLE_CONT
2020-05-26 12:33:55,172 INFO com.surshree.app.services.CustomUserDetailsService [http-nio-8080-exec-3] Granted Authorities --> FUNC_CONT_MENU
2020-05-26 12:34:22,912 INFO com.surshree.app.services.CustomUserDetailsService [http-nio-8080-exec-8] Granted Authorities --> ROLE_CONT
2020-05-26 12:34:22,915 INFO com.surshree.app.services.CustomUserDetailsService [http-nio-8080-exec-8] Granted Authorities --> FUNC_CONT_MENU
2020-05-26 12:34:23,169 INFO com.surshree.app.services.CustomUserDetailsService [http-nio-8080-exec-6] Granted Authorities --> ROLE_CONT
2020-05-26 12:34:23,169 INFO com.surshree.app.services.CustomUserDetailsService [http-nio-8080-exec-6] Granted Authorities --> FUNC_CONT_MENU
2020-05-26 12:34:25,563 INFO com.surshree.app.services.CustomUserDetailsService [http-nio-8080-exec-6] Granted Authorities --> ROLE_CONT
2020-05-26 12:34:25,565 INFO com.surshree.app.services.CustomUserDetailsService [http-nio-8080-exec-6] Granted Authorities --> FUNC_CONT_MENU
2020-05-26 12:34:25,999 INFO com.surshree.app.services.CustomUserDetailsService [http-nio-8080-exec-1] Granted Authorities --> ROLE_CONT
2020-05-26 12:34:26,000 INFO com.surshree.app.services.CustomUserDetailsService [http-nio-8080-exec-1] Granted Authorities --> FUNC_CONT_MENU
2020-05-26 12:34:42,396 INFO com.surshree.app.services.CustomUserDetailsService [http-nio-8080-exec-2] Granted Authorities --> ROLE_CONT
2020-05-26 12:34:42,397 INFO com.surshree.app.services.CustomUserDetailsService [http-nio-8080-exec-2] Granted Authorities --> FUNC_CONT_MENU
2020-05-26 12:34:42,758 INFO com.surshree.app.services.CustomUserDetailsService [http-nio-8080-exec-7] Granted Authorities --> ROLE_CONT
2020-05-26 12:34:42,759 INFO com.surshree.app.services.CustomUserDetailsService [http-nio-8080-exec-7] Granted Authorities --> FUNC_CONT_MENU
2020-05-26 12:34:44,067 INFO com.surshree.app.services.CustomUserDetailsService [http-nio-8080-exec-7] Granted Authorities --> ROLE_CONT
2020-05-26 12:34:44,069 INFO com.surshree.app.services.CustomUserDetailsService [http-nio-8080-exec-7] Granted Authorities --> FUNC_CONT_MENU
2020-05-26 12:34:44,438 INFO com.surshree.app.services.CustomUserDetailsService [http-nio-8080-exec-1] Granted Authorities --> ROLE_CONT
2020-05-26 12:34:44,439 INFO com.surshree.app.services.CustomUserDetailsService [http-nio-8080-exec-1] Granted Authorities --> FUNC_CONT_MENU
2020-05-26 12:35:18,153 INFO com.surshree.app.services.CustomUserDetailsService [http-nio-8080-exec-6] Granted Authorities --> ROLE_CONT
2020-05-26 12:35:18,154 INFO com.surshree.app.services.CustomUserDetailsService [http-nio-8080-exec-6] Granted Authorities --> FUNC_CONT_MENU
2020-05-26 12:35:18,598 INFO com.surshree.app.services.CustomUserDetailsService [http-nio-8080-exec-4] Granted Authorities --> ROLE_CONT
2020-05-26 12:35:18,598 INFO com.surshree.app.services.CustomUserDetailsService [http-nio-8080-exec-4] Granted Authorities --> FUNC_CONT_MENU
2020-05-26 12:35:18,638 INFO com.surshree.app.services.CustomUserDetailsService [http-nio-8080-exec-5] Granted Authorities --> ROLE_CONT
2020-05-26 12:35:18,639 INFO com.surshree.app.services.CustomUserDetailsService [http-nio-8080-exec-5] Granted Authorities --> FUNC_CONT_MENU
2020-05-26 12:35:19,267 INFO com.surshree.app.services.CustomUserDetailsService [http-nio-8080-exec-9] Granted Authorities --> ROLE_CONT
2020-05-26 12:35:19,268 INFO com.surshree.app.services.CustomUserDetailsService [http-nio-8080-exec-9] Granted Authorities --> FUNC_CONT_MENU
2020-05-26 12:35:44,340 INFO com.surshree.app.services.CustomUserDetailsService [http-nio-8080-exec-8] Granted Authorities --> ROLE_CONT
2020-05-26 12:35:44,341 INFO com.surshree.app.services.CustomUserDetailsService [http-nio-8080-exec-8] Granted Authorities --> FUNC_CONT_MENU
2020-05-26 12:35:44,844 INFO com.surshree.app.services.CustomUserDetailsService [http-nio-8080-exec-7] Granted Authorities --> ROLE_CONT
2020-05-26 12:35:44,845 INFO com.surshree.app.services.CustomUserDetailsService [http-nio-8080-exec-7] Granted Authorities --> FUNC_CONT_MENU
2020-05-26 12:35:45,656 INFO com.surshree.app.services.CustomUserDetailsService [http-nio-8080-exec-6] Granted Authorities --> ROLE_CONT
2020-05-26 12:35:45,664 INFO com.surshree.app.services.CustomUserDetailsService [http-nio-8080-exec-6] Granted Authorities --> FUNC_CONT_MENU
2020-05-26 12:35:46,571 INFO com.surshree.app.services.CustomUserDetailsService [http-nio-8080-exec-1] Granted Authorities --> ROLE_CONT
2020-05-26 12:35:46,571 INFO com.surshree.app.services.CustomUserDetailsService [http-nio-8080-exec-1] Granted Authorities --> FUNC_CONT_MENU
2020-05-26 12:36:53,659 INFO com.surshree.app.services.CustomUserDetailsService [http-nio-8080-exec-3] Granted Authorities --> ROLE_CONT
2020-05-26 12:36:53,662 INFO com.surshree.app.services.CustomUserDetailsService [http-nio-8080-exec-3] Granted Authorities --> FUNC_CONT_MENU
2020-05-26 12:36:54,074 INFO com.surshree.app.services.CustomUserDetailsService [http-nio-8080-exec-4] Granted Authorities --> ROLE_CONT
2020-05-26 12:36:54,075 INFO com.surshree.app.services.CustomUserDetailsService [http-nio-8080-exec-4] Granted Authorities --> FUNC_CONT_MENU
2020-05-26 12:36:55,162 INFO com.surshree.app.services.CustomUserDetailsService [http-nio-8080-exec-8] Granted Authorities --> ROLE_CONT
2020-05-26 12:36:55,162 INFO com.surshree.app.services.CustomUserDetailsService [http-nio-8080-exec-8] Granted Authorities --> FUNC_CONT_MENU
2020-05-26 12:36:55,509 INFO com.surshree.app.services.CustomUserDetailsService [http-nio-8080-exec-10] Granted Authorities --> ROLE_CONT
2020-05-26 12:36:55,510 INFO com.surshree.app.services.CustomUserDetailsService [http-nio-8080-exec-10] Granted Authorities --> FUNC_CONT_MENU
2020-05-26 12:36:58,786 INFO com.surshree.app.services.CustomUserDetailsService [http-nio-8080-exec-1] Granted Authorities --> ROLE_CONT
2020-05-26 12:36:58,788 INFO com.surshree.app.services.CustomUserDetailsService [http-nio-8080-exec-1] Granted Authorities --> FUNC_CONT_MENU
2020-05-26 12:37:18,787 INFO com.surshree.app.services.CustomUserDetailsService [http-nio-8080-exec-8] Granted Authorities --> ROLE_CONT
2020-05-26 12:37:18,788 INFO com.surshree.app.services.CustomUserDetailsService [http-nio-8080-exec-8] Granted Authorities --> FUNC_CONT_MENU
2020-05-26 12:42:29,915 INFO com.surshree.app.services.CustomUserDetailsService [http-nio-8080-exec-9] Granted Authorities --> ROLE_CONT
2020-05-26 12:42:29,923 INFO com.surshree.app.services.CustomUserDetailsService [http-nio-8080-exec-9] Granted Authorities --> FUNC_CONT_MENU
2020-05-26 12:42:30,170 INFO com.surshree.app.services.CustomUserDetailsService [http-nio-8080-exec-4] Granted Authorities --> ROLE_CONT
2020-05-26 12:42:30,171 INFO com.surshree.app.services.CustomUserDetailsService [http-nio-8080-exec-4] Granted Authorities --> FUNC_CONT_MENU
2020-05-26 12:42:30,554 INFO com.surshree.app.services.CustomUserDetailsService [http-nio-8080-exec-6] Granted Authorities --> ROLE_CONT
2020-05-26 12:42:30,555 INFO com.surshree.app.services.CustomUserDetailsService [http-nio-8080-exec-6] Granted Authorities --> FUNC_CONT_MENU
2020-05-26 12:42:30,949 INFO com.surshree.app.services.CustomUserDetailsService [http-nio-8080-exec-1] Granted Authorities --> ROLE_CONT
2020-05-26 12:42:30,950 INFO com.surshree.app.services.CustomUserDetailsService [http-nio-8080-exec-1] Granted Authorities --> FUNC_CONT_MENU
2020-05-26 12:42:36,163 INFO com.surshree.app.services.CustomUserDetailsService [http-nio-8080-exec-10] Granted Authorities --> ROLE_CONT
2020-05-26 12:42:36,168 INFO com.surshree.app.services.CustomUserDetailsService [http-nio-8080-exec-10] Granted Authorities --> FUNC_CONT_MENU
2020-05-26 12:43:08,494 INFO com.surshree.app.scheduling.CacheScheduler [scheduling-1] Clear user cache : START
2020-05-26 12:43:08,496 INFO com.surshree.app.scheduling.CacheScheduler [scheduling-1] Clear user cache : END
2020-05-26 12:43:10,130 INFO com.surshree.app.services.CustomUserDetailsService [http-nio-8080-exec-2] Granted Authorities --> ROLE_CONT
2020-05-26 12:43:10,131 INFO com.surshree.app.services.CustomUserDetailsService [http-nio-8080-exec-2] Granted Authorities --> FUNC_CONT_MENU
2020-05-26 12:43:10,574 INFO com.surshree.app.services.CustomUserDetailsService [http-nio-8080-exec-4] Granted Authorities --> ROLE_CONT
2020-05-26 12:43:10,575 INFO com.surshree.app.services.CustomUserDetailsService [http-nio-8080-exec-4] Granted Authorities --> FUNC_CONT_MENU
2020-05-26 12:43:11,009 INFO com.surshree.app.services.CustomUserDetailsService [http-nio-8080-exec-6] Granted Authorities --> ROLE_CONT
2020-05-26 12:43:11,010 INFO com.surshree.app.services.CustomUserDetailsService [http-nio-8080-exec-6] Granted Authorities --> FUNC_CONT_MENU
2020-05-26 12:43:11,217 INFO com.surshree.app.services.CustomUserDetailsService [http-nio-8080-exec-3] Granted Authorities --> ROLE_CONT
2020-05-26 12:43:11,218 INFO com.surshree.app.services.CustomUserDetailsService [http-nio-8080-exec-3] Granted Authorities --> FUNC_CONT_MENU
2020-05-26 12:43:14,701 INFO com.surshree.app.services.CustomUserDetailsService [http-nio-8080-exec-9] Granted Authorities --> ROLE_CONT
2020-05-26 12:43:14,702 INFO com.surshree.app.services.CustomUserDetailsService [http-nio-8080-exec-9] Granted Authorities --> FUNC_CONT_MENU
2020-05-26 12:43:16,447 INFO com.surshree.app.services.CustomUserDetailsService [http-nio-8080-exec-7] Granted Authorities --> ROLE_CONT
2020-05-26 12:43:16,449 INFO com.surshree.app.services.CustomUserDetailsService [http-nio-8080-exec-7] Granted Authorities --> FUNC_CONT_MENU
2020-05-26 12:43:17,702 INFO com.surshree.app.services.CustomUserDetailsService [http-nio-8080-exec-3] Granted Authorities --> ROLE_CONT
2020-05-26 12:43:17,703 INFO com.surshree.app.services.CustomUserDetailsService [http-nio-8080-exec-3] Granted Authorities --> FUNC_CONT_MENU
2020-05-26 12:44:13,938 INFO com.surshree.app.services.CustomUserDetailsService [http-nio-8080-exec-3] Granted Authorities --> ROLE_CONT
2020-05-26 12:44:13,939 INFO com.surshree.app.services.CustomUserDetailsService [http-nio-8080-exec-3] Granted Authorities --> FUNC_CONT_MENU
2020-05-26 12:44:14,201 INFO com.surshree.app.services.CustomUserDetailsService [http-nio-8080-exec-5] Granted Authorities --> ROLE_CONT
2020-05-26 12:44:14,202 INFO com.surshree.app.services.CustomUserDetailsService [http-nio-8080-exec-5] Granted Authorities --> FUNC_CONT_MENU
2020-05-26 12:44:14,489 INFO com.surshree.app.services.CustomUserDetailsService [http-nio-8080-exec-2] Granted Authorities --> ROLE_CONT
2020-05-26 12:44:14,490 INFO com.surshree.app.services.CustomUserDetailsService [http-nio-8080-exec-2] Granted Authorities --> FUNC_CONT_MENU
2020-05-26 12:44:14,893 INFO com.surshree.app.services.CustomUserDetailsService [http-nio-8080-exec-4] Granted Authorities --> ROLE_CONT
2020-05-26 12:44:14,894 INFO com.surshree.app.services.CustomUserDetailsService [http-nio-8080-exec-4] Granted Authorities --> FUNC_CONT_MENU
2020-05-26 12:44:18,858 INFO com.surshree.app.services.CustomUserDetailsService [http-nio-8080-exec-8] Granted Authorities --> ROLE_CONT
2020-05-26 12:44:18,858 INFO com.surshree.app.services.CustomUserDetailsService [http-nio-8080-exec-8] Granted Authorities --> FUNC_CONT_MENU
2020-05-26 12:44:20,847 INFO com.surshree.app.services.CustomUserDetailsService [http-nio-8080-exec-2] Granted Authorities --> ROLE_CONT
2020-05-26 12:44:20,848 INFO com.surshree.app.services.CustomUserDetailsService [http-nio-8080-exec-2] Granted Authorities --> FUNC_CONT_MENU
2020-05-26 12:44:24,520 INFO com.surshree.app.services.CustomUserDetailsService [http-nio-8080-exec-7] Granted Authorities --> ROLE_CONT
2020-05-26 12:44:24,521 INFO com.surshree.app.services.CustomUserDetailsService [http-nio-8080-exec-7] Granted Authorities --> FUNC_CONT_MENU
2020-05-26 12:44:31,089 INFO com.surshree.app.services.CustomUserDetailsService [http-nio-8080-exec-3] Granted Authorities --> ROLE_CONT
2020-05-26 12:44:31,093 INFO com.surshree.app.services.CustomUserDetailsService [http-nio-8080-exec-3] Granted Authorities --> FUNC_CONT_MENU
2020-05-26 12:44:33,150 INFO com.surshree.app.services.CustomUserDetailsService [http-nio-8080-exec-9] Granted Authorities --> ROLE_CONT
2020-05-26 12:44:33,151 INFO com.surshree.app.services.CustomUserDetailsService [http-nio-8080-exec-9] Granted Authorities --> FUNC_CONT_MENU
2020-05-26 12:44:33,620 INFO com.surshree.app.services.CustomUserDetailsService [http-nio-8080-exec-2] Granted Authorities --> ROLE_CONT
2020-05-26 12:44:33,621 INFO com.surshree.app.services.CustomUserDetailsService [http-nio-8080-exec-2] Granted Authorities --> FUNC_CONT_MENU
2020-05-26 12:44:40,467 INFO com.surshree.app.services.CustomUserDetailsService [http-nio-8080-exec-4] Granted Authorities --> ROLE_CONT
2020-05-26 12:44:40,468 INFO com.surshree.app.services.CustomUserDetailsService [http-nio-8080-exec-4] Granted Authorities --> FUNC_CONT_MENU
2020-05-26 12:44:48,459 INFO com.surshree.app.services.CustomUserDetailsService [http-nio-8080-exec-1] Granted Authorities --> ROLE_CONT
2020-05-26 12:44:48,461 INFO com.surshree.app.services.CustomUserDetailsService [http-nio-8080-exec-1] Granted Authorities --> FUNC_CONT_MENU
2020-05-26 12:45:51,124 INFO com.surshree.app.controllers.FileController [http-nio-8080-exec-10] File download URL --> http://localhost:8080/file/f27288d0-6dcc-4d7e-8563-049672a1a42e
2020-05-26 12:45:54,784 INFO com.surshree.app.services.CustomUserDetailsService [http-nio-8080-exec-6] Granted Authorities --> ROLE_CONT
2020-05-26 12:45:54,784 INFO com.surshree.app.services.CustomUserDetailsService [http-nio-8080-exec-6] Granted Authorities --> FUNC_CONT_MENU
2020-05-26 12:45:55,540 ERROR com.surshree.app.exception.CustomResponseEntityExceptionHandler [http-nio-8080-exec-1] java.io.IOException: Broken pipe
org.apache.catalina.connector.ClientAbortException: java.io.IOException: Broken pipe
	at org.apache.catalina.connector.OutputBuffer.realWriteBytes(OutputBuffer.java:351)
	at org.apache.catalina.connector.OutputBuffer.flushByteBuffer(OutputBuffer.java:776)
	at org.apache.catalina.connector.OutputBuffer.append(OutputBuffer.java:681)
	at org.apache.catalina.connector.OutputBuffer.writeBytes(OutputBuffer.java:386)
	at org.apache.catalina.connector.OutputBuffer.write(OutputBuffer.java:364)
	at org.apache.catalina.connector.CoyoteOutputStream.write(CoyoteOutputStream.java:96)
	at org.springframework.security.web.util.OnCommittedResponseWrapper$SaveContextServletOutputStream.write(OnCommittedResponseWrapper.java:645)
	at org.springframework.security.web.util.OnCommittedResponseWrapper$SaveContextServletOutputStream.write(OnCommittedResponseWrapper.java:645)
	at org.springframework.util.StreamUtils.copyRange(StreamUtils.java:180)
	at org.springframework.http.converter.ResourceRegionHttpMessageConverter.writeResourceRegion(ResourceRegionHttpMessageConverter.java:159)
	at org.springframework.http.converter.ResourceRegionHttpMessageConverter.writeInternal(ResourceRegionHttpMessageConverter.java:136)
	at org.springframework.http.converter.AbstractGenericHttpMessageConverter.write(AbstractGenericHttpMessageConverter.java:104)
	at org.springframework.web.servlet.mvc.method.annotation.AbstractMessageConverterMethodProcessor.writeWithMessageConverters(AbstractMessageConverterMethodProcessor.java:287)
	at org.springframework.web.servlet.mvc.method.annotation.HttpEntityMethodProcessor.handleReturnValue(HttpEntityMethodProcessor.java:219)
	at org.springframework.web.method.support.HandlerMethodReturnValueHandlerComposite.handleReturnValue(HandlerMethodReturnValueHandlerComposite.java:82)
	at org.springframework.web.servlet.mvc.method.annotation.ServletInvocableHandlerMethod.invokeAndHandle(ServletInvocableHandlerMethod.java:123)
	at org.springframework.web.servlet.mvc.method.annotation.RequestMappingHandlerAdapter.invokeHandlerMethod(RequestMappingHandlerAdapter.java:879)
	at org.springframework.web.servlet.mvc.method.annotation.RequestMappingHandlerAdapter.handleInternal(RequestMappingHandlerAdapter.java:793)
	at org.springframework.web.servlet.mvc.method.AbstractHandlerMethodAdapter.handle(AbstractHandlerMethodAdapter.java:87)
	at org.springframework.web.servlet.DispatcherServlet.doDispatch(DispatcherServlet.java:1040)
	at org.springframework.web.servlet.DispatcherServlet.doService(DispatcherServlet.java:943)
	at org.springframework.web.servlet.FrameworkServlet.processRequest(FrameworkServlet.java:1006)
	at org.springframework.web.servlet.FrameworkServlet.doGet(FrameworkServlet.java:898)
	at javax.servlet.http.HttpServlet.service(HttpServlet.java:634)
	at org.springframework.web.servlet.FrameworkServlet.service(FrameworkServlet.java:883)
	at javax.servlet.http.HttpServlet.service(HttpServlet.java:741)
	at org.apache.catalina.core.ApplicationFilterChain.internalDoFilter(ApplicationFilterChain.java:231)
	at org.apache.catalina.core.ApplicationFilterChain.doFilter(ApplicationFilterChain.java:166)
	at org.apache.tomcat.websocket.server.WsFilter.doFilter(WsFilter.java:53)
	at org.apache.catalina.core.ApplicationFilterChain.internalDoFilter(ApplicationFilterChain.java:193)
	at org.apache.catalina.core.ApplicationFilterChain.doFilter(ApplicationFilterChain.java:166)
	at org.springframework.security.web.FilterChainProxy$VirtualFilterChain.doFilter(FilterChainProxy.java:320)
	at org.springframework.security.web.access.intercept.FilterSecurityInterceptor.invoke(FilterSecurityInterceptor.java:126)
	at org.springframework.security.web.access.intercept.FilterSecurityInterceptor.doFilter(FilterSecurityInterceptor.java:90)
	at org.springframework.security.web.FilterChainProxy$VirtualFilterChain.doFilter(FilterChainProxy.java:334)
	at org.springframework.security.web.access.ExceptionTranslationFilter.doFilter(ExceptionTranslationFilter.java:118)
	at org.springframework.security.web.FilterChainProxy$VirtualFilterChain.doFilter(FilterChainProxy.java:334)
	at org.springframework.security.web.session.SessionManagementFilter.doFilter(SessionManagementFilter.java:137)
	at org.springframework.security.web.FilterChainProxy$VirtualFilterChain.doFilter(FilterChainProxy.java:334)
	at org.springframework.security.web.authentication.AnonymousAuthenticationFilter.doFilter(AnonymousAuthenticationFilter.java:111)
	at org.springframework.security.web.FilterChainProxy$VirtualFilterChain.doFilter(FilterChainProxy.java:334)
	at org.springframework.security.web.servletapi.SecurityContextHolderAwareRequestFilter.doFilter(SecurityContextHolderAwareRequestFilter.java:158)
	at org.springframework.security.web.FilterChainProxy$VirtualFilterChain.doFilter(FilterChainProxy.java:334)
	at org.springframework.security.web.savedrequest.RequestCacheAwareFilter.doFilter(RequestCacheAwareFilter.java:63)
	at org.springframework.security.web.FilterChainProxy$VirtualFilterChain.doFilter(FilterChainProxy.java:334)
	at org.springframework.security.web.authentication.www.BasicAuthenticationFilter.doFilterInternal(BasicAuthenticationFilter.java:155)
	at org.springframework.web.filter.OncePerRequestFilter.doFilter(OncePerRequestFilter.java:119)
	at org.springframework.security.web.FilterChainProxy$VirtualFilterChain.doFilter(FilterChainProxy.java:334)
	at org.springframework.security.web.authentication.logout.LogoutFilter.doFilter(LogoutFilter.java:116)
	at org.springframework.security.web.FilterChainProxy$VirtualFilterChain.doFilter(FilterChainProxy.java:334)
	at org.springframework.web.filter.CorsFilter.doFilterInternal(CorsFilter.java:92)
	at org.springframework.web.filter.OncePerRequestFilter.doFilter(OncePerRequestFilter.java:119)
	at org.springframework.security.web.FilterChainProxy$VirtualFilterChain.doFilter(FilterChainProxy.java:334)
	at org.springframework.security.web.header.HeaderWriterFilter.doHeadersAfter(HeaderWriterFilter.java:92)
	at org.springframework.security.web.header.HeaderWriterFilter.doFilterInternal(HeaderWriterFilter.java:77)
	at org.springframework.web.filter.OncePerRequestFilter.doFilter(OncePerRequestFilter.java:119)
	at org.springframework.security.web.FilterChainProxy$VirtualFilterChain.doFilter(FilterChainProxy.java:334)
	at org.springframework.security.web.context.SecurityContextPersistenceFilter.doFilter(SecurityContextPersistenceFilter.java:105)
	at org.springframework.security.web.FilterChainProxy$VirtualFilterChain.doFilter(FilterChainProxy.java:334)
	at org.springframework.security.web.context.request.async.WebAsyncManagerIntegrationFilter.doFilterInternal(WebAsyncManagerIntegrationFilter.java:56)
	at org.springframework.web.filter.OncePerRequestFilter.doFilter(OncePerRequestFilter.java:119)
	at org.springframework.security.web.FilterChainProxy$VirtualFilterChain.doFilter(FilterChainProxy.java:334)
	at org.springframework.security.web.FilterChainProxy.doFilterInternal(FilterChainProxy.java:215)
	at org.springframework.security.web.FilterChainProxy.doFilter(FilterChainProxy.java:178)
	at org.springframework.web.filter.DelegatingFilterProxy.invokeDelegate(DelegatingFilterProxy.java:358)
	at org.springframework.web.filter.DelegatingFilterProxy.doFilter(DelegatingFilterProxy.java:271)
	at org.apache.catalina.core.ApplicationFilterChain.internalDoFilter(ApplicationFilterChain.java:193)
	at org.apache.catalina.core.ApplicationFilterChain.doFilter(ApplicationFilterChain.java:166)
	at org.springframework.web.filter.RequestContextFilter.doFilterInternal(RequestContextFilter.java:100)
	at org.springframework.web.filter.OncePerRequestFilter.doFilter(OncePerRequestFilter.java:119)
	at org.apache.catalina.core.ApplicationFilterChain.internalDoFilter(ApplicationFilterChain.java:193)
	at org.apache.catalina.core.ApplicationFilterChain.doFilter(ApplicationFilterChain.java:166)
	at org.springframework.web.filter.FormContentFilter.doFilterInternal(FormContentFilter.java:93)
	at org.springframework.web.filter.OncePerRequestFilter.doFilter(OncePerRequestFilter.java:119)
	at org.apache.catalina.core.ApplicationFilterChain.internalDoFilter(ApplicationFilterChain.java:193)
	at org.apache.catalina.core.ApplicationFilterChain.doFilter(ApplicationFilterChain.java:166)
	at org.springframework.boot.actuate.metrics.web.servlet.WebMvcMetricsFilter.doFilterInternal(WebMvcMetricsFilter.java:109)
	at org.springframework.web.filter.OncePerRequestFilter.doFilter(OncePerRequestFilter.java:119)
	at org.apache.catalina.core.ApplicationFilterChain.internalDoFilter(ApplicationFilterChain.java:193)
	at org.apache.catalina.core.ApplicationFilterChain.doFilter(ApplicationFilterChain.java:166)
	at org.springframework.web.filter.CharacterEncodingFilter.doFilterInternal(CharacterEncodingFilter.java:201)
	at org.springframework.web.filter.OncePerRequestFilter.doFilter(OncePerRequestFilter.java:119)
	at org.apache.catalina.core.ApplicationFilterChain.internalDoFilter(ApplicationFilterChain.java:193)
	at org.apache.catalina.core.ApplicationFilterChain.doFilter(ApplicationFilterChain.java:166)
	at org.apache.catalina.core.StandardWrapperValve.invoke(StandardWrapperValve.java:202)
	at org.apache.catalina.core.StandardContextValve.invoke(StandardContextValve.java:96)
	at org.apache.catalina.authenticator.AuthenticatorBase.invoke(AuthenticatorBase.java:541)
	at org.apache.catalina.core.StandardHostValve.invoke(StandardHostValve.java:139)
	at org.apache.catalina.valves.ErrorReportValve.invoke(ErrorReportValve.java:92)
	at org.apache.catalina.core.StandardEngineValve.invoke(StandardEngineValve.java:74)
	at org.apache.catalina.connector.CoyoteAdapter.service(CoyoteAdapter.java:343)
	at org.apache.coyote.http11.Http11Processor.service(Http11Processor.java:373)
	at org.apache.coyote.AbstractProcessorLight.process(AbstractProcessorLight.java:65)
	at org.apache.coyote.AbstractProtocol$ConnectionHandler.process(AbstractProtocol.java:868)
	at org.apache.tomcat.util.net.NioEndpoint$SocketProcessor.doRun(NioEndpoint.java:1594)
	at org.apache.tomcat.util.net.SocketProcessorBase.run(SocketProcessorBase.java:49)
	at java.base/java.util.concurrent.ThreadPoolExecutor.runWorker(ThreadPoolExecutor.java:1128)
	at java.base/java.util.concurrent.ThreadPoolExecutor$Worker.run(ThreadPoolExecutor.java:628)
	at org.apache.tomcat.util.threads.TaskThread$WrappingRunnable.run(TaskThread.java:61)
	at java.base/java.lang.Thread.run(Thread.java:834)
Caused by: java.io.IOException: Broken pipe
	at java.base/sun.nio.ch.FileDispatcherImpl.write0(Native Method)
	at java.base/sun.nio.ch.SocketDispatcher.write(SocketDispatcher.java:47)
	at java.base/sun.nio.ch.IOUtil.writeFromNativeBuffer(IOUtil.java:113)
	at java.base/sun.nio.ch.IOUtil.write(IOUtil.java:79)
	at java.base/sun.nio.ch.IOUtil.write(IOUtil.java:50)
	at java.base/sun.nio.ch.SocketChannelImpl.write(SocketChannelImpl.java:466)
	at org.apache.tomcat.util.net.NioChannel.write(NioChannel.java:138)
	at org.apache.tomcat.util.net.NioBlockingSelector.write(NioBlockingSelector.java:101)
	at org.apache.tomcat.util.net.NioSelectorPool.write(NioSelectorPool.java:152)
	at org.apache.tomcat.util.net.NioEndpoint$NioSocketWrapper.doWrite(NioEndpoint.java:1253)
	at org.apache.tomcat.util.net.SocketWrapperBase.doWrite(SocketWrapperBase.java:740)
	at org.apache.tomcat.util.net.SocketWrapperBase.writeBlocking(SocketWrapperBase.java:560)
	at org.apache.tomcat.util.net.SocketWrapperBase.write(SocketWrapperBase.java:504)
	at org.apache.coyote.http11.Http11OutputBuffer$SocketOutputBuffer.doWrite(Http11OutputBuffer.java:538)
	at org.apache.coyote.http11.filters.IdentityOutputFilter.doWrite(IdentityOutputFilter.java:73)
	at org.apache.coyote.http11.Http11OutputBuffer.doWrite(Http11OutputBuffer.java:190)
	at org.apache.coyote.Response.doWrite(Response.java:601)
	at org.apache.catalina.connector.OutputBuffer.realWriteBytes(OutputBuffer.java:339)
	... 99 common frames omitted
2020-05-26 12:45:55,554 WARN org.springframework.web.servlet.mvc.method.annotation.ExceptionHandlerExceptionResolver [http-nio-8080-exec-1] Failure in @ExceptionHandler com.surshree.app.exception.CustomResponseEntityExceptionHandler#handleAllException(Exception, WebRequest)
org.springframework.http.converter.HttpMessageNotWritableException: No converter for [class com.surshree.app.exception.ExceptionMessage] with preset Content-Type 'audio/mpeg'
	at org.springframework.web.servlet.mvc.method.annotation.AbstractMessageConverterMethodProcessor.writeWithMessageConverters(AbstractMessageConverterMethodProcessor.java:309)
	at org.springframework.web.servlet.mvc.method.annotation.HttpEntityMethodProcessor.handleReturnValue(HttpEntityMethodProcessor.java:219)
	at org.springframework.web.method.support.HandlerMethodReturnValueHandlerComposite.handleReturnValue(HandlerMethodReturnValueHandlerComposite.java:82)
	at org.springframework.web.servlet.mvc.method.annotation.ServletInvocableHandlerMethod.invokeAndHandle(ServletInvocableHandlerMethod.java:123)
	at org.springframework.web.servlet.mvc.method.annotation.ExceptionHandlerExceptionResolver.doResolveHandlerMethodException(ExceptionHandlerExceptionResolver.java:403)
	at org.springframework.web.servlet.handler.AbstractHandlerMethodExceptionResolver.doResolveException(AbstractHandlerMethodExceptionResolver.java:61)
	at org.springframework.web.servlet.handler.AbstractHandlerExceptionResolver.resolveException(AbstractHandlerExceptionResolver.java:141)
	at org.springframework.web.servlet.handler.HandlerExceptionResolverComposite.resolveException(HandlerExceptionResolverComposite.java:80)
	at org.springframework.web.servlet.DispatcherServlet.processHandlerException(DispatcherServlet.java:1300)
	at org.springframework.web.servlet.DispatcherServlet.processDispatchResult(DispatcherServlet.java:1111)
	at org.springframework.web.servlet.DispatcherServlet.doDispatch(DispatcherServlet.java:1057)
	at org.springframework.web.servlet.DispatcherServlet.doService(DispatcherServlet.java:943)
	at org.springframework.web.servlet.FrameworkServlet.processRequest(FrameworkServlet.java:1006)
	at org.springframework.web.servlet.FrameworkServlet.doGet(FrameworkServlet.java:898)
	at javax.servlet.http.HttpServlet.service(HttpServlet.java:634)
	at org.springframework.web.servlet.FrameworkServlet.service(FrameworkServlet.java:883)
	at javax.servlet.http.HttpServlet.service(HttpServlet.java:741)
	at org.apache.catalina.core.ApplicationFilterChain.internalDoFilter(ApplicationFilterChain.java:231)
	at org.apache.catalina.core.ApplicationFilterChain.doFilter(ApplicationFilterChain.java:166)
	at org.apache.tomcat.websocket.server.WsFilter.doFilter(WsFilter.java:53)
	at org.apache.catalina.core.ApplicationFilterChain.internalDoFilter(ApplicationFilterChain.java:193)
	at org.apache.catalina.core.ApplicationFilterChain.doFilter(ApplicationFilterChain.java:166)
	at org.springframework.security.web.FilterChainProxy$VirtualFilterChain.doFilter(FilterChainProxy.java:320)
	at org.springframework.security.web.access.intercept.FilterSecurityInterceptor.invoke(FilterSecurityInterceptor.java:126)
	at org.springframework.security.web.access.intercept.FilterSecurityInterceptor.doFilter(FilterSecurityInterceptor.java:90)
	at org.springframework.security.web.FilterChainProxy$VirtualFilterChain.doFilter(FilterChainProxy.java:334)
	at org.springframework.security.web.access.ExceptionTranslationFilter.doFilter(ExceptionTranslationFilter.java:118)
	at org.springframework.security.web.FilterChainProxy$VirtualFilterChain.doFilter(FilterChainProxy.java:334)
	at org.springframework.security.web.session.SessionManagementFilter.doFilter(SessionManagementFilter.java:137)
	at org.springframework.security.web.FilterChainProxy$VirtualFilterChain.doFilter(FilterChainProxy.java:334)
	at org.springframework.security.web.authentication.AnonymousAuthenticationFilter.doFilter(AnonymousAuthenticationFilter.java:111)
	at org.springframework.security.web.FilterChainProxy$VirtualFilterChain.doFilter(FilterChainProxy.java:334)
	at org.springframework.security.web.servletapi.SecurityContextHolderAwareRequestFilter.doFilter(SecurityContextHolderAwareRequestFilter.java:158)
	at org.springframework.security.web.FilterChainProxy$VirtualFilterChain.doFilter(FilterChainProxy.java:334)
	at org.springframework.security.web.savedrequest.RequestCacheAwareFilter.doFilter(RequestCacheAwareFilter.java:63)
	at org.springframework.security.web.FilterChainProxy$VirtualFilterChain.doFilter(FilterChainProxy.java:334)
	at org.springframework.security.web.authentication.www.BasicAuthenticationFilter.doFilterInternal(BasicAuthenticationFilter.java:155)
	at org.springframework.web.filter.OncePerRequestFilter.doFilter(OncePerRequestFilter.java:119)
	at org.springframework.security.web.FilterChainProxy$VirtualFilterChain.doFilter(FilterChainProxy.java:334)
	at org.springframework.security.web.authentication.logout.LogoutFilter.doFilter(LogoutFilter.java:116)
	at org.springframework.security.web.FilterChainProxy$VirtualFilterChain.doFilter(FilterChainProxy.java:334)
	at org.springframework.web.filter.CorsFilter.doFilterInternal(CorsFilter.java:92)
	at org.springframework.web.filter.OncePerRequestFilter.doFilter(OncePerRequestFilter.java:119)
	at org.springframework.security.web.FilterChainProxy$VirtualFilterChain.doFilter(FilterChainProxy.java:334)
	at org.springframework.security.web.header.HeaderWriterFilter.doHeadersAfter(HeaderWriterFilter.java:92)
	at org.springframework.security.web.header.HeaderWriterFilter.doFilterInternal(HeaderWriterFilter.java:77)
	at org.springframework.web.filter.OncePerRequestFilter.doFilter(OncePerRequestFilter.java:119)
	at org.springframework.security.web.FilterChainProxy$VirtualFilterChain.doFilter(FilterChainProxy.java:334)
	at org.springframework.security.web.context.SecurityContextPersistenceFilter.doFilter(SecurityContextPersistenceFilter.java:105)
	at org.springframework.security.web.FilterChainProxy$VirtualFilterChain.doFilter(FilterChainProxy.java:334)
	at org.springframework.security.web.context.request.async.WebAsyncManagerIntegrationFilter.doFilterInternal(WebAsyncManagerIntegrationFilter.java:56)
	at org.springframework.web.filter.OncePerRequestFilter.doFilter(OncePerRequestFilter.java:119)
	at org.springframework.security.web.FilterChainProxy$VirtualFilterChain.doFilter(FilterChainProxy.java:334)
	at org.springframework.security.web.FilterChainProxy.doFilterInternal(FilterChainProxy.java:215)
	at org.springframework.security.web.FilterChainProxy.doFilter(FilterChainProxy.java:178)
	at org.springframework.web.filter.DelegatingFilterProxy.invokeDelegate(DelegatingFilterProxy.java:358)
	at org.springframework.web.filter.DelegatingFilterProxy.doFilter(DelegatingFilterProxy.java:271)
	at org.apache.catalina.core.ApplicationFilterChain.internalDoFilter(ApplicationFilterChain.java:193)
	at org.apache.catalina.core.ApplicationFilterChain.doFilter(ApplicationFilterChain.java:166)
	at org.springframework.web.filter.RequestContextFilter.doFilterInternal(RequestContextFilter.java:100)
	at org.springframework.web.filter.OncePerRequestFilter.doFilter(OncePerRequestFilter.java:119)
	at org.apache.catalina.core.ApplicationFilterChain.internalDoFilter(ApplicationFilterChain.java:193)
	at org.apache.catalina.core.ApplicationFilterChain.doFilter(ApplicationFilterChain.java:166)
	at org.springframework.web.filter.FormContentFilter.doFilterInternal(FormContentFilter.java:93)
	at org.springframework.web.filter.OncePerRequestFilter.doFilter(OncePerRequestFilter.java:119)
	at org.apache.catalina.core.ApplicationFilterChain.internalDoFilter(ApplicationFilterChain.java:193)
	at org.apache.catalina.core.ApplicationFilterChain.doFilter(ApplicationFilterChain.java:166)
	at org.springframework.boot.actuate.metrics.web.servlet.WebMvcMetricsFilter.doFilterInternal(WebMvcMetricsFilter.java:109)
	at org.springframework.web.filter.OncePerRequestFilter.doFilter(OncePerRequestFilter.java:119)
	at org.apache.catalina.core.ApplicationFilterChain.internalDoFilter(ApplicationFilterChain.java:193)
	at org.apache.catalina.core.ApplicationFilterChain.doFilter(ApplicationFilterChain.java:166)
	at org.springframework.web.filter.CharacterEncodingFilter.doFilterInternal(CharacterEncodingFilter.java:201)
	at org.springframework.web.filter.OncePerRequestFilter.doFilter(OncePerRequestFilter.java:119)
	at org.apache.catalina.core.ApplicationFilterChain.internalDoFilter(ApplicationFilterChain.java:193)
	at org.apache.catalina.core.ApplicationFilterChain.doFilter(ApplicationFilterChain.java:166)
	at org.apache.catalina.core.StandardWrapperValve.invoke(StandardWrapperValve.java:202)
	at org.apache.catalina.core.StandardContextValve.invoke(StandardContextValve.java:96)
	at org.apache.catalina.authenticator.AuthenticatorBase.invoke(AuthenticatorBase.java:541)
	at org.apache.catalina.core.StandardHostValve.invoke(StandardHostValve.java:139)
	at org.apache.catalina.valves.ErrorReportValve.invoke(ErrorReportValve.java:92)
	at org.apache.catalina.core.StandardEngineValve.invoke(StandardEngineValve.java:74)
	at org.apache.catalina.connector.CoyoteAdapter.service(CoyoteAdapter.java:343)
	at org.apache.coyote.http11.Http11Processor.service(Http11Processor.java:373)
	at org.apache.coyote.AbstractProcessorLight.process(AbstractProcessorLight.java:65)
	at org.apache.coyote.AbstractProtocol$ConnectionHandler.process(AbstractProtocol.java:868)
	at org.apache.tomcat.util.net.NioEndpoint$SocketProcessor.doRun(NioEndpoint.java:1594)
	at org.apache.tomcat.util.net.SocketProcessorBase.run(SocketProcessorBase.java:49)
	at java.base/java.util.concurrent.ThreadPoolExecutor.runWorker(ThreadPoolExecutor.java:1128)
	at java.base/java.util.concurrent.ThreadPoolExecutor$Worker.run(ThreadPoolExecutor.java:628)
	at org.apache.tomcat.util.threads.TaskThread$WrappingRunnable.run(TaskThread.java:61)
	at java.base/java.lang.Thread.run(Thread.java:834)
2020-05-26 12:47:57,210 INFO com.surshree.app.controllers.FileController [http-nio-8080-exec-3] File download URL --> http://localhost:8080/file/66c94b35-d88a-4a98-a4e1-95d16ddc50c0
2020-05-26 12:48:00,373 INFO com.surshree.app.services.CustomUserDetailsService [http-nio-8080-exec-5] Granted Authorities --> ROLE_CONT
2020-05-26 12:48:00,373 INFO com.surshree.app.services.CustomUserDetailsService [http-nio-8080-exec-5] Granted Authorities --> FUNC_CONT_MENU
2020-05-26 12:48:00,378 ERROR com.surshree.app.exception.CustomResponseEntityExceptionHandler [http-nio-8080-exec-5] Your mobile number 6019270003 is already registered with Sur Shree App.
javax.validation.ValidationException: Your mobile number 6019270003 is already registered with Sur Shree App.
	at com.surshree.app.controllers.AuthController.getOtpForNewUser(AuthController.java:93)
	at java.base/jdk.internal.reflect.NativeMethodAccessorImpl.invoke0(Native Method)
	at java.base/jdk.internal.reflect.NativeMethodAccessorImpl.invoke(NativeMethodAccessorImpl.java:62)
	at java.base/jdk.internal.reflect.DelegatingMethodAccessorImpl.invoke(DelegatingMethodAccessorImpl.java:43)
	at java.base/java.lang.reflect.Method.invoke(Method.java:566)
	at org.springframework.web.method.support.InvocableHandlerMethod.doInvoke(InvocableHandlerMethod.java:190)
	at org.springframework.web.method.support.InvocableHandlerMethod.invokeForRequest(InvocableHandlerMethod.java:138)
	at org.springframework.web.servlet.mvc.method.annotation.ServletInvocableHandlerMethod.invokeAndHandle(ServletInvocableHandlerMethod.java:105)
	at org.springframework.web.servlet.mvc.method.annotation.RequestMappingHandlerAdapter.invokeHandlerMethod(RequestMappingHandlerAdapter.java:879)
	at org.springframework.web.servlet.mvc.method.annotation.RequestMappingHandlerAdapter.handleInternal(RequestMappingHandlerAdapter.java:793)
	at org.springframework.web.servlet.mvc.method.AbstractHandlerMethodAdapter.handle(AbstractHandlerMethodAdapter.java:87)
	at org.springframework.web.servlet.DispatcherServlet.doDispatch(DispatcherServlet.java:1040)
	at org.springframework.web.servlet.DispatcherServlet.doService(DispatcherServlet.java:943)
	at org.springframework.web.servlet.FrameworkServlet.processRequest(FrameworkServlet.java:1006)
	at org.springframework.web.servlet.FrameworkServlet.doGet(FrameworkServlet.java:898)
	at javax.servlet.http.HttpServlet.service(HttpServlet.java:634)
	at org.springframework.web.servlet.FrameworkServlet.service(FrameworkServlet.java:883)
	at javax.servlet.http.HttpServlet.service(HttpServlet.java:741)
	at org.apache.catalina.core.ApplicationFilterChain.internalDoFilter(ApplicationFilterChain.java:231)
	at org.apache.catalina.core.ApplicationFilterChain.doFilter(ApplicationFilterChain.java:166)
	at org.apache.tomcat.websocket.server.WsFilter.doFilter(WsFilter.java:53)
	at org.apache.catalina.core.ApplicationFilterChain.internalDoFilter(ApplicationFilterChain.java:193)
	at org.apache.catalina.core.ApplicationFilterChain.doFilter(ApplicationFilterChain.java:166)
	at org.springframework.security.web.FilterChainProxy$VirtualFilterChain.doFilter(FilterChainProxy.java:320)
	at org.springframework.security.web.access.intercept.FilterSecurityInterceptor.invoke(FilterSecurityInterceptor.java:126)
	at org.springframework.security.web.access.intercept.FilterSecurityInterceptor.doFilter(FilterSecurityInterceptor.java:90)
	at org.springframework.security.web.FilterChainProxy$VirtualFilterChain.doFilter(FilterChainProxy.java:334)
	at org.springframework.security.web.access.ExceptionTranslationFilter.doFilter(ExceptionTranslationFilter.java:118)
	at org.springframework.security.web.FilterChainProxy$VirtualFilterChain.doFilter(FilterChainProxy.java:334)
	at org.springframework.security.web.session.SessionManagementFilter.doFilter(SessionManagementFilter.java:137)
	at org.springframework.security.web.FilterChainProxy$VirtualFilterChain.doFilter(FilterChainProxy.java:334)
	at org.springframework.security.web.authentication.AnonymousAuthenticationFilter.doFilter(AnonymousAuthenticationFilter.java:111)
	at org.springframework.security.web.FilterChainProxy$VirtualFilterChain.doFilter(FilterChainProxy.java:334)
	at org.springframework.security.web.servletapi.SecurityContextHolderAwareRequestFilter.doFilter(SecurityContextHolderAwareRequestFilter.java:158)
	at org.springframework.security.web.FilterChainProxy$VirtualFilterChain.doFilter(FilterChainProxy.java:334)
	at org.springframework.security.web.savedrequest.RequestCacheAwareFilter.doFilter(RequestCacheAwareFilter.java:63)
	at org.springframework.security.web.FilterChainProxy$VirtualFilterChain.doFilter(FilterChainProxy.java:334)
	at org.springframework.security.web.authentication.www.BasicAuthenticationFilter.doFilterInternal(BasicAuthenticationFilter.java:155)
	at org.springframework.web.filter.OncePerRequestFilter.doFilter(OncePerRequestFilter.java:119)
	at org.springframework.security.web.FilterChainProxy$VirtualFilterChain.doFilter(FilterChainProxy.java:334)
	at org.springframework.security.web.authentication.logout.LogoutFilter.doFilter(LogoutFilter.java:116)
	at org.springframework.security.web.FilterChainProxy$VirtualFilterChain.doFilter(FilterChainProxy.java:334)
	at org.springframework.web.filter.CorsFilter.doFilterInternal(CorsFilter.java:92)
	at org.springframework.web.filter.OncePerRequestFilter.doFilter(OncePerRequestFilter.java:119)
	at org.springframework.security.web.FilterChainProxy$VirtualFilterChain.doFilter(FilterChainProxy.java:334)
	at org.springframework.security.web.header.HeaderWriterFilter.doHeadersAfter(HeaderWriterFilter.java:92)
	at org.springframework.security.web.header.HeaderWriterFilter.doFilterInternal(HeaderWriterFilter.java:77)
	at org.springframework.web.filter.OncePerRequestFilter.doFilter(OncePerRequestFilter.java:119)
	at org.springframework.security.web.FilterChainProxy$VirtualFilterChain.doFilter(FilterChainProxy.java:334)
	at org.springframework.security.web.context.SecurityContextPersistenceFilter.doFilter(SecurityContextPersistenceFilter.java:105)
	at org.springframework.security.web.FilterChainProxy$VirtualFilterChain.doFilter(FilterChainProxy.java:334)
	at org.springframework.security.web.context.request.async.WebAsyncManagerIntegrationFilter.doFilterInternal(WebAsyncManagerIntegrationFilter.java:56)
	at org.springframework.web.filter.OncePerRequestFilter.doFilter(OncePerRequestFilter.java:119)
	at org.springframework.security.web.FilterChainProxy$VirtualFilterChain.doFilter(FilterChainProxy.java:334)
	at org.springframework.security.web.FilterChainProxy.doFilterInternal(FilterChainProxy.java:215)
	at org.springframework.security.web.FilterChainProxy.doFilter(FilterChainProxy.java:178)
	at org.springframework.web.filter.DelegatingFilterProxy.invokeDelegate(DelegatingFilterProxy.java:358)
	at org.springframework.web.filter.DelegatingFilterProxy.doFilter(DelegatingFilterProxy.java:271)
	at org.apache.catalina.core.ApplicationFilterChain.internalDoFilter(ApplicationFilterChain.java:193)
	at org.apache.catalina.core.ApplicationFilterChain.doFilter(ApplicationFilterChain.java:166)
	at org.springframework.web.filter.RequestContextFilter.doFilterInternal(RequestContextFilter.java:100)
	at org.springframework.web.filter.OncePerRequestFilter.doFilter(OncePerRequestFilter.java:119)
	at org.apache.catalina.core.ApplicationFilterChain.internalDoFilter(ApplicationFilterChain.java:193)
	at org.apache.catalina.core.ApplicationFilterChain.doFilter(ApplicationFilterChain.java:166)
	at org.springframework.web.filter.FormContentFilter.doFilterInternal(FormContentFilter.java:93)
	at org.springframework.web.filter.OncePerRequestFilter.doFilter(OncePerRequestFilter.java:119)
	at org.apache.catalina.core.ApplicationFilterChain.internalDoFilter(ApplicationFilterChain.java:193)
	at org.apache.catalina.core.ApplicationFilterChain.doFilter(ApplicationFilterChain.java:166)
	at org.springframework.boot.actuate.metrics.web.servlet.WebMvcMetricsFilter.doFilterInternal(WebMvcMetricsFilter.java:109)
	at org.springframework.web.filter.OncePerRequestFilter.doFilter(OncePerRequestFilter.java:119)
	at org.apache.catalina.core.ApplicationFilterChain.internalDoFilter(ApplicationFilterChain.java:193)
	at org.apache.catalina.core.ApplicationFilterChain.doFilter(ApplicationFilterChain.java:166)
	at org.springframework.web.filter.CharacterEncodingFilter.doFilterInternal(CharacterEncodingFilter.java:201)
	at org.springframework.web.filter.OncePerRequestFilter.doFilter(OncePerRequestFilter.java:119)
	at org.apache.catalina.core.ApplicationFilterChain.internalDoFilter(ApplicationFilterChain.java:193)
	at org.apache.catalina.core.ApplicationFilterChain.doFilter(ApplicationFilterChain.java:166)
	at org.apache.catalina.core.StandardWrapperValve.invoke(StandardWrapperValve.java:202)
	at org.apache.catalina.core.StandardContextValve.invoke(StandardContextValve.java:96)
	at org.apache.catalina.authenticator.AuthenticatorBase.invoke(AuthenticatorBase.java:541)
	at org.apache.catalina.core.StandardHostValve.invoke(StandardHostValve.java:139)
	at org.apache.catalina.valves.ErrorReportValve.invoke(ErrorReportValve.java:92)
	at org.apache.catalina.core.StandardEngineValve.invoke(StandardEngineValve.java:74)
	at org.apache.catalina.connector.CoyoteAdapter.service(CoyoteAdapter.java:343)
	at org.apache.coyote.http11.Http11Processor.service(Http11Processor.java:373)
	at org.apache.coyote.AbstractProcessorLight.process(AbstractProcessorLight.java:65)
	at org.apache.coyote.AbstractProtocol$ConnectionHandler.process(AbstractProtocol.java:868)
	at org.apache.tomcat.util.net.NioEndpoint$SocketProcessor.doRun(NioEndpoint.java:1594)
	at org.apache.tomcat.util.net.SocketProcessorBase.run(SocketProcessorBase.java:49)
	at java.base/java.util.concurrent.ThreadPoolExecutor.runWorker(ThreadPoolExecutor.java:1128)
	at java.base/java.util.concurrent.ThreadPoolExecutor$Worker.run(ThreadPoolExecutor.java:628)
	at org.apache.tomcat.util.threads.TaskThread$WrappingRunnable.run(TaskThread.java:61)
	at java.base/java.lang.Thread.run(Thread.java:834)
2020-05-26 12:48:08,980 INFO com.surshree.app.services.OtpService [http-nio-8080-exec-10] OTP Generated
2020-05-26 12:48:23,607 INFO com.surshree.app.services.OtpService [http-nio-8080-exec-7] OTP Validated
2020-05-26 12:48:42,005 INFO com.surshree.app.services.OtpService [http-nio-8080-exec-1] OTP Generated
2020-05-26 12:48:42,014 INFO com.surshree.app.services.CustomUserDetailsService [http-nio-8080-exec-1] Granted Authorities --> ROLE_CONT
2020-05-26 12:48:42,014 INFO com.surshree.app.services.CustomUserDetailsService [http-nio-8080-exec-1] Granted Authorities --> FUNC_CONT_MENU
2020-05-26 12:48:52,924 INFO com.surshree.app.services.CustomUserDetailsService [http-nio-8080-exec-8] Granted Authorities --> ROLE_CONT
2020-05-26 12:48:52,925 INFO com.surshree.app.services.CustomUserDetailsService [http-nio-8080-exec-8] Granted Authorities --> FUNC_CONT_MENU
2020-05-26 12:48:53,318 INFO com.surshree.app.services.OtpService [http-nio-8080-exec-8] OTP Validated
2020-05-26 12:48:53,334 INFO org.springframework.security.oauth2.provider.token.store.JdbcTokenStore [http-nio-8080-exec-8] Failed to find access token for token 6ff97ab1-de25-478d-88fe-9f969eed9aef
2020-05-26 12:48:53,560 INFO com.surshree.app.services.CustomUserDetailsService [http-nio-8080-exec-9] Granted Authorities --> ROLE_CONT
2020-05-26 12:48:53,561 INFO com.surshree.app.services.CustomUserDetailsService [http-nio-8080-exec-9] Granted Authorities --> FUNC_CONT_MENU
2020-05-26 12:49:32,829 INFO com.surshree.app.controllers.FileController [http-nio-8080-exec-5] File download URL --> http://localhost:8080/file/62b03123-477d-4109-b0f4-a51b33259dff
2020-05-26 12:49:39,466 INFO com.surshree.app.services.CustomUserDetailsService [http-nio-8080-exec-7] Granted Authorities --> ROLE_CONT
2020-05-26 12:49:39,467 INFO com.surshree.app.services.CustomUserDetailsService [http-nio-8080-exec-7] Granted Authorities --> FUNC_CONT_MENU
2020-05-26 12:50:34,790 INFO com.surshree.app.services.CustomUserDetailsService [http-nio-8080-exec-7] Granted Authorities --> ROLE_CONT
2020-05-26 12:50:34,791 INFO com.surshree.app.services.CustomUserDetailsService [http-nio-8080-exec-7] Granted Authorities --> FUNC_CONT_MENU
2020-05-26 12:50:34,980 INFO com.surshree.app.services.CustomUserDetailsService [http-nio-8080-exec-6] Granted Authorities --> ROLE_CONT
2020-05-26 12:50:34,980 INFO com.surshree.app.services.CustomUserDetailsService [http-nio-8080-exec-6] Granted Authorities --> FUNC_CONT_MENU
2020-05-26 12:50:35,468 INFO com.surshree.app.services.CustomUserDetailsService [http-nio-8080-exec-3] Granted Authorities --> ROLE_CONT
2020-05-26 12:50:35,469 INFO com.surshree.app.services.CustomUserDetailsService [http-nio-8080-exec-3] Granted Authorities --> FUNC_CONT_MENU
2020-05-26 12:50:44,767 INFO com.surshree.app.services.CustomUserDetailsService [http-nio-8080-exec-5] Granted Authorities --> ROLE_CONT
2020-05-26 12:50:44,768 INFO com.surshree.app.services.CustomUserDetailsService [http-nio-8080-exec-5] Granted Authorities --> FUNC_CONT_MENU
2020-05-26 12:50:45,055 INFO com.surshree.app.services.CustomUserDetailsService [http-nio-8080-exec-2] Granted Authorities --> ROLE_CONT
2020-05-26 12:50:45,086 INFO com.surshree.app.services.CustomUserDetailsService [http-nio-8080-exec-2] Granted Authorities --> FUNC_CONT_MENU
2020-05-26 12:50:45,100 INFO com.surshree.app.services.CustomUserDetailsService [http-nio-8080-exec-7] Granted Authorities --> ROLE_CONT
2020-05-26 12:50:45,100 INFO com.surshree.app.services.CustomUserDetailsService [http-nio-8080-exec-7] Granted Authorities --> FUNC_CONT_MENU
2020-05-26 12:51:02,392 INFO com.surshree.app.controllers.FileController [http-nio-8080-exec-6] File download URL --> http://localhost:8080/file/8fa75083-ffa1-4932-a810-cd4369b92a5d
2020-05-26 12:51:08,508 INFO com.surshree.app.services.CustomUserDetailsService [http-nio-8080-exec-3] Granted Authorities --> ROLE_CONT
2020-05-26 12:51:08,509 INFO com.surshree.app.services.CustomUserDetailsService [http-nio-8080-exec-3] Granted Authorities --> FUNC_CONT_MENU
2020-05-26 12:51:08,681 ERROR com.surshree.app.exception.CustomResponseEntityExceptionHandler [http-nio-8080-exec-9] java.io.IOException: Broken pipe
org.apache.catalina.connector.ClientAbortException: java.io.IOException: Broken pipe
	at org.apache.catalina.connector.OutputBuffer.realWriteBytes(OutputBuffer.java:351)
	at org.apache.catalina.connector.OutputBuffer.flushByteBuffer(OutputBuffer.java:776)
	at org.apache.catalina.connector.OutputBuffer.append(OutputBuffer.java:681)
	at org.apache.catalina.connector.OutputBuffer.writeBytes(OutputBuffer.java:386)
	at org.apache.catalina.connector.OutputBuffer.write(OutputBuffer.java:364)
	at org.apache.catalina.connector.CoyoteOutputStream.write(CoyoteOutputStream.java:96)
	at org.springframework.security.web.util.OnCommittedResponseWrapper$SaveContextServletOutputStream.write(OnCommittedResponseWrapper.java:645)
	at org.springframework.security.web.util.OnCommittedResponseWrapper$SaveContextServletOutputStream.write(OnCommittedResponseWrapper.java:645)
	at org.springframework.util.StreamUtils.copyRange(StreamUtils.java:180)
	at org.springframework.http.converter.ResourceRegionHttpMessageConverter.writeResourceRegion(ResourceRegionHttpMessageConverter.java:159)
	at org.springframework.http.converter.ResourceRegionHttpMessageConverter.writeInternal(ResourceRegionHttpMessageConverter.java:136)
	at org.springframework.http.converter.AbstractGenericHttpMessageConverter.write(AbstractGenericHttpMessageConverter.java:104)
	at org.springframework.web.servlet.mvc.method.annotation.AbstractMessageConverterMethodProcessor.writeWithMessageConverters(AbstractMessageConverterMethodProcessor.java:287)
	at org.springframework.web.servlet.mvc.method.annotation.HttpEntityMethodProcessor.handleReturnValue(HttpEntityMethodProcessor.java:219)
	at org.springframework.web.method.support.HandlerMethodReturnValueHandlerComposite.handleReturnValue(HandlerMethodReturnValueHandlerComposite.java:82)
	at org.springframework.web.servlet.mvc.method.annotation.ServletInvocableHandlerMethod.invokeAndHandle(ServletInvocableHandlerMethod.java:123)
	at org.springframework.web.servlet.mvc.method.annotation.RequestMappingHandlerAdapter.invokeHandlerMethod(RequestMappingHandlerAdapter.java:879)
	at org.springframework.web.servlet.mvc.method.annotation.RequestMappingHandlerAdapter.handleInternal(RequestMappingHandlerAdapter.java:793)
	at org.springframework.web.servlet.mvc.method.AbstractHandlerMethodAdapter.handle(AbstractHandlerMethodAdapter.java:87)
	at org.springframework.web.servlet.DispatcherServlet.doDispatch(DispatcherServlet.java:1040)
	at org.springframework.web.servlet.DispatcherServlet.doService(DispatcherServlet.java:943)
	at org.springframework.web.servlet.FrameworkServlet.processRequest(FrameworkServlet.java:1006)
	at org.springframework.web.servlet.FrameworkServlet.doGet(FrameworkServlet.java:898)
	at javax.servlet.http.HttpServlet.service(HttpServlet.java:634)
	at org.springframework.web.servlet.FrameworkServlet.service(FrameworkServlet.java:883)
	at javax.servlet.http.HttpServlet.service(HttpServlet.java:741)
	at org.apache.catalina.core.ApplicationFilterChain.internalDoFilter(ApplicationFilterChain.java:231)
	at org.apache.catalina.core.ApplicationFilterChain.doFilter(ApplicationFilterChain.java:166)
	at org.apache.tomcat.websocket.server.WsFilter.doFilter(WsFilter.java:53)
	at org.apache.catalina.core.ApplicationFilterChain.internalDoFilter(ApplicationFilterChain.java:193)
	at org.apache.catalina.core.ApplicationFilterChain.doFilter(ApplicationFilterChain.java:166)
	at org.springframework.security.web.FilterChainProxy$VirtualFilterChain.doFilter(FilterChainProxy.java:320)
	at org.springframework.security.web.access.intercept.FilterSecurityInterceptor.invoke(FilterSecurityInterceptor.java:126)
	at org.springframework.security.web.access.intercept.FilterSecurityInterceptor.doFilter(FilterSecurityInterceptor.java:90)
	at org.springframework.security.web.FilterChainProxy$VirtualFilterChain.doFilter(FilterChainProxy.java:334)
	at org.springframework.security.web.access.ExceptionTranslationFilter.doFilter(ExceptionTranslationFilter.java:118)
	at org.springframework.security.web.FilterChainProxy$VirtualFilterChain.doFilter(FilterChainProxy.java:334)
	at org.springframework.security.web.session.SessionManagementFilter.doFilter(SessionManagementFilter.java:137)
	at org.springframework.security.web.FilterChainProxy$VirtualFilterChain.doFilter(FilterChainProxy.java:334)
	at org.springframework.security.web.authentication.AnonymousAuthenticationFilter.doFilter(AnonymousAuthenticationFilter.java:111)
	at org.springframework.security.web.FilterChainProxy$VirtualFilterChain.doFilter(FilterChainProxy.java:334)
	at org.springframework.security.web.servletapi.SecurityContextHolderAwareRequestFilter.doFilter(SecurityContextHolderAwareRequestFilter.java:158)
	at org.springframework.security.web.FilterChainProxy$VirtualFilterChain.doFilter(FilterChainProxy.java:334)
	at org.springframework.security.web.savedrequest.RequestCacheAwareFilter.doFilter(RequestCacheAwareFilter.java:63)
	at org.springframework.security.web.FilterChainProxy$VirtualFilterChain.doFilter(FilterChainProxy.java:334)
	at org.springframework.security.web.authentication.www.BasicAuthenticationFilter.doFilterInternal(BasicAuthenticationFilter.java:155)
	at org.springframework.web.filter.OncePerRequestFilter.doFilter(OncePerRequestFilter.java:119)
	at org.springframework.security.web.FilterChainProxy$VirtualFilterChain.doFilter(FilterChainProxy.java:334)
	at org.springframework.security.web.authentication.logout.LogoutFilter.doFilter(LogoutFilter.java:116)
	at org.springframework.security.web.FilterChainProxy$VirtualFilterChain.doFilter(FilterChainProxy.java:334)
	at org.springframework.web.filter.CorsFilter.doFilterInternal(CorsFilter.java:92)
	at org.springframework.web.filter.OncePerRequestFilter.doFilter(OncePerRequestFilter.java:119)
	at org.springframework.security.web.FilterChainProxy$VirtualFilterChain.doFilter(FilterChainProxy.java:334)
	at org.springframework.security.web.header.HeaderWriterFilter.doHeadersAfter(HeaderWriterFilter.java:92)
	at org.springframework.security.web.header.HeaderWriterFilter.doFilterInternal(HeaderWriterFilter.java:77)
	at org.springframework.web.filter.OncePerRequestFilter.doFilter(OncePerRequestFilter.java:119)
	at org.springframework.security.web.FilterChainProxy$VirtualFilterChain.doFilter(FilterChainProxy.java:334)
	at org.springframework.security.web.context.SecurityContextPersistenceFilter.doFilter(SecurityContextPersistenceFilter.java:105)
	at org.springframework.security.web.FilterChainProxy$VirtualFilterChain.doFilter(FilterChainProxy.java:334)
	at org.springframework.security.web.context.request.async.WebAsyncManagerIntegrationFilter.doFilterInternal(WebAsyncManagerIntegrationFilter.java:56)
	at org.springframework.web.filter.OncePerRequestFilter.doFilter(OncePerRequestFilter.java:119)
	at org.springframework.security.web.FilterChainProxy$VirtualFilterChain.doFilter(FilterChainProxy.java:334)
	at org.springframework.security.web.FilterChainProxy.doFilterInternal(FilterChainProxy.java:215)
	at org.springframework.security.web.FilterChainProxy.doFilter(FilterChainProxy.java:178)
	at org.springframework.web.filter.DelegatingFilterProxy.invokeDelegate(DelegatingFilterProxy.java:358)
	at org.springframework.web.filter.DelegatingFilterProxy.doFilter(DelegatingFilterProxy.java:271)
	at org.apache.catalina.core.ApplicationFilterChain.internalDoFilter(ApplicationFilterChain.java:193)
	at org.apache.catalina.core.ApplicationFilterChain.doFilter(ApplicationFilterChain.java:166)
	at org.springframework.web.filter.RequestContextFilter.doFilterInternal(RequestContextFilter.java:100)
	at org.springframework.web.filter.OncePerRequestFilter.doFilter(OncePerRequestFilter.java:119)
	at org.apache.catalina.core.ApplicationFilterChain.internalDoFilter(ApplicationFilterChain.java:193)
	at org.apache.catalina.core.ApplicationFilterChain.doFilter(ApplicationFilterChain.java:166)
	at org.springframework.web.filter.FormContentFilter.doFilterInternal(FormContentFilter.java:93)
	at org.springframework.web.filter.OncePerRequestFilter.doFilter(OncePerRequestFilter.java:119)
	at org.apache.catalina.core.ApplicationFilterChain.internalDoFilter(ApplicationFilterChain.java:193)
	at org.apache.catalina.core.ApplicationFilterChain.doFilter(ApplicationFilterChain.java:166)
	at org.springframework.boot.actuate.metrics.web.servlet.WebMvcMetricsFilter.doFilterInternal(WebMvcMetricsFilter.java:109)
	at org.springframework.web.filter.OncePerRequestFilter.doFilter(OncePerRequestFilter.java:119)
	at org.apache.catalina.core.ApplicationFilterChain.internalDoFilter(ApplicationFilterChain.java:193)
	at org.apache.catalina.core.ApplicationFilterChain.doFilter(ApplicationFilterChain.java:166)
	at org.springframework.web.filter.CharacterEncodingFilter.doFilterInternal(CharacterEncodingFilter.java:201)
	at org.springframework.web.filter.OncePerRequestFilter.doFilter(OncePerRequestFilter.java:119)
	at org.apache.catalina.core.ApplicationFilterChain.internalDoFilter(ApplicationFilterChain.java:193)
	at org.apache.catalina.core.ApplicationFilterChain.doFilter(ApplicationFilterChain.java:166)
	at org.apache.catalina.core.StandardWrapperValve.invoke(StandardWrapperValve.java:202)
	at org.apache.catalina.core.StandardContextValve.invoke(StandardContextValve.java:96)
	at org.apache.catalina.authenticator.AuthenticatorBase.invoke(AuthenticatorBase.java:541)
	at org.apache.catalina.core.StandardHostValve.invoke(StandardHostValve.java:139)
	at org.apache.catalina.valves.ErrorReportValve.invoke(ErrorReportValve.java:92)
	at org.apache.catalina.core.StandardEngineValve.invoke(StandardEngineValve.java:74)
	at org.apache.catalina.connector.CoyoteAdapter.service(CoyoteAdapter.java:343)
	at org.apache.coyote.http11.Http11Processor.service(Http11Processor.java:373)
	at org.apache.coyote.AbstractProcessorLight.process(AbstractProcessorLight.java:65)
	at org.apache.coyote.AbstractProtocol$ConnectionHandler.process(AbstractProtocol.java:868)
	at org.apache.tomcat.util.net.NioEndpoint$SocketProcessor.doRun(NioEndpoint.java:1594)
	at org.apache.tomcat.util.net.SocketProcessorBase.run(SocketProcessorBase.java:49)
	at java.base/java.util.concurrent.ThreadPoolExecutor.runWorker(ThreadPoolExecutor.java:1128)
	at java.base/java.util.concurrent.ThreadPoolExecutor$Worker.run(ThreadPoolExecutor.java:628)
	at org.apache.tomcat.util.threads.TaskThread$WrappingRunnable.run(TaskThread.java:61)
	at java.base/java.lang.Thread.run(Thread.java:834)
Caused by: java.io.IOException: Broken pipe
	at java.base/sun.nio.ch.FileDispatcherImpl.write0(Native Method)
	at java.base/sun.nio.ch.SocketDispatcher.write(SocketDispatcher.java:47)
	at java.base/sun.nio.ch.IOUtil.writeFromNativeBuffer(IOUtil.java:113)
	at java.base/sun.nio.ch.IOUtil.write(IOUtil.java:79)
	at java.base/sun.nio.ch.IOUtil.write(IOUtil.java:50)
	at java.base/sun.nio.ch.SocketChannelImpl.write(SocketChannelImpl.java:466)
	at org.apache.tomcat.util.net.NioChannel.write(NioChannel.java:138)
	at org.apache.tomcat.util.net.NioBlockingSelector.write(NioBlockingSelector.java:101)
	at org.apache.tomcat.util.net.NioSelectorPool.write(NioSelectorPool.java:152)
	at org.apache.tomcat.util.net.NioEndpoint$NioSocketWrapper.doWrite(NioEndpoint.java:1253)
	at org.apache.tomcat.util.net.SocketWrapperBase.doWrite(SocketWrapperBase.java:740)
	at org.apache.tomcat.util.net.SocketWrapperBase.writeBlocking(SocketWrapperBase.java:560)
	at org.apache.tomcat.util.net.SocketWrapperBase.write(SocketWrapperBase.java:504)
	at org.apache.coyote.http11.Http11OutputBuffer$SocketOutputBuffer.doWrite(Http11OutputBuffer.java:538)
	at org.apache.coyote.http11.filters.IdentityOutputFilter.doWrite(IdentityOutputFilter.java:73)
	at org.apache.coyote.http11.Http11OutputBuffer.doWrite(Http11OutputBuffer.java:190)
	at org.apache.coyote.Response.doWrite(Response.java:601)
	at org.apache.catalina.connector.OutputBuffer.realWriteBytes(OutputBuffer.java:339)
	... 99 common frames omitted
2020-05-26 12:51:08,683 WARN org.springframework.web.servlet.mvc.method.annotation.ExceptionHandlerExceptionResolver [http-nio-8080-exec-9] Failure in @ExceptionHandler com.surshree.app.exception.CustomResponseEntityExceptionHandler#handleAllException(Exception, WebRequest)
org.springframework.http.converter.HttpMessageNotWritableException: No converter for [class com.surshree.app.exception.ExceptionMessage] with preset Content-Type 'audio/mpeg'
	at org.springframework.web.servlet.mvc.method.annotation.AbstractMessageConverterMethodProcessor.writeWithMessageConverters(AbstractMessageConverterMethodProcessor.java:309)
	at org.springframework.web.servlet.mvc.method.annotation.HttpEntityMethodProcessor.handleReturnValue(HttpEntityMethodProcessor.java:219)
	at org.springframework.web.method.support.HandlerMethodReturnValueHandlerComposite.handleReturnValue(HandlerMethodReturnValueHandlerComposite.java:82)
	at org.springframework.web.servlet.mvc.method.annotation.ServletInvocableHandlerMethod.invokeAndHandle(ServletInvocableHandlerMethod.java:123)
	at org.springframework.web.servlet.mvc.method.annotation.ExceptionHandlerExceptionResolver.doResolveHandlerMethodException(ExceptionHandlerExceptionResolver.java:403)
	at org.springframework.web.servlet.handler.AbstractHandlerMethodExceptionResolver.doResolveException(AbstractHandlerMethodExceptionResolver.java:61)
	at org.springframework.web.servlet.handler.AbstractHandlerExceptionResolver.resolveException(AbstractHandlerExceptionResolver.java:141)
	at org.springframework.web.servlet.handler.HandlerExceptionResolverComposite.resolveException(HandlerExceptionResolverComposite.java:80)
	at org.springframework.web.servlet.DispatcherServlet.processHandlerException(DispatcherServlet.java:1300)
	at org.springframework.web.servlet.DispatcherServlet.processDispatchResult(DispatcherServlet.java:1111)
	at org.springframework.web.servlet.DispatcherServlet.doDispatch(DispatcherServlet.java:1057)
	at org.springframework.web.servlet.DispatcherServlet.doService(DispatcherServlet.java:943)
	at org.springframework.web.servlet.FrameworkServlet.processRequest(FrameworkServlet.java:1006)
	at org.springframework.web.servlet.FrameworkServlet.doGet(FrameworkServlet.java:898)
	at javax.servlet.http.HttpServlet.service(HttpServlet.java:634)
	at org.springframework.web.servlet.FrameworkServlet.service(FrameworkServlet.java:883)
	at javax.servlet.http.HttpServlet.service(HttpServlet.java:741)
	at org.apache.catalina.core.ApplicationFilterChain.internalDoFilter(ApplicationFilterChain.java:231)
	at org.apache.catalina.core.ApplicationFilterChain.doFilter(ApplicationFilterChain.java:166)
	at org.apache.tomcat.websocket.server.WsFilter.doFilter(WsFilter.java:53)
	at org.apache.catalina.core.ApplicationFilterChain.internalDoFilter(ApplicationFilterChain.java:193)
	at org.apache.catalina.core.ApplicationFilterChain.doFilter(ApplicationFilterChain.java:166)
	at org.springframework.security.web.FilterChainProxy$VirtualFilterChain.doFilter(FilterChainProxy.java:320)
	at org.springframework.security.web.access.intercept.FilterSecurityInterceptor.invoke(FilterSecurityInterceptor.java:126)
	at org.springframework.security.web.access.intercept.FilterSecurityInterceptor.doFilter(FilterSecurityInterceptor.java:90)
	at org.springframework.security.web.FilterChainProxy$VirtualFilterChain.doFilter(FilterChainProxy.java:334)
	at org.springframework.security.web.access.ExceptionTranslationFilter.doFilter(ExceptionTranslationFilter.java:118)
	at org.springframework.security.web.FilterChainProxy$VirtualFilterChain.doFilter(FilterChainProxy.java:334)
	at org.springframework.security.web.session.SessionManagementFilter.doFilter(SessionManagementFilter.java:137)
	at org.springframework.security.web.FilterChainProxy$VirtualFilterChain.doFilter(FilterChainProxy.java:334)
	at org.springframework.security.web.authentication.AnonymousAuthenticationFilter.doFilter(AnonymousAuthenticationFilter.java:111)
	at org.springframework.security.web.FilterChainProxy$VirtualFilterChain.doFilter(FilterChainProxy.java:334)
	at org.springframework.security.web.servletapi.SecurityContextHolderAwareRequestFilter.doFilter(SecurityContextHolderAwareRequestFilter.java:158)
	at org.springframework.security.web.FilterChainProxy$VirtualFilterChain.doFilter(FilterChainProxy.java:334)
	at org.springframework.security.web.savedrequest.RequestCacheAwareFilter.doFilter(RequestCacheAwareFilter.java:63)
	at org.springframework.security.web.FilterChainProxy$VirtualFilterChain.doFilter(FilterChainProxy.java:334)
	at org.springframework.security.web.authentication.www.BasicAuthenticationFilter.doFilterInternal(BasicAuthenticationFilter.java:155)
	at org.springframework.web.filter.OncePerRequestFilter.doFilter(OncePerRequestFilter.java:119)
	at org.springframework.security.web.FilterChainProxy$VirtualFilterChain.doFilter(FilterChainProxy.java:334)
	at org.springframework.security.web.authentication.logout.LogoutFilter.doFilter(LogoutFilter.java:116)
	at org.springframework.security.web.FilterChainProxy$VirtualFilterChain.doFilter(FilterChainProxy.java:334)
	at org.springframework.web.filter.CorsFilter.doFilterInternal(CorsFilter.java:92)
	at org.springframework.web.filter.OncePerRequestFilter.doFilter(OncePerRequestFilter.java:119)
	at org.springframework.security.web.FilterChainProxy$VirtualFilterChain.doFilter(FilterChainProxy.java:334)
	at org.springframework.security.web.header.HeaderWriterFilter.doHeadersAfter(HeaderWriterFilter.java:92)
	at org.springframework.security.web.header.HeaderWriterFilter.doFilterInternal(HeaderWriterFilter.java:77)
	at org.springframework.web.filter.OncePerRequestFilter.doFilter(OncePerRequestFilter.java:119)
	at org.springframework.security.web.FilterChainProxy$VirtualFilterChain.doFilter(FilterChainProxy.java:334)
	at org.springframework.security.web.context.SecurityContextPersistenceFilter.doFilter(SecurityContextPersistenceFilter.java:105)
	at org.springframework.security.web.FilterChainProxy$VirtualFilterChain.doFilter(FilterChainProxy.java:334)
	at org.springframework.security.web.context.request.async.WebAsyncManagerIntegrationFilter.doFilterInternal(WebAsyncManagerIntegrationFilter.java:56)
	at org.springframework.web.filter.OncePerRequestFilter.doFilter(OncePerRequestFilter.java:119)
	at org.springframework.security.web.FilterChainProxy$VirtualFilterChain.doFilter(FilterChainProxy.java:334)
	at org.springframework.security.web.FilterChainProxy.doFilterInternal(FilterChainProxy.java:215)
	at org.springframework.security.web.FilterChainProxy.doFilter(FilterChainProxy.java:178)
	at org.springframework.web.filter.DelegatingFilterProxy.invokeDelegate(DelegatingFilterProxy.java:358)
	at org.springframework.web.filter.DelegatingFilterProxy.doFilter(DelegatingFilterProxy.java:271)
	at org.apache.catalina.core.ApplicationFilterChain.internalDoFilter(ApplicationFilterChain.java:193)
	at org.apache.catalina.core.ApplicationFilterChain.doFilter(ApplicationFilterChain.java:166)
	at org.springframework.web.filter.RequestContextFilter.doFilterInternal(RequestContextFilter.java:100)
	at org.springframework.web.filter.OncePerRequestFilter.doFilter(OncePerRequestFilter.java:119)
	at org.apache.catalina.core.ApplicationFilterChain.internalDoFilter(ApplicationFilterChain.java:193)
	at org.apache.catalina.core.ApplicationFilterChain.doFilter(ApplicationFilterChain.java:166)
	at org.springframework.web.filter.FormContentFilter.doFilterInternal(FormContentFilter.java:93)
	at org.springframework.web.filter.OncePerRequestFilter.doFilter(OncePerRequestFilter.java:119)
	at org.apache.catalina.core.ApplicationFilterChain.internalDoFilter(ApplicationFilterChain.java:193)
	at org.apache.catalina.core.ApplicationFilterChain.doFilter(ApplicationFilterChain.java:166)
	at org.springframework.boot.actuate.metrics.web.servlet.WebMvcMetricsFilter.doFilterInternal(WebMvcMetricsFilter.java:109)
	at org.springframework.web.filter.OncePerRequestFilter.doFilter(OncePerRequestFilter.java:119)
	at org.apache.catalina.core.ApplicationFilterChain.internalDoFilter(ApplicationFilterChain.java:193)
	at org.apache.catalina.core.ApplicationFilterChain.doFilter(ApplicationFilterChain.java:166)
	at org.springframework.web.filter.CharacterEncodingFilter.doFilterInternal(CharacterEncodingFilter.java:201)
	at org.springframework.web.filter.OncePerRequestFilter.doFilter(OncePerRequestFilter.java:119)
	at org.apache.catalina.core.ApplicationFilterChain.internalDoFilter(ApplicationFilterChain.java:193)
	at org.apache.catalina.core.ApplicationFilterChain.doFilter(ApplicationFilterChain.java:166)
	at org.apache.catalina.core.StandardWrapperValve.invoke(StandardWrapperValve.java:202)
	at org.apache.catalina.core.StandardContextValve.invoke(StandardContextValve.java:96)
	at org.apache.catalina.authenticator.AuthenticatorBase.invoke(AuthenticatorBase.java:541)
	at org.apache.catalina.core.StandardHostValve.invoke(StandardHostValve.java:139)
	at org.apache.catalina.valves.ErrorReportValve.invoke(ErrorReportValve.java:92)
	at org.apache.catalina.core.StandardEngineValve.invoke(StandardEngineValve.java:74)
	at org.apache.catalina.connector.CoyoteAdapter.service(CoyoteAdapter.java:343)
	at org.apache.coyote.http11.Http11Processor.service(Http11Processor.java:373)
	at org.apache.coyote.AbstractProcessorLight.process(AbstractProcessorLight.java:65)
	at org.apache.coyote.AbstractProtocol$ConnectionHandler.process(AbstractProtocol.java:868)
	at org.apache.tomcat.util.net.NioEndpoint$SocketProcessor.doRun(NioEndpoint.java:1594)
	at org.apache.tomcat.util.net.SocketProcessorBase.run(SocketProcessorBase.java:49)
	at java.base/java.util.concurrent.ThreadPoolExecutor.runWorker(ThreadPoolExecutor.java:1128)
	at java.base/java.util.concurrent.ThreadPoolExecutor$Worker.run(ThreadPoolExecutor.java:628)
	at org.apache.tomcat.util.threads.TaskThread$WrappingRunnable.run(TaskThread.java:61)
	at java.base/java.lang.Thread.run(Thread.java:834)
2020-05-26 12:51:42,156 INFO com.surshree.app.services.CustomUserDetailsService [http-nio-8080-exec-9] Granted Authorities --> ROLE_CONT
2020-05-26 12:51:42,157 INFO com.surshree.app.services.CustomUserDetailsService [http-nio-8080-exec-9] Granted Authorities --> FUNC_CONT_MENU
2020-05-26 12:51:42,475 ERROR com.surshree.app.exception.CustomResponseEntityExceptionHandler [http-nio-8080-exec-5] java.io.IOException: Broken pipe
org.apache.catalina.connector.ClientAbortException: java.io.IOException: Broken pipe
	at org.apache.catalina.connector.OutputBuffer.realWriteBytes(OutputBuffer.java:351)
	at org.apache.catalina.connector.OutputBuffer.flushByteBuffer(OutputBuffer.java:776)
	at org.apache.catalina.connector.OutputBuffer.append(OutputBuffer.java:681)
	at org.apache.catalina.connector.OutputBuffer.writeBytes(OutputBuffer.java:386)
	at org.apache.catalina.connector.OutputBuffer.write(OutputBuffer.java:364)
	at org.apache.catalina.connector.CoyoteOutputStream.write(CoyoteOutputStream.java:96)
	at org.springframework.security.web.util.OnCommittedResponseWrapper$SaveContextServletOutputStream.write(OnCommittedResponseWrapper.java:645)
	at org.springframework.security.web.util.OnCommittedResponseWrapper$SaveContextServletOutputStream.write(OnCommittedResponseWrapper.java:645)
	at org.springframework.util.StreamUtils.copyRange(StreamUtils.java:180)
	at org.springframework.http.converter.ResourceRegionHttpMessageConverter.writeResourceRegion(ResourceRegionHttpMessageConverter.java:159)
	at org.springframework.http.converter.ResourceRegionHttpMessageConverter.writeInternal(ResourceRegionHttpMessageConverter.java:136)
	at org.springframework.http.converter.AbstractGenericHttpMessageConverter.write(AbstractGenericHttpMessageConverter.java:104)
	at org.springframework.web.servlet.mvc.method.annotation.AbstractMessageConverterMethodProcessor.writeWithMessageConverters(AbstractMessageConverterMethodProcessor.java:287)
	at org.springframework.web.servlet.mvc.method.annotation.HttpEntityMethodProcessor.handleReturnValue(HttpEntityMethodProcessor.java:219)
	at org.springframework.web.method.support.HandlerMethodReturnValueHandlerComposite.handleReturnValue(HandlerMethodReturnValueHandlerComposite.java:82)
	at org.springframework.web.servlet.mvc.method.annotation.ServletInvocableHandlerMethod.invokeAndHandle(ServletInvocableHandlerMethod.java:123)
	at org.springframework.web.servlet.mvc.method.annotation.RequestMappingHandlerAdapter.invokeHandlerMethod(RequestMappingHandlerAdapter.java:879)
	at org.springframework.web.servlet.mvc.method.annotation.RequestMappingHandlerAdapter.handleInternal(RequestMappingHandlerAdapter.java:793)
	at org.springframework.web.servlet.mvc.method.AbstractHandlerMethodAdapter.handle(AbstractHandlerMethodAdapter.java:87)
	at org.springframework.web.servlet.DispatcherServlet.doDispatch(DispatcherServlet.java:1040)
	at org.springframework.web.servlet.DispatcherServlet.doService(DispatcherServlet.java:943)
	at org.springframework.web.servlet.FrameworkServlet.processRequest(FrameworkServlet.java:1006)
	at org.springframework.web.servlet.FrameworkServlet.doGet(FrameworkServlet.java:898)
	at javax.servlet.http.HttpServlet.service(HttpServlet.java:634)
	at org.springframework.web.servlet.FrameworkServlet.service(FrameworkServlet.java:883)
	at javax.servlet.http.HttpServlet.service(HttpServlet.java:741)
	at org.apache.catalina.core.ApplicationFilterChain.internalDoFilter(ApplicationFilterChain.java:231)
	at org.apache.catalina.core.ApplicationFilterChain.doFilter(ApplicationFilterChain.java:166)
	at org.apache.tomcat.websocket.server.WsFilter.doFilter(WsFilter.java:53)
	at org.apache.catalina.core.ApplicationFilterChain.internalDoFilter(ApplicationFilterChain.java:193)
	at org.apache.catalina.core.ApplicationFilterChain.doFilter(ApplicationFilterChain.java:166)
	at org.springframework.security.web.FilterChainProxy$VirtualFilterChain.doFilter(FilterChainProxy.java:320)
	at org.springframework.security.web.access.intercept.FilterSecurityInterceptor.invoke(FilterSecurityInterceptor.java:126)
	at org.springframework.security.web.access.intercept.FilterSecurityInterceptor.doFilter(FilterSecurityInterceptor.java:90)
	at org.springframework.security.web.FilterChainProxy$VirtualFilterChain.doFilter(FilterChainProxy.java:334)
	at org.springframework.security.web.access.ExceptionTranslationFilter.doFilter(ExceptionTranslationFilter.java:118)
	at org.springframework.security.web.FilterChainProxy$VirtualFilterChain.doFilter(FilterChainProxy.java:334)
	at org.springframework.security.web.session.SessionManagementFilter.doFilter(SessionManagementFilter.java:137)
	at org.springframework.security.web.FilterChainProxy$VirtualFilterChain.doFilter(FilterChainProxy.java:334)
	at org.springframework.security.web.authentication.AnonymousAuthenticationFilter.doFilter(AnonymousAuthenticationFilter.java:111)
	at org.springframework.security.web.FilterChainProxy$VirtualFilterChain.doFilter(FilterChainProxy.java:334)
	at org.springframework.security.web.servletapi.SecurityContextHolderAwareRequestFilter.doFilter(SecurityContextHolderAwareRequestFilter.java:158)
	at org.springframework.security.web.FilterChainProxy$VirtualFilterChain.doFilter(FilterChainProxy.java:334)
	at org.springframework.security.web.savedrequest.RequestCacheAwareFilter.doFilter(RequestCacheAwareFilter.java:63)
	at org.springframework.security.web.FilterChainProxy$VirtualFilterChain.doFilter(FilterChainProxy.java:334)
	at org.springframework.security.web.authentication.www.BasicAuthenticationFilter.doFilterInternal(BasicAuthenticationFilter.java:155)
	at org.springframework.web.filter.OncePerRequestFilter.doFilter(OncePerRequestFilter.java:119)
	at org.springframework.security.web.FilterChainProxy$VirtualFilterChain.doFilter(FilterChainProxy.java:334)
	at org.springframework.security.web.authentication.logout.LogoutFilter.doFilter(LogoutFilter.java:116)
	at org.springframework.security.web.FilterChainProxy$VirtualFilterChain.doFilter(FilterChainProxy.java:334)
	at org.springframework.web.filter.CorsFilter.doFilterInternal(CorsFilter.java:92)
	at org.springframework.web.filter.OncePerRequestFilter.doFilter(OncePerRequestFilter.java:119)
	at org.springframework.security.web.FilterChainProxy$VirtualFilterChain.doFilter(FilterChainProxy.java:334)
	at org.springframework.security.web.header.HeaderWriterFilter.doHeadersAfter(HeaderWriterFilter.java:92)
	at org.springframework.security.web.header.HeaderWriterFilter.doFilterInternal(HeaderWriterFilter.java:77)
	at org.springframework.web.filter.OncePerRequestFilter.doFilter(OncePerRequestFilter.java:119)
	at org.springframework.security.web.FilterChainProxy$VirtualFilterChain.doFilter(FilterChainProxy.java:334)
	at org.springframework.security.web.context.SecurityContextPersistenceFilter.doFilter(SecurityContextPersistenceFilter.java:105)
	at org.springframework.security.web.FilterChainProxy$VirtualFilterChain.doFilter(FilterChainProxy.java:334)
	at org.springframework.security.web.context.request.async.WebAsyncManagerIntegrationFilter.doFilterInternal(WebAsyncManagerIntegrationFilter.java:56)
	at org.springframework.web.filter.OncePerRequestFilter.doFilter(OncePerRequestFilter.java:119)
	at org.springframework.security.web.FilterChainProxy$VirtualFilterChain.doFilter(FilterChainProxy.java:334)
	at org.springframework.security.web.FilterChainProxy.doFilterInternal(FilterChainProxy.java:215)
	at org.springframework.security.web.FilterChainProxy.doFilter(FilterChainProxy.java:178)
	at org.springframework.web.filter.DelegatingFilterProxy.invokeDelegate(DelegatingFilterProxy.java:358)
	at org.springframework.web.filter.DelegatingFilterProxy.doFilter(DelegatingFilterProxy.java:271)
	at org.apache.catalina.core.ApplicationFilterChain.internalDoFilter(ApplicationFilterChain.java:193)
	at org.apache.catalina.core.ApplicationFilterChain.doFilter(ApplicationFilterChain.java:166)
	at org.springframework.web.filter.RequestContextFilter.doFilterInternal(RequestContextFilter.java:100)
	at org.springframework.web.filter.OncePerRequestFilter.doFilter(OncePerRequestFilter.java:119)
	at org.apache.catalina.core.ApplicationFilterChain.internalDoFilter(ApplicationFilterChain.java:193)
	at org.apache.catalina.core.ApplicationFilterChain.doFilter(ApplicationFilterChain.java:166)
	at org.springframework.web.filter.FormContentFilter.doFilterInternal(FormContentFilter.java:93)
	at org.springframework.web.filter.OncePerRequestFilter.doFilter(OncePerRequestFilter.java:119)
	at org.apache.catalina.core.ApplicationFilterChain.internalDoFilter(ApplicationFilterChain.java:193)
	at org.apache.catalina.core.ApplicationFilterChain.doFilter(ApplicationFilterChain.java:166)
	at org.springframework.boot.actuate.metrics.web.servlet.WebMvcMetricsFilter.doFilterInternal(WebMvcMetricsFilter.java:109)
	at org.springframework.web.filter.OncePerRequestFilter.doFilter(OncePerRequestFilter.java:119)
	at org.apache.catalina.core.ApplicationFilterChain.internalDoFilter(ApplicationFilterChain.java:193)
	at org.apache.catalina.core.ApplicationFilterChain.doFilter(ApplicationFilterChain.java:166)
	at org.springframework.web.filter.CharacterEncodingFilter.doFilterInternal(CharacterEncodingFilter.java:201)
	at org.springframework.web.filter.OncePerRequestFilter.doFilter(OncePerRequestFilter.java:119)
	at org.apache.catalina.core.ApplicationFilterChain.internalDoFilter(ApplicationFilterChain.java:193)
	at org.apache.catalina.core.ApplicationFilterChain.doFilter(ApplicationFilterChain.java:166)
	at org.apache.catalina.core.StandardWrapperValve.invoke(StandardWrapperValve.java:202)
	at org.apache.catalina.core.StandardContextValve.invoke(StandardContextValve.java:96)
	at org.apache.catalina.authenticator.AuthenticatorBase.invoke(AuthenticatorBase.java:541)
	at org.apache.catalina.core.StandardHostValve.invoke(StandardHostValve.java:139)
	at org.apache.catalina.valves.ErrorReportValve.invoke(ErrorReportValve.java:92)
	at org.apache.catalina.core.StandardEngineValve.invoke(StandardEngineValve.java:74)
	at org.apache.catalina.connector.CoyoteAdapter.service(CoyoteAdapter.java:343)
	at org.apache.coyote.http11.Http11Processor.service(Http11Processor.java:373)
	at org.apache.coyote.AbstractProcessorLight.process(AbstractProcessorLight.java:65)
	at org.apache.coyote.AbstractProtocol$ConnectionHandler.process(AbstractProtocol.java:868)
	at org.apache.tomcat.util.net.NioEndpoint$SocketProcessor.doRun(NioEndpoint.java:1594)
	at org.apache.tomcat.util.net.SocketProcessorBase.run(SocketProcessorBase.java:49)
	at java.base/java.util.concurrent.ThreadPoolExecutor.runWorker(ThreadPoolExecutor.java:1128)
	at java.base/java.util.concurrent.ThreadPoolExecutor$Worker.run(ThreadPoolExecutor.java:628)
	at org.apache.tomcat.util.threads.TaskThread$WrappingRunnable.run(TaskThread.java:61)
	at java.base/java.lang.Thread.run(Thread.java:834)
Caused by: java.io.IOException: Broken pipe
	at java.base/sun.nio.ch.FileDispatcherImpl.write0(Native Method)
	at java.base/sun.nio.ch.SocketDispatcher.write(SocketDispatcher.java:47)
	at java.base/sun.nio.ch.IOUtil.writeFromNativeBuffer(IOUtil.java:113)
	at java.base/sun.nio.ch.IOUtil.write(IOUtil.java:79)
	at java.base/sun.nio.ch.IOUtil.write(IOUtil.java:50)
	at java.base/sun.nio.ch.SocketChannelImpl.write(SocketChannelImpl.java:466)
	at org.apache.tomcat.util.net.NioChannel.write(NioChannel.java:138)
	at org.apache.tomcat.util.net.NioBlockingSelector.write(NioBlockingSelector.java:101)
	at org.apache.tomcat.util.net.NioSelectorPool.write(NioSelectorPool.java:152)
	at org.apache.tomcat.util.net.NioEndpoint$NioSocketWrapper.doWrite(NioEndpoint.java:1253)
	at org.apache.tomcat.util.net.SocketWrapperBase.doWrite(SocketWrapperBase.java:740)
	at org.apache.tomcat.util.net.SocketWrapperBase.writeBlocking(SocketWrapperBase.java:560)
	at org.apache.tomcat.util.net.SocketWrapperBase.write(SocketWrapperBase.java:504)
	at org.apache.coyote.http11.Http11OutputBuffer$SocketOutputBuffer.doWrite(Http11OutputBuffer.java:538)
	at org.apache.coyote.http11.filters.IdentityOutputFilter.doWrite(IdentityOutputFilter.java:73)
	at org.apache.coyote.http11.Http11OutputBuffer.doWrite(Http11OutputBuffer.java:190)
	at org.apache.coyote.Response.doWrite(Response.java:601)
	at org.apache.catalina.connector.OutputBuffer.realWriteBytes(OutputBuffer.java:339)
	... 99 common frames omitted
2020-05-26 12:51:42,478 WARN org.springframework.web.servlet.mvc.method.annotation.ExceptionHandlerExceptionResolver [http-nio-8080-exec-5] Failure in @ExceptionHandler com.surshree.app.exception.CustomResponseEntityExceptionHandler#handleAllException(Exception, WebRequest)
org.springframework.http.converter.HttpMessageNotWritableException: No converter for [class com.surshree.app.exception.ExceptionMessage] with preset Content-Type 'audio/mpeg'
	at org.springframework.web.servlet.mvc.method.annotation.AbstractMessageConverterMethodProcessor.writeWithMessageConverters(AbstractMessageConverterMethodProcessor.java:309)
	at org.springframework.web.servlet.mvc.method.annotation.HttpEntityMethodProcessor.handleReturnValue(HttpEntityMethodProcessor.java:219)
	at org.springframework.web.method.support.HandlerMethodReturnValueHandlerComposite.handleReturnValue(HandlerMethodReturnValueHandlerComposite.java:82)
	at org.springframework.web.servlet.mvc.method.annotation.ServletInvocableHandlerMethod.invokeAndHandle(ServletInvocableHandlerMethod.java:123)
	at org.springframework.web.servlet.mvc.method.annotation.ExceptionHandlerExceptionResolver.doResolveHandlerMethodException(ExceptionHandlerExceptionResolver.java:403)
	at org.springframework.web.servlet.handler.AbstractHandlerMethodExceptionResolver.doResolveException(AbstractHandlerMethodExceptionResolver.java:61)
	at org.springframework.web.servlet.handler.AbstractHandlerExceptionResolver.resolveException(AbstractHandlerExceptionResolver.java:141)
	at org.springframework.web.servlet.handler.HandlerExceptionResolverComposite.resolveException(HandlerExceptionResolverComposite.java:80)
	at org.springframework.web.servlet.DispatcherServlet.processHandlerException(DispatcherServlet.java:1300)
	at org.springframework.web.servlet.DispatcherServlet.processDispatchResult(DispatcherServlet.java:1111)
	at org.springframework.web.servlet.DispatcherServlet.doDispatch(DispatcherServlet.java:1057)
	at org.springframework.web.servlet.DispatcherServlet.doService(DispatcherServlet.java:943)
	at org.springframework.web.servlet.FrameworkServlet.processRequest(FrameworkServlet.java:1006)
	at org.springframework.web.servlet.FrameworkServlet.doGet(FrameworkServlet.java:898)
	at javax.servlet.http.HttpServlet.service(HttpServlet.java:634)
	at org.springframework.web.servlet.FrameworkServlet.service(FrameworkServlet.java:883)
	at javax.servlet.http.HttpServlet.service(HttpServlet.java:741)
	at org.apache.catalina.core.ApplicationFilterChain.internalDoFilter(ApplicationFilterChain.java:231)
	at org.apache.catalina.core.ApplicationFilterChain.doFilter(ApplicationFilterChain.java:166)
	at org.apache.tomcat.websocket.server.WsFilter.doFilter(WsFilter.java:53)
	at org.apache.catalina.core.ApplicationFilterChain.internalDoFilter(ApplicationFilterChain.java:193)
	at org.apache.catalina.core.ApplicationFilterChain.doFilter(ApplicationFilterChain.java:166)
	at org.springframework.security.web.FilterChainProxy$VirtualFilterChain.doFilter(FilterChainProxy.java:320)
	at org.springframework.security.web.access.intercept.FilterSecurityInterceptor.invoke(FilterSecurityInterceptor.java:126)
	at org.springframework.security.web.access.intercept.FilterSecurityInterceptor.doFilter(FilterSecurityInterceptor.java:90)
	at org.springframework.security.web.FilterChainProxy$VirtualFilterChain.doFilter(FilterChainProxy.java:334)
	at org.springframework.security.web.access.ExceptionTranslationFilter.doFilter(ExceptionTranslationFilter.java:118)
	at org.springframework.security.web.FilterChainProxy$VirtualFilterChain.doFilter(FilterChainProxy.java:334)
	at org.springframework.security.web.session.SessionManagementFilter.doFilter(SessionManagementFilter.java:137)
	at org.springframework.security.web.FilterChainProxy$VirtualFilterChain.doFilter(FilterChainProxy.java:334)
	at org.springframework.security.web.authentication.AnonymousAuthenticationFilter.doFilter(AnonymousAuthenticationFilter.java:111)
	at org.springframework.security.web.FilterChainProxy$VirtualFilterChain.doFilter(FilterChainProxy.java:334)
	at org.springframework.security.web.servletapi.SecurityContextHolderAwareRequestFilter.doFilter(SecurityContextHolderAwareRequestFilter.java:158)
	at org.springframework.security.web.FilterChainProxy$VirtualFilterChain.doFilter(FilterChainProxy.java:334)
	at org.springframework.security.web.savedrequest.RequestCacheAwareFilter.doFilter(RequestCacheAwareFilter.java:63)
	at org.springframework.security.web.FilterChainProxy$VirtualFilterChain.doFilter(FilterChainProxy.java:334)
	at org.springframework.security.web.authentication.www.BasicAuthenticationFilter.doFilterInternal(BasicAuthenticationFilter.java:155)
	at org.springframework.web.filter.OncePerRequestFilter.doFilter(OncePerRequestFilter.java:119)
	at org.springframework.security.web.FilterChainProxy$VirtualFilterChain.doFilter(FilterChainProxy.java:334)
	at org.springframework.security.web.authentication.logout.LogoutFilter.doFilter(LogoutFilter.java:116)
	at org.springframework.security.web.FilterChainProxy$VirtualFilterChain.doFilter(FilterChainProxy.java:334)
	at org.springframework.web.filter.CorsFilter.doFilterInternal(CorsFilter.java:92)
	at org.springframework.web.filter.OncePerRequestFilter.doFilter(OncePerRequestFilter.java:119)
	at org.springframework.security.web.FilterChainProxy$VirtualFilterChain.doFilter(FilterChainProxy.java:334)
	at org.springframework.security.web.header.HeaderWriterFilter.doHeadersAfter(HeaderWriterFilter.java:92)
	at org.springframework.security.web.header.HeaderWriterFilter.doFilterInternal(HeaderWriterFilter.java:77)
	at org.springframework.web.filter.OncePerRequestFilter.doFilter(OncePerRequestFilter.java:119)
	at org.springframework.security.web.FilterChainProxy$VirtualFilterChain.doFilter(FilterChainProxy.java:334)
	at org.springframework.security.web.context.SecurityContextPersistenceFilter.doFilter(SecurityContextPersistenceFilter.java:105)
	at org.springframework.security.web.FilterChainProxy$VirtualFilterChain.doFilter(FilterChainProxy.java:334)
	at org.springframework.security.web.context.request.async.WebAsyncManagerIntegrationFilter.doFilterInternal(WebAsyncManagerIntegrationFilter.java:56)
	at org.springframework.web.filter.OncePerRequestFilter.doFilter(OncePerRequestFilter.java:119)
	at org.springframework.security.web.FilterChainProxy$VirtualFilterChain.doFilter(FilterChainProxy.java:334)
	at org.springframework.security.web.FilterChainProxy.doFilterInternal(FilterChainProxy.java:215)
	at org.springframework.security.web.FilterChainProxy.doFilter(FilterChainProxy.java:178)
	at org.springframework.web.filter.DelegatingFilterProxy.invokeDelegate(DelegatingFilterProxy.java:358)
	at org.springframework.web.filter.DelegatingFilterProxy.doFilter(DelegatingFilterProxy.java:271)
	at org.apache.catalina.core.ApplicationFilterChain.internalDoFilter(ApplicationFilterChain.java:193)
	at org.apache.catalina.core.ApplicationFilterChain.doFilter(ApplicationFilterChain.java:166)
	at org.springframework.web.filter.RequestContextFilter.doFilterInternal(RequestContextFilter.java:100)
	at org.springframework.web.filter.OncePerRequestFilter.doFilter(OncePerRequestFilter.java:119)
	at org.apache.catalina.core.ApplicationFilterChain.internalDoFilter(ApplicationFilterChain.java:193)
	at org.apache.catalina.core.ApplicationFilterChain.doFilter(ApplicationFilterChain.java:166)
	at org.springframework.web.filter.FormContentFilter.doFilterInternal(FormContentFilter.java:93)
	at org.springframework.web.filter.OncePerRequestFilter.doFilter(OncePerRequestFilter.java:119)
	at org.apache.catalina.core.ApplicationFilterChain.internalDoFilter(ApplicationFilterChain.java:193)
	at org.apache.catalina.core.ApplicationFilterChain.doFilter(ApplicationFilterChain.java:166)
	at org.springframework.boot.actuate.metrics.web.servlet.WebMvcMetricsFilter.doFilterInternal(WebMvcMetricsFilter.java:109)
	at org.springframework.web.filter.OncePerRequestFilter.doFilter(OncePerRequestFilter.java:119)
	at org.apache.catalina.core.ApplicationFilterChain.internalDoFilter(ApplicationFilterChain.java:193)
	at org.apache.catalina.core.ApplicationFilterChain.doFilter(ApplicationFilterChain.java:166)
	at org.springframework.web.filter.CharacterEncodingFilter.doFilterInternal(CharacterEncodingFilter.java:201)
	at org.springframework.web.filter.OncePerRequestFilter.doFilter(OncePerRequestFilter.java:119)
	at org.apache.catalina.core.ApplicationFilterChain.internalDoFilter(ApplicationFilterChain.java:193)
	at org.apache.catalina.core.ApplicationFilterChain.doFilter(ApplicationFilterChain.java:166)
	at org.apache.catalina.core.StandardWrapperValve.invoke(StandardWrapperValve.java:202)
	at org.apache.catalina.core.StandardContextValve.invoke(StandardContextValve.java:96)
	at org.apache.catalina.authenticator.AuthenticatorBase.invoke(AuthenticatorBase.java:541)
	at org.apache.catalina.core.StandardHostValve.invoke(StandardHostValve.java:139)
	at org.apache.catalina.valves.ErrorReportValve.invoke(ErrorReportValve.java:92)
	at org.apache.catalina.core.StandardEngineValve.invoke(StandardEngineValve.java:74)
	at org.apache.catalina.connector.CoyoteAdapter.service(CoyoteAdapter.java:343)
	at org.apache.coyote.http11.Http11Processor.service(Http11Processor.java:373)
	at org.apache.coyote.AbstractProcessorLight.process(AbstractProcessorLight.java:65)
	at org.apache.coyote.AbstractProtocol$ConnectionHandler.process(AbstractProtocol.java:868)
	at org.apache.tomcat.util.net.NioEndpoint$SocketProcessor.doRun(NioEndpoint.java:1594)
	at org.apache.tomcat.util.net.SocketProcessorBase.run(SocketProcessorBase.java:49)
	at java.base/java.util.concurrent.ThreadPoolExecutor.runWorker(ThreadPoolExecutor.java:1128)
	at java.base/java.util.concurrent.ThreadPoolExecutor$Worker.run(ThreadPoolExecutor.java:628)
	at org.apache.tomcat.util.threads.TaskThread$WrappingRunnable.run(TaskThread.java:61)
	at java.base/java.lang.Thread.run(Thread.java:834)
2020-05-26 12:51:50,542 INFO com.surshree.app.services.CustomUserDetailsService [http-nio-8080-exec-7] Granted Authorities --> ROLE_CONT
2020-05-26 12:51:50,543 INFO com.surshree.app.services.CustomUserDetailsService [http-nio-8080-exec-7] Granted Authorities --> FUNC_CONT_MENU
2020-05-26 12:52:13,733 INFO com.surshree.app.services.CustomUserDetailsService [http-nio-8080-exec-2] Granted Authorities --> ROLE_CONT
2020-05-26 12:52:13,734 INFO com.surshree.app.services.CustomUserDetailsService [http-nio-8080-exec-2] Granted Authorities --> FUNC_CONT_MENU
2020-05-26 12:53:08,514 INFO com.surshree.app.scheduling.CacheScheduler [scheduling-1] Clear user cache : START
2020-05-26 12:53:08,515 INFO com.surshree.app.scheduling.CacheScheduler [scheduling-1] Clear user cache : END
2020-05-26 12:53:55,735 INFO com.surshree.app.services.OtpService [http-nio-8080-exec-3] OTP Generated
2020-05-26 12:53:55,773 INFO com.surshree.app.services.CustomUserDetailsService [http-nio-8080-exec-3] Granted Authorities --> ROLE_ADMN
2020-05-26 12:53:55,774 INFO com.surshree.app.services.CustomUserDetailsService [http-nio-8080-exec-3] Granted Authorities --> ROLE_CONT
2020-05-26 12:53:55,775 INFO com.surshree.app.services.CustomUserDetailsService [http-nio-8080-exec-3] Granted Authorities --> FUNC_CONT_MENU
2020-05-26 12:53:55,775 INFO com.surshree.app.services.CustomUserDetailsService [http-nio-8080-exec-3] Granted Authorities --> FUNC_VIEW_ADMIN_MENU
2020-05-26 12:53:55,776 INFO com.surshree.app.services.CustomUserDetailsService [http-nio-8080-exec-3] Granted Authorities --> FUNC_CONT_MENU
2020-05-26 12:54:07,803 INFO com.surshree.app.services.CustomUserDetailsService [http-nio-8080-exec-9] Granted Authorities --> ROLE_ADMN
2020-05-26 12:54:07,807 INFO com.surshree.app.services.CustomUserDetailsService [http-nio-8080-exec-9] Granted Authorities --> ROLE_CONT
2020-05-26 12:54:07,808 INFO com.surshree.app.services.CustomUserDetailsService [http-nio-8080-exec-9] Granted Authorities --> FUNC_CONT_MENU
2020-05-26 12:54:07,808 INFO com.surshree.app.services.CustomUserDetailsService [http-nio-8080-exec-9] Granted Authorities --> FUNC_VIEW_ADMIN_MENU
2020-05-26 12:54:07,810 INFO com.surshree.app.services.CustomUserDetailsService [http-nio-8080-exec-9] Granted Authorities --> FUNC_CONT_MENU
2020-05-26 12:54:08,175 INFO com.surshree.app.services.OtpService [http-nio-8080-exec-9] OTP Validated
2020-05-26 12:54:08,191 WARN org.springframework.security.oauth2.provider.endpoint.TokenEndpoint [http-nio-8080-exec-9] Handling error: InvalidGrantException, Invalid OTP.
2020-05-26 12:54:08,230 WARN org.springframework.web.servlet.mvc.method.annotation.ExceptionHandlerExceptionResolver [http-nio-8080-exec-9] Failure in @ExceptionHandler org.springframework.security.oauth2.provider.endpoint.TokenEndpoint#handleException(OAuth2Exception)
org.springframework.web.HttpMediaTypeNotAcceptableException: Could not find acceptable representation
	at org.springframework.web.servlet.mvc.method.annotation.AbstractMessageConverterMethodProcessor.writeWithMessageConverters(AbstractMessageConverterMethodProcessor.java:243)
	at org.springframework.web.servlet.mvc.method.annotation.HttpEntityMethodProcessor.handleReturnValue(HttpEntityMethodProcessor.java:219)
	at org.springframework.web.method.support.HandlerMethodReturnValueHandlerComposite.handleReturnValue(HandlerMethodReturnValueHandlerComposite.java:82)
	at org.springframework.web.servlet.mvc.method.annotation.ServletInvocableHandlerMethod.invokeAndHandle(ServletInvocableHandlerMethod.java:123)
	at org.springframework.web.servlet.mvc.method.annotation.ExceptionHandlerExceptionResolver.doResolveHandlerMethodException(ExceptionHandlerExceptionResolver.java:407)
	at org.springframework.web.servlet.handler.AbstractHandlerMethodExceptionResolver.doResolveException(AbstractHandlerMethodExceptionResolver.java:61)
	at org.springframework.web.servlet.handler.AbstractHandlerExceptionResolver.resolveException(AbstractHandlerExceptionResolver.java:141)
	at org.springframework.web.servlet.handler.HandlerExceptionResolverComposite.resolveException(HandlerExceptionResolverComposite.java:80)
	at org.springframework.web.servlet.DispatcherServlet.processHandlerException(DispatcherServlet.java:1300)
	at org.springframework.web.servlet.DispatcherServlet.processDispatchResult(DispatcherServlet.java:1111)
	at org.springframework.web.servlet.DispatcherServlet.doDispatch(DispatcherServlet.java:1057)
	at org.springframework.web.servlet.DispatcherServlet.doService(DispatcherServlet.java:943)
	at org.springframework.web.servlet.FrameworkServlet.processRequest(FrameworkServlet.java:1006)
	at org.springframework.web.servlet.FrameworkServlet.doPost(FrameworkServlet.java:909)
	at javax.servlet.http.HttpServlet.service(HttpServlet.java:660)
	at org.springframework.web.servlet.FrameworkServlet.service(FrameworkServlet.java:883)
	at javax.servlet.http.HttpServlet.service(HttpServlet.java:741)
	at org.apache.catalina.core.ApplicationFilterChain.internalDoFilter(ApplicationFilterChain.java:231)
	at org.apache.catalina.core.ApplicationFilterChain.doFilter(ApplicationFilterChain.java:166)
	at org.apache.tomcat.websocket.server.WsFilter.doFilter(WsFilter.java:53)
	at org.apache.catalina.core.ApplicationFilterChain.internalDoFilter(ApplicationFilterChain.java:193)
	at org.apache.catalina.core.ApplicationFilterChain.doFilter(ApplicationFilterChain.java:166)
	at org.springframework.security.web.FilterChainProxy$VirtualFilterChain.doFilter(FilterChainProxy.java:320)
	at org.springframework.security.web.access.intercept.FilterSecurityInterceptor.invoke(FilterSecurityInterceptor.java:126)
	at org.springframework.security.web.access.intercept.FilterSecurityInterceptor.doFilter(FilterSecurityInterceptor.java:90)
	at org.springframework.security.web.FilterChainProxy$VirtualFilterChain.doFilter(FilterChainProxy.java:334)
	at org.springframework.security.web.access.ExceptionTranslationFilter.doFilter(ExceptionTranslationFilter.java:118)
	at org.springframework.security.web.FilterChainProxy$VirtualFilterChain.doFilter(FilterChainProxy.java:334)
	at org.springframework.security.web.session.SessionManagementFilter.doFilter(SessionManagementFilter.java:137)
	at org.springframework.security.web.FilterChainProxy$VirtualFilterChain.doFilter(FilterChainProxy.java:334)
	at org.springframework.security.web.authentication.AnonymousAuthenticationFilter.doFilter(AnonymousAuthenticationFilter.java:111)
	at org.springframework.security.web.FilterChainProxy$VirtualFilterChain.doFilter(FilterChainProxy.java:334)
	at org.springframework.security.web.servletapi.SecurityContextHolderAwareRequestFilter.doFilter(SecurityContextHolderAwareRequestFilter.java:158)
	at org.springframework.security.web.FilterChainProxy$VirtualFilterChain.doFilter(FilterChainProxy.java:334)
	at org.springframework.security.web.savedrequest.RequestCacheAwareFilter.doFilter(RequestCacheAwareFilter.java:63)
	at org.springframework.security.web.FilterChainProxy$VirtualFilterChain.doFilter(FilterChainProxy.java:334)
	at org.springframework.security.web.authentication.www.BasicAuthenticationFilter.doFilterInternal(BasicAuthenticationFilter.java:204)
	at org.springframework.web.filter.OncePerRequestFilter.doFilter(OncePerRequestFilter.java:119)
	at org.springframework.security.web.FilterChainProxy$VirtualFilterChain.doFilter(FilterChainProxy.java:334)
	at org.springframework.web.filter.CorsFilter.doFilterInternal(CorsFilter.java:92)
	at org.springframework.web.filter.OncePerRequestFilter.doFilter(OncePerRequestFilter.java:119)
	at org.springframework.security.web.FilterChainProxy$VirtualFilterChain.doFilter(FilterChainProxy.java:334)
	at org.springframework.security.web.authentication.logout.LogoutFilter.doFilter(LogoutFilter.java:116)
	at org.springframework.security.web.FilterChainProxy$VirtualFilterChain.doFilter(FilterChainProxy.java:334)
	at org.springframework.security.web.header.HeaderWriterFilter.doHeadersAfter(HeaderWriterFilter.java:92)
	at org.springframework.security.web.header.HeaderWriterFilter.doFilterInternal(HeaderWriterFilter.java:77)
	at org.springframework.web.filter.OncePerRequestFilter.doFilter(OncePerRequestFilter.java:119)
	at org.springframework.security.web.FilterChainProxy$VirtualFilterChain.doFilter(FilterChainProxy.java:334)
	at org.springframework.security.web.context.SecurityContextPersistenceFilter.doFilter(SecurityContextPersistenceFilter.java:105)
	at org.springframework.security.web.FilterChainProxy$VirtualFilterChain.doFilter(FilterChainProxy.java:334)
	at org.springframework.security.web.context.request.async.WebAsyncManagerIntegrationFilter.doFilterInternal(WebAsyncManagerIntegrationFilter.java:56)
	at org.springframework.web.filter.OncePerRequestFilter.doFilter(OncePerRequestFilter.java:119)
	at org.springframework.security.web.FilterChainProxy$VirtualFilterChain.doFilter(FilterChainProxy.java:334)
	at org.springframework.security.web.FilterChainProxy.doFilterInternal(FilterChainProxy.java:215)
	at org.springframework.security.web.FilterChainProxy.doFilter(FilterChainProxy.java:178)
	at org.springframework.web.filter.DelegatingFilterProxy.invokeDelegate(DelegatingFilterProxy.java:358)
	at org.springframework.web.filter.DelegatingFilterProxy.doFilter(DelegatingFilterProxy.java:271)
	at org.apache.catalina.core.ApplicationFilterChain.internalDoFilter(ApplicationFilterChain.java:193)
	at org.apache.catalina.core.ApplicationFilterChain.doFilter(ApplicationFilterChain.java:166)
	at org.springframework.web.filter.RequestContextFilter.doFilterInternal(RequestContextFilter.java:100)
	at org.springframework.web.filter.OncePerRequestFilter.doFilter(OncePerRequestFilter.java:119)
	at org.apache.catalina.core.ApplicationFilterChain.internalDoFilter(ApplicationFilterChain.java:193)
	at org.apache.catalina.core.ApplicationFilterChain.doFilter(ApplicationFilterChain.java:166)
	at org.springframework.web.filter.FormContentFilter.doFilterInternal(FormContentFilter.java:93)
	at org.springframework.web.filter.OncePerRequestFilter.doFilter(OncePerRequestFilter.java:119)
	at org.apache.catalina.core.ApplicationFilterChain.internalDoFilter(ApplicationFilterChain.java:193)
	at org.apache.catalina.core.ApplicationFilterChain.doFilter(ApplicationFilterChain.java:166)
	at org.springframework.boot.actuate.metrics.web.servlet.WebMvcMetricsFilter.doFilterInternal(WebMvcMetricsFilter.java:109)
	at org.springframework.web.filter.OncePerRequestFilter.doFilter(OncePerRequestFilter.java:119)
	at org.apache.catalina.core.ApplicationFilterChain.internalDoFilter(ApplicationFilterChain.java:193)
	at org.apache.catalina.core.ApplicationFilterChain.doFilter(ApplicationFilterChain.java:166)
	at org.springframework.web.filter.CharacterEncodingFilter.doFilterInternal(CharacterEncodingFilter.java:201)
	at org.springframework.web.filter.OncePerRequestFilter.doFilter(OncePerRequestFilter.java:119)
	at org.apache.catalina.core.ApplicationFilterChain.internalDoFilter(ApplicationFilterChain.java:193)
	at org.apache.catalina.core.ApplicationFilterChain.doFilter(ApplicationFilterChain.java:166)
	at org.apache.catalina.core.StandardWrapperValve.invoke(StandardWrapperValve.java:202)
	at org.apache.catalina.core.StandardContextValve.invoke(StandardContextValve.java:96)
	at org.apache.catalina.authenticator.AuthenticatorBase.invoke(AuthenticatorBase.java:541)
	at org.apache.catalina.core.StandardHostValve.invoke(StandardHostValve.java:139)
	at org.apache.catalina.valves.ErrorReportValve.invoke(ErrorReportValve.java:92)
	at org.apache.catalina.core.StandardEngineValve.invoke(StandardEngineValve.java:74)
	at org.apache.catalina.connector.CoyoteAdapter.service(CoyoteAdapter.java:343)
	at org.apache.coyote.http11.Http11Processor.service(Http11Processor.java:373)
	at org.apache.coyote.AbstractProcessorLight.process(AbstractProcessorLight.java:65)
	at org.apache.coyote.AbstractProtocol$ConnectionHandler.process(AbstractProtocol.java:868)
	at org.apache.tomcat.util.net.NioEndpoint$SocketProcessor.doRun(NioEndpoint.java:1594)
	at org.apache.tomcat.util.net.SocketProcessorBase.run(SocketProcessorBase.java:49)
	at java.base/java.util.concurrent.ThreadPoolExecutor.runWorker(ThreadPoolExecutor.java:1128)
	at java.base/java.util.concurrent.ThreadPoolExecutor$Worker.run(ThreadPoolExecutor.java:628)
	at org.apache.tomcat.util.threads.TaskThread$WrappingRunnable.run(TaskThread.java:61)
	at java.base/java.lang.Thread.run(Thread.java:834)
2020-05-26 12:54:08,239 ERROR org.apache.juli.logging.DirectJDKLog [http-nio-8080-exec-9] Servlet.service() for servlet [dispatcherServlet] in context with path [] threw exception [Request processing failed; nested exception is error="invalid_grant", error_description="Invalid OTP."] with root cause
org.springframework.security.oauth2.common.exceptions.InvalidGrantException: Invalid OTP.
	at org.springframework.security.oauth2.provider.password.ResourceOwnerPasswordTokenGranter.getOAuth2Authentication(ResourceOwnerPasswordTokenGranter.java:79)
	at org.springframework.security.oauth2.provider.token.AbstractTokenGranter.getAccessToken(AbstractTokenGranter.java:72)
	at org.springframework.security.oauth2.provider.token.AbstractTokenGranter.grant(AbstractTokenGranter.java:67)
	at org.springframework.security.oauth2.provider.CompositeTokenGranter.grant(CompositeTokenGranter.java:38)
	at org.springframework.security.oauth2.config.annotation.web.configurers.AuthorizationServerEndpointsConfigurer$4.grant(AuthorizationServerEndpointsConfigurer.java:583)
	at org.springframework.security.oauth2.provider.endpoint.TokenEndpoint.postAccessToken(TokenEndpoint.java:132)
	at java.base/jdk.internal.reflect.NativeMethodAccessorImpl.invoke0(Native Method)
	at java.base/jdk.internal.reflect.NativeMethodAccessorImpl.invoke(NativeMethodAccessorImpl.java:62)
	at java.base/jdk.internal.reflect.DelegatingMethodAccessorImpl.invoke(DelegatingMethodAccessorImpl.java:43)
	at java.base/java.lang.reflect.Method.invoke(Method.java:566)
	at org.springframework.web.method.support.InvocableHandlerMethod.doInvoke(InvocableHandlerMethod.java:190)
	at org.springframework.web.method.support.InvocableHandlerMethod.invokeForRequest(InvocableHandlerMethod.java:138)
	at org.springframework.web.servlet.mvc.method.annotation.ServletInvocableHandlerMethod.invokeAndHandle(ServletInvocableHandlerMethod.java:105)
	at org.springframework.web.servlet.mvc.method.annotation.RequestMappingHandlerAdapter.invokeHandlerMethod(RequestMappingHandlerAdapter.java:879)
	at org.springframework.web.servlet.mvc.method.annotation.RequestMappingHandlerAdapter.handleInternal(RequestMappingHandlerAdapter.java:793)
	at org.springframework.web.servlet.mvc.method.AbstractHandlerMethodAdapter.handle(AbstractHandlerMethodAdapter.java:87)
	at org.springframework.web.servlet.DispatcherServlet.doDispatch(DispatcherServlet.java:1040)
	at org.springframework.web.servlet.DispatcherServlet.doService(DispatcherServlet.java:943)
	at org.springframework.web.servlet.FrameworkServlet.processRequest(FrameworkServlet.java:1006)
	at org.springframework.web.servlet.FrameworkServlet.doPost(FrameworkServlet.java:909)
	at javax.servlet.http.HttpServlet.service(HttpServlet.java:660)
	at org.springframework.web.servlet.FrameworkServlet.service(FrameworkServlet.java:883)
	at javax.servlet.http.HttpServlet.service(HttpServlet.java:741)
	at org.apache.catalina.core.ApplicationFilterChain.internalDoFilter(ApplicationFilterChain.java:231)
	at org.apache.catalina.core.ApplicationFilterChain.doFilter(ApplicationFilterChain.java:166)
	at org.apache.tomcat.websocket.server.WsFilter.doFilter(WsFilter.java:53)
	at org.apache.catalina.core.ApplicationFilterChain.internalDoFilter(ApplicationFilterChain.java:193)
	at org.apache.catalina.core.ApplicationFilterChain.doFilter(ApplicationFilterChain.java:166)
	at org.springframework.security.web.FilterChainProxy$VirtualFilterChain.doFilter(FilterChainProxy.java:320)
	at org.springframework.security.web.access.intercept.FilterSecurityInterceptor.invoke(FilterSecurityInterceptor.java:126)
	at org.springframework.security.web.access.intercept.FilterSecurityInterceptor.doFilter(FilterSecurityInterceptor.java:90)
	at org.springframework.security.web.FilterChainProxy$VirtualFilterChain.doFilter(FilterChainProxy.java:334)
	at org.springframework.security.web.access.ExceptionTranslationFilter.doFilter(ExceptionTranslationFilter.java:118)
	at org.springframework.security.web.FilterChainProxy$VirtualFilterChain.doFilter(FilterChainProxy.java:334)
	at org.springframework.security.web.session.SessionManagementFilter.doFilter(SessionManagementFilter.java:137)
	at org.springframework.security.web.FilterChainProxy$VirtualFilterChain.doFilter(FilterChainProxy.java:334)
	at org.springframework.security.web.authentication.AnonymousAuthenticationFilter.doFilter(AnonymousAuthenticationFilter.java:111)
	at org.springframework.security.web.FilterChainProxy$VirtualFilterChain.doFilter(FilterChainProxy.java:334)
	at org.springframework.security.web.servletapi.SecurityContextHolderAwareRequestFilter.doFilter(SecurityContextHolderAwareRequestFilter.java:158)
	at org.springframework.security.web.FilterChainProxy$VirtualFilterChain.doFilter(FilterChainProxy.java:334)
	at org.springframework.security.web.savedrequest.RequestCacheAwareFilter.doFilter(RequestCacheAwareFilter.java:63)
	at org.springframework.security.web.FilterChainProxy$VirtualFilterChain.doFilter(FilterChainProxy.java:334)
	at org.springframework.security.web.authentication.www.BasicAuthenticationFilter.doFilterInternal(BasicAuthenticationFilter.java:204)
	at org.springframework.web.filter.OncePerRequestFilter.doFilter(OncePerRequestFilter.java:119)
	at org.springframework.security.web.FilterChainProxy$VirtualFilterChain.doFilter(FilterChainProxy.java:334)
	at org.springframework.web.filter.CorsFilter.doFilterInternal(CorsFilter.java:92)
	at org.springframework.web.filter.OncePerRequestFilter.doFilter(OncePerRequestFilter.java:119)
	at org.springframework.security.web.FilterChainProxy$VirtualFilterChain.doFilter(FilterChainProxy.java:334)
	at org.springframework.security.web.authentication.logout.LogoutFilter.doFilter(LogoutFilter.java:116)
	at org.springframework.security.web.FilterChainProxy$VirtualFilterChain.doFilter(FilterChainProxy.java:334)
	at org.springframework.security.web.header.HeaderWriterFilter.doHeadersAfter(HeaderWriterFilter.java:92)
	at org.springframework.security.web.header.HeaderWriterFilter.doFilterInternal(HeaderWriterFilter.java:77)
	at org.springframework.web.filter.OncePerRequestFilter.doFilter(OncePerRequestFilter.java:119)
	at org.springframework.security.web.FilterChainProxy$VirtualFilterChain.doFilter(FilterChainProxy.java:334)
	at org.springframework.security.web.context.SecurityContextPersistenceFilter.doFilter(SecurityContextPersistenceFilter.java:105)
	at org.springframework.security.web.FilterChainProxy$VirtualFilterChain.doFilter(FilterChainProxy.java:334)
	at org.springframework.security.web.context.request.async.WebAsyncManagerIntegrationFilter.doFilterInternal(WebAsyncManagerIntegrationFilter.java:56)
	at org.springframework.web.filter.OncePerRequestFilter.doFilter(OncePerRequestFilter.java:119)
	at org.springframework.security.web.FilterChainProxy$VirtualFilterChain.doFilter(FilterChainProxy.java:334)
	at org.springframework.security.web.FilterChainProxy.doFilterInternal(FilterChainProxy.java:215)
	at org.springframework.security.web.FilterChainProxy.doFilter(FilterChainProxy.java:178)
	at org.springframework.web.filter.DelegatingFilterProxy.invokeDelegate(DelegatingFilterProxy.java:358)
	at org.springframework.web.filter.DelegatingFilterProxy.doFilter(DelegatingFilterProxy.java:271)
	at org.apache.catalina.core.ApplicationFilterChain.internalDoFilter(ApplicationFilterChain.java:193)
	at org.apache.catalina.core.ApplicationFilterChain.doFilter(ApplicationFilterChain.java:166)
	at org.springframework.web.filter.RequestContextFilter.doFilterInternal(RequestContextFilter.java:100)
	at org.springframework.web.filter.OncePerRequestFilter.doFilter(OncePerRequestFilter.java:119)
	at org.apache.catalina.core.ApplicationFilterChain.internalDoFilter(ApplicationFilterChain.java:193)
	at org.apache.catalina.core.ApplicationFilterChain.doFilter(ApplicationFilterChain.java:166)
	at org.springframework.web.filter.FormContentFilter.doFilterInternal(FormContentFilter.java:93)
	at org.springframework.web.filter.OncePerRequestFilter.doFilter(OncePerRequestFilter.java:119)
	at org.apache.catalina.core.ApplicationFilterChain.internalDoFilter(ApplicationFilterChain.java:193)
	at org.apache.catalina.core.ApplicationFilterChain.doFilter(ApplicationFilterChain.java:166)
	at org.springframework.boot.actuate.metrics.web.servlet.WebMvcMetricsFilter.doFilterInternal(WebMvcMetricsFilter.java:109)
	at org.springframework.web.filter.OncePerRequestFilter.doFilter(OncePerRequestFilter.java:119)
	at org.apache.catalina.core.ApplicationFilterChain.internalDoFilter(ApplicationFilterChain.java:193)
	at org.apache.catalina.core.ApplicationFilterChain.doFilter(ApplicationFilterChain.java:166)
	at org.springframework.web.filter.CharacterEncodingFilter.doFilterInternal(CharacterEncodingFilter.java:201)
	at org.springframework.web.filter.OncePerRequestFilter.doFilter(OncePerRequestFilter.java:119)
	at org.apache.catalina.core.ApplicationFilterChain.internalDoFilter(ApplicationFilterChain.java:193)
	at org.apache.catalina.core.ApplicationFilterChain.doFilter(ApplicationFilterChain.java:166)
	at org.apache.catalina.core.StandardWrapperValve.invoke(StandardWrapperValve.java:202)
	at org.apache.catalina.core.StandardContextValve.invoke(StandardContextValve.java:96)
	at org.apache.catalina.authenticator.AuthenticatorBase.invoke(AuthenticatorBase.java:541)
	at org.apache.catalina.core.StandardHostValve.invoke(StandardHostValve.java:139)
	at org.apache.catalina.valves.ErrorReportValve.invoke(ErrorReportValve.java:92)
	at org.apache.catalina.core.StandardEngineValve.invoke(StandardEngineValve.java:74)
	at org.apache.catalina.connector.CoyoteAdapter.service(CoyoteAdapter.java:343)
	at org.apache.coyote.http11.Http11Processor.service(Http11Processor.java:373)
	at org.apache.coyote.AbstractProcessorLight.process(AbstractProcessorLight.java:65)
	at org.apache.coyote.AbstractProtocol$ConnectionHandler.process(AbstractProtocol.java:868)
	at org.apache.tomcat.util.net.NioEndpoint$SocketProcessor.doRun(NioEndpoint.java:1594)
	at org.apache.tomcat.util.net.SocketProcessorBase.run(SocketProcessorBase.java:49)
	at java.base/java.util.concurrent.ThreadPoolExecutor.runWorker(ThreadPoolExecutor.java:1128)
	at java.base/java.util.concurrent.ThreadPoolExecutor$Worker.run(ThreadPoolExecutor.java:628)
	at org.apache.tomcat.util.threads.TaskThread$WrappingRunnable.run(TaskThread.java:61)
	at java.base/java.lang.Thread.run(Thread.java:834)
2020-05-26 12:54:19,109 INFO com.surshree.app.services.OtpService [http-nio-8080-exec-4] OTP Generated
2020-05-26 12:54:19,120 INFO com.surshree.app.services.CustomUserDetailsService [http-nio-8080-exec-4] Granted Authorities --> ROLE_ADMN
2020-05-26 12:54:19,124 INFO com.surshree.app.services.CustomUserDetailsService [http-nio-8080-exec-4] Granted Authorities --> ROLE_CONT
2020-05-26 12:54:19,126 INFO com.surshree.app.services.CustomUserDetailsService [http-nio-8080-exec-4] Granted Authorities --> FUNC_CONT_MENU
2020-05-26 12:54:19,129 INFO com.surshree.app.services.CustomUserDetailsService [http-nio-8080-exec-4] Granted Authorities --> FUNC_VIEW_ADMIN_MENU
2020-05-26 12:54:19,132 INFO com.surshree.app.services.CustomUserDetailsService [http-nio-8080-exec-4] Granted Authorities --> FUNC_CONT_MENU
2020-05-26 12:54:32,113 INFO com.surshree.app.services.CustomUserDetailsService [http-nio-8080-exec-5] Granted Authorities --> ROLE_ADMN
2020-05-26 12:54:32,115 INFO com.surshree.app.services.CustomUserDetailsService [http-nio-8080-exec-5] Granted Authorities --> ROLE_CONT
2020-05-26 12:54:32,115 INFO com.surshree.app.services.CustomUserDetailsService [http-nio-8080-exec-5] Granted Authorities --> FUNC_CONT_MENU
2020-05-26 12:54:32,116 INFO com.surshree.app.services.CustomUserDetailsService [http-nio-8080-exec-5] Granted Authorities --> FUNC_VIEW_ADMIN_MENU
2020-05-26 12:54:32,117 INFO com.surshree.app.services.CustomUserDetailsService [http-nio-8080-exec-5] Granted Authorities --> FUNC_CONT_MENU
2020-05-26 12:54:32,488 INFO com.surshree.app.services.OtpService [http-nio-8080-exec-5] OTP Validated
2020-05-26 12:54:32,490 WARN org.springframework.security.oauth2.provider.endpoint.TokenEndpoint [http-nio-8080-exec-5] Handling error: InvalidGrantException, Invalid OTP.
2020-05-26 12:54:32,491 WARN org.springframework.web.servlet.mvc.method.annotation.ExceptionHandlerExceptionResolver [http-nio-8080-exec-5] Failure in @ExceptionHandler org.springframework.security.oauth2.provider.endpoint.TokenEndpoint#handleException(OAuth2Exception)
org.springframework.web.HttpMediaTypeNotAcceptableException: Could not find acceptable representation
	at org.springframework.web.servlet.mvc.method.annotation.AbstractMessageConverterMethodProcessor.writeWithMessageConverters(AbstractMessageConverterMethodProcessor.java:243)
	at org.springframework.web.servlet.mvc.method.annotation.HttpEntityMethodProcessor.handleReturnValue(HttpEntityMethodProcessor.java:219)
	at org.springframework.web.method.support.HandlerMethodReturnValueHandlerComposite.handleReturnValue(HandlerMethodReturnValueHandlerComposite.java:82)
	at org.springframework.web.servlet.mvc.method.annotation.ServletInvocableHandlerMethod.invokeAndHandle(ServletInvocableHandlerMethod.java:123)
	at org.springframework.web.servlet.mvc.method.annotation.ExceptionHandlerExceptionResolver.doResolveHandlerMethodException(ExceptionHandlerExceptionResolver.java:407)
	at org.springframework.web.servlet.handler.AbstractHandlerMethodExceptionResolver.doResolveException(AbstractHandlerMethodExceptionResolver.java:61)
	at org.springframework.web.servlet.handler.AbstractHandlerExceptionResolver.resolveException(AbstractHandlerExceptionResolver.java:141)
	at org.springframework.web.servlet.handler.HandlerExceptionResolverComposite.resolveException(HandlerExceptionResolverComposite.java:80)
	at org.springframework.web.servlet.DispatcherServlet.processHandlerException(DispatcherServlet.java:1300)
	at org.springframework.web.servlet.DispatcherServlet.processDispatchResult(DispatcherServlet.java:1111)
	at org.springframework.web.servlet.DispatcherServlet.doDispatch(DispatcherServlet.java:1057)
	at org.springframework.web.servlet.DispatcherServlet.doService(DispatcherServlet.java:943)
	at org.springframework.web.servlet.FrameworkServlet.processRequest(FrameworkServlet.java:1006)
	at org.springframework.web.servlet.FrameworkServlet.doPost(FrameworkServlet.java:909)
	at javax.servlet.http.HttpServlet.service(HttpServlet.java:660)
	at org.springframework.web.servlet.FrameworkServlet.service(FrameworkServlet.java:883)
	at javax.servlet.http.HttpServlet.service(HttpServlet.java:741)
	at org.apache.catalina.core.ApplicationFilterChain.internalDoFilter(ApplicationFilterChain.java:231)
	at org.apache.catalina.core.ApplicationFilterChain.doFilter(ApplicationFilterChain.java:166)
	at org.apache.tomcat.websocket.server.WsFilter.doFilter(WsFilter.java:53)
	at org.apache.catalina.core.ApplicationFilterChain.internalDoFilter(ApplicationFilterChain.java:193)
	at org.apache.catalina.core.ApplicationFilterChain.doFilter(ApplicationFilterChain.java:166)
	at org.springframework.security.web.FilterChainProxy$VirtualFilterChain.doFilter(FilterChainProxy.java:320)
	at org.springframework.security.web.access.intercept.FilterSecurityInterceptor.invoke(FilterSecurityInterceptor.java:126)
	at org.springframework.security.web.access.intercept.FilterSecurityInterceptor.doFilter(FilterSecurityInterceptor.java:90)
	at org.springframework.security.web.FilterChainProxy$VirtualFilterChain.doFilter(FilterChainProxy.java:334)
	at org.springframework.security.web.access.ExceptionTranslationFilter.doFilter(ExceptionTranslationFilter.java:118)
	at org.springframework.security.web.FilterChainProxy$VirtualFilterChain.doFilter(FilterChainProxy.java:334)
	at org.springframework.security.web.session.SessionManagementFilter.doFilter(SessionManagementFilter.java:137)
	at org.springframework.security.web.FilterChainProxy$VirtualFilterChain.doFilter(FilterChainProxy.java:334)
	at org.springframework.security.web.authentication.AnonymousAuthenticationFilter.doFilter(AnonymousAuthenticationFilter.java:111)
	at org.springframework.security.web.FilterChainProxy$VirtualFilterChain.doFilter(FilterChainProxy.java:334)
	at org.springframework.security.web.servletapi.SecurityContextHolderAwareRequestFilter.doFilter(SecurityContextHolderAwareRequestFilter.java:158)
	at org.springframework.security.web.FilterChainProxy$VirtualFilterChain.doFilter(FilterChainProxy.java:334)
	at org.springframework.security.web.savedrequest.RequestCacheAwareFilter.doFilter(RequestCacheAwareFilter.java:63)
	at org.springframework.security.web.FilterChainProxy$VirtualFilterChain.doFilter(FilterChainProxy.java:334)
	at org.springframework.security.web.authentication.www.BasicAuthenticationFilter.doFilterInternal(BasicAuthenticationFilter.java:204)
	at org.springframework.web.filter.OncePerRequestFilter.doFilter(OncePerRequestFilter.java:119)
	at org.springframework.security.web.FilterChainProxy$VirtualFilterChain.doFilter(FilterChainProxy.java:334)
	at org.springframework.web.filter.CorsFilter.doFilterInternal(CorsFilter.java:92)
	at org.springframework.web.filter.OncePerRequestFilter.doFilter(OncePerRequestFilter.java:119)
	at org.springframework.security.web.FilterChainProxy$VirtualFilterChain.doFilter(FilterChainProxy.java:334)
	at org.springframework.security.web.authentication.logout.LogoutFilter.doFilter(LogoutFilter.java:116)
	at org.springframework.security.web.FilterChainProxy$VirtualFilterChain.doFilter(FilterChainProxy.java:334)
	at org.springframework.security.web.header.HeaderWriterFilter.doHeadersAfter(HeaderWriterFilter.java:92)
	at org.springframework.security.web.header.HeaderWriterFilter.doFilterInternal(HeaderWriterFilter.java:77)
	at org.springframework.web.filter.OncePerRequestFilter.doFilter(OncePerRequestFilter.java:119)
	at org.springframework.security.web.FilterChainProxy$VirtualFilterChain.doFilter(FilterChainProxy.java:334)
	at org.springframework.security.web.context.SecurityContextPersistenceFilter.doFilter(SecurityContextPersistenceFilter.java:105)
	at org.springframework.security.web.FilterChainProxy$VirtualFilterChain.doFilter(FilterChainProxy.java:334)
	at org.springframework.security.web.context.request.async.WebAsyncManagerIntegrationFilter.doFilterInternal(WebAsyncManagerIntegrationFilter.java:56)
	at org.springframework.web.filter.OncePerRequestFilter.doFilter(OncePerRequestFilter.java:119)
	at org.springframework.security.web.FilterChainProxy$VirtualFilterChain.doFilter(FilterChainProxy.java:334)
	at org.springframework.security.web.FilterChainProxy.doFilterInternal(FilterChainProxy.java:215)
	at org.springframework.security.web.FilterChainProxy.doFilter(FilterChainProxy.java:178)
	at org.springframework.web.filter.DelegatingFilterProxy.invokeDelegate(DelegatingFilterProxy.java:358)
	at org.springframework.web.filter.DelegatingFilterProxy.doFilter(DelegatingFilterProxy.java:271)
	at org.apache.catalina.core.ApplicationFilterChain.internalDoFilter(ApplicationFilterChain.java:193)
	at org.apache.catalina.core.ApplicationFilterChain.doFilter(ApplicationFilterChain.java:166)
	at org.springframework.web.filter.RequestContextFilter.doFilterInternal(RequestContextFilter.java:100)
	at org.springframework.web.filter.OncePerRequestFilter.doFilter(OncePerRequestFilter.java:119)
	at org.apache.catalina.core.ApplicationFilterChain.internalDoFilter(ApplicationFilterChain.java:193)
	at org.apache.catalina.core.ApplicationFilterChain.doFilter(ApplicationFilterChain.java:166)
	at org.springframework.web.filter.FormContentFilter.doFilterInternal(FormContentFilter.java:93)
	at org.springframework.web.filter.OncePerRequestFilter.doFilter(OncePerRequestFilter.java:119)
	at org.apache.catalina.core.ApplicationFilterChain.internalDoFilter(ApplicationFilterChain.java:193)
	at org.apache.catalina.core.ApplicationFilterChain.doFilter(ApplicationFilterChain.java:166)
	at org.springframework.boot.actuate.metrics.web.servlet.WebMvcMetricsFilter.doFilterInternal(WebMvcMetricsFilter.java:109)
	at org.springframework.web.filter.OncePerRequestFilter.doFilter(OncePerRequestFilter.java:119)
	at org.apache.catalina.core.ApplicationFilterChain.internalDoFilter(ApplicationFilterChain.java:193)
	at org.apache.catalina.core.ApplicationFilterChain.doFilter(ApplicationFilterChain.java:166)
	at org.springframework.web.filter.CharacterEncodingFilter.doFilterInternal(CharacterEncodingFilter.java:201)
	at org.springframework.web.filter.OncePerRequestFilter.doFilter(OncePerRequestFilter.java:119)
	at org.apache.catalina.core.ApplicationFilterChain.internalDoFilter(ApplicationFilterChain.java:193)
	at org.apache.catalina.core.ApplicationFilterChain.doFilter(ApplicationFilterChain.java:166)
	at org.apache.catalina.core.StandardWrapperValve.invoke(StandardWrapperValve.java:202)
	at org.apache.catalina.core.StandardContextValve.invoke(StandardContextValve.java:96)
	at org.apache.catalina.authenticator.AuthenticatorBase.invoke(AuthenticatorBase.java:541)
	at org.apache.catalina.core.StandardHostValve.invoke(StandardHostValve.java:139)
	at org.apache.catalina.valves.ErrorReportValve.invoke(ErrorReportValve.java:92)
	at org.apache.catalina.core.StandardEngineValve.invoke(StandardEngineValve.java:74)
	at org.apache.catalina.connector.CoyoteAdapter.service(CoyoteAdapter.java:343)
	at org.apache.coyote.http11.Http11Processor.service(Http11Processor.java:373)
	at org.apache.coyote.AbstractProcessorLight.process(AbstractProcessorLight.java:65)
	at org.apache.coyote.AbstractProtocol$ConnectionHandler.process(AbstractProtocol.java:868)
	at org.apache.tomcat.util.net.NioEndpoint$SocketProcessor.doRun(NioEndpoint.java:1594)
	at org.apache.tomcat.util.net.SocketProcessorBase.run(SocketProcessorBase.java:49)
	at java.base/java.util.concurrent.ThreadPoolExecutor.runWorker(ThreadPoolExecutor.java:1128)
	at java.base/java.util.concurrent.ThreadPoolExecutor$Worker.run(ThreadPoolExecutor.java:628)
	at org.apache.tomcat.util.threads.TaskThread$WrappingRunnable.run(TaskThread.java:61)
	at java.base/java.lang.Thread.run(Thread.java:834)
2020-05-26 12:54:32,499 ERROR org.apache.juli.logging.DirectJDKLog [http-nio-8080-exec-5] Servlet.service() for servlet [dispatcherServlet] in context with path [] threw exception [Request processing failed; nested exception is error="invalid_grant", error_description="Invalid OTP."] with root cause
org.springframework.security.oauth2.common.exceptions.InvalidGrantException: Invalid OTP.
	at org.springframework.security.oauth2.provider.password.ResourceOwnerPasswordTokenGranter.getOAuth2Authentication(ResourceOwnerPasswordTokenGranter.java:79)
	at org.springframework.security.oauth2.provider.token.AbstractTokenGranter.getAccessToken(AbstractTokenGranter.java:72)
	at org.springframework.security.oauth2.provider.token.AbstractTokenGranter.grant(AbstractTokenGranter.java:67)
	at org.springframework.security.oauth2.provider.CompositeTokenGranter.grant(CompositeTokenGranter.java:38)
	at org.springframework.security.oauth2.config.annotation.web.configurers.AuthorizationServerEndpointsConfigurer$4.grant(AuthorizationServerEndpointsConfigurer.java:583)
	at org.springframework.security.oauth2.provider.endpoint.TokenEndpoint.postAccessToken(TokenEndpoint.java:132)
	at java.base/jdk.internal.reflect.NativeMethodAccessorImpl.invoke0(Native Method)
	at java.base/jdk.internal.reflect.NativeMethodAccessorImpl.invoke(NativeMethodAccessorImpl.java:62)
	at java.base/jdk.internal.reflect.DelegatingMethodAccessorImpl.invoke(DelegatingMethodAccessorImpl.java:43)
	at java.base/java.lang.reflect.Method.invoke(Method.java:566)
	at org.springframework.web.method.support.InvocableHandlerMethod.doInvoke(InvocableHandlerMethod.java:190)
	at org.springframework.web.method.support.InvocableHandlerMethod.invokeForRequest(InvocableHandlerMethod.java:138)
	at org.springframework.web.servlet.mvc.method.annotation.ServletInvocableHandlerMethod.invokeAndHandle(ServletInvocableHandlerMethod.java:105)
	at org.springframework.web.servlet.mvc.method.annotation.RequestMappingHandlerAdapter.invokeHandlerMethod(RequestMappingHandlerAdapter.java:879)
	at org.springframework.web.servlet.mvc.method.annotation.RequestMappingHandlerAdapter.handleInternal(RequestMappingHandlerAdapter.java:793)
	at org.springframework.web.servlet.mvc.method.AbstractHandlerMethodAdapter.handle(AbstractHandlerMethodAdapter.java:87)
	at org.springframework.web.servlet.DispatcherServlet.doDispatch(DispatcherServlet.java:1040)
	at org.springframework.web.servlet.DispatcherServlet.doService(DispatcherServlet.java:943)
	at org.springframework.web.servlet.FrameworkServlet.processRequest(FrameworkServlet.java:1006)
	at org.springframework.web.servlet.FrameworkServlet.doPost(FrameworkServlet.java:909)
	at javax.servlet.http.HttpServlet.service(HttpServlet.java:660)
	at org.springframework.web.servlet.FrameworkServlet.service(FrameworkServlet.java:883)
	at javax.servlet.http.HttpServlet.service(HttpServlet.java:741)
	at org.apache.catalina.core.ApplicationFilterChain.internalDoFilter(ApplicationFilterChain.java:231)
	at org.apache.catalina.core.ApplicationFilterChain.doFilter(ApplicationFilterChain.java:166)
	at org.apache.tomcat.websocket.server.WsFilter.doFilter(WsFilter.java:53)
	at org.apache.catalina.core.ApplicationFilterChain.internalDoFilter(ApplicationFilterChain.java:193)
	at org.apache.catalina.core.ApplicationFilterChain.doFilter(ApplicationFilterChain.java:166)
	at org.springframework.security.web.FilterChainProxy$VirtualFilterChain.doFilter(FilterChainProxy.java:320)
	at org.springframework.security.web.access.intercept.FilterSecurityInterceptor.invoke(FilterSecurityInterceptor.java:126)
	at org.springframework.security.web.access.intercept.FilterSecurityInterceptor.doFilter(FilterSecurityInterceptor.java:90)
	at org.springframework.security.web.FilterChainProxy$VirtualFilterChain.doFilter(FilterChainProxy.java:334)
	at org.springframework.security.web.access.ExceptionTranslationFilter.doFilter(ExceptionTranslationFilter.java:118)
	at org.springframework.security.web.FilterChainProxy$VirtualFilterChain.doFilter(FilterChainProxy.java:334)
	at org.springframework.security.web.session.SessionManagementFilter.doFilter(SessionManagementFilter.java:137)
	at org.springframework.security.web.FilterChainProxy$VirtualFilterChain.doFilter(FilterChainProxy.java:334)
	at org.springframework.security.web.authentication.AnonymousAuthenticationFilter.doFilter(AnonymousAuthenticationFilter.java:111)
	at org.springframework.security.web.FilterChainProxy$VirtualFilterChain.doFilter(FilterChainProxy.java:334)
	at org.springframework.security.web.servletapi.SecurityContextHolderAwareRequestFilter.doFilter(SecurityContextHolderAwareRequestFilter.java:158)
	at org.springframework.security.web.FilterChainProxy$VirtualFilterChain.doFilter(FilterChainProxy.java:334)
	at org.springframework.security.web.savedrequest.RequestCacheAwareFilter.doFilter(RequestCacheAwareFilter.java:63)
	at org.springframework.security.web.FilterChainProxy$VirtualFilterChain.doFilter(FilterChainProxy.java:334)
	at org.springframework.security.web.authentication.www.BasicAuthenticationFilter.doFilterInternal(BasicAuthenticationFilter.java:204)
	at org.springframework.web.filter.OncePerRequestFilter.doFilter(OncePerRequestFilter.java:119)
	at org.springframework.security.web.FilterChainProxy$VirtualFilterChain.doFilter(FilterChainProxy.java:334)
	at org.springframework.web.filter.CorsFilter.doFilterInternal(CorsFilter.java:92)
	at org.springframework.web.filter.OncePerRequestFilter.doFilter(OncePerRequestFilter.java:119)
	at org.springframework.security.web.FilterChainProxy$VirtualFilterChain.doFilter(FilterChainProxy.java:334)
	at org.springframework.security.web.authentication.logout.LogoutFilter.doFilter(LogoutFilter.java:116)
	at org.springframework.security.web.FilterChainProxy$VirtualFilterChain.doFilter(FilterChainProxy.java:334)
	at org.springframework.security.web.header.HeaderWriterFilter.doHeadersAfter(HeaderWriterFilter.java:92)
	at org.springframework.security.web.header.HeaderWriterFilter.doFilterInternal(HeaderWriterFilter.java:77)
	at org.springframework.web.filter.OncePerRequestFilter.doFilter(OncePerRequestFilter.java:119)
	at org.springframework.security.web.FilterChainProxy$VirtualFilterChain.doFilter(FilterChainProxy.java:334)
	at org.springframework.security.web.context.SecurityContextPersistenceFilter.doFilter(SecurityContextPersistenceFilter.java:105)
	at org.springframework.security.web.FilterChainProxy$VirtualFilterChain.doFilter(FilterChainProxy.java:334)
	at org.springframework.security.web.context.request.async.WebAsyncManagerIntegrationFilter.doFilterInternal(WebAsyncManagerIntegrationFilter.java:56)
	at org.springframework.web.filter.OncePerRequestFilter.doFilter(OncePerRequestFilter.java:119)
	at org.springframework.security.web.FilterChainProxy$VirtualFilterChain.doFilter(FilterChainProxy.java:334)
	at org.springframework.security.web.FilterChainProxy.doFilterInternal(FilterChainProxy.java:215)
	at org.springframework.security.web.FilterChainProxy.doFilter(FilterChainProxy.java:178)
	at org.springframework.web.filter.DelegatingFilterProxy.invokeDelegate(DelegatingFilterProxy.java:358)
	at org.springframework.web.filter.DelegatingFilterProxy.doFilter(DelegatingFilterProxy.java:271)
	at org.apache.catalina.core.ApplicationFilterChain.internalDoFilter(ApplicationFilterChain.java:193)
	at org.apache.catalina.core.ApplicationFilterChain.doFilter(ApplicationFilterChain.java:166)
	at org.springframework.web.filter.RequestContextFilter.doFilterInternal(RequestContextFilter.java:100)
	at org.springframework.web.filter.OncePerRequestFilter.doFilter(OncePerRequestFilter.java:119)
	at org.apache.catalina.core.ApplicationFilterChain.internalDoFilter(ApplicationFilterChain.java:193)
	at org.apache.catalina.core.ApplicationFilterChain.doFilter(ApplicationFilterChain.java:166)
	at org.springframework.web.filter.FormContentFilter.doFilterInternal(FormContentFilter.java:93)
	at org.springframework.web.filter.OncePerRequestFilter.doFilter(OncePerRequestFilter.java:119)
	at org.apache.catalina.core.ApplicationFilterChain.internalDoFilter(ApplicationFilterChain.java:193)
	at org.apache.catalina.core.ApplicationFilterChain.doFilter(ApplicationFilterChain.java:166)
	at org.springframework.boot.actuate.metrics.web.servlet.WebMvcMetricsFilter.doFilterInternal(WebMvcMetricsFilter.java:109)
	at org.springframework.web.filter.OncePerRequestFilter.doFilter(OncePerRequestFilter.java:119)
	at org.apache.catalina.core.ApplicationFilterChain.internalDoFilter(ApplicationFilterChain.java:193)
	at org.apache.catalina.core.ApplicationFilterChain.doFilter(ApplicationFilterChain.java:166)
	at org.springframework.web.filter.CharacterEncodingFilter.doFilterInternal(CharacterEncodingFilter.java:201)
	at org.springframework.web.filter.OncePerRequestFilter.doFilter(OncePerRequestFilter.java:119)
	at org.apache.catalina.core.ApplicationFilterChain.internalDoFilter(ApplicationFilterChain.java:193)
	at org.apache.catalina.core.ApplicationFilterChain.doFilter(ApplicationFilterChain.java:166)
	at org.apache.catalina.core.StandardWrapperValve.invoke(StandardWrapperValve.java:202)
	at org.apache.catalina.core.StandardContextValve.invoke(StandardContextValve.java:96)
	at org.apache.catalina.authenticator.AuthenticatorBase.invoke(AuthenticatorBase.java:541)
	at org.apache.catalina.core.StandardHostValve.invoke(StandardHostValve.java:139)
	at org.apache.catalina.valves.ErrorReportValve.invoke(ErrorReportValve.java:92)
	at org.apache.catalina.core.StandardEngineValve.invoke(StandardEngineValve.java:74)
	at org.apache.catalina.connector.CoyoteAdapter.service(CoyoteAdapter.java:343)
	at org.apache.coyote.http11.Http11Processor.service(Http11Processor.java:373)
	at org.apache.coyote.AbstractProcessorLight.process(AbstractProcessorLight.java:65)
	at org.apache.coyote.AbstractProtocol$ConnectionHandler.process(AbstractProtocol.java:868)
	at org.apache.tomcat.util.net.NioEndpoint$SocketProcessor.doRun(NioEndpoint.java:1594)
	at org.apache.tomcat.util.net.SocketProcessorBase.run(SocketProcessorBase.java:49)
	at java.base/java.util.concurrent.ThreadPoolExecutor.runWorker(ThreadPoolExecutor.java:1128)
	at java.base/java.util.concurrent.ThreadPoolExecutor$Worker.run(ThreadPoolExecutor.java:628)
	at org.apache.tomcat.util.threads.TaskThread$WrappingRunnable.run(TaskThread.java:61)
	at java.base/java.lang.Thread.run(Thread.java:834)
2020-05-26 12:54:59,270 INFO com.surshree.app.services.OtpService [http-nio-8080-exec-10] OTP Generated
2020-05-26 12:54:59,279 INFO com.surshree.app.services.CustomUserDetailsService [http-nio-8080-exec-10] Granted Authorities --> ROLE_ADMN
2020-05-26 12:54:59,280 INFO com.surshree.app.services.CustomUserDetailsService [http-nio-8080-exec-10] Granted Authorities --> ROLE_CONT
2020-05-26 12:54:59,280 INFO com.surshree.app.services.CustomUserDetailsService [http-nio-8080-exec-10] Granted Authorities --> FUNC_CONT_MENU
2020-05-26 12:54:59,281 INFO com.surshree.app.services.CustomUserDetailsService [http-nio-8080-exec-10] Granted Authorities --> FUNC_VIEW_ADMIN_MENU
2020-05-26 12:54:59,282 INFO com.surshree.app.services.CustomUserDetailsService [http-nio-8080-exec-10] Granted Authorities --> FUNC_CONT_MENU
2020-05-26 12:55:07,277 INFO com.surshree.app.services.CustomUserDetailsService [http-nio-8080-exec-2] Granted Authorities --> ROLE_ADMN
2020-05-26 12:55:07,278 INFO com.surshree.app.services.CustomUserDetailsService [http-nio-8080-exec-2] Granted Authorities --> ROLE_CONT
2020-05-26 12:55:07,280 INFO com.surshree.app.services.CustomUserDetailsService [http-nio-8080-exec-2] Granted Authorities --> FUNC_CONT_MENU
2020-05-26 12:55:07,281 INFO com.surshree.app.services.CustomUserDetailsService [http-nio-8080-exec-2] Granted Authorities --> FUNC_VIEW_ADMIN_MENU
2020-05-26 12:55:07,282 INFO com.surshree.app.services.CustomUserDetailsService [http-nio-8080-exec-2] Granted Authorities --> FUNC_CONT_MENU
2020-05-26 13:12:32,877 INFO com.surshree.app.services.OtpService [http-nio-8080-exec-2] OTP Validated
2020-05-26 13:12:32,874 INFO com.surshree.app.scheduling.CacheScheduler [scheduling-1] Clear user cache : START
2020-05-26 13:12:33,190 INFO com.surshree.app.scheduling.CacheScheduler [scheduling-1] Clear user cache : END
2020-05-26 13:12:33,149 WARN com.zaxxer.hikari.pool.HikariPool$HouseKeeper [HikariPool-1 housekeeper] HikariPool-1 - Thread starvation or clock leap detected (housekeeper delta=17m31s761ms).
2020-05-26 13:12:33,498 WARN org.springframework.security.oauth2.provider.endpoint.TokenEndpoint [http-nio-8080-exec-2] Handling error: InvalidGrantException, Invalid OTP.
2020-05-26 13:12:33,586 WARN org.springframework.web.servlet.mvc.method.annotation.ExceptionHandlerExceptionResolver [http-nio-8080-exec-2] Failure in @ExceptionHandler org.springframework.security.oauth2.provider.endpoint.TokenEndpoint#handleException(OAuth2Exception)
org.springframework.web.HttpMediaTypeNotAcceptableException: Could not find acceptable representation
	at org.springframework.web.servlet.mvc.method.annotation.AbstractMessageConverterMethodProcessor.writeWithMessageConverters(AbstractMessageConverterMethodProcessor.java:243)
	at org.springframework.web.servlet.mvc.method.annotation.HttpEntityMethodProcessor.handleReturnValue(HttpEntityMethodProcessor.java:219)
	at org.springframework.web.method.support.HandlerMethodReturnValueHandlerComposite.handleReturnValue(HandlerMethodReturnValueHandlerComposite.java:82)
	at org.springframework.web.servlet.mvc.method.annotation.ServletInvocableHandlerMethod.invokeAndHandle(ServletInvocableHandlerMethod.java:123)
	at org.springframework.web.servlet.mvc.method.annotation.ExceptionHandlerExceptionResolver.doResolveHandlerMethodException(ExceptionHandlerExceptionResolver.java:407)
	at org.springframework.web.servlet.handler.AbstractHandlerMethodExceptionResolver.doResolveException(AbstractHandlerMethodExceptionResolver.java:61)
	at org.springframework.web.servlet.handler.AbstractHandlerExceptionResolver.resolveException(AbstractHandlerExceptionResolver.java:141)
	at org.springframework.web.servlet.handler.HandlerExceptionResolverComposite.resolveException(HandlerExceptionResolverComposite.java:80)
	at org.springframework.web.servlet.DispatcherServlet.processHandlerException(DispatcherServlet.java:1300)
	at org.springframework.web.servlet.DispatcherServlet.processDispatchResult(DispatcherServlet.java:1111)
	at org.springframework.web.servlet.DispatcherServlet.doDispatch(DispatcherServlet.java:1057)
	at org.springframework.web.servlet.DispatcherServlet.doService(DispatcherServlet.java:943)
	at org.springframework.web.servlet.FrameworkServlet.processRequest(FrameworkServlet.java:1006)
	at org.springframework.web.servlet.FrameworkServlet.doPost(FrameworkServlet.java:909)
	at javax.servlet.http.HttpServlet.service(HttpServlet.java:660)
	at org.springframework.web.servlet.FrameworkServlet.service(FrameworkServlet.java:883)
	at javax.servlet.http.HttpServlet.service(HttpServlet.java:741)
	at org.apache.catalina.core.ApplicationFilterChain.internalDoFilter(ApplicationFilterChain.java:231)
	at org.apache.catalina.core.ApplicationFilterChain.doFilter(ApplicationFilterChain.java:166)
	at org.apache.tomcat.websocket.server.WsFilter.doFilter(WsFilter.java:53)
	at org.apache.catalina.core.ApplicationFilterChain.internalDoFilter(ApplicationFilterChain.java:193)
	at org.apache.catalina.core.ApplicationFilterChain.doFilter(ApplicationFilterChain.java:166)
	at org.springframework.security.web.FilterChainProxy$VirtualFilterChain.doFilter(FilterChainProxy.java:320)
	at org.springframework.security.web.access.intercept.FilterSecurityInterceptor.invoke(FilterSecurityInterceptor.java:126)
	at org.springframework.security.web.access.intercept.FilterSecurityInterceptor.doFilter(FilterSecurityInterceptor.java:90)
	at org.springframework.security.web.FilterChainProxy$VirtualFilterChain.doFilter(FilterChainProxy.java:334)
	at org.springframework.security.web.access.ExceptionTranslationFilter.doFilter(ExceptionTranslationFilter.java:118)
	at org.springframework.security.web.FilterChainProxy$VirtualFilterChain.doFilter(FilterChainProxy.java:334)
	at org.springframework.security.web.session.SessionManagementFilter.doFilter(SessionManagementFilter.java:137)
	at org.springframework.security.web.FilterChainProxy$VirtualFilterChain.doFilter(FilterChainProxy.java:334)
	at org.springframework.security.web.authentication.AnonymousAuthenticationFilter.doFilter(AnonymousAuthenticationFilter.java:111)
	at org.springframework.security.web.FilterChainProxy$VirtualFilterChain.doFilter(FilterChainProxy.java:334)
	at org.springframework.security.web.servletapi.SecurityContextHolderAwareRequestFilter.doFilter(SecurityContextHolderAwareRequestFilter.java:158)
	at org.springframework.security.web.FilterChainProxy$VirtualFilterChain.doFilter(FilterChainProxy.java:334)
	at org.springframework.security.web.savedrequest.RequestCacheAwareFilter.doFilter(RequestCacheAwareFilter.java:63)
	at org.springframework.security.web.FilterChainProxy$VirtualFilterChain.doFilter(FilterChainProxy.java:334)
	at org.springframework.security.web.authentication.www.BasicAuthenticationFilter.doFilterInternal(BasicAuthenticationFilter.java:204)
	at org.springframework.web.filter.OncePerRequestFilter.doFilter(OncePerRequestFilter.java:119)
	at org.springframework.security.web.FilterChainProxy$VirtualFilterChain.doFilter(FilterChainProxy.java:334)
	at org.springframework.web.filter.CorsFilter.doFilterInternal(CorsFilter.java:92)
	at org.springframework.web.filter.OncePerRequestFilter.doFilter(OncePerRequestFilter.java:119)
	at org.springframework.security.web.FilterChainProxy$VirtualFilterChain.doFilter(FilterChainProxy.java:334)
	at org.springframework.security.web.authentication.logout.LogoutFilter.doFilter(LogoutFilter.java:116)
	at org.springframework.security.web.FilterChainProxy$VirtualFilterChain.doFilter(FilterChainProxy.java:334)
	at org.springframework.security.web.header.HeaderWriterFilter.doHeadersAfter(HeaderWriterFilter.java:92)
	at org.springframework.security.web.header.HeaderWriterFilter.doFilterInternal(HeaderWriterFilter.java:77)
	at org.springframework.web.filter.OncePerRequestFilter.doFilter(OncePerRequestFilter.java:119)
	at org.springframework.security.web.FilterChainProxy$VirtualFilterChain.doFilter(FilterChainProxy.java:334)
	at org.springframework.security.web.context.SecurityContextPersistenceFilter.doFilter(SecurityContextPersistenceFilter.java:105)
	at org.springframework.security.web.FilterChainProxy$VirtualFilterChain.doFilter(FilterChainProxy.java:334)
	at org.springframework.security.web.context.request.async.WebAsyncManagerIntegrationFilter.doFilterInternal(WebAsyncManagerIntegrationFilter.java:56)
	at org.springframework.web.filter.OncePerRequestFilter.doFilter(OncePerRequestFilter.java:119)
	at org.springframework.security.web.FilterChainProxy$VirtualFilterChain.doFilter(FilterChainProxy.java:334)
	at org.springframework.security.web.FilterChainProxy.doFilterInternal(FilterChainProxy.java:215)
	at org.springframework.security.web.FilterChainProxy.doFilter(FilterChainProxy.java:178)
	at org.springframework.web.filter.DelegatingFilterProxy.invokeDelegate(DelegatingFilterProxy.java:358)
	at org.springframework.web.filter.DelegatingFilterProxy.doFilter(DelegatingFilterProxy.java:271)
	at org.apache.catalina.core.ApplicationFilterChain.internalDoFilter(ApplicationFilterChain.java:193)
	at org.apache.catalina.core.ApplicationFilterChain.doFilter(ApplicationFilterChain.java:166)
	at org.springframework.web.filter.RequestContextFilter.doFilterInternal(RequestContextFilter.java:100)
	at org.springframework.web.filter.OncePerRequestFilter.doFilter(OncePerRequestFilter.java:119)
	at org.apache.catalina.core.ApplicationFilterChain.internalDoFilter(ApplicationFilterChain.java:193)
	at org.apache.catalina.core.ApplicationFilterChain.doFilter(ApplicationFilterChain.java:166)
	at org.springframework.web.filter.FormContentFilter.doFilterInternal(FormContentFilter.java:93)
	at org.springframework.web.filter.OncePerRequestFilter.doFilter(OncePerRequestFilter.java:119)
	at org.apache.catalina.core.ApplicationFilterChain.internalDoFilter(ApplicationFilterChain.java:193)
	at org.apache.catalina.core.ApplicationFilterChain.doFilter(ApplicationFilterChain.java:166)
	at org.springframework.boot.actuate.metrics.web.servlet.WebMvcMetricsFilter.doFilterInternal(WebMvcMetricsFilter.java:109)
	at org.springframework.web.filter.OncePerRequestFilter.doFilter(OncePerRequestFilter.java:119)
	at org.apache.catalina.core.ApplicationFilterChain.internalDoFilter(ApplicationFilterChain.java:193)
	at org.apache.catalina.core.ApplicationFilterChain.doFilter(ApplicationFilterChain.java:166)
	at org.springframework.web.filter.CharacterEncodingFilter.doFilterInternal(CharacterEncodingFilter.java:201)
	at org.springframework.web.filter.OncePerRequestFilter.doFilter(OncePerRequestFilter.java:119)
	at org.apache.catalina.core.ApplicationFilterChain.internalDoFilter(ApplicationFilterChain.java:193)
	at org.apache.catalina.core.ApplicationFilterChain.doFilter(ApplicationFilterChain.java:166)
	at org.apache.catalina.core.StandardWrapperValve.invoke(StandardWrapperValve.java:202)
	at org.apache.catalina.core.StandardContextValve.invoke(StandardContextValve.java:96)
	at org.apache.catalina.authenticator.AuthenticatorBase.invoke(AuthenticatorBase.java:541)
	at org.apache.catalina.core.StandardHostValve.invoke(StandardHostValve.java:139)
	at org.apache.catalina.valves.ErrorReportValve.invoke(ErrorReportValve.java:92)
	at org.apache.catalina.core.StandardEngineValve.invoke(StandardEngineValve.java:74)
	at org.apache.catalina.connector.CoyoteAdapter.service(CoyoteAdapter.java:343)
	at org.apache.coyote.http11.Http11Processor.service(Http11Processor.java:373)
	at org.apache.coyote.AbstractProcessorLight.process(AbstractProcessorLight.java:65)
	at org.apache.coyote.AbstractProtocol$ConnectionHandler.process(AbstractProtocol.java:868)
	at org.apache.tomcat.util.net.NioEndpoint$SocketProcessor.doRun(NioEndpoint.java:1594)
	at org.apache.tomcat.util.net.SocketProcessorBase.run(SocketProcessorBase.java:49)
	at java.base/java.util.concurrent.ThreadPoolExecutor.runWorker(ThreadPoolExecutor.java:1128)
	at java.base/java.util.concurrent.ThreadPoolExecutor$Worker.run(ThreadPoolExecutor.java:628)
	at org.apache.tomcat.util.threads.TaskThread$WrappingRunnable.run(TaskThread.java:61)
	at java.base/java.lang.Thread.run(Thread.java:834)
2020-05-26 13:12:33,680 ERROR org.apache.juli.logging.DirectJDKLog [http-nio-8080-exec-2] Servlet.service() for servlet [dispatcherServlet] in context with path [] threw exception [Request processing failed; nested exception is error="invalid_grant", error_description="Invalid OTP."] with root cause
org.springframework.security.oauth2.common.exceptions.InvalidGrantException: Invalid OTP.
	at org.springframework.security.oauth2.provider.password.ResourceOwnerPasswordTokenGranter.getOAuth2Authentication(ResourceOwnerPasswordTokenGranter.java:79)
	at org.springframework.security.oauth2.provider.token.AbstractTokenGranter.getAccessToken(AbstractTokenGranter.java:72)
	at org.springframework.security.oauth2.provider.token.AbstractTokenGranter.grant(AbstractTokenGranter.java:67)
	at org.springframework.security.oauth2.provider.CompositeTokenGranter.grant(CompositeTokenGranter.java:38)
	at org.springframework.security.oauth2.config.annotation.web.configurers.AuthorizationServerEndpointsConfigurer$4.grant(AuthorizationServerEndpointsConfigurer.java:583)
	at org.springframework.security.oauth2.provider.endpoint.TokenEndpoint.postAccessToken(TokenEndpoint.java:132)
	at java.base/jdk.internal.reflect.NativeMethodAccessorImpl.invoke0(Native Method)
	at java.base/jdk.internal.reflect.NativeMethodAccessorImpl.invoke(NativeMethodAccessorImpl.java:62)
	at java.base/jdk.internal.reflect.DelegatingMethodAccessorImpl.invoke(DelegatingMethodAccessorImpl.java:43)
	at java.base/java.lang.reflect.Method.invoke(Method.java:566)
	at org.springframework.web.method.support.InvocableHandlerMethod.doInvoke(InvocableHandlerMethod.java:190)
	at org.springframework.web.method.support.InvocableHandlerMethod.invokeForRequest(InvocableHandlerMethod.java:138)
	at org.springframework.web.servlet.mvc.method.annotation.ServletInvocableHandlerMethod.invokeAndHandle(ServletInvocableHandlerMethod.java:105)
	at org.springframework.web.servlet.mvc.method.annotation.RequestMappingHandlerAdapter.invokeHandlerMethod(RequestMappingHandlerAdapter.java:879)
	at org.springframework.web.servlet.mvc.method.annotation.RequestMappingHandlerAdapter.handleInternal(RequestMappingHandlerAdapter.java:793)
	at org.springframework.web.servlet.mvc.method.AbstractHandlerMethodAdapter.handle(AbstractHandlerMethodAdapter.java:87)
	at org.springframework.web.servlet.DispatcherServlet.doDispatch(DispatcherServlet.java:1040)
	at org.springframework.web.servlet.DispatcherServlet.doService(DispatcherServlet.java:943)
	at org.springframework.web.servlet.FrameworkServlet.processRequest(FrameworkServlet.java:1006)
	at org.springframework.web.servlet.FrameworkServlet.doPost(FrameworkServlet.java:909)
	at javax.servlet.http.HttpServlet.service(HttpServlet.java:660)
	at org.springframework.web.servlet.FrameworkServlet.service(FrameworkServlet.java:883)
	at javax.servlet.http.HttpServlet.service(HttpServlet.java:741)
	at org.apache.catalina.core.ApplicationFilterChain.internalDoFilter(ApplicationFilterChain.java:231)
	at org.apache.catalina.core.ApplicationFilterChain.doFilter(ApplicationFilterChain.java:166)
	at org.apache.tomcat.websocket.server.WsFilter.doFilter(WsFilter.java:53)
	at org.apache.catalina.core.ApplicationFilterChain.internalDoFilter(ApplicationFilterChain.java:193)
	at org.apache.catalina.core.ApplicationFilterChain.doFilter(ApplicationFilterChain.java:166)
	at org.springframework.security.web.FilterChainProxy$VirtualFilterChain.doFilter(FilterChainProxy.java:320)
	at org.springframework.security.web.access.intercept.FilterSecurityInterceptor.invoke(FilterSecurityInterceptor.java:126)
	at org.springframework.security.web.access.intercept.FilterSecurityInterceptor.doFilter(FilterSecurityInterceptor.java:90)
	at org.springframework.security.web.FilterChainProxy$VirtualFilterChain.doFilter(FilterChainProxy.java:334)
	at org.springframework.security.web.access.ExceptionTranslationFilter.doFilter(ExceptionTranslationFilter.java:118)
	at org.springframework.security.web.FilterChainProxy$VirtualFilterChain.doFilter(FilterChainProxy.java:334)
	at org.springframework.security.web.session.SessionManagementFilter.doFilter(SessionManagementFilter.java:137)
	at org.springframework.security.web.FilterChainProxy$VirtualFilterChain.doFilter(FilterChainProxy.java:334)
	at org.springframework.security.web.authentication.AnonymousAuthenticationFilter.doFilter(AnonymousAuthenticationFilter.java:111)
	at org.springframework.security.web.FilterChainProxy$VirtualFilterChain.doFilter(FilterChainProxy.java:334)
	at org.springframework.security.web.servletapi.SecurityContextHolderAwareRequestFilter.doFilter(SecurityContextHolderAwareRequestFilter.java:158)
	at org.springframework.security.web.FilterChainProxy$VirtualFilterChain.doFilter(FilterChainProxy.java:334)
	at org.springframework.security.web.savedrequest.RequestCacheAwareFilter.doFilter(RequestCacheAwareFilter.java:63)
	at org.springframework.security.web.FilterChainProxy$VirtualFilterChain.doFilter(FilterChainProxy.java:334)
	at org.springframework.security.web.authentication.www.BasicAuthenticationFilter.doFilterInternal(BasicAuthenticationFilter.java:204)
	at org.springframework.web.filter.OncePerRequestFilter.doFilter(OncePerRequestFilter.java:119)
	at org.springframework.security.web.FilterChainProxy$VirtualFilterChain.doFilter(FilterChainProxy.java:334)
	at org.springframework.web.filter.CorsFilter.doFilterInternal(CorsFilter.java:92)
	at org.springframework.web.filter.OncePerRequestFilter.doFilter(OncePerRequestFilter.java:119)
	at org.springframework.security.web.FilterChainProxy$VirtualFilterChain.doFilter(FilterChainProxy.java:334)
	at org.springframework.security.web.authentication.logout.LogoutFilter.doFilter(LogoutFilter.java:116)
	at org.springframework.security.web.FilterChainProxy$VirtualFilterChain.doFilter(FilterChainProxy.java:334)
	at org.springframework.security.web.header.HeaderWriterFilter.doHeadersAfter(HeaderWriterFilter.java:92)
	at org.springframework.security.web.header.HeaderWriterFilter.doFilterInternal(HeaderWriterFilter.java:77)
	at org.springframework.web.filter.OncePerRequestFilter.doFilter(OncePerRequestFilter.java:119)
	at org.springframework.security.web.FilterChainProxy$VirtualFilterChain.doFilter(FilterChainProxy.java:334)
	at org.springframework.security.web.context.SecurityContextPersistenceFilter.doFilter(SecurityContextPersistenceFilter.java:105)
	at org.springframework.security.web.FilterChainProxy$VirtualFilterChain.doFilter(FilterChainProxy.java:334)
	at org.springframework.security.web.context.request.async.WebAsyncManagerIntegrationFilter.doFilterInternal(WebAsyncManagerIntegrationFilter.java:56)
	at org.springframework.web.filter.OncePerRequestFilter.doFilter(OncePerRequestFilter.java:119)
	at org.springframework.security.web.FilterChainProxy$VirtualFilterChain.doFilter(FilterChainProxy.java:334)
	at org.springframework.security.web.FilterChainProxy.doFilterInternal(FilterChainProxy.java:215)
	at org.springframework.security.web.FilterChainProxy.doFilter(FilterChainProxy.java:178)
	at org.springframework.web.filter.DelegatingFilterProxy.invokeDelegate(DelegatingFilterProxy.java:358)
	at org.springframework.web.filter.DelegatingFilterProxy.doFilter(DelegatingFilterProxy.java:271)
	at org.apache.catalina.core.ApplicationFilterChain.internalDoFilter(ApplicationFilterChain.java:193)
	at org.apache.catalina.core.ApplicationFilterChain.doFilter(ApplicationFilterChain.java:166)
	at org.springframework.web.filter.RequestContextFilter.doFilterInternal(RequestContextFilter.java:100)
	at org.springframework.web.filter.OncePerRequestFilter.doFilter(OncePerRequestFilter.java:119)
	at org.apache.catalina.core.ApplicationFilterChain.internalDoFilter(ApplicationFilterChain.java:193)
	at org.apache.catalina.core.ApplicationFilterChain.doFilter(ApplicationFilterChain.java:166)
	at org.springframework.web.filter.FormContentFilter.doFilterInternal(FormContentFilter.java:93)
	at org.springframework.web.filter.OncePerRequestFilter.doFilter(OncePerRequestFilter.java:119)
	at org.apache.catalina.core.ApplicationFilterChain.internalDoFilter(ApplicationFilterChain.java:193)
	at org.apache.catalina.core.ApplicationFilterChain.doFilter(ApplicationFilterChain.java:166)
	at org.springframework.boot.actuate.metrics.web.servlet.WebMvcMetricsFilter.doFilterInternal(WebMvcMetricsFilter.java:109)
	at org.springframework.web.filter.OncePerRequestFilter.doFilter(OncePerRequestFilter.java:119)
	at org.apache.catalina.core.ApplicationFilterChain.internalDoFilter(ApplicationFilterChain.java:193)
	at org.apache.catalina.core.ApplicationFilterChain.doFilter(ApplicationFilterChain.java:166)
	at org.springframework.web.filter.CharacterEncodingFilter.doFilterInternal(CharacterEncodingFilter.java:201)
	at org.springframework.web.filter.OncePerRequestFilter.doFilter(OncePerRequestFilter.java:119)
	at org.apache.catalina.core.ApplicationFilterChain.internalDoFilter(ApplicationFilterChain.java:193)
	at org.apache.catalina.core.ApplicationFilterChain.doFilter(ApplicationFilterChain.java:166)
	at org.apache.catalina.core.StandardWrapperValve.invoke(StandardWrapperValve.java:202)
	at org.apache.catalina.core.StandardContextValve.invoke(StandardContextValve.java:96)
	at org.apache.catalina.authenticator.AuthenticatorBase.invoke(AuthenticatorBase.java:541)
	at org.apache.catalina.core.StandardHostValve.invoke(StandardHostValve.java:139)
	at org.apache.catalina.valves.ErrorReportValve.invoke(ErrorReportValve.java:92)
	at org.apache.catalina.core.StandardEngineValve.invoke(StandardEngineValve.java:74)
	at org.apache.catalina.connector.CoyoteAdapter.service(CoyoteAdapter.java:343)
	at org.apache.coyote.http11.Http11Processor.service(Http11Processor.java:373)
	at org.apache.coyote.AbstractProcessorLight.process(AbstractProcessorLight.java:65)
	at org.apache.coyote.AbstractProtocol$ConnectionHandler.process(AbstractProtocol.java:868)
	at org.apache.tomcat.util.net.NioEndpoint$SocketProcessor.doRun(NioEndpoint.java:1594)
	at org.apache.tomcat.util.net.SocketProcessorBase.run(SocketProcessorBase.java:49)
	at java.base/java.util.concurrent.ThreadPoolExecutor.runWorker(ThreadPoolExecutor.java:1128)
	at java.base/java.util.concurrent.ThreadPoolExecutor$Worker.run(ThreadPoolExecutor.java:628)
	at org.apache.tomcat.util.threads.TaskThread$WrappingRunnable.run(TaskThread.java:61)
	at java.base/java.lang.Thread.run(Thread.java:834)
2020-05-26 13:12:34,619 INFO com.surshree.app.services.CustomUserDetailsService [http-nio-8080-exec-15] Granted Authorities --> ROLE_CONT
2020-05-26 13:12:34,622 INFO com.surshree.app.services.CustomUserDetailsService [http-nio-8080-exec-15] Granted Authorities --> ROLE_ADMN
2020-05-26 13:12:34,623 INFO com.surshree.app.services.CustomUserDetailsService [http-nio-8080-exec-15] Granted Authorities --> FUNC_CONT_MENU
2020-05-26 13:12:34,623 INFO com.surshree.app.services.CustomUserDetailsService [http-nio-8080-exec-15] Granted Authorities --> FUNC_CONT_MENU
2020-05-26 13:12:34,624 INFO com.surshree.app.services.CustomUserDetailsService [http-nio-8080-exec-15] Granted Authorities --> FUNC_VIEW_ADMIN_MENU
2020-05-26 13:12:34,644 WARN org.springframework.security.oauth2.provider.endpoint.TokenEndpoint [http-nio-8080-exec-15] Handling error: InvalidGrantException, Invalid Username and/or Password.
2020-05-26 13:12:34,646 WARN org.springframework.web.servlet.mvc.method.annotation.ExceptionHandlerExceptionResolver [http-nio-8080-exec-15] Failure in @ExceptionHandler org.springframework.security.oauth2.provider.endpoint.TokenEndpoint#handleException(OAuth2Exception)
org.springframework.web.HttpMediaTypeNotAcceptableException: Could not find acceptable representation
	at org.springframework.web.servlet.mvc.method.annotation.AbstractMessageConverterMethodProcessor.writeWithMessageConverters(AbstractMessageConverterMethodProcessor.java:243)
	at org.springframework.web.servlet.mvc.method.annotation.HttpEntityMethodProcessor.handleReturnValue(HttpEntityMethodProcessor.java:219)
	at org.springframework.web.method.support.HandlerMethodReturnValueHandlerComposite.handleReturnValue(HandlerMethodReturnValueHandlerComposite.java:82)
	at org.springframework.web.servlet.mvc.method.annotation.ServletInvocableHandlerMethod.invokeAndHandle(ServletInvocableHandlerMethod.java:123)
	at org.springframework.web.servlet.mvc.method.annotation.ExceptionHandlerExceptionResolver.doResolveHandlerMethodException(ExceptionHandlerExceptionResolver.java:407)
	at org.springframework.web.servlet.handler.AbstractHandlerMethodExceptionResolver.doResolveException(AbstractHandlerMethodExceptionResolver.java:61)
	at org.springframework.web.servlet.handler.AbstractHandlerExceptionResolver.resolveException(AbstractHandlerExceptionResolver.java:141)
	at org.springframework.web.servlet.handler.HandlerExceptionResolverComposite.resolveException(HandlerExceptionResolverComposite.java:80)
	at org.springframework.web.servlet.DispatcherServlet.processHandlerException(DispatcherServlet.java:1300)
	at org.springframework.web.servlet.DispatcherServlet.processDispatchResult(DispatcherServlet.java:1111)
	at org.springframework.web.servlet.DispatcherServlet.doDispatch(DispatcherServlet.java:1057)
	at org.springframework.web.servlet.DispatcherServlet.doService(DispatcherServlet.java:943)
	at org.springframework.web.servlet.FrameworkServlet.processRequest(FrameworkServlet.java:1006)
	at org.springframework.web.servlet.FrameworkServlet.doPost(FrameworkServlet.java:909)
	at javax.servlet.http.HttpServlet.service(HttpServlet.java:660)
	at org.springframework.web.servlet.FrameworkServlet.service(FrameworkServlet.java:883)
	at javax.servlet.http.HttpServlet.service(HttpServlet.java:741)
	at org.apache.catalina.core.ApplicationFilterChain.internalDoFilter(ApplicationFilterChain.java:231)
	at org.apache.catalina.core.ApplicationFilterChain.doFilter(ApplicationFilterChain.java:166)
	at org.apache.tomcat.websocket.server.WsFilter.doFilter(WsFilter.java:53)
	at org.apache.catalina.core.ApplicationFilterChain.internalDoFilter(ApplicationFilterChain.java:193)
	at org.apache.catalina.core.ApplicationFilterChain.doFilter(ApplicationFilterChain.java:166)
	at org.springframework.security.web.FilterChainProxy$VirtualFilterChain.doFilter(FilterChainProxy.java:320)
	at org.springframework.security.web.access.intercept.FilterSecurityInterceptor.invoke(FilterSecurityInterceptor.java:126)
	at org.springframework.security.web.access.intercept.FilterSecurityInterceptor.doFilter(FilterSecurityInterceptor.java:90)
	at org.springframework.security.web.FilterChainProxy$VirtualFilterChain.doFilter(FilterChainProxy.java:334)
	at org.springframework.security.web.access.ExceptionTranslationFilter.doFilter(ExceptionTranslationFilter.java:118)
	at org.springframework.security.web.FilterChainProxy$VirtualFilterChain.doFilter(FilterChainProxy.java:334)
	at org.springframework.security.web.session.SessionManagementFilter.doFilter(SessionManagementFilter.java:137)
	at org.springframework.security.web.FilterChainProxy$VirtualFilterChain.doFilter(FilterChainProxy.java:334)
	at org.springframework.security.web.authentication.AnonymousAuthenticationFilter.doFilter(AnonymousAuthenticationFilter.java:111)
	at org.springframework.security.web.FilterChainProxy$VirtualFilterChain.doFilter(FilterChainProxy.java:334)
	at org.springframework.security.web.servletapi.SecurityContextHolderAwareRequestFilter.doFilter(SecurityContextHolderAwareRequestFilter.java:158)
	at org.springframework.security.web.FilterChainProxy$VirtualFilterChain.doFilter(FilterChainProxy.java:334)
	at org.springframework.security.web.savedrequest.RequestCacheAwareFilter.doFilter(RequestCacheAwareFilter.java:63)
	at org.springframework.security.web.FilterChainProxy$VirtualFilterChain.doFilter(FilterChainProxy.java:334)
	at org.springframework.security.web.authentication.www.BasicAuthenticationFilter.doFilterInternal(BasicAuthenticationFilter.java:204)
	at org.springframework.web.filter.OncePerRequestFilter.doFilter(OncePerRequestFilter.java:119)
	at org.springframework.security.web.FilterChainProxy$VirtualFilterChain.doFilter(FilterChainProxy.java:334)
	at org.springframework.web.filter.CorsFilter.doFilterInternal(CorsFilter.java:92)
	at org.springframework.web.filter.OncePerRequestFilter.doFilter(OncePerRequestFilter.java:119)
	at org.springframework.security.web.FilterChainProxy$VirtualFilterChain.doFilter(FilterChainProxy.java:334)
	at org.springframework.security.web.authentication.logout.LogoutFilter.doFilter(LogoutFilter.java:116)
	at org.springframework.security.web.FilterChainProxy$VirtualFilterChain.doFilter(FilterChainProxy.java:334)
	at org.springframework.security.web.header.HeaderWriterFilter.doHeadersAfter(HeaderWriterFilter.java:92)
	at org.springframework.security.web.header.HeaderWriterFilter.doFilterInternal(HeaderWriterFilter.java:77)
	at org.springframework.web.filter.OncePerRequestFilter.doFilter(OncePerRequestFilter.java:119)
	at org.springframework.security.web.FilterChainProxy$VirtualFilterChain.doFilter(FilterChainProxy.java:334)
	at org.springframework.security.web.context.SecurityContextPersistenceFilter.doFilter(SecurityContextPersistenceFilter.java:105)
	at org.springframework.security.web.FilterChainProxy$VirtualFilterChain.doFilter(FilterChainProxy.java:334)
	at org.springframework.security.web.context.request.async.WebAsyncManagerIntegrationFilter.doFilterInternal(WebAsyncManagerIntegrationFilter.java:56)
	at org.springframework.web.filter.OncePerRequestFilter.doFilter(OncePerRequestFilter.java:119)
	at org.springframework.security.web.FilterChainProxy$VirtualFilterChain.doFilter(FilterChainProxy.java:334)
	at org.springframework.security.web.FilterChainProxy.doFilterInternal(FilterChainProxy.java:215)
	at org.springframework.security.web.FilterChainProxy.doFilter(FilterChainProxy.java:178)
	at org.springframework.web.filter.DelegatingFilterProxy.invokeDelegate(DelegatingFilterProxy.java:358)
	at org.springframework.web.filter.DelegatingFilterProxy.doFilter(DelegatingFilterProxy.java:271)
	at org.apache.catalina.core.ApplicationFilterChain.internalDoFilter(ApplicationFilterChain.java:193)
	at org.apache.catalina.core.ApplicationFilterChain.doFilter(ApplicationFilterChain.java:166)
	at org.springframework.web.filter.RequestContextFilter.doFilterInternal(RequestContextFilter.java:100)
	at org.springframework.web.filter.OncePerRequestFilter.doFilter(OncePerRequestFilter.java:119)
	at org.apache.catalina.core.ApplicationFilterChain.internalDoFilter(ApplicationFilterChain.java:193)
	at org.apache.catalina.core.ApplicationFilterChain.doFilter(ApplicationFilterChain.java:166)
	at org.springframework.web.filter.FormContentFilter.doFilterInternal(FormContentFilter.java:93)
	at org.springframework.web.filter.OncePerRequestFilter.doFilter(OncePerRequestFilter.java:119)
	at org.apache.catalina.core.ApplicationFilterChain.internalDoFilter(ApplicationFilterChain.java:193)
	at org.apache.catalina.core.ApplicationFilterChain.doFilter(ApplicationFilterChain.java:166)
	at org.springframework.boot.actuate.metrics.web.servlet.WebMvcMetricsFilter.doFilterInternal(WebMvcMetricsFilter.java:109)
	at org.springframework.web.filter.OncePerRequestFilter.doFilter(OncePerRequestFilter.java:119)
	at org.apache.catalina.core.ApplicationFilterChain.internalDoFilter(ApplicationFilterChain.java:193)
	at org.apache.catalina.core.ApplicationFilterChain.doFilter(ApplicationFilterChain.java:166)
	at org.springframework.web.filter.CharacterEncodingFilter.doFilterInternal(CharacterEncodingFilter.java:201)
	at org.springframework.web.filter.OncePerRequestFilter.doFilter(OncePerRequestFilter.java:119)
	at org.apache.catalina.core.ApplicationFilterChain.internalDoFilter(ApplicationFilterChain.java:193)
	at org.apache.catalina.core.ApplicationFilterChain.doFilter(ApplicationFilterChain.java:166)
	at org.apache.catalina.core.StandardWrapperValve.invoke(StandardWrapperValve.java:202)
	at org.apache.catalina.core.StandardContextValve.invoke(StandardContextValve.java:96)
	at org.apache.catalina.authenticator.AuthenticatorBase.invoke(AuthenticatorBase.java:541)
	at org.apache.catalina.core.StandardHostValve.invoke(StandardHostValve.java:139)
	at org.apache.catalina.valves.ErrorReportValve.invoke(ErrorReportValve.java:92)
	at org.apache.catalina.core.StandardEngineValve.invoke(StandardEngineValve.java:74)
	at org.apache.catalina.connector.CoyoteAdapter.service(CoyoteAdapter.java:343)
	at org.apache.coyote.http11.Http11Processor.service(Http11Processor.java:373)
	at org.apache.coyote.AbstractProcessorLight.process(AbstractProcessorLight.java:65)
	at org.apache.coyote.AbstractProtocol$ConnectionHandler.process(AbstractProtocol.java:868)
	at org.apache.tomcat.util.net.NioEndpoint$SocketProcessor.doRun(NioEndpoint.java:1594)
	at org.apache.tomcat.util.net.SocketProcessorBase.run(SocketProcessorBase.java:49)
	at java.base/java.util.concurrent.ThreadPoolExecutor.runWorker(ThreadPoolExecutor.java:1128)
	at java.base/java.util.concurrent.ThreadPoolExecutor$Worker.run(ThreadPoolExecutor.java:628)
	at org.apache.tomcat.util.threads.TaskThread$WrappingRunnable.run(TaskThread.java:61)
	at java.base/java.lang.Thread.run(Thread.java:834)
2020-05-26 13:12:34,651 ERROR org.apache.juli.logging.DirectJDKLog [http-nio-8080-exec-15] Servlet.service() for servlet [dispatcherServlet] in context with path [] threw exception [Request processing failed; nested exception is error="invalid_grant", error_description="Invalid Username and/or Password."] with root cause
org.springframework.security.oauth2.common.exceptions.InvalidGrantException: Invalid Username and/or Password.
	at org.springframework.security.oauth2.provider.password.ResourceOwnerPasswordTokenGranter.getOAuth2Authentication(ResourceOwnerPasswordTokenGranter.java:79)
	at org.springframework.security.oauth2.provider.token.AbstractTokenGranter.getAccessToken(AbstractTokenGranter.java:72)
	at org.springframework.security.oauth2.provider.token.AbstractTokenGranter.grant(AbstractTokenGranter.java:67)
	at org.springframework.security.oauth2.provider.CompositeTokenGranter.grant(CompositeTokenGranter.java:38)
	at org.springframework.security.oauth2.config.annotation.web.configurers.AuthorizationServerEndpointsConfigurer$4.grant(AuthorizationServerEndpointsConfigurer.java:583)
	at org.springframework.security.oauth2.provider.endpoint.TokenEndpoint.postAccessToken(TokenEndpoint.java:132)
	at java.base/jdk.internal.reflect.NativeMethodAccessorImpl.invoke0(Native Method)
	at java.base/jdk.internal.reflect.NativeMethodAccessorImpl.invoke(NativeMethodAccessorImpl.java:62)
	at java.base/jdk.internal.reflect.DelegatingMethodAccessorImpl.invoke(DelegatingMethodAccessorImpl.java:43)
	at java.base/java.lang.reflect.Method.invoke(Method.java:566)
	at org.springframework.web.method.support.InvocableHandlerMethod.doInvoke(InvocableHandlerMethod.java:190)
	at org.springframework.web.method.support.InvocableHandlerMethod.invokeForRequest(InvocableHandlerMethod.java:138)
	at org.springframework.web.servlet.mvc.method.annotation.ServletInvocableHandlerMethod.invokeAndHandle(ServletInvocableHandlerMethod.java:105)
	at org.springframework.web.servlet.mvc.method.annotation.RequestMappingHandlerAdapter.invokeHandlerMethod(RequestMappingHandlerAdapter.java:879)
	at org.springframework.web.servlet.mvc.method.annotation.RequestMappingHandlerAdapter.handleInternal(RequestMappingHandlerAdapter.java:793)
	at org.springframework.web.servlet.mvc.method.AbstractHandlerMethodAdapter.handle(AbstractHandlerMethodAdapter.java:87)
	at org.springframework.web.servlet.DispatcherServlet.doDispatch(DispatcherServlet.java:1040)
	at org.springframework.web.servlet.DispatcherServlet.doService(DispatcherServlet.java:943)
	at org.springframework.web.servlet.FrameworkServlet.processRequest(FrameworkServlet.java:1006)
	at org.springframework.web.servlet.FrameworkServlet.doPost(FrameworkServlet.java:909)
	at javax.servlet.http.HttpServlet.service(HttpServlet.java:660)
	at org.springframework.web.servlet.FrameworkServlet.service(FrameworkServlet.java:883)
	at javax.servlet.http.HttpServlet.service(HttpServlet.java:741)
	at org.apache.catalina.core.ApplicationFilterChain.internalDoFilter(ApplicationFilterChain.java:231)
	at org.apache.catalina.core.ApplicationFilterChain.doFilter(ApplicationFilterChain.java:166)
	at org.apache.tomcat.websocket.server.WsFilter.doFilter(WsFilter.java:53)
	at org.apache.catalina.core.ApplicationFilterChain.internalDoFilter(ApplicationFilterChain.java:193)
	at org.apache.catalina.core.ApplicationFilterChain.doFilter(ApplicationFilterChain.java:166)
	at org.springframework.security.web.FilterChainProxy$VirtualFilterChain.doFilter(FilterChainProxy.java:320)
	at org.springframework.security.web.access.intercept.FilterSecurityInterceptor.invoke(FilterSecurityInterceptor.java:126)
	at org.springframework.security.web.access.intercept.FilterSecurityInterceptor.doFilter(FilterSecurityInterceptor.java:90)
	at org.springframework.security.web.FilterChainProxy$VirtualFilterChain.doFilter(FilterChainProxy.java:334)
	at org.springframework.security.web.access.ExceptionTranslationFilter.doFilter(ExceptionTranslationFilter.java:118)
	at org.springframework.security.web.FilterChainProxy$VirtualFilterChain.doFilter(FilterChainProxy.java:334)
	at org.springframework.security.web.session.SessionManagementFilter.doFilter(SessionManagementFilter.java:137)
	at org.springframework.security.web.FilterChainProxy$VirtualFilterChain.doFilter(FilterChainProxy.java:334)
	at org.springframework.security.web.authentication.AnonymousAuthenticationFilter.doFilter(AnonymousAuthenticationFilter.java:111)
	at org.springframework.security.web.FilterChainProxy$VirtualFilterChain.doFilter(FilterChainProxy.java:334)
	at org.springframework.security.web.servletapi.SecurityContextHolderAwareRequestFilter.doFilter(SecurityContextHolderAwareRequestFilter.java:158)
	at org.springframework.security.web.FilterChainProxy$VirtualFilterChain.doFilter(FilterChainProxy.java:334)
	at org.springframework.security.web.savedrequest.RequestCacheAwareFilter.doFilter(RequestCacheAwareFilter.java:63)
	at org.springframework.security.web.FilterChainProxy$VirtualFilterChain.doFilter(FilterChainProxy.java:334)
	at org.springframework.security.web.authentication.www.BasicAuthenticationFilter.doFilterInternal(BasicAuthenticationFilter.java:204)
	at org.springframework.web.filter.OncePerRequestFilter.doFilter(OncePerRequestFilter.java:119)
	at org.springframework.security.web.FilterChainProxy$VirtualFilterChain.doFilter(FilterChainProxy.java:334)
	at org.springframework.web.filter.CorsFilter.doFilterInternal(CorsFilter.java:92)
	at org.springframework.web.filter.OncePerRequestFilter.doFilter(OncePerRequestFilter.java:119)
	at org.springframework.security.web.FilterChainProxy$VirtualFilterChain.doFilter(FilterChainProxy.java:334)
	at org.springframework.security.web.authentication.logout.LogoutFilter.doFilter(LogoutFilter.java:116)
	at org.springframework.security.web.FilterChainProxy$VirtualFilterChain.doFilter(FilterChainProxy.java:334)
	at org.springframework.security.web.header.HeaderWriterFilter.doHeadersAfter(HeaderWriterFilter.java:92)
	at org.springframework.security.web.header.HeaderWriterFilter.doFilterInternal(HeaderWriterFilter.java:77)
	at org.springframework.web.filter.OncePerRequestFilter.doFilter(OncePerRequestFilter.java:119)
	at org.springframework.security.web.FilterChainProxy$VirtualFilterChain.doFilter(FilterChainProxy.java:334)
	at org.springframework.security.web.context.SecurityContextPersistenceFilter.doFilter(SecurityContextPersistenceFilter.java:105)
	at org.springframework.security.web.FilterChainProxy$VirtualFilterChain.doFilter(FilterChainProxy.java:334)
	at org.springframework.security.web.context.request.async.WebAsyncManagerIntegrationFilter.doFilterInternal(WebAsyncManagerIntegrationFilter.java:56)
	at org.springframework.web.filter.OncePerRequestFilter.doFilter(OncePerRequestFilter.java:119)
	at org.springframework.security.web.FilterChainProxy$VirtualFilterChain.doFilter(FilterChainProxy.java:334)
	at org.springframework.security.web.FilterChainProxy.doFilterInternal(FilterChainProxy.java:215)
	at org.springframework.security.web.FilterChainProxy.doFilter(FilterChainProxy.java:178)
	at org.springframework.web.filter.DelegatingFilterProxy.invokeDelegate(DelegatingFilterProxy.java:358)
	at org.springframework.web.filter.DelegatingFilterProxy.doFilter(DelegatingFilterProxy.java:271)
	at org.apache.catalina.core.ApplicationFilterChain.internalDoFilter(ApplicationFilterChain.java:193)
	at org.apache.catalina.core.ApplicationFilterChain.doFilter(ApplicationFilterChain.java:166)
	at org.springframework.web.filter.RequestContextFilter.doFilterInternal(RequestContextFilter.java:100)
	at org.springframework.web.filter.OncePerRequestFilter.doFilter(OncePerRequestFilter.java:119)
	at org.apache.catalina.core.ApplicationFilterChain.internalDoFilter(ApplicationFilterChain.java:193)
	at org.apache.catalina.core.ApplicationFilterChain.doFilter(ApplicationFilterChain.java:166)
	at org.springframework.web.filter.FormContentFilter.doFilterInternal(FormContentFilter.java:93)
	at org.springframework.web.filter.OncePerRequestFilter.doFilter(OncePerRequestFilter.java:119)
	at org.apache.catalina.core.ApplicationFilterChain.internalDoFilter(ApplicationFilterChain.java:193)
	at org.apache.catalina.core.ApplicationFilterChain.doFilter(ApplicationFilterChain.java:166)
	at org.springframework.boot.actuate.metrics.web.servlet.WebMvcMetricsFilter.doFilterInternal(WebMvcMetricsFilter.java:109)
	at org.springframework.web.filter.OncePerRequestFilter.doFilter(OncePerRequestFilter.java:119)
	at org.apache.catalina.core.ApplicationFilterChain.internalDoFilter(ApplicationFilterChain.java:193)
	at org.apache.catalina.core.ApplicationFilterChain.doFilter(ApplicationFilterChain.java:166)
	at org.springframework.web.filter.CharacterEncodingFilter.doFilterInternal(CharacterEncodingFilter.java:201)
	at org.springframework.web.filter.OncePerRequestFilter.doFilter(OncePerRequestFilter.java:119)
	at org.apache.catalina.core.ApplicationFilterChain.internalDoFilter(ApplicationFilterChain.java:193)
	at org.apache.catalina.core.ApplicationFilterChain.doFilter(ApplicationFilterChain.java:166)
	at org.apache.catalina.core.StandardWrapperValve.invoke(StandardWrapperValve.java:202)
	at org.apache.catalina.core.StandardContextValve.invoke(StandardContextValve.java:96)
	at org.apache.catalina.authenticator.AuthenticatorBase.invoke(AuthenticatorBase.java:541)
	at org.apache.catalina.core.StandardHostValve.invoke(StandardHostValve.java:139)
	at org.apache.catalina.valves.ErrorReportValve.invoke(ErrorReportValve.java:92)
	at org.apache.catalina.core.StandardEngineValve.invoke(StandardEngineValve.java:74)
	at org.apache.catalina.connector.CoyoteAdapter.service(CoyoteAdapter.java:343)
	at org.apache.coyote.http11.Http11Processor.service(Http11Processor.java:373)
	at org.apache.coyote.AbstractProcessorLight.process(AbstractProcessorLight.java:65)
	at org.apache.coyote.AbstractProtocol$ConnectionHandler.process(AbstractProtocol.java:868)
	at org.apache.tomcat.util.net.NioEndpoint$SocketProcessor.doRun(NioEndpoint.java:1594)
	at org.apache.tomcat.util.net.SocketProcessorBase.run(SocketProcessorBase.java:49)
	at java.base/java.util.concurrent.ThreadPoolExecutor.runWorker(ThreadPoolExecutor.java:1128)
	at java.base/java.util.concurrent.ThreadPoolExecutor$Worker.run(ThreadPoolExecutor.java:628)
	at org.apache.tomcat.util.threads.TaskThread$WrappingRunnable.run(TaskThread.java:61)
	at java.base/java.lang.Thread.run(Thread.java:834)
2020-05-26 13:13:08,876 INFO com.surshree.app.services.CustomUserDetailsService [http-nio-8080-exec-17] Granted Authorities --> ROLE_CONT
2020-05-26 13:13:08,881 INFO com.surshree.app.services.CustomUserDetailsService [http-nio-8080-exec-17] Granted Authorities --> ROLE_ADMN
2020-05-26 13:13:08,883 INFO com.surshree.app.services.CustomUserDetailsService [http-nio-8080-exec-17] Granted Authorities --> FUNC_CONT_MENU
2020-05-26 13:13:08,884 INFO com.surshree.app.services.CustomUserDetailsService [http-nio-8080-exec-17] Granted Authorities --> FUNC_CONT_MENU
2020-05-26 13:13:08,884 INFO com.surshree.app.services.CustomUserDetailsService [http-nio-8080-exec-17] Granted Authorities --> FUNC_VIEW_ADMIN_MENU
2020-05-26 13:13:08,885 WARN org.springframework.security.oauth2.provider.endpoint.TokenEndpoint [http-nio-8080-exec-17] Handling error: InvalidGrantException, Invalid Username and/or Password.
2020-05-26 13:13:08,889 WARN org.springframework.web.servlet.mvc.method.annotation.ExceptionHandlerExceptionResolver [http-nio-8080-exec-17] Failure in @ExceptionHandler org.springframework.security.oauth2.provider.endpoint.TokenEndpoint#handleException(OAuth2Exception)
org.springframework.web.HttpMediaTypeNotAcceptableException: Could not find acceptable representation
	at org.springframework.web.servlet.mvc.method.annotation.AbstractMessageConverterMethodProcessor.writeWithMessageConverters(AbstractMessageConverterMethodProcessor.java:243)
	at org.springframework.web.servlet.mvc.method.annotation.HttpEntityMethodProcessor.handleReturnValue(HttpEntityMethodProcessor.java:219)
	at org.springframework.web.method.support.HandlerMethodReturnValueHandlerComposite.handleReturnValue(HandlerMethodReturnValueHandlerComposite.java:82)
	at org.springframework.web.servlet.mvc.method.annotation.ServletInvocableHandlerMethod.invokeAndHandle(ServletInvocableHandlerMethod.java:123)
	at org.springframework.web.servlet.mvc.method.annotation.ExceptionHandlerExceptionResolver.doResolveHandlerMethodException(ExceptionHandlerExceptionResolver.java:407)
	at org.springframework.web.servlet.handler.AbstractHandlerMethodExceptionResolver.doResolveException(AbstractHandlerMethodExceptionResolver.java:61)
	at org.springframework.web.servlet.handler.AbstractHandlerExceptionResolver.resolveException(AbstractHandlerExceptionResolver.java:141)
	at org.springframework.web.servlet.handler.HandlerExceptionResolverComposite.resolveException(HandlerExceptionResolverComposite.java:80)
	at org.springframework.web.servlet.DispatcherServlet.processHandlerException(DispatcherServlet.java:1300)
	at org.springframework.web.servlet.DispatcherServlet.processDispatchResult(DispatcherServlet.java:1111)
	at org.springframework.web.servlet.DispatcherServlet.doDispatch(DispatcherServlet.java:1057)
	at org.springframework.web.servlet.DispatcherServlet.doService(DispatcherServlet.java:943)
	at org.springframework.web.servlet.FrameworkServlet.processRequest(FrameworkServlet.java:1006)
	at org.springframework.web.servlet.FrameworkServlet.doPost(FrameworkServlet.java:909)
	at javax.servlet.http.HttpServlet.service(HttpServlet.java:660)
	at org.springframework.web.servlet.FrameworkServlet.service(FrameworkServlet.java:883)
	at javax.servlet.http.HttpServlet.service(HttpServlet.java:741)
	at org.apache.catalina.core.ApplicationFilterChain.internalDoFilter(ApplicationFilterChain.java:231)
	at org.apache.catalina.core.ApplicationFilterChain.doFilter(ApplicationFilterChain.java:166)
	at org.apache.tomcat.websocket.server.WsFilter.doFilter(WsFilter.java:53)
	at org.apache.catalina.core.ApplicationFilterChain.internalDoFilter(ApplicationFilterChain.java:193)
	at org.apache.catalina.core.ApplicationFilterChain.doFilter(ApplicationFilterChain.java:166)
	at org.springframework.security.web.FilterChainProxy$VirtualFilterChain.doFilter(FilterChainProxy.java:320)
	at org.springframework.security.web.access.intercept.FilterSecurityInterceptor.invoke(FilterSecurityInterceptor.java:126)
	at org.springframework.security.web.access.intercept.FilterSecurityInterceptor.doFilter(FilterSecurityInterceptor.java:90)
	at org.springframework.security.web.FilterChainProxy$VirtualFilterChain.doFilter(FilterChainProxy.java:334)
	at org.springframework.security.web.access.ExceptionTranslationFilter.doFilter(ExceptionTranslationFilter.java:118)
	at org.springframework.security.web.FilterChainProxy$VirtualFilterChain.doFilter(FilterChainProxy.java:334)
	at org.springframework.security.web.session.SessionManagementFilter.doFilter(SessionManagementFilter.java:137)
	at org.springframework.security.web.FilterChainProxy$VirtualFilterChain.doFilter(FilterChainProxy.java:334)
	at org.springframework.security.web.authentication.AnonymousAuthenticationFilter.doFilter(AnonymousAuthenticationFilter.java:111)
	at org.springframework.security.web.FilterChainProxy$VirtualFilterChain.doFilter(FilterChainProxy.java:334)
	at org.springframework.security.web.servletapi.SecurityContextHolderAwareRequestFilter.doFilter(SecurityContextHolderAwareRequestFilter.java:158)
	at org.springframework.security.web.FilterChainProxy$VirtualFilterChain.doFilter(FilterChainProxy.java:334)
	at org.springframework.security.web.savedrequest.RequestCacheAwareFilter.doFilter(RequestCacheAwareFilter.java:63)
	at org.springframework.security.web.FilterChainProxy$VirtualFilterChain.doFilter(FilterChainProxy.java:334)
	at org.springframework.security.web.authentication.www.BasicAuthenticationFilter.doFilterInternal(BasicAuthenticationFilter.java:204)
	at org.springframework.web.filter.OncePerRequestFilter.doFilter(OncePerRequestFilter.java:119)
	at org.springframework.security.web.FilterChainProxy$VirtualFilterChain.doFilter(FilterChainProxy.java:334)
	at org.springframework.web.filter.CorsFilter.doFilterInternal(CorsFilter.java:92)
	at org.springframework.web.filter.OncePerRequestFilter.doFilter(OncePerRequestFilter.java:119)
	at org.springframework.security.web.FilterChainProxy$VirtualFilterChain.doFilter(FilterChainProxy.java:334)
	at org.springframework.security.web.authentication.logout.LogoutFilter.doFilter(LogoutFilter.java:116)
	at org.springframework.security.web.FilterChainProxy$VirtualFilterChain.doFilter(FilterChainProxy.java:334)
	at org.springframework.security.web.header.HeaderWriterFilter.doHeadersAfter(HeaderWriterFilter.java:92)
	at org.springframework.security.web.header.HeaderWriterFilter.doFilterInternal(HeaderWriterFilter.java:77)
	at org.springframework.web.filter.OncePerRequestFilter.doFilter(OncePerRequestFilter.java:119)
	at org.springframework.security.web.FilterChainProxy$VirtualFilterChain.doFilter(FilterChainProxy.java:334)
	at org.springframework.security.web.context.SecurityContextPersistenceFilter.doFilter(SecurityContextPersistenceFilter.java:105)
	at org.springframework.security.web.FilterChainProxy$VirtualFilterChain.doFilter(FilterChainProxy.java:334)
	at org.springframework.security.web.context.request.async.WebAsyncManagerIntegrationFilter.doFilterInternal(WebAsyncManagerIntegrationFilter.java:56)
	at org.springframework.web.filter.OncePerRequestFilter.doFilter(OncePerRequestFilter.java:119)
	at org.springframework.security.web.FilterChainProxy$VirtualFilterChain.doFilter(FilterChainProxy.java:334)
	at org.springframework.security.web.FilterChainProxy.doFilterInternal(FilterChainProxy.java:215)
	at org.springframework.security.web.FilterChainProxy.doFilter(FilterChainProxy.java:178)
	at org.springframework.web.filter.DelegatingFilterProxy.invokeDelegate(DelegatingFilterProxy.java:358)
	at org.springframework.web.filter.DelegatingFilterProxy.doFilter(DelegatingFilterProxy.java:271)
	at org.apache.catalina.core.ApplicationFilterChain.internalDoFilter(ApplicationFilterChain.java:193)
	at org.apache.catalina.core.ApplicationFilterChain.doFilter(ApplicationFilterChain.java:166)
	at org.springframework.web.filter.RequestContextFilter.doFilterInternal(RequestContextFilter.java:100)
	at org.springframework.web.filter.OncePerRequestFilter.doFilter(OncePerRequestFilter.java:119)
	at org.apache.catalina.core.ApplicationFilterChain.internalDoFilter(ApplicationFilterChain.java:193)
	at org.apache.catalina.core.ApplicationFilterChain.doFilter(ApplicationFilterChain.java:166)
	at org.springframework.web.filter.FormContentFilter.doFilterInternal(FormContentFilter.java:93)
	at org.springframework.web.filter.OncePerRequestFilter.doFilter(OncePerRequestFilter.java:119)
	at org.apache.catalina.core.ApplicationFilterChain.internalDoFilter(ApplicationFilterChain.java:193)
	at org.apache.catalina.core.ApplicationFilterChain.doFilter(ApplicationFilterChain.java:166)
	at org.springframework.boot.actuate.metrics.web.servlet.WebMvcMetricsFilter.doFilterInternal(WebMvcMetricsFilter.java:109)
	at org.springframework.web.filter.OncePerRequestFilter.doFilter(OncePerRequestFilter.java:119)
	at org.apache.catalina.core.ApplicationFilterChain.internalDoFilter(ApplicationFilterChain.java:193)
	at org.apache.catalina.core.ApplicationFilterChain.doFilter(ApplicationFilterChain.java:166)
	at org.springframework.web.filter.CharacterEncodingFilter.doFilterInternal(CharacterEncodingFilter.java:201)
	at org.springframework.web.filter.OncePerRequestFilter.doFilter(OncePerRequestFilter.java:119)
	at org.apache.catalina.core.ApplicationFilterChain.internalDoFilter(ApplicationFilterChain.java:193)
	at org.apache.catalina.core.ApplicationFilterChain.doFilter(ApplicationFilterChain.java:166)
	at org.apache.catalina.core.StandardWrapperValve.invoke(StandardWrapperValve.java:202)
	at org.apache.catalina.core.StandardContextValve.invoke(StandardContextValve.java:96)
	at org.apache.catalina.authenticator.AuthenticatorBase.invoke(AuthenticatorBase.java:541)
	at org.apache.catalina.core.StandardHostValve.invoke(StandardHostValve.java:139)
	at org.apache.catalina.valves.ErrorReportValve.invoke(ErrorReportValve.java:92)
	at org.apache.catalina.core.StandardEngineValve.invoke(StandardEngineValve.java:74)
	at org.apache.catalina.connector.CoyoteAdapter.service(CoyoteAdapter.java:343)
	at org.apache.coyote.http11.Http11Processor.service(Http11Processor.java:373)
	at org.apache.coyote.AbstractProcessorLight.process(AbstractProcessorLight.java:65)
	at org.apache.coyote.AbstractProtocol$ConnectionHandler.process(AbstractProtocol.java:868)
	at org.apache.tomcat.util.net.NioEndpoint$SocketProcessor.doRun(NioEndpoint.java:1594)
	at org.apache.tomcat.util.net.SocketProcessorBase.run(SocketProcessorBase.java:49)
	at java.base/java.util.concurrent.ThreadPoolExecutor.runWorker(ThreadPoolExecutor.java:1128)
	at java.base/java.util.concurrent.ThreadPoolExecutor$Worker.run(ThreadPoolExecutor.java:628)
	at org.apache.tomcat.util.threads.TaskThread$WrappingRunnable.run(TaskThread.java:61)
	at java.base/java.lang.Thread.run(Thread.java:834)
2020-05-26 13:13:08,895 ERROR org.apache.juli.logging.DirectJDKLog [http-nio-8080-exec-17] Servlet.service() for servlet [dispatcherServlet] in context with path [] threw exception [Request processing failed; nested exception is error="invalid_grant", error_description="Invalid Username and/or Password."] with root cause
org.springframework.security.oauth2.common.exceptions.InvalidGrantException: Invalid Username and/or Password.
	at org.springframework.security.oauth2.provider.password.ResourceOwnerPasswordTokenGranter.getOAuth2Authentication(ResourceOwnerPasswordTokenGranter.java:79)
	at org.springframework.security.oauth2.provider.token.AbstractTokenGranter.getAccessToken(AbstractTokenGranter.java:72)
	at org.springframework.security.oauth2.provider.token.AbstractTokenGranter.grant(AbstractTokenGranter.java:67)
	at org.springframework.security.oauth2.provider.CompositeTokenGranter.grant(CompositeTokenGranter.java:38)
	at org.springframework.security.oauth2.config.annotation.web.configurers.AuthorizationServerEndpointsConfigurer$4.grant(AuthorizationServerEndpointsConfigurer.java:583)
	at org.springframework.security.oauth2.provider.endpoint.TokenEndpoint.postAccessToken(TokenEndpoint.java:132)
	at java.base/jdk.internal.reflect.NativeMethodAccessorImpl.invoke0(Native Method)
	at java.base/jdk.internal.reflect.NativeMethodAccessorImpl.invoke(NativeMethodAccessorImpl.java:62)
	at java.base/jdk.internal.reflect.DelegatingMethodAccessorImpl.invoke(DelegatingMethodAccessorImpl.java:43)
	at java.base/java.lang.reflect.Method.invoke(Method.java:566)
	at org.springframework.web.method.support.InvocableHandlerMethod.doInvoke(InvocableHandlerMethod.java:190)
	at org.springframework.web.method.support.InvocableHandlerMethod.invokeForRequest(InvocableHandlerMethod.java:138)
	at org.springframework.web.servlet.mvc.method.annotation.ServletInvocableHandlerMethod.invokeAndHandle(ServletInvocableHandlerMethod.java:105)
	at org.springframework.web.servlet.mvc.method.annotation.RequestMappingHandlerAdapter.invokeHandlerMethod(RequestMappingHandlerAdapter.java:879)
	at org.springframework.web.servlet.mvc.method.annotation.RequestMappingHandlerAdapter.handleInternal(RequestMappingHandlerAdapter.java:793)
	at org.springframework.web.servlet.mvc.method.AbstractHandlerMethodAdapter.handle(AbstractHandlerMethodAdapter.java:87)
	at org.springframework.web.servlet.DispatcherServlet.doDispatch(DispatcherServlet.java:1040)
	at org.springframework.web.servlet.DispatcherServlet.doService(DispatcherServlet.java:943)
	at org.springframework.web.servlet.FrameworkServlet.processRequest(FrameworkServlet.java:1006)
	at org.springframework.web.servlet.FrameworkServlet.doPost(FrameworkServlet.java:909)
	at javax.servlet.http.HttpServlet.service(HttpServlet.java:660)
	at org.springframework.web.servlet.FrameworkServlet.service(FrameworkServlet.java:883)
	at javax.servlet.http.HttpServlet.service(HttpServlet.java:741)
	at org.apache.catalina.core.ApplicationFilterChain.internalDoFilter(ApplicationFilterChain.java:231)
	at org.apache.catalina.core.ApplicationFilterChain.doFilter(ApplicationFilterChain.java:166)
	at org.apache.tomcat.websocket.server.WsFilter.doFilter(WsFilter.java:53)
	at org.apache.catalina.core.ApplicationFilterChain.internalDoFilter(ApplicationFilterChain.java:193)
	at org.apache.catalina.core.ApplicationFilterChain.doFilter(ApplicationFilterChain.java:166)
	at org.springframework.security.web.FilterChainProxy$VirtualFilterChain.doFilter(FilterChainProxy.java:320)
	at org.springframework.security.web.access.intercept.FilterSecurityInterceptor.invoke(FilterSecurityInterceptor.java:126)
	at org.springframework.security.web.access.intercept.FilterSecurityInterceptor.doFilter(FilterSecurityInterceptor.java:90)
	at org.springframework.security.web.FilterChainProxy$VirtualFilterChain.doFilter(FilterChainProxy.java:334)
	at org.springframework.security.web.access.ExceptionTranslationFilter.doFilter(ExceptionTranslationFilter.java:118)
	at org.springframework.security.web.FilterChainProxy$VirtualFilterChain.doFilter(FilterChainProxy.java:334)
	at org.springframework.security.web.session.SessionManagementFilter.doFilter(SessionManagementFilter.java:137)
	at org.springframework.security.web.FilterChainProxy$VirtualFilterChain.doFilter(FilterChainProxy.java:334)
	at org.springframework.security.web.authentication.AnonymousAuthenticationFilter.doFilter(AnonymousAuthenticationFilter.java:111)
	at org.springframework.security.web.FilterChainProxy$VirtualFilterChain.doFilter(FilterChainProxy.java:334)
	at org.springframework.security.web.servletapi.SecurityContextHolderAwareRequestFilter.doFilter(SecurityContextHolderAwareRequestFilter.java:158)
	at org.springframework.security.web.FilterChainProxy$VirtualFilterChain.doFilter(FilterChainProxy.java:334)
	at org.springframework.security.web.savedrequest.RequestCacheAwareFilter.doFilter(RequestCacheAwareFilter.java:63)
	at org.springframework.security.web.FilterChainProxy$VirtualFilterChain.doFilter(FilterChainProxy.java:334)
	at org.springframework.security.web.authentication.www.BasicAuthenticationFilter.doFilterInternal(BasicAuthenticationFilter.java:204)
	at org.springframework.web.filter.OncePerRequestFilter.doFilter(OncePerRequestFilter.java:119)
	at org.springframework.security.web.FilterChainProxy$VirtualFilterChain.doFilter(FilterChainProxy.java:334)
	at org.springframework.web.filter.CorsFilter.doFilterInternal(CorsFilter.java:92)
	at org.springframework.web.filter.OncePerRequestFilter.doFilter(OncePerRequestFilter.java:119)
	at org.springframework.security.web.FilterChainProxy$VirtualFilterChain.doFilter(FilterChainProxy.java:334)
	at org.springframework.security.web.authentication.logout.LogoutFilter.doFilter(LogoutFilter.java:116)
	at org.springframework.security.web.FilterChainProxy$VirtualFilterChain.doFilter(FilterChainProxy.java:334)
	at org.springframework.security.web.header.HeaderWriterFilter.doHeadersAfter(HeaderWriterFilter.java:92)
	at org.springframework.security.web.header.HeaderWriterFilter.doFilterInternal(HeaderWriterFilter.java:77)
	at org.springframework.web.filter.OncePerRequestFilter.doFilter(OncePerRequestFilter.java:119)
	at org.springframework.security.web.FilterChainProxy$VirtualFilterChain.doFilter(FilterChainProxy.java:334)
	at org.springframework.security.web.context.SecurityContextPersistenceFilter.doFilter(SecurityContextPersistenceFilter.java:105)
	at org.springframework.security.web.FilterChainProxy$VirtualFilterChain.doFilter(FilterChainProxy.java:334)
	at org.springframework.security.web.context.request.async.WebAsyncManagerIntegrationFilter.doFilterInternal(WebAsyncManagerIntegrationFilter.java:56)
	at org.springframework.web.filter.OncePerRequestFilter.doFilter(OncePerRequestFilter.java:119)
	at org.springframework.security.web.FilterChainProxy$VirtualFilterChain.doFilter(FilterChainProxy.java:334)
	at org.springframework.security.web.FilterChainProxy.doFilterInternal(FilterChainProxy.java:215)
	at org.springframework.security.web.FilterChainProxy.doFilter(FilterChainProxy.java:178)
	at org.springframework.web.filter.DelegatingFilterProxy.invokeDelegate(DelegatingFilterProxy.java:358)
	at org.springframework.web.filter.DelegatingFilterProxy.doFilter(DelegatingFilterProxy.java:271)
	at org.apache.catalina.core.ApplicationFilterChain.internalDoFilter(ApplicationFilterChain.java:193)
	at org.apache.catalina.core.ApplicationFilterChain.doFilter(ApplicationFilterChain.java:166)
	at org.springframework.web.filter.RequestContextFilter.doFilterInternal(RequestContextFilter.java:100)
	at org.springframework.web.filter.OncePerRequestFilter.doFilter(OncePerRequestFilter.java:119)
	at org.apache.catalina.core.ApplicationFilterChain.internalDoFilter(ApplicationFilterChain.java:193)
	at org.apache.catalina.core.ApplicationFilterChain.doFilter(ApplicationFilterChain.java:166)
	at org.springframework.web.filter.FormContentFilter.doFilterInternal(FormContentFilter.java:93)
	at org.springframework.web.filter.OncePerRequestFilter.doFilter(OncePerRequestFilter.java:119)
	at org.apache.catalina.core.ApplicationFilterChain.internalDoFilter(ApplicationFilterChain.java:193)
	at org.apache.catalina.core.ApplicationFilterChain.doFilter(ApplicationFilterChain.java:166)
	at org.springframework.boot.actuate.metrics.web.servlet.WebMvcMetricsFilter.doFilterInternal(WebMvcMetricsFilter.java:109)
	at org.springframework.web.filter.OncePerRequestFilter.doFilter(OncePerRequestFilter.java:119)
	at org.apache.catalina.core.ApplicationFilterChain.internalDoFilter(ApplicationFilterChain.java:193)
	at org.apache.catalina.core.ApplicationFilterChain.doFilter(ApplicationFilterChain.java:166)
	at org.springframework.web.filter.CharacterEncodingFilter.doFilterInternal(CharacterEncodingFilter.java:201)
	at org.springframework.web.filter.OncePerRequestFilter.doFilter(OncePerRequestFilter.java:119)
	at org.apache.catalina.core.ApplicationFilterChain.internalDoFilter(ApplicationFilterChain.java:193)
	at org.apache.catalina.core.ApplicationFilterChain.doFilter(ApplicationFilterChain.java:166)
	at org.apache.catalina.core.StandardWrapperValve.invoke(StandardWrapperValve.java:202)
	at org.apache.catalina.core.StandardContextValve.invoke(StandardContextValve.java:96)
	at org.apache.catalina.authenticator.AuthenticatorBase.invoke(AuthenticatorBase.java:541)
	at org.apache.catalina.core.StandardHostValve.invoke(StandardHostValve.java:139)
	at org.apache.catalina.valves.ErrorReportValve.invoke(ErrorReportValve.java:92)
	at org.apache.catalina.core.StandardEngineValve.invoke(StandardEngineValve.java:74)
	at org.apache.catalina.connector.CoyoteAdapter.service(CoyoteAdapter.java:343)
	at org.apache.coyote.http11.Http11Processor.service(Http11Processor.java:373)
	at org.apache.coyote.AbstractProcessorLight.process(AbstractProcessorLight.java:65)
	at org.apache.coyote.AbstractProtocol$ConnectionHandler.process(AbstractProtocol.java:868)
	at org.apache.tomcat.util.net.NioEndpoint$SocketProcessor.doRun(NioEndpoint.java:1594)
	at org.apache.tomcat.util.net.SocketProcessorBase.run(SocketProcessorBase.java:49)
	at java.base/java.util.concurrent.ThreadPoolExecutor.runWorker(ThreadPoolExecutor.java:1128)
	at java.base/java.util.concurrent.ThreadPoolExecutor$Worker.run(ThreadPoolExecutor.java:628)
	at org.apache.tomcat.util.threads.TaskThread$WrappingRunnable.run(TaskThread.java:61)
	at java.base/java.lang.Thread.run(Thread.java:834)
2020-05-26 13:22:33,211 INFO com.surshree.app.scheduling.CacheScheduler [scheduling-1] Clear user cache : START
2020-05-26 13:22:33,227 INFO com.surshree.app.scheduling.CacheScheduler [scheduling-1] Clear user cache : END
2020-05-26 13:32:33,251 INFO com.surshree.app.scheduling.CacheScheduler [scheduling-1] Clear user cache : START
2020-05-26 13:32:33,265 INFO com.surshree.app.scheduling.CacheScheduler [scheduling-1] Clear user cache : END
2020-05-26 13:42:33,286 INFO com.surshree.app.scheduling.CacheScheduler [scheduling-1] Clear user cache : START
2020-05-26 13:42:33,300 INFO com.surshree.app.scheduling.CacheScheduler [scheduling-1] Clear user cache : END
2020-05-26 13:49:07,066 INFO org.springframework.boot.SpringApplication [main] No active profile set, falling back to default profiles: default
2020-05-26 13:49:09,146 INFO org.springframework.data.repository.config.RepositoryConfigurationDelegate [main] Bootstrapping Spring Data JPA repositories in DEFAULT mode.
2020-05-26 13:49:09,354 INFO org.springframework.data.repository.config.RepositoryConfigurationDelegate [main] Finished Spring Data repository scanning in 178ms. Found 9 JPA repository interfaces.
2020-05-26 13:49:11,548 INFO org.springframework.cloud.context.scope.GenericScope [main] BeanFactory id=a348455a-eca5-3727-b2d0-e1f393ab79cc
2020-05-26 13:49:13,768 INFO org.springframework.boot.web.embedded.tomcat.TomcatWebServer [main] Tomcat initialized with port(s): 8080 (http)
2020-05-26 13:49:13,802 INFO org.apache.juli.logging.DirectJDKLog [main] Initializing ProtocolHandler ["http-nio-8080"]
2020-05-26 13:49:13,807 INFO org.apache.juli.logging.DirectJDKLog [main] Starting service [Tomcat]
2020-05-26 13:49:13,853 INFO org.apache.juli.logging.DirectJDKLog [main] Starting Servlet engine: [Apache Tomcat/9.0.33]
2020-05-26 13:49:14,490 INFO org.apache.juli.logging.DirectJDKLog [main] Initializing Spring embedded WebApplicationContext
2020-05-26 13:49:14,491 INFO org.springframework.boot.web.servlet.context.ServletWebServerApplicationContext [main] Root WebApplicationContext: initialization completed in 7321 ms
2020-05-26 13:49:15,408 INFO com.surshree.app.config.CacheConfig [main] Initializing cache.
2020-05-26 13:49:15,599 INFO org.hibernate.jpa.internal.util.LogHelper [main] HHH000204: Processing PersistenceUnitInfo [name: default]
2020-05-26 13:49:15,929 INFO org.hibernate.Version [main] HHH000412: Hibernate ORM core version 5.4.12.Final
2020-05-26 13:49:16,646 INFO org.hibernate.annotations.common.reflection.java.JavaReflectionManager [main] HCANN000001: Hibernate Commons Annotations {5.1.0.Final}
2020-05-26 13:49:17,034 INFO com.zaxxer.hikari.HikariDataSource [main] HikariPool-1 - Starting...
2020-05-26 13:49:17,496 INFO com.zaxxer.hikari.HikariDataSource [main] HikariPool-1 - Start completed.
2020-05-26 13:49:17,549 INFO org.hibernate.dialect.Dialect [main] HHH000400: Using dialect: org.hibernate.dialect.PostgreSQL10Dialect
2020-05-26 13:49:21,870 INFO org.hibernate.engine.transaction.jta.platform.internal.JtaPlatformInitiator [main] HHH000490: Using JtaPlatform implementation: [org.hibernate.engine.transaction.jta.platform.internal.NoJtaPlatform]
2020-05-26 13:49:22,262 INFO org.springframework.orm.jpa.AbstractEntityManagerFactoryBean [main] Initialized JPA EntityManagerFactory for persistence unit 'default'
2020-05-26 13:49:22,483 WARN org.springframework.boot.autoconfigure.orm.jpa.JpaBaseConfiguration$JpaWebConfiguration [main] spring.jpa.open-in-view is enabled by default. Therefore, database queries may be performed during view rendering. Explicitly configure spring.jpa.open-in-view to disable this warning
2020-05-26 13:49:31,434 INFO org.springframework.security.web.DefaultSecurityFilterChain [main] Creating filter chain: OrRequestMatcher [requestMatchers=[Ant [pattern='/oauth/token'], Ant [pattern='/oauth/token_key'], Ant [pattern='/oauth/check_token']]], [org.springframework.security.web.context.request.async.WebAsyncManagerIntegrationFilter@33c5cc0, org.springframework.security.web.context.SecurityContextPersistenceFilter@532782f5, org.springframework.security.web.header.HeaderWriterFilter@14501070, org.springframework.security.web.authentication.logout.LogoutFilter@5cb42eb2, org.springframework.web.filter.CorsFilter@664c411d, org.springframework.security.web.authentication.www.BasicAuthenticationFilter@2914f916, org.springframework.security.web.savedrequest.RequestCacheAwareFilter@18b8518b, org.springframework.security.web.servletapi.SecurityContextHolderAwareRequestFilter@363751f2, org.springframework.security.web.authentication.AnonymousAuthenticationFilter@7641d70, org.springframework.security.web.session.SessionManagementFilter@5e5f5ddf, org.springframework.security.web.access.ExceptionTranslationFilter@7def08fc, org.springframework.security.web.access.intercept.FilterSecurityInterceptor@6e512d7f]
2020-05-26 13:49:31,452 INFO org.springframework.security.web.DefaultSecurityFilterChain [main] Creating filter chain: com.surshree.app.config.ResourceServerConfig$$Lambda$1054/0x00000008009fb840@6f647464, [org.springframework.security.web.context.request.async.WebAsyncManagerIntegrationFilter@12504d49, org.springframework.security.web.context.SecurityContextPersistenceFilter@394e0104, org.springframework.security.web.header.HeaderWriterFilter@7108b12d, org.springframework.security.web.authentication.logout.LogoutFilter@1c8d9ac9, org.springframework.security.oauth2.provider.authentication.OAuth2AuthenticationProcessingFilter@168ffb0, org.springframework.security.web.savedrequest.RequestCacheAwareFilter@1e5f3c4a, org.springframework.security.web.servletapi.SecurityContextHolderAwareRequestFilter@2aea7775, org.springframework.security.web.authentication.AnonymousAuthenticationFilter@f8dfcbe, org.springframework.security.web.session.SessionManagementFilter@7a80b2e6, org.springframework.security.web.access.ExceptionTranslationFilter@915c47b, org.springframework.security.web.access.intercept.FilterSecurityInterceptor@2b0df4ba]
2020-05-26 13:49:32,128 INFO org.springframework.boot.actuate.endpoint.web.EndpointLinksResolver [main] Exposing 2 endpoint(s) beneath base path '/actuator'
2020-05-26 13:49:32,151 INFO org.springframework.security.web.DefaultSecurityFilterChain [main] Creating filter chain: any request, [org.springframework.security.web.context.request.async.WebAsyncManagerIntegrationFilter@8374911, org.springframework.security.web.context.SecurityContextPersistenceFilter@2100d881, org.springframework.security.web.header.HeaderWriterFilter@44189797, org.springframework.web.filter.CorsFilter@106dee26, org.springframework.security.web.authentication.logout.LogoutFilter@1179731c, org.springframework.security.web.authentication.www.BasicAuthenticationFilter@3435b6d8, org.springframework.security.web.savedrequest.RequestCacheAwareFilter@59881424, org.springframework.security.web.servletapi.SecurityContextHolderAwareRequestFilter@59ac94ad, org.springframework.security.web.authentication.AnonymousAuthenticationFilter@6b0aa757, org.springframework.security.web.session.SessionManagementFilter@4aa4bfa1, org.springframework.security.web.access.ExceptionTranslationFilter@7671c02d, org.springframework.security.web.access.intercept.FilterSecurityInterceptor@2512eaaa]
2020-05-26 13:49:32,369 INFO org.springframework.scheduling.concurrent.ExecutorConfigurationSupport [main] Initializing ExecutorService 'applicationTaskExecutor'
2020-05-26 13:49:32,835 INFO org.springframework.scheduling.concurrent.ExecutorConfigurationSupport [main] Initializing ExecutorService 'taskScheduler'
2020-05-26 13:49:32,994 INFO com.surshree.app.scheduling.CacheScheduler [scheduling-1] Clear user cache : START
2020-05-26 13:49:32,998 INFO com.surshree.app.scheduling.CacheScheduler [scheduling-1] Clear user cache : END
2020-05-26 13:49:33,000 INFO org.apache.juli.logging.DirectJDKLog [main] Starting ProtocolHandler ["http-nio-8080"]
2020-05-26 13:49:33,077 INFO org.springframework.boot.web.embedded.tomcat.TomcatWebServer [main] Tomcat started on port(s): 8080 (http) with context path ''
2020-05-26 13:49:33,086 INFO org.springframework.boot.StartupInfoLogger [main] Started SurShreeApplication in 29.285 seconds (JVM running for 30.585)
2020-05-26 13:49:46,822 INFO org.apache.juli.logging.DirectJDKLog [http-nio-8080-exec-1] Initializing Spring DispatcherServlet 'dispatcherServlet'
2020-05-26 13:49:46,823 INFO org.springframework.web.servlet.FrameworkServlet [http-nio-8080-exec-1] Initializing Servlet 'dispatcherServlet'
2020-05-26 13:49:46,849 INFO org.springframework.web.servlet.FrameworkServlet [http-nio-8080-exec-1] Completed initialization in 26 ms
2020-05-26 13:49:47,752 INFO com.surshree.app.services.CustomUserDetailsService [http-nio-8080-exec-2] Granted Authorities --> ROLE_CONT
2020-05-26 13:49:47,753 INFO com.surshree.app.services.CustomUserDetailsService [http-nio-8080-exec-2] Granted Authorities --> ROLE_ADMN
2020-05-26 13:49:47,753 INFO com.surshree.app.services.CustomUserDetailsService [http-nio-8080-exec-2] Granted Authorities --> FUNC_CONT_MENU
2020-05-26 13:49:47,754 INFO com.surshree.app.services.CustomUserDetailsService [http-nio-8080-exec-2] Granted Authorities --> FUNC_VIEW_ADMIN_MENU
2020-05-26 13:49:47,754 INFO com.surshree.app.services.CustomUserDetailsService [http-nio-8080-exec-2] Granted Authorities --> FUNC_CONT_MENU
2020-05-26 13:49:47,798 WARN org.springframework.security.oauth2.provider.endpoint.TokenEndpoint [http-nio-8080-exec-2] Handling error: InvalidGrantException, Invalid Username and/or Password.
2020-05-26 13:49:47,856 WARN org.springframework.web.servlet.mvc.method.annotation.ExceptionHandlerExceptionResolver [http-nio-8080-exec-2] Failure in @ExceptionHandler org.springframework.security.oauth2.provider.endpoint.TokenEndpoint#handleException(OAuth2Exception)
org.springframework.web.HttpMediaTypeNotAcceptableException: Could not find acceptable representation
	at org.springframework.web.servlet.mvc.method.annotation.AbstractMessageConverterMethodProcessor.writeWithMessageConverters(AbstractMessageConverterMethodProcessor.java:243)
	at org.springframework.web.servlet.mvc.method.annotation.HttpEntityMethodProcessor.handleReturnValue(HttpEntityMethodProcessor.java:219)
	at org.springframework.web.method.support.HandlerMethodReturnValueHandlerComposite.handleReturnValue(HandlerMethodReturnValueHandlerComposite.java:82)
	at org.springframework.web.servlet.mvc.method.annotation.ServletInvocableHandlerMethod.invokeAndHandle(ServletInvocableHandlerMethod.java:123)
	at org.springframework.web.servlet.mvc.method.annotation.ExceptionHandlerExceptionResolver.doResolveHandlerMethodException(ExceptionHandlerExceptionResolver.java:407)
	at org.springframework.web.servlet.handler.AbstractHandlerMethodExceptionResolver.doResolveException(AbstractHandlerMethodExceptionResolver.java:61)
	at org.springframework.web.servlet.handler.AbstractHandlerExceptionResolver.resolveException(AbstractHandlerExceptionResolver.java:141)
	at org.springframework.web.servlet.handler.HandlerExceptionResolverComposite.resolveException(HandlerExceptionResolverComposite.java:80)
	at org.springframework.web.servlet.DispatcherServlet.processHandlerException(DispatcherServlet.java:1300)
	at org.springframework.web.servlet.DispatcherServlet.processDispatchResult(DispatcherServlet.java:1111)
	at org.springframework.web.servlet.DispatcherServlet.doDispatch(DispatcherServlet.java:1057)
	at org.springframework.web.servlet.DispatcherServlet.doService(DispatcherServlet.java:943)
	at org.springframework.web.servlet.FrameworkServlet.processRequest(FrameworkServlet.java:1006)
	at org.springframework.web.servlet.FrameworkServlet.doPost(FrameworkServlet.java:909)
	at javax.servlet.http.HttpServlet.service(HttpServlet.java:660)
	at org.springframework.web.servlet.FrameworkServlet.service(FrameworkServlet.java:883)
	at javax.servlet.http.HttpServlet.service(HttpServlet.java:741)
	at org.apache.catalina.core.ApplicationFilterChain.internalDoFilter(ApplicationFilterChain.java:231)
	at org.apache.catalina.core.ApplicationFilterChain.doFilter(ApplicationFilterChain.java:166)
	at org.apache.tomcat.websocket.server.WsFilter.doFilter(WsFilter.java:53)
	at org.apache.catalina.core.ApplicationFilterChain.internalDoFilter(ApplicationFilterChain.java:193)
	at org.apache.catalina.core.ApplicationFilterChain.doFilter(ApplicationFilterChain.java:166)
	at org.springframework.security.web.FilterChainProxy$VirtualFilterChain.doFilter(FilterChainProxy.java:320)
	at org.springframework.security.web.access.intercept.FilterSecurityInterceptor.invoke(FilterSecurityInterceptor.java:126)
	at org.springframework.security.web.access.intercept.FilterSecurityInterceptor.doFilter(FilterSecurityInterceptor.java:90)
	at org.springframework.security.web.FilterChainProxy$VirtualFilterChain.doFilter(FilterChainProxy.java:334)
	at org.springframework.security.web.access.ExceptionTranslationFilter.doFilter(ExceptionTranslationFilter.java:118)
	at org.springframework.security.web.FilterChainProxy$VirtualFilterChain.doFilter(FilterChainProxy.java:334)
	at org.springframework.security.web.session.SessionManagementFilter.doFilter(SessionManagementFilter.java:137)
	at org.springframework.security.web.FilterChainProxy$VirtualFilterChain.doFilter(FilterChainProxy.java:334)
	at org.springframework.security.web.authentication.AnonymousAuthenticationFilter.doFilter(AnonymousAuthenticationFilter.java:111)
	at org.springframework.security.web.FilterChainProxy$VirtualFilterChain.doFilter(FilterChainProxy.java:334)
	at org.springframework.security.web.servletapi.SecurityContextHolderAwareRequestFilter.doFilter(SecurityContextHolderAwareRequestFilter.java:158)
	at org.springframework.security.web.FilterChainProxy$VirtualFilterChain.doFilter(FilterChainProxy.java:334)
	at org.springframework.security.web.savedrequest.RequestCacheAwareFilter.doFilter(RequestCacheAwareFilter.java:63)
	at org.springframework.security.web.FilterChainProxy$VirtualFilterChain.doFilter(FilterChainProxy.java:334)
	at org.springframework.security.web.authentication.www.BasicAuthenticationFilter.doFilterInternal(BasicAuthenticationFilter.java:204)
	at org.springframework.web.filter.OncePerRequestFilter.doFilter(OncePerRequestFilter.java:119)
	at org.springframework.security.web.FilterChainProxy$VirtualFilterChain.doFilter(FilterChainProxy.java:334)
	at org.springframework.web.filter.CorsFilter.doFilterInternal(CorsFilter.java:92)
	at org.springframework.web.filter.OncePerRequestFilter.doFilter(OncePerRequestFilter.java:119)
	at org.springframework.security.web.FilterChainProxy$VirtualFilterChain.doFilter(FilterChainProxy.java:334)
	at org.springframework.security.web.authentication.logout.LogoutFilter.doFilter(LogoutFilter.java:116)
	at org.springframework.security.web.FilterChainProxy$VirtualFilterChain.doFilter(FilterChainProxy.java:334)
	at org.springframework.security.web.header.HeaderWriterFilter.doHeadersAfter(HeaderWriterFilter.java:92)
	at org.springframework.security.web.header.HeaderWriterFilter.doFilterInternal(HeaderWriterFilter.java:77)
	at org.springframework.web.filter.OncePerRequestFilter.doFilter(OncePerRequestFilter.java:119)
	at org.springframework.security.web.FilterChainProxy$VirtualFilterChain.doFilter(FilterChainProxy.java:334)
	at org.springframework.security.web.context.SecurityContextPersistenceFilter.doFilter(SecurityContextPersistenceFilter.java:105)
	at org.springframework.security.web.FilterChainProxy$VirtualFilterChain.doFilter(FilterChainProxy.java:334)
	at org.springframework.security.web.context.request.async.WebAsyncManagerIntegrationFilter.doFilterInternal(WebAsyncManagerIntegrationFilter.java:56)
	at org.springframework.web.filter.OncePerRequestFilter.doFilter(OncePerRequestFilter.java:119)
	at org.springframework.security.web.FilterChainProxy$VirtualFilterChain.doFilter(FilterChainProxy.java:334)
	at org.springframework.security.web.FilterChainProxy.doFilterInternal(FilterChainProxy.java:215)
	at org.springframework.security.web.FilterChainProxy.doFilter(FilterChainProxy.java:178)
	at org.springframework.web.filter.DelegatingFilterProxy.invokeDelegate(DelegatingFilterProxy.java:358)
	at org.springframework.web.filter.DelegatingFilterProxy.doFilter(DelegatingFilterProxy.java:271)
	at org.apache.catalina.core.ApplicationFilterChain.internalDoFilter(ApplicationFilterChain.java:193)
	at org.apache.catalina.core.ApplicationFilterChain.doFilter(ApplicationFilterChain.java:166)
	at org.springframework.web.filter.RequestContextFilter.doFilterInternal(RequestContextFilter.java:100)
	at org.springframework.web.filter.OncePerRequestFilter.doFilter(OncePerRequestFilter.java:119)
	at org.apache.catalina.core.ApplicationFilterChain.internalDoFilter(ApplicationFilterChain.java:193)
	at org.apache.catalina.core.ApplicationFilterChain.doFilter(ApplicationFilterChain.java:166)
	at org.springframework.web.filter.FormContentFilter.doFilterInternal(FormContentFilter.java:93)
	at org.springframework.web.filter.OncePerRequestFilter.doFilter(OncePerRequestFilter.java:119)
	at org.apache.catalina.core.ApplicationFilterChain.internalDoFilter(ApplicationFilterChain.java:193)
	at org.apache.catalina.core.ApplicationFilterChain.doFilter(ApplicationFilterChain.java:166)
	at org.springframework.boot.actuate.metrics.web.servlet.WebMvcMetricsFilter.doFilterInternal(WebMvcMetricsFilter.java:109)
	at org.springframework.web.filter.OncePerRequestFilter.doFilter(OncePerRequestFilter.java:119)
	at org.apache.catalina.core.ApplicationFilterChain.internalDoFilter(ApplicationFilterChain.java:193)
	at org.apache.catalina.core.ApplicationFilterChain.doFilter(ApplicationFilterChain.java:166)
	at org.springframework.web.filter.CharacterEncodingFilter.doFilterInternal(CharacterEncodingFilter.java:201)
	at org.springframework.web.filter.OncePerRequestFilter.doFilter(OncePerRequestFilter.java:119)
	at org.apache.catalina.core.ApplicationFilterChain.internalDoFilter(ApplicationFilterChain.java:193)
	at org.apache.catalina.core.ApplicationFilterChain.doFilter(ApplicationFilterChain.java:166)
	at org.apache.catalina.core.StandardWrapperValve.invoke(StandardWrapperValve.java:202)
	at org.apache.catalina.core.StandardContextValve.invoke(StandardContextValve.java:96)
	at org.apache.catalina.authenticator.AuthenticatorBase.invoke(AuthenticatorBase.java:541)
	at org.apache.catalina.core.StandardHostValve.invoke(StandardHostValve.java:139)
	at org.apache.catalina.valves.ErrorReportValve.invoke(ErrorReportValve.java:92)
	at org.apache.catalina.core.StandardEngineValve.invoke(StandardEngineValve.java:74)
	at org.apache.catalina.connector.CoyoteAdapter.service(CoyoteAdapter.java:343)
	at org.apache.coyote.http11.Http11Processor.service(Http11Processor.java:373)
	at org.apache.coyote.AbstractProcessorLight.process(AbstractProcessorLight.java:65)
	at org.apache.coyote.AbstractProtocol$ConnectionHandler.process(AbstractProtocol.java:868)
	at org.apache.tomcat.util.net.NioEndpoint$SocketProcessor.doRun(NioEndpoint.java:1594)
	at org.apache.tomcat.util.net.SocketProcessorBase.run(SocketProcessorBase.java:49)
	at java.base/java.util.concurrent.ThreadPoolExecutor.runWorker(ThreadPoolExecutor.java:1128)
	at java.base/java.util.concurrent.ThreadPoolExecutor$Worker.run(ThreadPoolExecutor.java:628)
	at org.apache.tomcat.util.threads.TaskThread$WrappingRunnable.run(TaskThread.java:61)
	at java.base/java.lang.Thread.run(Thread.java:834)
2020-05-26 13:49:47,871 ERROR org.apache.juli.logging.DirectJDKLog [http-nio-8080-exec-2] Servlet.service() for servlet [dispatcherServlet] in context with path [] threw exception [Request processing failed; nested exception is error="invalid_grant", error_description="Invalid Username and/or Password."] with root cause
org.springframework.security.oauth2.common.exceptions.InvalidGrantException: Invalid Username and/or Password.
	at org.springframework.security.oauth2.provider.password.ResourceOwnerPasswordTokenGranter.getOAuth2Authentication(ResourceOwnerPasswordTokenGranter.java:79)
	at org.springframework.security.oauth2.provider.token.AbstractTokenGranter.getAccessToken(AbstractTokenGranter.java:72)
	at org.springframework.security.oauth2.provider.token.AbstractTokenGranter.grant(AbstractTokenGranter.java:67)
	at org.springframework.security.oauth2.provider.CompositeTokenGranter.grant(CompositeTokenGranter.java:38)
	at org.springframework.security.oauth2.config.annotation.web.configurers.AuthorizationServerEndpointsConfigurer$4.grant(AuthorizationServerEndpointsConfigurer.java:583)
	at org.springframework.security.oauth2.provider.endpoint.TokenEndpoint.postAccessToken(TokenEndpoint.java:132)
	at java.base/jdk.internal.reflect.NativeMethodAccessorImpl.invoke0(Native Method)
	at java.base/jdk.internal.reflect.NativeMethodAccessorImpl.invoke(NativeMethodAccessorImpl.java:62)
	at java.base/jdk.internal.reflect.DelegatingMethodAccessorImpl.invoke(DelegatingMethodAccessorImpl.java:43)
	at java.base/java.lang.reflect.Method.invoke(Method.java:566)
	at org.springframework.web.method.support.InvocableHandlerMethod.doInvoke(InvocableHandlerMethod.java:190)
	at org.springframework.web.method.support.InvocableHandlerMethod.invokeForRequest(InvocableHandlerMethod.java:138)
	at org.springframework.web.servlet.mvc.method.annotation.ServletInvocableHandlerMethod.invokeAndHandle(ServletInvocableHandlerMethod.java:105)
	at org.springframework.web.servlet.mvc.method.annotation.RequestMappingHandlerAdapter.invokeHandlerMethod(RequestMappingHandlerAdapter.java:879)
	at org.springframework.web.servlet.mvc.method.annotation.RequestMappingHandlerAdapter.handleInternal(RequestMappingHandlerAdapter.java:793)
	at org.springframework.web.servlet.mvc.method.AbstractHandlerMethodAdapter.handle(AbstractHandlerMethodAdapter.java:87)
	at org.springframework.web.servlet.DispatcherServlet.doDispatch(DispatcherServlet.java:1040)
	at org.springframework.web.servlet.DispatcherServlet.doService(DispatcherServlet.java:943)
	at org.springframework.web.servlet.FrameworkServlet.processRequest(FrameworkServlet.java:1006)
	at org.springframework.web.servlet.FrameworkServlet.doPost(FrameworkServlet.java:909)
	at javax.servlet.http.HttpServlet.service(HttpServlet.java:660)
	at org.springframework.web.servlet.FrameworkServlet.service(FrameworkServlet.java:883)
	at javax.servlet.http.HttpServlet.service(HttpServlet.java:741)
	at org.apache.catalina.core.ApplicationFilterChain.internalDoFilter(ApplicationFilterChain.java:231)
	at org.apache.catalina.core.ApplicationFilterChain.doFilter(ApplicationFilterChain.java:166)
	at org.apache.tomcat.websocket.server.WsFilter.doFilter(WsFilter.java:53)
	at org.apache.catalina.core.ApplicationFilterChain.internalDoFilter(ApplicationFilterChain.java:193)
	at org.apache.catalina.core.ApplicationFilterChain.doFilter(ApplicationFilterChain.java:166)
	at org.springframework.security.web.FilterChainProxy$VirtualFilterChain.doFilter(FilterChainProxy.java:320)
	at org.springframework.security.web.access.intercept.FilterSecurityInterceptor.invoke(FilterSecurityInterceptor.java:126)
	at org.springframework.security.web.access.intercept.FilterSecurityInterceptor.doFilter(FilterSecurityInterceptor.java:90)
	at org.springframework.security.web.FilterChainProxy$VirtualFilterChain.doFilter(FilterChainProxy.java:334)
	at org.springframework.security.web.access.ExceptionTranslationFilter.doFilter(ExceptionTranslationFilter.java:118)
	at org.springframework.security.web.FilterChainProxy$VirtualFilterChain.doFilter(FilterChainProxy.java:334)
	at org.springframework.security.web.session.SessionManagementFilter.doFilter(SessionManagementFilter.java:137)
	at org.springframework.security.web.FilterChainProxy$VirtualFilterChain.doFilter(FilterChainProxy.java:334)
	at org.springframework.security.web.authentication.AnonymousAuthenticationFilter.doFilter(AnonymousAuthenticationFilter.java:111)
	at org.springframework.security.web.FilterChainProxy$VirtualFilterChain.doFilter(FilterChainProxy.java:334)
	at org.springframework.security.web.servletapi.SecurityContextHolderAwareRequestFilter.doFilter(SecurityContextHolderAwareRequestFilter.java:158)
	at org.springframework.security.web.FilterChainProxy$VirtualFilterChain.doFilter(FilterChainProxy.java:334)
	at org.springframework.security.web.savedrequest.RequestCacheAwareFilter.doFilter(RequestCacheAwareFilter.java:63)
	at org.springframework.security.web.FilterChainProxy$VirtualFilterChain.doFilter(FilterChainProxy.java:334)
	at org.springframework.security.web.authentication.www.BasicAuthenticationFilter.doFilterInternal(BasicAuthenticationFilter.java:204)
	at org.springframework.web.filter.OncePerRequestFilter.doFilter(OncePerRequestFilter.java:119)
	at org.springframework.security.web.FilterChainProxy$VirtualFilterChain.doFilter(FilterChainProxy.java:334)
	at org.springframework.web.filter.CorsFilter.doFilterInternal(CorsFilter.java:92)
	at org.springframework.web.filter.OncePerRequestFilter.doFilter(OncePerRequestFilter.java:119)
	at org.springframework.security.web.FilterChainProxy$VirtualFilterChain.doFilter(FilterChainProxy.java:334)
	at org.springframework.security.web.authentication.logout.LogoutFilter.doFilter(LogoutFilter.java:116)
	at org.springframework.security.web.FilterChainProxy$VirtualFilterChain.doFilter(FilterChainProxy.java:334)
	at org.springframework.security.web.header.HeaderWriterFilter.doHeadersAfter(HeaderWriterFilter.java:92)
	at org.springframework.security.web.header.HeaderWriterFilter.doFilterInternal(HeaderWriterFilter.java:77)
	at org.springframework.web.filter.OncePerRequestFilter.doFilter(OncePerRequestFilter.java:119)
	at org.springframework.security.web.FilterChainProxy$VirtualFilterChain.doFilter(FilterChainProxy.java:334)
	at org.springframework.security.web.context.SecurityContextPersistenceFilter.doFilter(SecurityContextPersistenceFilter.java:105)
	at org.springframework.security.web.FilterChainProxy$VirtualFilterChain.doFilter(FilterChainProxy.java:334)
	at org.springframework.security.web.context.request.async.WebAsyncManagerIntegrationFilter.doFilterInternal(WebAsyncManagerIntegrationFilter.java:56)
	at org.springframework.web.filter.OncePerRequestFilter.doFilter(OncePerRequestFilter.java:119)
	at org.springframework.security.web.FilterChainProxy$VirtualFilterChain.doFilter(FilterChainProxy.java:334)
	at org.springframework.security.web.FilterChainProxy.doFilterInternal(FilterChainProxy.java:215)
	at org.springframework.security.web.FilterChainProxy.doFilter(FilterChainProxy.java:178)
	at org.springframework.web.filter.DelegatingFilterProxy.invokeDelegate(DelegatingFilterProxy.java:358)
	at org.springframework.web.filter.DelegatingFilterProxy.doFilter(DelegatingFilterProxy.java:271)
	at org.apache.catalina.core.ApplicationFilterChain.internalDoFilter(ApplicationFilterChain.java:193)
	at org.apache.catalina.core.ApplicationFilterChain.doFilter(ApplicationFilterChain.java:166)
	at org.springframework.web.filter.RequestContextFilter.doFilterInternal(RequestContextFilter.java:100)
	at org.springframework.web.filter.OncePerRequestFilter.doFilter(OncePerRequestFilter.java:119)
	at org.apache.catalina.core.ApplicationFilterChain.internalDoFilter(ApplicationFilterChain.java:193)
	at org.apache.catalina.core.ApplicationFilterChain.doFilter(ApplicationFilterChain.java:166)
	at org.springframework.web.filter.FormContentFilter.doFilterInternal(FormContentFilter.java:93)
	at org.springframework.web.filter.OncePerRequestFilter.doFilter(OncePerRequestFilter.java:119)
	at org.apache.catalina.core.ApplicationFilterChain.internalDoFilter(ApplicationFilterChain.java:193)
	at org.apache.catalina.core.ApplicationFilterChain.doFilter(ApplicationFilterChain.java:166)
	at org.springframework.boot.actuate.metrics.web.servlet.WebMvcMetricsFilter.doFilterInternal(WebMvcMetricsFilter.java:109)
	at org.springframework.web.filter.OncePerRequestFilter.doFilter(OncePerRequestFilter.java:119)
	at org.apache.catalina.core.ApplicationFilterChain.internalDoFilter(ApplicationFilterChain.java:193)
	at org.apache.catalina.core.ApplicationFilterChain.doFilter(ApplicationFilterChain.java:166)
	at org.springframework.web.filter.CharacterEncodingFilter.doFilterInternal(CharacterEncodingFilter.java:201)
	at org.springframework.web.filter.OncePerRequestFilter.doFilter(OncePerRequestFilter.java:119)
	at org.apache.catalina.core.ApplicationFilterChain.internalDoFilter(ApplicationFilterChain.java:193)
	at org.apache.catalina.core.ApplicationFilterChain.doFilter(ApplicationFilterChain.java:166)
	at org.apache.catalina.core.StandardWrapperValve.invoke(StandardWrapperValve.java:202)
	at org.apache.catalina.core.StandardContextValve.invoke(StandardContextValve.java:96)
	at org.apache.catalina.authenticator.AuthenticatorBase.invoke(AuthenticatorBase.java:541)
	at org.apache.catalina.core.StandardHostValve.invoke(StandardHostValve.java:139)
	at org.apache.catalina.valves.ErrorReportValve.invoke(ErrorReportValve.java:92)
	at org.apache.catalina.core.StandardEngineValve.invoke(StandardEngineValve.java:74)
	at org.apache.catalina.connector.CoyoteAdapter.service(CoyoteAdapter.java:343)
	at org.apache.coyote.http11.Http11Processor.service(Http11Processor.java:373)
	at org.apache.coyote.AbstractProcessorLight.process(AbstractProcessorLight.java:65)
	at org.apache.coyote.AbstractProtocol$ConnectionHandler.process(AbstractProtocol.java:868)
	at org.apache.tomcat.util.net.NioEndpoint$SocketProcessor.doRun(NioEndpoint.java:1594)
	at org.apache.tomcat.util.net.SocketProcessorBase.run(SocketProcessorBase.java:49)
	at java.base/java.util.concurrent.ThreadPoolExecutor.runWorker(ThreadPoolExecutor.java:1128)
	at java.base/java.util.concurrent.ThreadPoolExecutor$Worker.run(ThreadPoolExecutor.java:628)
	at org.apache.tomcat.util.threads.TaskThread$WrappingRunnable.run(TaskThread.java:61)
	at java.base/java.lang.Thread.run(Thread.java:834)
2020-05-26 13:58:16,945 INFO org.springframework.boot.SpringApplication [main] No active profile set, falling back to default profiles: default
2020-05-26 13:58:19,755 INFO org.springframework.data.repository.config.RepositoryConfigurationDelegate [main] Bootstrapping Spring Data JPA repositories in DEFAULT mode.
2020-05-26 13:58:20,263 INFO org.springframework.data.repository.config.RepositoryConfigurationDelegate [main] Finished Spring Data repository scanning in 474ms. Found 9 JPA repository interfaces.
2020-05-26 13:58:22,050 INFO org.springframework.cloud.context.scope.GenericScope [main] BeanFactory id=57f89640-ebda-3990-af3a-d4f115be50de
2020-05-26 13:58:23,905 INFO org.springframework.boot.web.embedded.tomcat.TomcatWebServer [main] Tomcat initialized with port(s): 8080 (http)
2020-05-26 13:58:23,934 INFO org.apache.juli.logging.DirectJDKLog [main] Initializing ProtocolHandler ["http-nio-8080"]
2020-05-26 13:58:23,940 INFO org.apache.juli.logging.DirectJDKLog [main] Starting service [Tomcat]
2020-05-26 13:58:23,941 INFO org.apache.juli.logging.DirectJDKLog [main] Starting Servlet engine: [Apache Tomcat/9.0.33]
2020-05-26 13:58:24,317 INFO org.apache.juli.logging.DirectJDKLog [main] Initializing Spring embedded WebApplicationContext
2020-05-26 13:58:24,318 INFO org.springframework.boot.web.servlet.context.ServletWebServerApplicationContext [main] Root WebApplicationContext: initialization completed in 7287 ms
2020-05-26 13:58:25,144 INFO com.surshree.app.config.CacheConfig [main] Initializing cache.
2020-05-26 13:58:25,361 INFO org.hibernate.jpa.internal.util.LogHelper [main] HHH000204: Processing PersistenceUnitInfo [name: default]
2020-05-26 13:58:25,594 INFO org.hibernate.Version [main] HHH000412: Hibernate ORM core version 5.4.12.Final
2020-05-26 13:58:26,040 INFO org.hibernate.annotations.common.reflection.java.JavaReflectionManager [main] HCANN000001: Hibernate Commons Annotations {5.1.0.Final}
2020-05-26 13:58:26,494 INFO com.zaxxer.hikari.HikariDataSource [main] HikariPool-1 - Starting...
2020-05-26 13:58:26,778 INFO com.zaxxer.hikari.HikariDataSource [main] HikariPool-1 - Start completed.
2020-05-26 13:58:26,869 INFO org.hibernate.dialect.Dialect [main] HHH000400: Using dialect: org.hibernate.dialect.PostgreSQL10Dialect
2020-05-26 13:58:33,384 INFO org.hibernate.engine.transaction.jta.platform.internal.JtaPlatformInitiator [main] HHH000490: Using JtaPlatform implementation: [org.hibernate.engine.transaction.jta.platform.internal.NoJtaPlatform]
2020-05-26 13:58:33,777 INFO org.springframework.orm.jpa.AbstractEntityManagerFactoryBean [main] Initialized JPA EntityManagerFactory for persistence unit 'default'
2020-05-26 13:58:33,916 WARN org.springframework.boot.autoconfigure.orm.jpa.JpaBaseConfiguration$JpaWebConfiguration [main] spring.jpa.open-in-view is enabled by default. Therefore, database queries may be performed during view rendering. Explicitly configure spring.jpa.open-in-view to disable this warning
2020-05-26 13:58:37,936 INFO org.springframework.security.web.DefaultSecurityFilterChain [main] Creating filter chain: OrRequestMatcher [requestMatchers=[Ant [pattern='/oauth/token'], Ant [pattern='/oauth/token_key'], Ant [pattern='/oauth/check_token']]], [org.springframework.security.web.context.request.async.WebAsyncManagerIntegrationFilter@24fcfdb, org.springframework.security.web.context.SecurityContextPersistenceFilter@781befe7, org.springframework.security.web.header.HeaderWriterFilter@4b90a402, org.springframework.security.web.authentication.logout.LogoutFilter@1786e49f, org.springframework.web.filter.CorsFilter@2eebb07, org.springframework.security.web.authentication.www.BasicAuthenticationFilter@367a245e, org.springframework.security.web.savedrequest.RequestCacheAwareFilter@69780093, org.springframework.security.web.servletapi.SecurityContextHolderAwareRequestFilter@1104cc93, org.springframework.security.web.authentication.AnonymousAuthenticationFilter@4ab1ff80, org.springframework.security.web.session.SessionManagementFilter@1435a8ca, org.springframework.security.web.access.ExceptionTranslationFilter@41f274d, org.springframework.security.web.access.intercept.FilterSecurityInterceptor@70ca533a]
2020-05-26 13:58:37,957 INFO org.springframework.security.web.DefaultSecurityFilterChain [main] Creating filter chain: com.surshree.app.config.ResourceServerConfig$$Lambda$1054/0x00000008009f2040@76a90ecb, [org.springframework.security.web.context.request.async.WebAsyncManagerIntegrationFilter@52d202f0, org.springframework.security.web.context.SecurityContextPersistenceFilter@16d7f503, org.springframework.security.web.header.HeaderWriterFilter@5d956649, org.springframework.security.web.authentication.logout.LogoutFilter@3bd552f7, org.springframework.security.oauth2.provider.authentication.OAuth2AuthenticationProcessingFilter@b45e264, org.springframework.security.web.savedrequest.RequestCacheAwareFilter@6dabad5c, org.springframework.security.web.servletapi.SecurityContextHolderAwareRequestFilter@1bfa398e, org.springframework.security.web.authentication.AnonymousAuthenticationFilter@7fe75649, org.springframework.security.web.session.SessionManagementFilter@21b508a0, org.springframework.security.web.access.ExceptionTranslationFilter@136d1d58, org.springframework.security.web.access.intercept.FilterSecurityInterceptor@52db9036]
2020-05-26 13:58:38,338 INFO org.springframework.boot.actuate.endpoint.web.EndpointLinksResolver [main] Exposing 2 endpoint(s) beneath base path '/actuator'
2020-05-26 13:58:38,356 INFO org.springframework.security.web.DefaultSecurityFilterChain [main] Creating filter chain: any request, [org.springframework.security.web.context.request.async.WebAsyncManagerIntegrationFilter@32a7c583, org.springframework.security.web.context.SecurityContextPersistenceFilter@270a113f, org.springframework.security.web.header.HeaderWriterFilter@3d2bcf0a, org.springframework.web.filter.CorsFilter@6d598162, org.springframework.security.web.authentication.logout.LogoutFilter@3e283f1a, org.springframework.security.web.authentication.www.BasicAuthenticationFilter@6984f7d1, org.springframework.security.web.savedrequest.RequestCacheAwareFilter@3dc976da, org.springframework.security.web.servletapi.SecurityContextHolderAwareRequestFilter@5e79bdf6, org.springframework.security.web.authentication.AnonymousAuthenticationFilter@679f3e12, org.springframework.security.web.session.SessionManagementFilter@72e806, org.springframework.security.web.access.ExceptionTranslationFilter@58885a2e, org.springframework.security.web.access.intercept.FilterSecurityInterceptor@5b7e2a88]
2020-05-26 13:58:38,485 INFO org.springframework.scheduling.concurrent.ExecutorConfigurationSupport [main] Initializing ExecutorService 'applicationTaskExecutor'
2020-05-26 13:58:38,815 INFO org.springframework.scheduling.concurrent.ExecutorConfigurationSupport [main] Initializing ExecutorService 'taskScheduler'
2020-05-26 13:58:39,054 INFO com.surshree.app.scheduling.CacheScheduler [scheduling-1] Clear user cache : START
2020-05-26 13:58:39,058 INFO com.surshree.app.scheduling.CacheScheduler [scheduling-1] Clear user cache : END
2020-05-26 13:58:39,059 INFO org.apache.juli.logging.DirectJDKLog [main] Starting ProtocolHandler ["http-nio-8080"]
2020-05-26 13:58:39,186 INFO org.springframework.boot.web.embedded.tomcat.TomcatWebServer [main] Tomcat started on port(s): 8080 (http) with context path ''
2020-05-26 13:58:39,196 INFO org.springframework.boot.StartupInfoLogger [main] Started SurShreeApplication in 26.879 seconds (JVM running for 28.055)
2020-05-26 13:59:12,488 INFO org.apache.juli.logging.DirectJDKLog [http-nio-8080-exec-1] Initializing Spring DispatcherServlet 'dispatcherServlet'
2020-05-26 13:59:12,489 INFO org.springframework.web.servlet.FrameworkServlet [http-nio-8080-exec-1] Initializing Servlet 'dispatcherServlet'
2020-05-26 13:59:12,522 INFO org.springframework.web.servlet.FrameworkServlet [http-nio-8080-exec-1] Completed initialization in 32 ms
2020-05-26 13:59:13,602 INFO com.surshree.app.services.CustomUserDetailsService [http-nio-8080-exec-1] Granted Authorities --> ROLE_CONT
2020-05-26 13:59:13,602 INFO com.surshree.app.services.CustomUserDetailsService [http-nio-8080-exec-1] Granted Authorities --> ROLE_ADMN
2020-05-26 13:59:13,603 INFO com.surshree.app.services.CustomUserDetailsService [http-nio-8080-exec-1] Granted Authorities --> FUNC_CONT_MENU
2020-05-26 13:59:13,604 INFO com.surshree.app.services.CustomUserDetailsService [http-nio-8080-exec-1] Granted Authorities --> FUNC_CONT_MENU
2020-05-26 13:59:13,604 INFO com.surshree.app.services.CustomUserDetailsService [http-nio-8080-exec-1] Granted Authorities --> FUNC_VIEW_ADMIN_MENU
2020-05-26 13:59:13,654 WARN org.springframework.security.oauth2.provider.endpoint.TokenEndpoint [http-nio-8080-exec-1] Handling error: InvalidGrantException, Invalid Username and/or Password.
2020-05-26 13:59:13,834 WARN org.springframework.web.servlet.mvc.method.annotation.ExceptionHandlerExceptionResolver [http-nio-8080-exec-1] Failure in @ExceptionHandler org.springframework.security.oauth2.provider.endpoint.TokenEndpoint#handleException(OAuth2Exception)
org.springframework.web.HttpMediaTypeNotAcceptableException: Could not find acceptable representation
	at org.springframework.web.servlet.mvc.method.annotation.AbstractMessageConverterMethodProcessor.writeWithMessageConverters(AbstractMessageConverterMethodProcessor.java:243)
	at org.springframework.web.servlet.mvc.method.annotation.HttpEntityMethodProcessor.handleReturnValue(HttpEntityMethodProcessor.java:219)
	at org.springframework.web.method.support.HandlerMethodReturnValueHandlerComposite.handleReturnValue(HandlerMethodReturnValueHandlerComposite.java:82)
	at org.springframework.web.servlet.mvc.method.annotation.ServletInvocableHandlerMethod.invokeAndHandle(ServletInvocableHandlerMethod.java:123)
	at org.springframework.web.servlet.mvc.method.annotation.ExceptionHandlerExceptionResolver.doResolveHandlerMethodException(ExceptionHandlerExceptionResolver.java:407)
	at org.springframework.web.servlet.handler.AbstractHandlerMethodExceptionResolver.doResolveException(AbstractHandlerMethodExceptionResolver.java:61)
	at org.springframework.web.servlet.handler.AbstractHandlerExceptionResolver.resolveException(AbstractHandlerExceptionResolver.java:141)
	at org.springframework.web.servlet.handler.HandlerExceptionResolverComposite.resolveException(HandlerExceptionResolverComposite.java:80)
	at org.springframework.web.servlet.DispatcherServlet.processHandlerException(DispatcherServlet.java:1300)
	at org.springframework.web.servlet.DispatcherServlet.processDispatchResult(DispatcherServlet.java:1111)
	at org.springframework.web.servlet.DispatcherServlet.doDispatch(DispatcherServlet.java:1057)
	at org.springframework.web.servlet.DispatcherServlet.doService(DispatcherServlet.java:943)
	at org.springframework.web.servlet.FrameworkServlet.processRequest(FrameworkServlet.java:1006)
	at org.springframework.web.servlet.FrameworkServlet.doPost(FrameworkServlet.java:909)
	at javax.servlet.http.HttpServlet.service(HttpServlet.java:660)
	at org.springframework.web.servlet.FrameworkServlet.service(FrameworkServlet.java:883)
	at javax.servlet.http.HttpServlet.service(HttpServlet.java:741)
	at org.apache.catalina.core.ApplicationFilterChain.internalDoFilter(ApplicationFilterChain.java:231)
	at org.apache.catalina.core.ApplicationFilterChain.doFilter(ApplicationFilterChain.java:166)
	at org.apache.tomcat.websocket.server.WsFilter.doFilter(WsFilter.java:53)
	at org.apache.catalina.core.ApplicationFilterChain.internalDoFilter(ApplicationFilterChain.java:193)
	at org.apache.catalina.core.ApplicationFilterChain.doFilter(ApplicationFilterChain.java:166)
	at org.springframework.security.web.FilterChainProxy$VirtualFilterChain.doFilter(FilterChainProxy.java:320)
	at org.springframework.security.web.access.intercept.FilterSecurityInterceptor.invoke(FilterSecurityInterceptor.java:126)
	at org.springframework.security.web.access.intercept.FilterSecurityInterceptor.doFilter(FilterSecurityInterceptor.java:90)
	at org.springframework.security.web.FilterChainProxy$VirtualFilterChain.doFilter(FilterChainProxy.java:334)
	at org.springframework.security.web.access.ExceptionTranslationFilter.doFilter(ExceptionTranslationFilter.java:118)
	at org.springframework.security.web.FilterChainProxy$VirtualFilterChain.doFilter(FilterChainProxy.java:334)
	at org.springframework.security.web.session.SessionManagementFilter.doFilter(SessionManagementFilter.java:137)
	at org.springframework.security.web.FilterChainProxy$VirtualFilterChain.doFilter(FilterChainProxy.java:334)
	at org.springframework.security.web.authentication.AnonymousAuthenticationFilter.doFilter(AnonymousAuthenticationFilter.java:111)
	at org.springframework.security.web.FilterChainProxy$VirtualFilterChain.doFilter(FilterChainProxy.java:334)
	at org.springframework.security.web.servletapi.SecurityContextHolderAwareRequestFilter.doFilter(SecurityContextHolderAwareRequestFilter.java:158)
	at org.springframework.security.web.FilterChainProxy$VirtualFilterChain.doFilter(FilterChainProxy.java:334)
	at org.springframework.security.web.savedrequest.RequestCacheAwareFilter.doFilter(RequestCacheAwareFilter.java:63)
	at org.springframework.security.web.FilterChainProxy$VirtualFilterChain.doFilter(FilterChainProxy.java:334)
	at org.springframework.security.web.authentication.www.BasicAuthenticationFilter.doFilterInternal(BasicAuthenticationFilter.java:204)
	at org.springframework.web.filter.OncePerRequestFilter.doFilter(OncePerRequestFilter.java:119)
	at org.springframework.security.web.FilterChainProxy$VirtualFilterChain.doFilter(FilterChainProxy.java:334)
	at org.springframework.web.filter.CorsFilter.doFilterInternal(CorsFilter.java:92)
	at org.springframework.web.filter.OncePerRequestFilter.doFilter(OncePerRequestFilter.java:119)
	at org.springframework.security.web.FilterChainProxy$VirtualFilterChain.doFilter(FilterChainProxy.java:334)
	at org.springframework.security.web.authentication.logout.LogoutFilter.doFilter(LogoutFilter.java:116)
	at org.springframework.security.web.FilterChainProxy$VirtualFilterChain.doFilter(FilterChainProxy.java:334)
	at org.springframework.security.web.header.HeaderWriterFilter.doHeadersAfter(HeaderWriterFilter.java:92)
	at org.springframework.security.web.header.HeaderWriterFilter.doFilterInternal(HeaderWriterFilter.java:77)
	at org.springframework.web.filter.OncePerRequestFilter.doFilter(OncePerRequestFilter.java:119)
	at org.springframework.security.web.FilterChainProxy$VirtualFilterChain.doFilter(FilterChainProxy.java:334)
	at org.springframework.security.web.context.SecurityContextPersistenceFilter.doFilter(SecurityContextPersistenceFilter.java:105)
	at org.springframework.security.web.FilterChainProxy$VirtualFilterChain.doFilter(FilterChainProxy.java:334)
	at org.springframework.security.web.context.request.async.WebAsyncManagerIntegrationFilter.doFilterInternal(WebAsyncManagerIntegrationFilter.java:56)
	at org.springframework.web.filter.OncePerRequestFilter.doFilter(OncePerRequestFilter.java:119)
	at org.springframework.security.web.FilterChainProxy$VirtualFilterChain.doFilter(FilterChainProxy.java:334)
	at org.springframework.security.web.FilterChainProxy.doFilterInternal(FilterChainProxy.java:215)
	at org.springframework.security.web.FilterChainProxy.doFilter(FilterChainProxy.java:178)
	at org.springframework.web.filter.DelegatingFilterProxy.invokeDelegate(DelegatingFilterProxy.java:358)
	at org.springframework.web.filter.DelegatingFilterProxy.doFilter(DelegatingFilterProxy.java:271)
	at org.apache.catalina.core.ApplicationFilterChain.internalDoFilter(ApplicationFilterChain.java:193)
	at org.apache.catalina.core.ApplicationFilterChain.doFilter(ApplicationFilterChain.java:166)
	at org.springframework.web.filter.RequestContextFilter.doFilterInternal(RequestContextFilter.java:100)
	at org.springframework.web.filter.OncePerRequestFilter.doFilter(OncePerRequestFilter.java:119)
	at org.apache.catalina.core.ApplicationFilterChain.internalDoFilter(ApplicationFilterChain.java:193)
	at org.apache.catalina.core.ApplicationFilterChain.doFilter(ApplicationFilterChain.java:166)
	at org.springframework.web.filter.FormContentFilter.doFilterInternal(FormContentFilter.java:93)
	at org.springframework.web.filter.OncePerRequestFilter.doFilter(OncePerRequestFilter.java:119)
	at org.apache.catalina.core.ApplicationFilterChain.internalDoFilter(ApplicationFilterChain.java:193)
	at org.apache.catalina.core.ApplicationFilterChain.doFilter(ApplicationFilterChain.java:166)
	at org.springframework.boot.actuate.metrics.web.servlet.WebMvcMetricsFilter.doFilterInternal(WebMvcMetricsFilter.java:109)
	at org.springframework.web.filter.OncePerRequestFilter.doFilter(OncePerRequestFilter.java:119)
	at org.apache.catalina.core.ApplicationFilterChain.internalDoFilter(ApplicationFilterChain.java:193)
	at org.apache.catalina.core.ApplicationFilterChain.doFilter(ApplicationFilterChain.java:166)
	at org.springframework.web.filter.CharacterEncodingFilter.doFilterInternal(CharacterEncodingFilter.java:201)
	at org.springframework.web.filter.OncePerRequestFilter.doFilter(OncePerRequestFilter.java:119)
	at org.apache.catalina.core.ApplicationFilterChain.internalDoFilter(ApplicationFilterChain.java:193)
	at org.apache.catalina.core.ApplicationFilterChain.doFilter(ApplicationFilterChain.java:166)
	at org.apache.catalina.core.StandardWrapperValve.invoke(StandardWrapperValve.java:202)
	at org.apache.catalina.core.StandardContextValve.invoke(StandardContextValve.java:96)
	at org.apache.catalina.authenticator.AuthenticatorBase.invoke(AuthenticatorBase.java:541)
	at org.apache.catalina.core.StandardHostValve.invoke(StandardHostValve.java:139)
	at org.apache.catalina.valves.ErrorReportValve.invoke(ErrorReportValve.java:92)
	at org.apache.catalina.core.StandardEngineValve.invoke(StandardEngineValve.java:74)
	at org.apache.catalina.connector.CoyoteAdapter.service(CoyoteAdapter.java:343)
	at org.apache.coyote.http11.Http11Processor.service(Http11Processor.java:373)
	at org.apache.coyote.AbstractProcessorLight.process(AbstractProcessorLight.java:65)
	at org.apache.coyote.AbstractProtocol$ConnectionHandler.process(AbstractProtocol.java:868)
	at org.apache.tomcat.util.net.NioEndpoint$SocketProcessor.doRun(NioEndpoint.java:1594)
	at org.apache.tomcat.util.net.SocketProcessorBase.run(SocketProcessorBase.java:49)
	at java.base/java.util.concurrent.ThreadPoolExecutor.runWorker(ThreadPoolExecutor.java:1128)
	at java.base/java.util.concurrent.ThreadPoolExecutor$Worker.run(ThreadPoolExecutor.java:628)
	at org.apache.tomcat.util.threads.TaskThread$WrappingRunnable.run(TaskThread.java:61)
	at java.base/java.lang.Thread.run(Thread.java:834)
2020-05-26 13:59:13,854 ERROR org.apache.juli.logging.DirectJDKLog [http-nio-8080-exec-1] Servlet.service() for servlet [dispatcherServlet] in context with path [] threw exception [Request processing failed; nested exception is error="invalid_grant", error_description="Invalid Username and/or Password."] with root cause
org.springframework.security.oauth2.common.exceptions.InvalidGrantException: Invalid Username and/or Password.
	at org.springframework.security.oauth2.provider.password.ResourceOwnerPasswordTokenGranter.getOAuth2Authentication(ResourceOwnerPasswordTokenGranter.java:79)
	at org.springframework.security.oauth2.provider.token.AbstractTokenGranter.getAccessToken(AbstractTokenGranter.java:72)
	at org.springframework.security.oauth2.provider.token.AbstractTokenGranter.grant(AbstractTokenGranter.java:67)
	at org.springframework.security.oauth2.provider.CompositeTokenGranter.grant(CompositeTokenGranter.java:38)
	at org.springframework.security.oauth2.config.annotation.web.configurers.AuthorizationServerEndpointsConfigurer$4.grant(AuthorizationServerEndpointsConfigurer.java:583)
	at org.springframework.security.oauth2.provider.endpoint.TokenEndpoint.postAccessToken(TokenEndpoint.java:132)
	at java.base/jdk.internal.reflect.NativeMethodAccessorImpl.invoke0(Native Method)
	at java.base/jdk.internal.reflect.NativeMethodAccessorImpl.invoke(NativeMethodAccessorImpl.java:62)
	at java.base/jdk.internal.reflect.DelegatingMethodAccessorImpl.invoke(DelegatingMethodAccessorImpl.java:43)
	at java.base/java.lang.reflect.Method.invoke(Method.java:566)
	at org.springframework.web.method.support.InvocableHandlerMethod.doInvoke(InvocableHandlerMethod.java:190)
	at org.springframework.web.method.support.InvocableHandlerMethod.invokeForRequest(InvocableHandlerMethod.java:138)
	at org.springframework.web.servlet.mvc.method.annotation.ServletInvocableHandlerMethod.invokeAndHandle(ServletInvocableHandlerMethod.java:105)
	at org.springframework.web.servlet.mvc.method.annotation.RequestMappingHandlerAdapter.invokeHandlerMethod(RequestMappingHandlerAdapter.java:879)
	at org.springframework.web.servlet.mvc.method.annotation.RequestMappingHandlerAdapter.handleInternal(RequestMappingHandlerAdapter.java:793)
	at org.springframework.web.servlet.mvc.method.AbstractHandlerMethodAdapter.handle(AbstractHandlerMethodAdapter.java:87)
	at org.springframework.web.servlet.DispatcherServlet.doDispatch(DispatcherServlet.java:1040)
	at org.springframework.web.servlet.DispatcherServlet.doService(DispatcherServlet.java:943)
	at org.springframework.web.servlet.FrameworkServlet.processRequest(FrameworkServlet.java:1006)
	at org.springframework.web.servlet.FrameworkServlet.doPost(FrameworkServlet.java:909)
	at javax.servlet.http.HttpServlet.service(HttpServlet.java:660)
	at org.springframework.web.servlet.FrameworkServlet.service(FrameworkServlet.java:883)
	at javax.servlet.http.HttpServlet.service(HttpServlet.java:741)
	at org.apache.catalina.core.ApplicationFilterChain.internalDoFilter(ApplicationFilterChain.java:231)
	at org.apache.catalina.core.ApplicationFilterChain.doFilter(ApplicationFilterChain.java:166)
	at org.apache.tomcat.websocket.server.WsFilter.doFilter(WsFilter.java:53)
	at org.apache.catalina.core.ApplicationFilterChain.internalDoFilter(ApplicationFilterChain.java:193)
	at org.apache.catalina.core.ApplicationFilterChain.doFilter(ApplicationFilterChain.java:166)
	at org.springframework.security.web.FilterChainProxy$VirtualFilterChain.doFilter(FilterChainProxy.java:320)
	at org.springframework.security.web.access.intercept.FilterSecurityInterceptor.invoke(FilterSecurityInterceptor.java:126)
	at org.springframework.security.web.access.intercept.FilterSecurityInterceptor.doFilter(FilterSecurityInterceptor.java:90)
	at org.springframework.security.web.FilterChainProxy$VirtualFilterChain.doFilter(FilterChainProxy.java:334)
	at org.springframework.security.web.access.ExceptionTranslationFilter.doFilter(ExceptionTranslationFilter.java:118)
	at org.springframework.security.web.FilterChainProxy$VirtualFilterChain.doFilter(FilterChainProxy.java:334)
	at org.springframework.security.web.session.SessionManagementFilter.doFilter(SessionManagementFilter.java:137)
	at org.springframework.security.web.FilterChainProxy$VirtualFilterChain.doFilter(FilterChainProxy.java:334)
	at org.springframework.security.web.authentication.AnonymousAuthenticationFilter.doFilter(AnonymousAuthenticationFilter.java:111)
	at org.springframework.security.web.FilterChainProxy$VirtualFilterChain.doFilter(FilterChainProxy.java:334)
	at org.springframework.security.web.servletapi.SecurityContextHolderAwareRequestFilter.doFilter(SecurityContextHolderAwareRequestFilter.java:158)
	at org.springframework.security.web.FilterChainProxy$VirtualFilterChain.doFilter(FilterChainProxy.java:334)
	at org.springframework.security.web.savedrequest.RequestCacheAwareFilter.doFilter(RequestCacheAwareFilter.java:63)
	at org.springframework.security.web.FilterChainProxy$VirtualFilterChain.doFilter(FilterChainProxy.java:334)
	at org.springframework.security.web.authentication.www.BasicAuthenticationFilter.doFilterInternal(BasicAuthenticationFilter.java:204)
	at org.springframework.web.filter.OncePerRequestFilter.doFilter(OncePerRequestFilter.java:119)
	at org.springframework.security.web.FilterChainProxy$VirtualFilterChain.doFilter(FilterChainProxy.java:334)
	at org.springframework.web.filter.CorsFilter.doFilterInternal(CorsFilter.java:92)
	at org.springframework.web.filter.OncePerRequestFilter.doFilter(OncePerRequestFilter.java:119)
	at org.springframework.security.web.FilterChainProxy$VirtualFilterChain.doFilter(FilterChainProxy.java:334)
	at org.springframework.security.web.authentication.logout.LogoutFilter.doFilter(LogoutFilter.java:116)
	at org.springframework.security.web.FilterChainProxy$VirtualFilterChain.doFilter(FilterChainProxy.java:334)
	at org.springframework.security.web.header.HeaderWriterFilter.doHeadersAfter(HeaderWriterFilter.java:92)
	at org.springframework.security.web.header.HeaderWriterFilter.doFilterInternal(HeaderWriterFilter.java:77)
	at org.springframework.web.filter.OncePerRequestFilter.doFilter(OncePerRequestFilter.java:119)
	at org.springframework.security.web.FilterChainProxy$VirtualFilterChain.doFilter(FilterChainProxy.java:334)
	at org.springframework.security.web.context.SecurityContextPersistenceFilter.doFilter(SecurityContextPersistenceFilter.java:105)
	at org.springframework.security.web.FilterChainProxy$VirtualFilterChain.doFilter(FilterChainProxy.java:334)
	at org.springframework.security.web.context.request.async.WebAsyncManagerIntegrationFilter.doFilterInternal(WebAsyncManagerIntegrationFilter.java:56)
	at org.springframework.web.filter.OncePerRequestFilter.doFilter(OncePerRequestFilter.java:119)
	at org.springframework.security.web.FilterChainProxy$VirtualFilterChain.doFilter(FilterChainProxy.java:334)
	at org.springframework.security.web.FilterChainProxy.doFilterInternal(FilterChainProxy.java:215)
	at org.springframework.security.web.FilterChainProxy.doFilter(FilterChainProxy.java:178)
	at org.springframework.web.filter.DelegatingFilterProxy.invokeDelegate(DelegatingFilterProxy.java:358)
	at org.springframework.web.filter.DelegatingFilterProxy.doFilter(DelegatingFilterProxy.java:271)
	at org.apache.catalina.core.ApplicationFilterChain.internalDoFilter(ApplicationFilterChain.java:193)
	at org.apache.catalina.core.ApplicationFilterChain.doFilter(ApplicationFilterChain.java:166)
	at org.springframework.web.filter.RequestContextFilter.doFilterInternal(RequestContextFilter.java:100)
	at org.springframework.web.filter.OncePerRequestFilter.doFilter(OncePerRequestFilter.java:119)
	at org.apache.catalina.core.ApplicationFilterChain.internalDoFilter(ApplicationFilterChain.java:193)
	at org.apache.catalina.core.ApplicationFilterChain.doFilter(ApplicationFilterChain.java:166)
	at org.springframework.web.filter.FormContentFilter.doFilterInternal(FormContentFilter.java:93)
	at org.springframework.web.filter.OncePerRequestFilter.doFilter(OncePerRequestFilter.java:119)
	at org.apache.catalina.core.ApplicationFilterChain.internalDoFilter(ApplicationFilterChain.java:193)
	at org.apache.catalina.core.ApplicationFilterChain.doFilter(ApplicationFilterChain.java:166)
	at org.springframework.boot.actuate.metrics.web.servlet.WebMvcMetricsFilter.doFilterInternal(WebMvcMetricsFilter.java:109)
	at org.springframework.web.filter.OncePerRequestFilter.doFilter(OncePerRequestFilter.java:119)
	at org.apache.catalina.core.ApplicationFilterChain.internalDoFilter(ApplicationFilterChain.java:193)
	at org.apache.catalina.core.ApplicationFilterChain.doFilter(ApplicationFilterChain.java:166)
	at org.springframework.web.filter.CharacterEncodingFilter.doFilterInternal(CharacterEncodingFilter.java:201)
	at org.springframework.web.filter.OncePerRequestFilter.doFilter(OncePerRequestFilter.java:119)
	at org.apache.catalina.core.ApplicationFilterChain.internalDoFilter(ApplicationFilterChain.java:193)
	at org.apache.catalina.core.ApplicationFilterChain.doFilter(ApplicationFilterChain.java:166)
	at org.apache.catalina.core.StandardWrapperValve.invoke(StandardWrapperValve.java:202)
	at org.apache.catalina.core.StandardContextValve.invoke(StandardContextValve.java:96)
	at org.apache.catalina.authenticator.AuthenticatorBase.invoke(AuthenticatorBase.java:541)
	at org.apache.catalina.core.StandardHostValve.invoke(StandardHostValve.java:139)
	at org.apache.catalina.valves.ErrorReportValve.invoke(ErrorReportValve.java:92)
	at org.apache.catalina.core.StandardEngineValve.invoke(StandardEngineValve.java:74)
	at org.apache.catalina.connector.CoyoteAdapter.service(CoyoteAdapter.java:343)
	at org.apache.coyote.http11.Http11Processor.service(Http11Processor.java:373)
	at org.apache.coyote.AbstractProcessorLight.process(AbstractProcessorLight.java:65)
	at org.apache.coyote.AbstractProtocol$ConnectionHandler.process(AbstractProtocol.java:868)
	at org.apache.tomcat.util.net.NioEndpoint$SocketProcessor.doRun(NioEndpoint.java:1594)
	at org.apache.tomcat.util.net.SocketProcessorBase.run(SocketProcessorBase.java:49)
	at java.base/java.util.concurrent.ThreadPoolExecutor.runWorker(ThreadPoolExecutor.java:1128)
	at java.base/java.util.concurrent.ThreadPoolExecutor$Worker.run(ThreadPoolExecutor.java:628)
	at org.apache.tomcat.util.threads.TaskThread$WrappingRunnable.run(TaskThread.java:61)
	at java.base/java.lang.Thread.run(Thread.java:834)
2020-05-26 14:08:39,087 INFO com.surshree.app.scheduling.CacheScheduler [scheduling-1] Clear user cache : START
2020-05-26 14:08:39,093 INFO com.surshree.app.scheduling.CacheScheduler [scheduling-1] Clear user cache : END
2020-05-26 14:18:39,114 INFO com.surshree.app.scheduling.CacheScheduler [scheduling-1] Clear user cache : START
2020-05-26 14:18:39,123 INFO com.surshree.app.scheduling.CacheScheduler [scheduling-1] Clear user cache : END
2020-05-26 14:51:02,304 WARN com.zaxxer.hikari.pool.HikariPool$HouseKeeper [HikariPool-1 housekeeper] HikariPool-1 - Thread starvation or clock leap detected (housekeeper delta=29m35s191ms).
2020-05-26 14:57:15,248 INFO org.springframework.boot.SpringApplication [main] No active profile set, falling back to default profiles: default
2020-05-26 14:57:17,119 INFO org.springframework.data.repository.config.RepositoryConfigurationDelegate [main] Bootstrapping Spring Data JPA repositories in DEFAULT mode.
2020-05-26 14:57:17,387 INFO org.springframework.data.repository.config.RepositoryConfigurationDelegate [main] Finished Spring Data repository scanning in 247ms. Found 9 JPA repository interfaces.
2020-05-26 14:57:18,967 INFO org.springframework.cloud.context.scope.GenericScope [main] BeanFactory id=57f89640-ebda-3990-af3a-d4f115be50de
2020-05-26 14:57:20,486 INFO org.springframework.boot.web.embedded.tomcat.TomcatWebServer [main] Tomcat initialized with port(s): 8080 (http)
2020-05-26 14:57:20,511 INFO org.apache.juli.logging.DirectJDKLog [main] Initializing ProtocolHandler ["http-nio-8080"]
2020-05-26 14:57:20,513 INFO org.apache.juli.logging.DirectJDKLog [main] Starting service [Tomcat]
2020-05-26 14:57:20,514 INFO org.apache.juli.logging.DirectJDKLog [main] Starting Servlet engine: [Apache Tomcat/9.0.33]
2020-05-26 14:57:20,873 INFO org.apache.juli.logging.DirectJDKLog [main] Initializing Spring embedded WebApplicationContext
2020-05-26 14:57:20,875 INFO org.springframework.boot.web.servlet.context.ServletWebServerApplicationContext [main] Root WebApplicationContext: initialization completed in 5530 ms
2020-05-26 14:57:21,616 INFO com.surshree.app.config.CacheConfig [main] Initializing cache.
2020-05-26 14:57:21,836 INFO org.hibernate.jpa.internal.util.LogHelper [main] HHH000204: Processing PersistenceUnitInfo [name: default]
2020-05-26 14:57:22,013 INFO org.hibernate.Version [main] HHH000412: Hibernate ORM core version 5.4.12.Final
2020-05-26 14:57:22,433 INFO org.hibernate.annotations.common.reflection.java.JavaReflectionManager [main] HCANN000001: Hibernate Commons Annotations {5.1.0.Final}
2020-05-26 14:57:22,753 INFO com.zaxxer.hikari.HikariDataSource [main] HikariPool-1 - Starting...
2020-05-26 14:57:23,169 INFO com.zaxxer.hikari.HikariDataSource [main] HikariPool-1 - Start completed.
2020-05-26 14:57:23,237 INFO org.hibernate.dialect.Dialect [main] HHH000400: Using dialect: org.hibernate.dialect.PostgreSQL10Dialect
2020-05-26 14:57:26,647 INFO org.hibernate.engine.transaction.jta.platform.internal.JtaPlatformInitiator [main] HHH000490: Using JtaPlatform implementation: [org.hibernate.engine.transaction.jta.platform.internal.NoJtaPlatform]
2020-05-26 14:57:27,040 INFO org.springframework.orm.jpa.AbstractEntityManagerFactoryBean [main] Initialized JPA EntityManagerFactory for persistence unit 'default'
2020-05-26 14:57:27,172 WARN org.springframework.boot.autoconfigure.orm.jpa.JpaBaseConfiguration$JpaWebConfiguration [main] spring.jpa.open-in-view is enabled by default. Therefore, database queries may be performed during view rendering. Explicitly configure spring.jpa.open-in-view to disable this warning
2020-05-26 14:57:31,519 INFO org.springframework.security.web.DefaultSecurityFilterChain [main] Creating filter chain: OrRequestMatcher [requestMatchers=[Ant [pattern='/oauth/token'], Ant [pattern='/oauth/token_key'], Ant [pattern='/oauth/check_token']]], [org.springframework.security.web.context.request.async.WebAsyncManagerIntegrationFilter@70028163, org.springframework.security.web.context.SecurityContextPersistenceFilter@148c571c, org.springframework.security.web.header.HeaderWriterFilter@54bf2319, org.springframework.security.web.authentication.logout.LogoutFilter@2258228f, org.springframework.web.filter.CorsFilter@7ed0e5db, org.springframework.security.web.authentication.www.BasicAuthenticationFilter@2dbfb843, org.springframework.security.web.savedrequest.RequestCacheAwareFilter@545e200b, org.springframework.security.web.servletapi.SecurityContextHolderAwareRequestFilter@63f093a, org.springframework.security.web.authentication.AnonymousAuthenticationFilter@38bce2ed, org.springframework.security.web.session.SessionManagementFilter@1666e021, org.springframework.security.web.access.ExceptionTranslationFilter@136c3a6, org.springframework.security.web.access.intercept.FilterSecurityInterceptor@50479c2b]
2020-05-26 14:57:31,550 INFO org.springframework.security.web.DefaultSecurityFilterChain [main] Creating filter chain: com.surshree.app.config.ResourceServerConfig$$Lambda$1054/0x00000008009fb040@72cf43fa, [org.springframework.security.web.context.request.async.WebAsyncManagerIntegrationFilter@2b1818d1, org.springframework.security.web.context.SecurityContextPersistenceFilter@6ac9742e, org.springframework.security.web.header.HeaderWriterFilter@124e538e, org.springframework.security.web.authentication.logout.LogoutFilter@6eaa5458, org.springframework.security.oauth2.provider.authentication.OAuth2AuthenticationProcessingFilter@69780093, org.springframework.security.web.savedrequest.RequestCacheAwareFilter@411b75b4, org.springframework.security.web.servletapi.SecurityContextHolderAwareRequestFilter@21298c3a, org.springframework.security.web.authentication.AnonymousAuthenticationFilter@1f748d43, org.springframework.security.web.session.SessionManagementFilter@dcc7d1c, org.springframework.security.web.access.ExceptionTranslationFilter@9d455a6, org.springframework.security.web.access.intercept.FilterSecurityInterceptor@5b9aac82]
2020-05-26 14:57:32,135 INFO org.springframework.boot.actuate.endpoint.web.EndpointLinksResolver [main] Exposing 2 endpoint(s) beneath base path '/actuator'
2020-05-26 14:57:32,174 INFO org.springframework.security.web.DefaultSecurityFilterChain [main] Creating filter chain: any request, [org.springframework.security.web.context.request.async.WebAsyncManagerIntegrationFilter@deb0c0e, org.springframework.security.web.context.SecurityContextPersistenceFilter@1201c2f6, org.springframework.security.web.header.HeaderWriterFilter@14ca4b4d, org.springframework.web.filter.CorsFilter@6385b07d, org.springframework.security.web.authentication.logout.LogoutFilter@71549247, org.springframework.security.web.authentication.www.BasicAuthenticationFilter@62243a7a, org.springframework.security.web.savedrequest.RequestCacheAwareFilter@cbf9cc1, org.springframework.security.web.servletapi.SecurityContextHolderAwareRequestFilter@4ae93e38, org.springframework.security.web.authentication.AnonymousAuthenticationFilter@6942ff10, org.springframework.security.web.session.SessionManagementFilter@31b2c451, org.springframework.security.web.access.ExceptionTranslationFilter@3f04349b, org.springframework.security.web.access.intercept.FilterSecurityInterceptor@275ff5f8]
2020-05-26 14:57:32,428 INFO org.springframework.scheduling.concurrent.ExecutorConfigurationSupport [main] Initializing ExecutorService 'applicationTaskExecutor'
2020-05-26 14:57:33,012 INFO org.springframework.scheduling.concurrent.ExecutorConfigurationSupport [main] Initializing ExecutorService 'taskScheduler'
2020-05-26 14:57:33,173 INFO com.surshree.app.scheduling.CacheScheduler [scheduling-1] Clear user cache : START
2020-05-26 14:57:33,178 INFO com.surshree.app.scheduling.CacheScheduler [scheduling-1] Clear user cache : END
2020-05-26 14:57:33,179 INFO org.apache.juli.logging.DirectJDKLog [main] Starting ProtocolHandler ["http-nio-8080"]
2020-05-26 14:57:33,288 INFO org.springframework.boot.web.embedded.tomcat.TomcatWebServer [main] Tomcat started on port(s): 8080 (http) with context path ''
2020-05-26 14:57:33,296 INFO org.springframework.boot.StartupInfoLogger [main] Started SurShreeApplication in 21.408 seconds (JVM running for 22.699)
2020-05-26 14:57:46,480 INFO org.apache.juli.logging.DirectJDKLog [http-nio-8080-exec-1] Initializing Spring DispatcherServlet 'dispatcherServlet'
2020-05-26 14:57:46,484 INFO org.springframework.web.servlet.FrameworkServlet [http-nio-8080-exec-1] Initializing Servlet 'dispatcherServlet'
2020-05-26 14:57:46,525 INFO org.springframework.web.servlet.FrameworkServlet [http-nio-8080-exec-1] Completed initialization in 41 ms
2020-05-26 14:58:04,037 INFO com.surshree.app.services.CustomUserDetailsService [http-nio-8080-exec-4] Granted Authorities --> ROLE_CONT
2020-05-26 14:58:04,039 INFO com.surshree.app.services.CustomUserDetailsService [http-nio-8080-exec-4] Granted Authorities --> ROLE_ADMN
2020-05-26 14:58:04,039 INFO com.surshree.app.services.CustomUserDetailsService [http-nio-8080-exec-4] Granted Authorities --> FUNC_CONT_MENU
2020-05-26 14:58:04,040 INFO com.surshree.app.services.CustomUserDetailsService [http-nio-8080-exec-4] Granted Authorities --> FUNC_CONT_MENU
2020-05-26 14:58:04,040 INFO com.surshree.app.services.CustomUserDetailsService [http-nio-8080-exec-4] Granted Authorities --> FUNC_VIEW_ADMIN_MENU
2020-05-26 14:58:04,635 INFO com.surshree.app.services.OtpService [http-nio-8080-exec-4] OTP Validated
2020-05-26 14:58:04,639 WARN org.springframework.security.oauth2.provider.endpoint.TokenEndpoint [http-nio-8080-exec-4] Handling error: InvalidGrantException, Invalid OTP.
2020-05-26 14:58:26,415 WARN org.springframework.web.servlet.mvc.method.annotation.ExceptionHandlerExceptionResolver [http-nio-8080-exec-4] Failure in @ExceptionHandler org.springframework.security.oauth2.provider.endpoint.TokenEndpoint#handleException(OAuth2Exception)
org.springframework.web.HttpMediaTypeNotAcceptableException: Could not find acceptable representation
	at org.springframework.web.servlet.mvc.method.annotation.AbstractMessageConverterMethodProcessor.writeWithMessageConverters(AbstractMessageConverterMethodProcessor.java:243)
	at org.springframework.web.servlet.mvc.method.annotation.HttpEntityMethodProcessor.handleReturnValue(HttpEntityMethodProcessor.java:219)
	at org.springframework.web.method.support.HandlerMethodReturnValueHandlerComposite.handleReturnValue(HandlerMethodReturnValueHandlerComposite.java:82)
	at org.springframework.web.servlet.mvc.method.annotation.ServletInvocableHandlerMethod.invokeAndHandle(ServletInvocableHandlerMethod.java:123)
	at org.springframework.web.servlet.mvc.method.annotation.ExceptionHandlerExceptionResolver.doResolveHandlerMethodException(ExceptionHandlerExceptionResolver.java:407)
	at org.springframework.web.servlet.handler.AbstractHandlerMethodExceptionResolver.doResolveException(AbstractHandlerMethodExceptionResolver.java:61)
	at org.springframework.web.servlet.handler.AbstractHandlerExceptionResolver.resolveException(AbstractHandlerExceptionResolver.java:141)
	at org.springframework.web.servlet.handler.HandlerExceptionResolverComposite.resolveException(HandlerExceptionResolverComposite.java:80)
	at org.springframework.web.servlet.DispatcherServlet.processHandlerException(DispatcherServlet.java:1300)
	at org.springframework.web.servlet.DispatcherServlet.processDispatchResult(DispatcherServlet.java:1111)
	at org.springframework.web.servlet.DispatcherServlet.doDispatch(DispatcherServlet.java:1057)
	at org.springframework.web.servlet.DispatcherServlet.doService(DispatcherServlet.java:943)
	at org.springframework.web.servlet.FrameworkServlet.processRequest(FrameworkServlet.java:1006)
	at org.springframework.web.servlet.FrameworkServlet.doPost(FrameworkServlet.java:909)
	at javax.servlet.http.HttpServlet.service(HttpServlet.java:660)
	at org.springframework.web.servlet.FrameworkServlet.service(FrameworkServlet.java:883)
	at javax.servlet.http.HttpServlet.service(HttpServlet.java:741)
	at org.apache.catalina.core.ApplicationFilterChain.internalDoFilter(ApplicationFilterChain.java:231)
	at org.apache.catalina.core.ApplicationFilterChain.doFilter(ApplicationFilterChain.java:166)
	at org.apache.tomcat.websocket.server.WsFilter.doFilter(WsFilter.java:53)
	at org.apache.catalina.core.ApplicationFilterChain.internalDoFilter(ApplicationFilterChain.java:193)
	at org.apache.catalina.core.ApplicationFilterChain.doFilter(ApplicationFilterChain.java:166)
	at org.springframework.security.web.FilterChainProxy$VirtualFilterChain.doFilter(FilterChainProxy.java:320)
	at org.springframework.security.web.access.intercept.FilterSecurityInterceptor.invoke(FilterSecurityInterceptor.java:126)
	at org.springframework.security.web.access.intercept.FilterSecurityInterceptor.doFilter(FilterSecurityInterceptor.java:90)
	at org.springframework.security.web.FilterChainProxy$VirtualFilterChain.doFilter(FilterChainProxy.java:334)
	at org.springframework.security.web.access.ExceptionTranslationFilter.doFilter(ExceptionTranslationFilter.java:118)
	at org.springframework.security.web.FilterChainProxy$VirtualFilterChain.doFilter(FilterChainProxy.java:334)
	at org.springframework.security.web.session.SessionManagementFilter.doFilter(SessionManagementFilter.java:137)
	at org.springframework.security.web.FilterChainProxy$VirtualFilterChain.doFilter(FilterChainProxy.java:334)
	at org.springframework.security.web.authentication.AnonymousAuthenticationFilter.doFilter(AnonymousAuthenticationFilter.java:111)
	at org.springframework.security.web.FilterChainProxy$VirtualFilterChain.doFilter(FilterChainProxy.java:334)
	at org.springframework.security.web.servletapi.SecurityContextHolderAwareRequestFilter.doFilter(SecurityContextHolderAwareRequestFilter.java:158)
	at org.springframework.security.web.FilterChainProxy$VirtualFilterChain.doFilter(FilterChainProxy.java:334)
	at org.springframework.security.web.savedrequest.RequestCacheAwareFilter.doFilter(RequestCacheAwareFilter.java:63)
	at org.springframework.security.web.FilterChainProxy$VirtualFilterChain.doFilter(FilterChainProxy.java:334)
	at org.springframework.security.web.authentication.www.BasicAuthenticationFilter.doFilterInternal(BasicAuthenticationFilter.java:204)
	at org.springframework.web.filter.OncePerRequestFilter.doFilter(OncePerRequestFilter.java:119)
	at org.springframework.security.web.FilterChainProxy$VirtualFilterChain.doFilter(FilterChainProxy.java:334)
	at org.springframework.web.filter.CorsFilter.doFilterInternal(CorsFilter.java:92)
	at org.springframework.web.filter.OncePerRequestFilter.doFilter(OncePerRequestFilter.java:119)
	at org.springframework.security.web.FilterChainProxy$VirtualFilterChain.doFilter(FilterChainProxy.java:334)
	at org.springframework.security.web.authentication.logout.LogoutFilter.doFilter(LogoutFilter.java:116)
	at org.springframework.security.web.FilterChainProxy$VirtualFilterChain.doFilter(FilterChainProxy.java:334)
	at org.springframework.security.web.header.HeaderWriterFilter.doHeadersAfter(HeaderWriterFilter.java:92)
	at org.springframework.security.web.header.HeaderWriterFilter.doFilterInternal(HeaderWriterFilter.java:77)
	at org.springframework.web.filter.OncePerRequestFilter.doFilter(OncePerRequestFilter.java:119)
	at org.springframework.security.web.FilterChainProxy$VirtualFilterChain.doFilter(FilterChainProxy.java:334)
	at org.springframework.security.web.context.SecurityContextPersistenceFilter.doFilter(SecurityContextPersistenceFilter.java:105)
	at org.springframework.security.web.FilterChainProxy$VirtualFilterChain.doFilter(FilterChainProxy.java:334)
	at org.springframework.security.web.context.request.async.WebAsyncManagerIntegrationFilter.doFilterInternal(WebAsyncManagerIntegrationFilter.java:56)
	at org.springframework.web.filter.OncePerRequestFilter.doFilter(OncePerRequestFilter.java:119)
	at org.springframework.security.web.FilterChainProxy$VirtualFilterChain.doFilter(FilterChainProxy.java:334)
	at org.springframework.security.web.FilterChainProxy.doFilterInternal(FilterChainProxy.java:215)
	at org.springframework.security.web.FilterChainProxy.doFilter(FilterChainProxy.java:178)
	at org.springframework.web.filter.DelegatingFilterProxy.invokeDelegate(DelegatingFilterProxy.java:358)
	at org.springframework.web.filter.DelegatingFilterProxy.doFilter(DelegatingFilterProxy.java:271)
	at org.apache.catalina.core.ApplicationFilterChain.internalDoFilter(ApplicationFilterChain.java:193)
	at org.apache.catalina.core.ApplicationFilterChain.doFilter(ApplicationFilterChain.java:166)
	at org.springframework.web.filter.RequestContextFilter.doFilterInternal(RequestContextFilter.java:100)
	at org.springframework.web.filter.OncePerRequestFilter.doFilter(OncePerRequestFilter.java:119)
	at org.apache.catalina.core.ApplicationFilterChain.internalDoFilter(ApplicationFilterChain.java:193)
	at org.apache.catalina.core.ApplicationFilterChain.doFilter(ApplicationFilterChain.java:166)
	at org.springframework.web.filter.FormContentFilter.doFilterInternal(FormContentFilter.java:93)
	at org.springframework.web.filter.OncePerRequestFilter.doFilter(OncePerRequestFilter.java:119)
	at org.apache.catalina.core.ApplicationFilterChain.internalDoFilter(ApplicationFilterChain.java:193)
	at org.apache.catalina.core.ApplicationFilterChain.doFilter(ApplicationFilterChain.java:166)
	at org.springframework.boot.actuate.metrics.web.servlet.WebMvcMetricsFilter.doFilterInternal(WebMvcMetricsFilter.java:109)
	at org.springframework.web.filter.OncePerRequestFilter.doFilter(OncePerRequestFilter.java:119)
	at org.apache.catalina.core.ApplicationFilterChain.internalDoFilter(ApplicationFilterChain.java:193)
	at org.apache.catalina.core.ApplicationFilterChain.doFilter(ApplicationFilterChain.java:166)
	at org.springframework.web.filter.CharacterEncodingFilter.doFilterInternal(CharacterEncodingFilter.java:201)
	at org.springframework.web.filter.OncePerRequestFilter.doFilter(OncePerRequestFilter.java:119)
	at org.apache.catalina.core.ApplicationFilterChain.internalDoFilter(ApplicationFilterChain.java:193)
	at org.apache.catalina.core.ApplicationFilterChain.doFilter(ApplicationFilterChain.java:166)
	at org.apache.catalina.core.StandardWrapperValve.invoke(StandardWrapperValve.java:202)
	at org.apache.catalina.core.StandardContextValve.invoke(StandardContextValve.java:96)
	at org.apache.catalina.authenticator.AuthenticatorBase.invoke(AuthenticatorBase.java:541)
	at org.apache.catalina.core.StandardHostValve.invoke(StandardHostValve.java:139)
	at org.apache.catalina.valves.ErrorReportValve.invoke(ErrorReportValve.java:92)
	at org.apache.catalina.core.StandardEngineValve.invoke(StandardEngineValve.java:74)
	at org.apache.catalina.connector.CoyoteAdapter.service(CoyoteAdapter.java:343)
	at org.apache.coyote.http11.Http11Processor.service(Http11Processor.java:373)
	at org.apache.coyote.AbstractProcessorLight.process(AbstractProcessorLight.java:65)
	at org.apache.coyote.AbstractProtocol$ConnectionHandler.process(AbstractProtocol.java:868)
	at org.apache.tomcat.util.net.NioEndpoint$SocketProcessor.doRun(NioEndpoint.java:1594)
	at org.apache.tomcat.util.net.SocketProcessorBase.run(SocketProcessorBase.java:49)
	at java.base/java.util.concurrent.ThreadPoolExecutor.runWorker(ThreadPoolExecutor.java:1128)
	at java.base/java.util.concurrent.ThreadPoolExecutor$Worker.run(ThreadPoolExecutor.java:628)
	at org.apache.tomcat.util.threads.TaskThread$WrappingRunnable.run(TaskThread.java:61)
	at java.base/java.lang.Thread.run(Thread.java:834)
2020-05-26 14:58:26,631 ERROR org.apache.juli.logging.DirectJDKLog [http-nio-8080-exec-4] Servlet.service() for servlet [dispatcherServlet] in context with path [] threw exception [Request processing failed; nested exception is error="invalid_grant", error_description="Invalid OTP."] with root cause
org.springframework.security.oauth2.common.exceptions.InvalidGrantException: Invalid OTP.
	at org.springframework.security.oauth2.provider.password.ResourceOwnerPasswordTokenGranter.getOAuth2Authentication(ResourceOwnerPasswordTokenGranter.java:79)
	at org.springframework.security.oauth2.provider.token.AbstractTokenGranter.getAccessToken(AbstractTokenGranter.java:72)
	at org.springframework.security.oauth2.provider.token.AbstractTokenGranter.grant(AbstractTokenGranter.java:67)
	at org.springframework.security.oauth2.provider.CompositeTokenGranter.grant(CompositeTokenGranter.java:38)
	at org.springframework.security.oauth2.config.annotation.web.configurers.AuthorizationServerEndpointsConfigurer$4.grant(AuthorizationServerEndpointsConfigurer.java:583)
	at org.springframework.security.oauth2.provider.endpoint.TokenEndpoint.postAccessToken(TokenEndpoint.java:132)
	at java.base/jdk.internal.reflect.NativeMethodAccessorImpl.invoke0(Native Method)
	at java.base/jdk.internal.reflect.NativeMethodAccessorImpl.invoke(NativeMethodAccessorImpl.java:62)
	at java.base/jdk.internal.reflect.DelegatingMethodAccessorImpl.invoke(DelegatingMethodAccessorImpl.java:43)
	at java.base/java.lang.reflect.Method.invoke(Method.java:566)
	at org.springframework.web.method.support.InvocableHandlerMethod.doInvoke(InvocableHandlerMethod.java:190)
	at org.springframework.web.method.support.InvocableHandlerMethod.invokeForRequest(InvocableHandlerMethod.java:138)
	at org.springframework.web.servlet.mvc.method.annotation.ServletInvocableHandlerMethod.invokeAndHandle(ServletInvocableHandlerMethod.java:105)
	at org.springframework.web.servlet.mvc.method.annotation.RequestMappingHandlerAdapter.invokeHandlerMethod(RequestMappingHandlerAdapter.java:879)
	at org.springframework.web.servlet.mvc.method.annotation.RequestMappingHandlerAdapter.handleInternal(RequestMappingHandlerAdapter.java:793)
	at org.springframework.web.servlet.mvc.method.AbstractHandlerMethodAdapter.handle(AbstractHandlerMethodAdapter.java:87)
	at org.springframework.web.servlet.DispatcherServlet.doDispatch(DispatcherServlet.java:1040)
	at org.springframework.web.servlet.DispatcherServlet.doService(DispatcherServlet.java:943)
	at org.springframework.web.servlet.FrameworkServlet.processRequest(FrameworkServlet.java:1006)
	at org.springframework.web.servlet.FrameworkServlet.doPost(FrameworkServlet.java:909)
	at javax.servlet.http.HttpServlet.service(HttpServlet.java:660)
	at org.springframework.web.servlet.FrameworkServlet.service(FrameworkServlet.java:883)
	at javax.servlet.http.HttpServlet.service(HttpServlet.java:741)
	at org.apache.catalina.core.ApplicationFilterChain.internalDoFilter(ApplicationFilterChain.java:231)
	at org.apache.catalina.core.ApplicationFilterChain.doFilter(ApplicationFilterChain.java:166)
	at org.apache.tomcat.websocket.server.WsFilter.doFilter(WsFilter.java:53)
	at org.apache.catalina.core.ApplicationFilterChain.internalDoFilter(ApplicationFilterChain.java:193)
	at org.apache.catalina.core.ApplicationFilterChain.doFilter(ApplicationFilterChain.java:166)
	at org.springframework.security.web.FilterChainProxy$VirtualFilterChain.doFilter(FilterChainProxy.java:320)
	at org.springframework.security.web.access.intercept.FilterSecurityInterceptor.invoke(FilterSecurityInterceptor.java:126)
	at org.springframework.security.web.access.intercept.FilterSecurityInterceptor.doFilter(FilterSecurityInterceptor.java:90)
	at org.springframework.security.web.FilterChainProxy$VirtualFilterChain.doFilter(FilterChainProxy.java:334)
	at org.springframework.security.web.access.ExceptionTranslationFilter.doFilter(ExceptionTranslationFilter.java:118)
	at org.springframework.security.web.FilterChainProxy$VirtualFilterChain.doFilter(FilterChainProxy.java:334)
	at org.springframework.security.web.session.SessionManagementFilter.doFilter(SessionManagementFilter.java:137)
	at org.springframework.security.web.FilterChainProxy$VirtualFilterChain.doFilter(FilterChainProxy.java:334)
	at org.springframework.security.web.authentication.AnonymousAuthenticationFilter.doFilter(AnonymousAuthenticationFilter.java:111)
	at org.springframework.security.web.FilterChainProxy$VirtualFilterChain.doFilter(FilterChainProxy.java:334)
	at org.springframework.security.web.servletapi.SecurityContextHolderAwareRequestFilter.doFilter(SecurityContextHolderAwareRequestFilter.java:158)
	at org.springframework.security.web.FilterChainProxy$VirtualFilterChain.doFilter(FilterChainProxy.java:334)
	at org.springframework.security.web.savedrequest.RequestCacheAwareFilter.doFilter(RequestCacheAwareFilter.java:63)
	at org.springframework.security.web.FilterChainProxy$VirtualFilterChain.doFilter(FilterChainProxy.java:334)
	at org.springframework.security.web.authentication.www.BasicAuthenticationFilter.doFilterInternal(BasicAuthenticationFilter.java:204)
	at org.springframework.web.filter.OncePerRequestFilter.doFilter(OncePerRequestFilter.java:119)
	at org.springframework.security.web.FilterChainProxy$VirtualFilterChain.doFilter(FilterChainProxy.java:334)
	at org.springframework.web.filter.CorsFilter.doFilterInternal(CorsFilter.java:92)
	at org.springframework.web.filter.OncePerRequestFilter.doFilter(OncePerRequestFilter.java:119)
	at org.springframework.security.web.FilterChainProxy$VirtualFilterChain.doFilter(FilterChainProxy.java:334)
	at org.springframework.security.web.authentication.logout.LogoutFilter.doFilter(LogoutFilter.java:116)
	at org.springframework.security.web.FilterChainProxy$VirtualFilterChain.doFilter(FilterChainProxy.java:334)
	at org.springframework.security.web.header.HeaderWriterFilter.doHeadersAfter(HeaderWriterFilter.java:92)
	at org.springframework.security.web.header.HeaderWriterFilter.doFilterInternal(HeaderWriterFilter.java:77)
	at org.springframework.web.filter.OncePerRequestFilter.doFilter(OncePerRequestFilter.java:119)
	at org.springframework.security.web.FilterChainProxy$VirtualFilterChain.doFilter(FilterChainProxy.java:334)
	at org.springframework.security.web.context.SecurityContextPersistenceFilter.doFilter(SecurityContextPersistenceFilter.java:105)
	at org.springframework.security.web.FilterChainProxy$VirtualFilterChain.doFilter(FilterChainProxy.java:334)
	at org.springframework.security.web.context.request.async.WebAsyncManagerIntegrationFilter.doFilterInternal(WebAsyncManagerIntegrationFilter.java:56)
	at org.springframework.web.filter.OncePerRequestFilter.doFilter(OncePerRequestFilter.java:119)
	at org.springframework.security.web.FilterChainProxy$VirtualFilterChain.doFilter(FilterChainProxy.java:334)
	at org.springframework.security.web.FilterChainProxy.doFilterInternal(FilterChainProxy.java:215)
	at org.springframework.security.web.FilterChainProxy.doFilter(FilterChainProxy.java:178)
	at org.springframework.web.filter.DelegatingFilterProxy.invokeDelegate(DelegatingFilterProxy.java:358)
	at org.springframework.web.filter.DelegatingFilterProxy.doFilter(DelegatingFilterProxy.java:271)
	at org.apache.catalina.core.ApplicationFilterChain.internalDoFilter(ApplicationFilterChain.java:193)
	at org.apache.catalina.core.ApplicationFilterChain.doFilter(ApplicationFilterChain.java:166)
	at org.springframework.web.filter.RequestContextFilter.doFilterInternal(RequestContextFilter.java:100)
	at org.springframework.web.filter.OncePerRequestFilter.doFilter(OncePerRequestFilter.java:119)
	at org.apache.catalina.core.ApplicationFilterChain.internalDoFilter(ApplicationFilterChain.java:193)
	at org.apache.catalina.core.ApplicationFilterChain.doFilter(ApplicationFilterChain.java:166)
	at org.springframework.web.filter.FormContentFilter.doFilterInternal(FormContentFilter.java:93)
	at org.springframework.web.filter.OncePerRequestFilter.doFilter(OncePerRequestFilter.java:119)
	at org.apache.catalina.core.ApplicationFilterChain.internalDoFilter(ApplicationFilterChain.java:193)
	at org.apache.catalina.core.ApplicationFilterChain.doFilter(ApplicationFilterChain.java:166)
	at org.springframework.boot.actuate.metrics.web.servlet.WebMvcMetricsFilter.doFilterInternal(WebMvcMetricsFilter.java:109)
	at org.springframework.web.filter.OncePerRequestFilter.doFilter(OncePerRequestFilter.java:119)
	at org.apache.catalina.core.ApplicationFilterChain.internalDoFilter(ApplicationFilterChain.java:193)
	at org.apache.catalina.core.ApplicationFilterChain.doFilter(ApplicationFilterChain.java:166)
	at org.springframework.web.filter.CharacterEncodingFilter.doFilterInternal(CharacterEncodingFilter.java:201)
	at org.springframework.web.filter.OncePerRequestFilter.doFilter(OncePerRequestFilter.java:119)
	at org.apache.catalina.core.ApplicationFilterChain.internalDoFilter(ApplicationFilterChain.java:193)
	at org.apache.catalina.core.ApplicationFilterChain.doFilter(ApplicationFilterChain.java:166)
	at org.apache.catalina.core.StandardWrapperValve.invoke(StandardWrapperValve.java:202)
	at org.apache.catalina.core.StandardContextValve.invoke(StandardContextValve.java:96)
	at org.apache.catalina.authenticator.AuthenticatorBase.invoke(AuthenticatorBase.java:541)
	at org.apache.catalina.core.StandardHostValve.invoke(StandardHostValve.java:139)
	at org.apache.catalina.valves.ErrorReportValve.invoke(ErrorReportValve.java:92)
	at org.apache.catalina.core.StandardEngineValve.invoke(StandardEngineValve.java:74)
	at org.apache.catalina.connector.CoyoteAdapter.service(CoyoteAdapter.java:343)
	at org.apache.coyote.http11.Http11Processor.service(Http11Processor.java:373)
	at org.apache.coyote.AbstractProcessorLight.process(AbstractProcessorLight.java:65)
	at org.apache.coyote.AbstractProtocol$ConnectionHandler.process(AbstractProtocol.java:868)
	at org.apache.tomcat.util.net.NioEndpoint$SocketProcessor.doRun(NioEndpoint.java:1594)
	at org.apache.tomcat.util.net.SocketProcessorBase.run(SocketProcessorBase.java:49)
	at java.base/java.util.concurrent.ThreadPoolExecutor.runWorker(ThreadPoolExecutor.java:1128)
	at java.base/java.util.concurrent.ThreadPoolExecutor$Worker.run(ThreadPoolExecutor.java:628)
	at org.apache.tomcat.util.threads.TaskThread$WrappingRunnable.run(TaskThread.java:61)
	at java.base/java.lang.Thread.run(Thread.java:834)
2020-05-26 14:58:50,535 INFO com.surshree.app.services.CustomUserDetailsService [http-nio-8080-exec-8] Granted Authorities --> ROLE_CONT
2020-05-26 14:58:50,536 INFO com.surshree.app.services.CustomUserDetailsService [http-nio-8080-exec-8] Granted Authorities --> ROLE_ADMN
2020-05-26 14:58:50,553 INFO com.surshree.app.services.CustomUserDetailsService [http-nio-8080-exec-8] Granted Authorities --> FUNC_CONT_MENU
2020-05-26 14:58:50,554 INFO com.surshree.app.services.CustomUserDetailsService [http-nio-8080-exec-8] Granted Authorities --> FUNC_CONT_MENU
2020-05-26 14:58:50,556 INFO com.surshree.app.services.CustomUserDetailsService [http-nio-8080-exec-8] Granted Authorities --> FUNC_VIEW_ADMIN_MENU
2020-05-26 14:58:50,559 WARN org.springframework.security.oauth2.provider.endpoint.TokenEndpoint [http-nio-8080-exec-8] Handling error: InvalidGrantException, Invalid Username and/or Password.
2020-05-26 15:00:36,648 WARN com.zaxxer.hikari.pool.HikariPool$HouseKeeper [HikariPool-1 housekeeper] HikariPool-1 - Thread starvation or clock leap detected (housekeeper delta=2m12s920ms).
2020-05-26 15:01:07,181 WARN org.springframework.web.servlet.mvc.method.annotation.ExceptionHandlerExceptionResolver [http-nio-8080-exec-8] Failure in @ExceptionHandler org.springframework.security.oauth2.provider.endpoint.TokenEndpoint#handleException(OAuth2Exception)
org.springframework.web.HttpMediaTypeNotAcceptableException: Could not find acceptable representation
	at org.springframework.web.servlet.mvc.method.annotation.AbstractMessageConverterMethodProcessor.writeWithMessageConverters(AbstractMessageConverterMethodProcessor.java:243)
	at org.springframework.web.servlet.mvc.method.annotation.HttpEntityMethodProcessor.handleReturnValue(HttpEntityMethodProcessor.java:219)
	at org.springframework.web.method.support.HandlerMethodReturnValueHandlerComposite.handleReturnValue(HandlerMethodReturnValueHandlerComposite.java:82)
	at org.springframework.web.servlet.mvc.method.annotation.ServletInvocableHandlerMethod.invokeAndHandle(ServletInvocableHandlerMethod.java:123)
	at org.springframework.web.servlet.mvc.method.annotation.ExceptionHandlerExceptionResolver.doResolveHandlerMethodException(ExceptionHandlerExceptionResolver.java:407)
	at org.springframework.web.servlet.handler.AbstractHandlerMethodExceptionResolver.doResolveException(AbstractHandlerMethodExceptionResolver.java:61)
	at org.springframework.web.servlet.handler.AbstractHandlerExceptionResolver.resolveException(AbstractHandlerExceptionResolver.java:141)
	at org.springframework.web.servlet.handler.HandlerExceptionResolverComposite.resolveException(HandlerExceptionResolverComposite.java:80)
	at org.springframework.web.servlet.DispatcherServlet.processHandlerException(DispatcherServlet.java:1300)
	at org.springframework.web.servlet.DispatcherServlet.processDispatchResult(DispatcherServlet.java:1111)
	at org.springframework.web.servlet.DispatcherServlet.doDispatch(DispatcherServlet.java:1057)
	at org.springframework.web.servlet.DispatcherServlet.doService(DispatcherServlet.java:943)
	at org.springframework.web.servlet.FrameworkServlet.processRequest(FrameworkServlet.java:1006)
	at org.springframework.web.servlet.FrameworkServlet.doPost(FrameworkServlet.java:909)
	at javax.servlet.http.HttpServlet.service(HttpServlet.java:660)
	at org.springframework.web.servlet.FrameworkServlet.service(FrameworkServlet.java:883)
	at javax.servlet.http.HttpServlet.service(HttpServlet.java:741)
	at org.apache.catalina.core.ApplicationFilterChain.internalDoFilter(ApplicationFilterChain.java:231)
	at org.apache.catalina.core.ApplicationFilterChain.doFilter(ApplicationFilterChain.java:166)
	at org.apache.tomcat.websocket.server.WsFilter.doFilter(WsFilter.java:53)
	at org.apache.catalina.core.ApplicationFilterChain.internalDoFilter(ApplicationFilterChain.java:193)
	at org.apache.catalina.core.ApplicationFilterChain.doFilter(ApplicationFilterChain.java:166)
	at org.springframework.security.web.FilterChainProxy$VirtualFilterChain.doFilter(FilterChainProxy.java:320)
	at org.springframework.security.web.access.intercept.FilterSecurityInterceptor.invoke(FilterSecurityInterceptor.java:126)
	at org.springframework.security.web.access.intercept.FilterSecurityInterceptor.doFilter(FilterSecurityInterceptor.java:90)
	at org.springframework.security.web.FilterChainProxy$VirtualFilterChain.doFilter(FilterChainProxy.java:334)
	at org.springframework.security.web.access.ExceptionTranslationFilter.doFilter(ExceptionTranslationFilter.java:118)
	at org.springframework.security.web.FilterChainProxy$VirtualFilterChain.doFilter(FilterChainProxy.java:334)
	at org.springframework.security.web.session.SessionManagementFilter.doFilter(SessionManagementFilter.java:137)
	at org.springframework.security.web.FilterChainProxy$VirtualFilterChain.doFilter(FilterChainProxy.java:334)
	at org.springframework.security.web.authentication.AnonymousAuthenticationFilter.doFilter(AnonymousAuthenticationFilter.java:111)
	at org.springframework.security.web.FilterChainProxy$VirtualFilterChain.doFilter(FilterChainProxy.java:334)
	at org.springframework.security.web.servletapi.SecurityContextHolderAwareRequestFilter.doFilter(SecurityContextHolderAwareRequestFilter.java:158)
	at org.springframework.security.web.FilterChainProxy$VirtualFilterChain.doFilter(FilterChainProxy.java:334)
	at org.springframework.security.web.savedrequest.RequestCacheAwareFilter.doFilter(RequestCacheAwareFilter.java:63)
	at org.springframework.security.web.FilterChainProxy$VirtualFilterChain.doFilter(FilterChainProxy.java:334)
	at org.springframework.security.web.authentication.www.BasicAuthenticationFilter.doFilterInternal(BasicAuthenticationFilter.java:204)
	at org.springframework.web.filter.OncePerRequestFilter.doFilter(OncePerRequestFilter.java:119)
	at org.springframework.security.web.FilterChainProxy$VirtualFilterChain.doFilter(FilterChainProxy.java:334)
	at org.springframework.web.filter.CorsFilter.doFilterInternal(CorsFilter.java:92)
	at org.springframework.web.filter.OncePerRequestFilter.doFilter(OncePerRequestFilter.java:119)
	at org.springframework.security.web.FilterChainProxy$VirtualFilterChain.doFilter(FilterChainProxy.java:334)
	at org.springframework.security.web.authentication.logout.LogoutFilter.doFilter(LogoutFilter.java:116)
	at org.springframework.security.web.FilterChainProxy$VirtualFilterChain.doFilter(FilterChainProxy.java:334)
	at org.springframework.security.web.header.HeaderWriterFilter.doHeadersAfter(HeaderWriterFilter.java:92)
	at org.springframework.security.web.header.HeaderWriterFilter.doFilterInternal(HeaderWriterFilter.java:77)
	at org.springframework.web.filter.OncePerRequestFilter.doFilter(OncePerRequestFilter.java:119)
	at org.springframework.security.web.FilterChainProxy$VirtualFilterChain.doFilter(FilterChainProxy.java:334)
	at org.springframework.security.web.context.SecurityContextPersistenceFilter.doFilter(SecurityContextPersistenceFilter.java:105)
	at org.springframework.security.web.FilterChainProxy$VirtualFilterChain.doFilter(FilterChainProxy.java:334)
	at org.springframework.security.web.context.request.async.WebAsyncManagerIntegrationFilter.doFilterInternal(WebAsyncManagerIntegrationFilter.java:56)
	at org.springframework.web.filter.OncePerRequestFilter.doFilter(OncePerRequestFilter.java:119)
	at org.springframework.security.web.FilterChainProxy$VirtualFilterChain.doFilter(FilterChainProxy.java:334)
	at org.springframework.security.web.FilterChainProxy.doFilterInternal(FilterChainProxy.java:215)
	at org.springframework.security.web.FilterChainProxy.doFilter(FilterChainProxy.java:178)
	at org.springframework.web.filter.DelegatingFilterProxy.invokeDelegate(DelegatingFilterProxy.java:358)
	at org.springframework.web.filter.DelegatingFilterProxy.doFilter(DelegatingFilterProxy.java:271)
	at org.apache.catalina.core.ApplicationFilterChain.internalDoFilter(ApplicationFilterChain.java:193)
	at org.apache.catalina.core.ApplicationFilterChain.doFilter(ApplicationFilterChain.java:166)
	at org.springframework.web.filter.RequestContextFilter.doFilterInternal(RequestContextFilter.java:100)
	at org.springframework.web.filter.OncePerRequestFilter.doFilter(OncePerRequestFilter.java:119)
	at org.apache.catalina.core.ApplicationFilterChain.internalDoFilter(ApplicationFilterChain.java:193)
	at org.apache.catalina.core.ApplicationFilterChain.doFilter(ApplicationFilterChain.java:166)
	at org.springframework.web.filter.FormContentFilter.doFilterInternal(FormContentFilter.java:93)
	at org.springframework.web.filter.OncePerRequestFilter.doFilter(OncePerRequestFilter.java:119)
	at org.apache.catalina.core.ApplicationFilterChain.internalDoFilter(ApplicationFilterChain.java:193)
	at org.apache.catalina.core.ApplicationFilterChain.doFilter(ApplicationFilterChain.java:166)
	at org.springframework.boot.actuate.metrics.web.servlet.WebMvcMetricsFilter.doFilterInternal(WebMvcMetricsFilter.java:109)
	at org.springframework.web.filter.OncePerRequestFilter.doFilter(OncePerRequestFilter.java:119)
	at org.apache.catalina.core.ApplicationFilterChain.internalDoFilter(ApplicationFilterChain.java:193)
	at org.apache.catalina.core.ApplicationFilterChain.doFilter(ApplicationFilterChain.java:166)
	at org.springframework.web.filter.CharacterEncodingFilter.doFilterInternal(CharacterEncodingFilter.java:201)
	at org.springframework.web.filter.OncePerRequestFilter.doFilter(OncePerRequestFilter.java:119)
	at org.apache.catalina.core.ApplicationFilterChain.internalDoFilter(ApplicationFilterChain.java:193)
	at org.apache.catalina.core.ApplicationFilterChain.doFilter(ApplicationFilterChain.java:166)
	at org.apache.catalina.core.StandardWrapperValve.invoke(StandardWrapperValve.java:202)
	at org.apache.catalina.core.StandardContextValve.invoke(StandardContextValve.java:96)
	at org.apache.catalina.authenticator.AuthenticatorBase.invoke(AuthenticatorBase.java:541)
	at org.apache.catalina.core.StandardHostValve.invoke(StandardHostValve.java:139)
	at org.apache.catalina.valves.ErrorReportValve.invoke(ErrorReportValve.java:92)
	at org.apache.catalina.core.StandardEngineValve.invoke(StandardEngineValve.java:74)
	at org.apache.catalina.connector.CoyoteAdapter.service(CoyoteAdapter.java:343)
	at org.apache.coyote.http11.Http11Processor.service(Http11Processor.java:373)
	at org.apache.coyote.AbstractProcessorLight.process(AbstractProcessorLight.java:65)
	at org.apache.coyote.AbstractProtocol$ConnectionHandler.process(AbstractProtocol.java:868)
	at org.apache.tomcat.util.net.NioEndpoint$SocketProcessor.doRun(NioEndpoint.java:1594)
	at org.apache.tomcat.util.net.SocketProcessorBase.run(SocketProcessorBase.java:49)
	at java.base/java.util.concurrent.ThreadPoolExecutor.runWorker(ThreadPoolExecutor.java:1128)
	at java.base/java.util.concurrent.ThreadPoolExecutor$Worker.run(ThreadPoolExecutor.java:628)
	at org.apache.tomcat.util.threads.TaskThread$WrappingRunnable.run(TaskThread.java:61)
	at java.base/java.lang.Thread.run(Thread.java:834)
2020-05-26 15:01:07,196 ERROR org.apache.juli.logging.DirectJDKLog [http-nio-8080-exec-8] Servlet.service() for servlet [dispatcherServlet] in context with path [] threw exception [Request processing failed; nested exception is error="invalid_grant", error_description="Invalid Username and/or Password."] with root cause
org.springframework.security.oauth2.common.exceptions.InvalidGrantException: Invalid Username and/or Password.
	at org.springframework.security.oauth2.provider.password.ResourceOwnerPasswordTokenGranter.getOAuth2Authentication(ResourceOwnerPasswordTokenGranter.java:79)
	at org.springframework.security.oauth2.provider.token.AbstractTokenGranter.getAccessToken(AbstractTokenGranter.java:72)
	at org.springframework.security.oauth2.provider.token.AbstractTokenGranter.grant(AbstractTokenGranter.java:67)
	at org.springframework.security.oauth2.provider.CompositeTokenGranter.grant(CompositeTokenGranter.java:38)
	at org.springframework.security.oauth2.config.annotation.web.configurers.AuthorizationServerEndpointsConfigurer$4.grant(AuthorizationServerEndpointsConfigurer.java:583)
	at org.springframework.security.oauth2.provider.endpoint.TokenEndpoint.postAccessToken(TokenEndpoint.java:132)
	at java.base/jdk.internal.reflect.NativeMethodAccessorImpl.invoke0(Native Method)
	at java.base/jdk.internal.reflect.NativeMethodAccessorImpl.invoke(NativeMethodAccessorImpl.java:62)
	at java.base/jdk.internal.reflect.DelegatingMethodAccessorImpl.invoke(DelegatingMethodAccessorImpl.java:43)
	at java.base/java.lang.reflect.Method.invoke(Method.java:566)
	at org.springframework.web.method.support.InvocableHandlerMethod.doInvoke(InvocableHandlerMethod.java:190)
	at org.springframework.web.method.support.InvocableHandlerMethod.invokeForRequest(InvocableHandlerMethod.java:138)
	at org.springframework.web.servlet.mvc.method.annotation.ServletInvocableHandlerMethod.invokeAndHandle(ServletInvocableHandlerMethod.java:105)
	at org.springframework.web.servlet.mvc.method.annotation.RequestMappingHandlerAdapter.invokeHandlerMethod(RequestMappingHandlerAdapter.java:879)
	at org.springframework.web.servlet.mvc.method.annotation.RequestMappingHandlerAdapter.handleInternal(RequestMappingHandlerAdapter.java:793)
	at org.springframework.web.servlet.mvc.method.AbstractHandlerMethodAdapter.handle(AbstractHandlerMethodAdapter.java:87)
	at org.springframework.web.servlet.DispatcherServlet.doDispatch(DispatcherServlet.java:1040)
	at org.springframework.web.servlet.DispatcherServlet.doService(DispatcherServlet.java:943)
	at org.springframework.web.servlet.FrameworkServlet.processRequest(FrameworkServlet.java:1006)
	at org.springframework.web.servlet.FrameworkServlet.doPost(FrameworkServlet.java:909)
	at javax.servlet.http.HttpServlet.service(HttpServlet.java:660)
	at org.springframework.web.servlet.FrameworkServlet.service(FrameworkServlet.java:883)
	at javax.servlet.http.HttpServlet.service(HttpServlet.java:741)
	at org.apache.catalina.core.ApplicationFilterChain.internalDoFilter(ApplicationFilterChain.java:231)
	at org.apache.catalina.core.ApplicationFilterChain.doFilter(ApplicationFilterChain.java:166)
	at org.apache.tomcat.websocket.server.WsFilter.doFilter(WsFilter.java:53)
	at org.apache.catalina.core.ApplicationFilterChain.internalDoFilter(ApplicationFilterChain.java:193)
	at org.apache.catalina.core.ApplicationFilterChain.doFilter(ApplicationFilterChain.java:166)
	at org.springframework.security.web.FilterChainProxy$VirtualFilterChain.doFilter(FilterChainProxy.java:320)
	at org.springframework.security.web.access.intercept.FilterSecurityInterceptor.invoke(FilterSecurityInterceptor.java:126)
	at org.springframework.security.web.access.intercept.FilterSecurityInterceptor.doFilter(FilterSecurityInterceptor.java:90)
	at org.springframework.security.web.FilterChainProxy$VirtualFilterChain.doFilter(FilterChainProxy.java:334)
	at org.springframework.security.web.access.ExceptionTranslationFilter.doFilter(ExceptionTranslationFilter.java:118)
	at org.springframework.security.web.FilterChainProxy$VirtualFilterChain.doFilter(FilterChainProxy.java:334)
	at org.springframework.security.web.session.SessionManagementFilter.doFilter(SessionManagementFilter.java:137)
	at org.springframework.security.web.FilterChainProxy$VirtualFilterChain.doFilter(FilterChainProxy.java:334)
	at org.springframework.security.web.authentication.AnonymousAuthenticationFilter.doFilter(AnonymousAuthenticationFilter.java:111)
	at org.springframework.security.web.FilterChainProxy$VirtualFilterChain.doFilter(FilterChainProxy.java:334)
	at org.springframework.security.web.servletapi.SecurityContextHolderAwareRequestFilter.doFilter(SecurityContextHolderAwareRequestFilter.java:158)
	at org.springframework.security.web.FilterChainProxy$VirtualFilterChain.doFilter(FilterChainProxy.java:334)
	at org.springframework.security.web.savedrequest.RequestCacheAwareFilter.doFilter(RequestCacheAwareFilter.java:63)
	at org.springframework.security.web.FilterChainProxy$VirtualFilterChain.doFilter(FilterChainProxy.java:334)
	at org.springframework.security.web.authentication.www.BasicAuthenticationFilter.doFilterInternal(BasicAuthenticationFilter.java:204)
	at org.springframework.web.filter.OncePerRequestFilter.doFilter(OncePerRequestFilter.java:119)
	at org.springframework.security.web.FilterChainProxy$VirtualFilterChain.doFilter(FilterChainProxy.java:334)
	at org.springframework.web.filter.CorsFilter.doFilterInternal(CorsFilter.java:92)
	at org.springframework.web.filter.OncePerRequestFilter.doFilter(OncePerRequestFilter.java:119)
	at org.springframework.security.web.FilterChainProxy$VirtualFilterChain.doFilter(FilterChainProxy.java:334)
	at org.springframework.security.web.authentication.logout.LogoutFilter.doFilter(LogoutFilter.java:116)
	at org.springframework.security.web.FilterChainProxy$VirtualFilterChain.doFilter(FilterChainProxy.java:334)
	at org.springframework.security.web.header.HeaderWriterFilter.doHeadersAfter(HeaderWriterFilter.java:92)
	at org.springframework.security.web.header.HeaderWriterFilter.doFilterInternal(HeaderWriterFilter.java:77)
	at org.springframework.web.filter.OncePerRequestFilter.doFilter(OncePerRequestFilter.java:119)
	at org.springframework.security.web.FilterChainProxy$VirtualFilterChain.doFilter(FilterChainProxy.java:334)
	at org.springframework.security.web.context.SecurityContextPersistenceFilter.doFilter(SecurityContextPersistenceFilter.java:105)
	at org.springframework.security.web.FilterChainProxy$VirtualFilterChain.doFilter(FilterChainProxy.java:334)
	at org.springframework.security.web.context.request.async.WebAsyncManagerIntegrationFilter.doFilterInternal(WebAsyncManagerIntegrationFilter.java:56)
	at org.springframework.web.filter.OncePerRequestFilter.doFilter(OncePerRequestFilter.java:119)
	at org.springframework.security.web.FilterChainProxy$VirtualFilterChain.doFilter(FilterChainProxy.java:334)
	at org.springframework.security.web.FilterChainProxy.doFilterInternal(FilterChainProxy.java:215)
	at org.springframework.security.web.FilterChainProxy.doFilter(FilterChainProxy.java:178)
	at org.springframework.web.filter.DelegatingFilterProxy.invokeDelegate(DelegatingFilterProxy.java:358)
	at org.springframework.web.filter.DelegatingFilterProxy.doFilter(DelegatingFilterProxy.java:271)
	at org.apache.catalina.core.ApplicationFilterChain.internalDoFilter(ApplicationFilterChain.java:193)
	at org.apache.catalina.core.ApplicationFilterChain.doFilter(ApplicationFilterChain.java:166)
	at org.springframework.web.filter.RequestContextFilter.doFilterInternal(RequestContextFilter.java:100)
	at org.springframework.web.filter.OncePerRequestFilter.doFilter(OncePerRequestFilter.java:119)
	at org.apache.catalina.core.ApplicationFilterChain.internalDoFilter(ApplicationFilterChain.java:193)
	at org.apache.catalina.core.ApplicationFilterChain.doFilter(ApplicationFilterChain.java:166)
	at org.springframework.web.filter.FormContentFilter.doFilterInternal(FormContentFilter.java:93)
	at org.springframework.web.filter.OncePerRequestFilter.doFilter(OncePerRequestFilter.java:119)
	at org.apache.catalina.core.ApplicationFilterChain.internalDoFilter(ApplicationFilterChain.java:193)
	at org.apache.catalina.core.ApplicationFilterChain.doFilter(ApplicationFilterChain.java:166)
	at org.springframework.boot.actuate.metrics.web.servlet.WebMvcMetricsFilter.doFilterInternal(WebMvcMetricsFilter.java:109)
	at org.springframework.web.filter.OncePerRequestFilter.doFilter(OncePerRequestFilter.java:119)
	at org.apache.catalina.core.ApplicationFilterChain.internalDoFilter(ApplicationFilterChain.java:193)
	at org.apache.catalina.core.ApplicationFilterChain.doFilter(ApplicationFilterChain.java:166)
	at org.springframework.web.filter.CharacterEncodingFilter.doFilterInternal(CharacterEncodingFilter.java:201)
	at org.springframework.web.filter.OncePerRequestFilter.doFilter(OncePerRequestFilter.java:119)
	at org.apache.catalina.core.ApplicationFilterChain.internalDoFilter(ApplicationFilterChain.java:193)
	at org.apache.catalina.core.ApplicationFilterChain.doFilter(ApplicationFilterChain.java:166)
	at org.apache.catalina.core.StandardWrapperValve.invoke(StandardWrapperValve.java:202)
	at org.apache.catalina.core.StandardContextValve.invoke(StandardContextValve.java:96)
	at org.apache.catalina.authenticator.AuthenticatorBase.invoke(AuthenticatorBase.java:541)
	at org.apache.catalina.core.StandardHostValve.invoke(StandardHostValve.java:139)
	at org.apache.catalina.valves.ErrorReportValve.invoke(ErrorReportValve.java:92)
	at org.apache.catalina.core.StandardEngineValve.invoke(StandardEngineValve.java:74)
	at org.apache.catalina.connector.CoyoteAdapter.service(CoyoteAdapter.java:343)
	at org.apache.coyote.http11.Http11Processor.service(Http11Processor.java:373)
	at org.apache.coyote.AbstractProcessorLight.process(AbstractProcessorLight.java:65)
	at org.apache.coyote.AbstractProtocol$ConnectionHandler.process(AbstractProtocol.java:868)
	at org.apache.tomcat.util.net.NioEndpoint$SocketProcessor.doRun(NioEndpoint.java:1594)
	at org.apache.tomcat.util.net.SocketProcessorBase.run(SocketProcessorBase.java:49)
	at java.base/java.util.concurrent.ThreadPoolExecutor.runWorker(ThreadPoolExecutor.java:1128)
	at java.base/java.util.concurrent.ThreadPoolExecutor$Worker.run(ThreadPoolExecutor.java:628)
	at org.apache.tomcat.util.threads.TaskThread$WrappingRunnable.run(TaskThread.java:61)
	at java.base/java.lang.Thread.run(Thread.java:834)
2020-05-26 15:03:05,740 WARN org.springframework.security.oauth2.provider.endpoint.TokenEndpoint [http-nio-8080-exec-10] Handling error: UsernameNotFoundException, User details not found for user --> 1234567890-76ce-4647-8895-882678c90d56
2020-05-26 15:03:44,483 INFO com.surshree.app.services.CustomUserDetailsService [http-nio-8080-exec-1] Granted Authorities --> ROLE_CONT
2020-05-26 15:03:44,508 INFO com.surshree.app.services.CustomUserDetailsService [http-nio-8080-exec-1] Granted Authorities --> ROLE_ADMN
2020-05-26 15:03:44,508 INFO com.surshree.app.services.CustomUserDetailsService [http-nio-8080-exec-1] Granted Authorities --> FUNC_CONT_MENU
2020-05-26 15:03:44,509 INFO com.surshree.app.services.CustomUserDetailsService [http-nio-8080-exec-1] Granted Authorities --> FUNC_CONT_MENU
2020-05-26 15:03:44,509 INFO com.surshree.app.services.CustomUserDetailsService [http-nio-8080-exec-1] Granted Authorities --> FUNC_VIEW_ADMIN_MENU
2020-05-26 15:03:44,511 WARN org.springframework.security.oauth2.provider.endpoint.TokenEndpoint [http-nio-8080-exec-1] Handling error: InvalidGrantException, Invalid Username and/or Password.
2020-05-26 15:04:15,996 INFO com.surshree.app.services.CustomUserDetailsService [http-nio-8080-exec-2] Granted Authorities --> ROLE_CONT
2020-05-26 15:04:15,997 INFO com.surshree.app.services.CustomUserDetailsService [http-nio-8080-exec-2] Granted Authorities --> ROLE_ADMN
2020-05-26 15:04:15,998 INFO com.surshree.app.services.CustomUserDetailsService [http-nio-8080-exec-2] Granted Authorities --> FUNC_CONT_MENU
2020-05-26 15:04:15,998 INFO com.surshree.app.services.CustomUserDetailsService [http-nio-8080-exec-2] Granted Authorities --> FUNC_CONT_MENU
2020-05-26 15:04:15,998 INFO com.surshree.app.services.CustomUserDetailsService [http-nio-8080-exec-2] Granted Authorities --> FUNC_VIEW_ADMIN_MENU
2020-05-26 15:04:15,999 WARN org.springframework.security.oauth2.provider.endpoint.TokenEndpoint [http-nio-8080-exec-2] Handling error: InvalidGrantException, Invalid Username and/or Password.
2020-05-26 15:04:42,368 INFO com.surshree.app.services.CustomUserDetailsService [http-nio-8080-exec-3] Granted Authorities --> ROLE_CONT
2020-05-26 15:04:42,369 INFO com.surshree.app.services.CustomUserDetailsService [http-nio-8080-exec-3] Granted Authorities --> ROLE_ADMN
2020-05-26 15:04:42,370 INFO com.surshree.app.services.CustomUserDetailsService [http-nio-8080-exec-3] Granted Authorities --> FUNC_CONT_MENU
2020-05-26 15:04:42,372 INFO com.surshree.app.services.CustomUserDetailsService [http-nio-8080-exec-3] Granted Authorities --> FUNC_CONT_MENU
2020-05-26 15:04:42,372 INFO com.surshree.app.services.CustomUserDetailsService [http-nio-8080-exec-3] Granted Authorities --> FUNC_VIEW_ADMIN_MENU
2020-05-26 15:04:42,374 WARN org.springframework.security.oauth2.provider.endpoint.TokenEndpoint [http-nio-8080-exec-3] Handling error: InvalidGrantException, Invalid Username and/or Password.
2020-05-26 15:04:45,212 WARN org.springframework.web.servlet.mvc.method.annotation.ExceptionHandlerExceptionResolver [http-nio-8080-exec-3] Failure in @ExceptionHandler org.springframework.security.oauth2.provider.endpoint.TokenEndpoint#handleException(OAuth2Exception)
org.springframework.web.HttpMediaTypeNotAcceptableException: Could not find acceptable representation
	at org.springframework.web.servlet.mvc.method.annotation.AbstractMessageConverterMethodProcessor.writeWithMessageConverters(AbstractMessageConverterMethodProcessor.java:243)
	at org.springframework.web.servlet.mvc.method.annotation.HttpEntityMethodProcessor.handleReturnValue(HttpEntityMethodProcessor.java:219)
	at org.springframework.web.method.support.HandlerMethodReturnValueHandlerComposite.handleReturnValue(HandlerMethodReturnValueHandlerComposite.java:82)
	at org.springframework.web.servlet.mvc.method.annotation.ServletInvocableHandlerMethod.invokeAndHandle(ServletInvocableHandlerMethod.java:123)
	at org.springframework.web.servlet.mvc.method.annotation.ExceptionHandlerExceptionResolver.doResolveHandlerMethodException(ExceptionHandlerExceptionResolver.java:407)
	at org.springframework.web.servlet.handler.AbstractHandlerMethodExceptionResolver.doResolveException(AbstractHandlerMethodExceptionResolver.java:61)
	at org.springframework.web.servlet.handler.AbstractHandlerExceptionResolver.resolveException(AbstractHandlerExceptionResolver.java:141)
	at org.springframework.web.servlet.handler.HandlerExceptionResolverComposite.resolveException(HandlerExceptionResolverComposite.java:80)
	at org.springframework.web.servlet.DispatcherServlet.processHandlerException(DispatcherServlet.java:1300)
	at org.springframework.web.servlet.DispatcherServlet.processDispatchResult(DispatcherServlet.java:1111)
	at org.springframework.web.servlet.DispatcherServlet.doDispatch(DispatcherServlet.java:1057)
	at org.springframework.web.servlet.DispatcherServlet.doService(DispatcherServlet.java:943)
	at org.springframework.web.servlet.FrameworkServlet.processRequest(FrameworkServlet.java:1006)
	at org.springframework.web.servlet.FrameworkServlet.doPost(FrameworkServlet.java:909)
	at javax.servlet.http.HttpServlet.service(HttpServlet.java:660)
	at org.springframework.web.servlet.FrameworkServlet.service(FrameworkServlet.java:883)
	at javax.servlet.http.HttpServlet.service(HttpServlet.java:741)
	at org.apache.catalina.core.ApplicationFilterChain.internalDoFilter(ApplicationFilterChain.java:231)
	at org.apache.catalina.core.ApplicationFilterChain.doFilter(ApplicationFilterChain.java:166)
	at org.apache.tomcat.websocket.server.WsFilter.doFilter(WsFilter.java:53)
	at org.apache.catalina.core.ApplicationFilterChain.internalDoFilter(ApplicationFilterChain.java:193)
	at org.apache.catalina.core.ApplicationFilterChain.doFilter(ApplicationFilterChain.java:166)
	at org.springframework.security.web.FilterChainProxy$VirtualFilterChain.doFilter(FilterChainProxy.java:320)
	at org.springframework.security.web.access.intercept.FilterSecurityInterceptor.invoke(FilterSecurityInterceptor.java:126)
	at org.springframework.security.web.access.intercept.FilterSecurityInterceptor.doFilter(FilterSecurityInterceptor.java:90)
	at org.springframework.security.web.FilterChainProxy$VirtualFilterChain.doFilter(FilterChainProxy.java:334)
	at org.springframework.security.web.access.ExceptionTranslationFilter.doFilter(ExceptionTranslationFilter.java:118)
	at org.springframework.security.web.FilterChainProxy$VirtualFilterChain.doFilter(FilterChainProxy.java:334)
	at org.springframework.security.web.session.SessionManagementFilter.doFilter(SessionManagementFilter.java:137)
	at org.springframework.security.web.FilterChainProxy$VirtualFilterChain.doFilter(FilterChainProxy.java:334)
	at org.springframework.security.web.authentication.AnonymousAuthenticationFilter.doFilter(AnonymousAuthenticationFilter.java:111)
	at org.springframework.security.web.FilterChainProxy$VirtualFilterChain.doFilter(FilterChainProxy.java:334)
	at org.springframework.security.web.servletapi.SecurityContextHolderAwareRequestFilter.doFilter(SecurityContextHolderAwareRequestFilter.java:158)
	at org.springframework.security.web.FilterChainProxy$VirtualFilterChain.doFilter(FilterChainProxy.java:334)
	at org.springframework.security.web.savedrequest.RequestCacheAwareFilter.doFilter(RequestCacheAwareFilter.java:63)
	at org.springframework.security.web.FilterChainProxy$VirtualFilterChain.doFilter(FilterChainProxy.java:334)
	at org.springframework.security.web.authentication.www.BasicAuthenticationFilter.doFilterInternal(BasicAuthenticationFilter.java:204)
	at org.springframework.web.filter.OncePerRequestFilter.doFilter(OncePerRequestFilter.java:119)
	at org.springframework.security.web.FilterChainProxy$VirtualFilterChain.doFilter(FilterChainProxy.java:334)
	at org.springframework.web.filter.CorsFilter.doFilterInternal(CorsFilter.java:92)
	at org.springframework.web.filter.OncePerRequestFilter.doFilter(OncePerRequestFilter.java:119)
	at org.springframework.security.web.FilterChainProxy$VirtualFilterChain.doFilter(FilterChainProxy.java:334)
	at org.springframework.security.web.authentication.logout.LogoutFilter.doFilter(LogoutFilter.java:116)
	at org.springframework.security.web.FilterChainProxy$VirtualFilterChain.doFilter(FilterChainProxy.java:334)
	at org.springframework.security.web.header.HeaderWriterFilter.doHeadersAfter(HeaderWriterFilter.java:92)
	at org.springframework.security.web.header.HeaderWriterFilter.doFilterInternal(HeaderWriterFilter.java:77)
	at org.springframework.web.filter.OncePerRequestFilter.doFilter(OncePerRequestFilter.java:119)
	at org.springframework.security.web.FilterChainProxy$VirtualFilterChain.doFilter(FilterChainProxy.java:334)
	at org.springframework.security.web.context.SecurityContextPersistenceFilter.doFilter(SecurityContextPersistenceFilter.java:105)
	at org.springframework.security.web.FilterChainProxy$VirtualFilterChain.doFilter(FilterChainProxy.java:334)
	at org.springframework.security.web.context.request.async.WebAsyncManagerIntegrationFilter.doFilterInternal(WebAsyncManagerIntegrationFilter.java:56)
	at org.springframework.web.filter.OncePerRequestFilter.doFilter(OncePerRequestFilter.java:119)
	at org.springframework.security.web.FilterChainProxy$VirtualFilterChain.doFilter(FilterChainProxy.java:334)
	at org.springframework.security.web.FilterChainProxy.doFilterInternal(FilterChainProxy.java:215)
	at org.springframework.security.web.FilterChainProxy.doFilter(FilterChainProxy.java:178)
	at org.springframework.web.filter.DelegatingFilterProxy.invokeDelegate(DelegatingFilterProxy.java:358)
	at org.springframework.web.filter.DelegatingFilterProxy.doFilter(DelegatingFilterProxy.java:271)
	at org.apache.catalina.core.ApplicationFilterChain.internalDoFilter(ApplicationFilterChain.java:193)
	at org.apache.catalina.core.ApplicationFilterChain.doFilter(ApplicationFilterChain.java:166)
	at org.springframework.web.filter.RequestContextFilter.doFilterInternal(RequestContextFilter.java:100)
	at org.springframework.web.filter.OncePerRequestFilter.doFilter(OncePerRequestFilter.java:119)
	at org.apache.catalina.core.ApplicationFilterChain.internalDoFilter(ApplicationFilterChain.java:193)
	at org.apache.catalina.core.ApplicationFilterChain.doFilter(ApplicationFilterChain.java:166)
	at org.springframework.web.filter.FormContentFilter.doFilterInternal(FormContentFilter.java:93)
	at org.springframework.web.filter.OncePerRequestFilter.doFilter(OncePerRequestFilter.java:119)
	at org.apache.catalina.core.ApplicationFilterChain.internalDoFilter(ApplicationFilterChain.java:193)
	at org.apache.catalina.core.ApplicationFilterChain.doFilter(ApplicationFilterChain.java:166)
	at org.springframework.boot.actuate.metrics.web.servlet.WebMvcMetricsFilter.doFilterInternal(WebMvcMetricsFilter.java:109)
	at org.springframework.web.filter.OncePerRequestFilter.doFilter(OncePerRequestFilter.java:119)
	at org.apache.catalina.core.ApplicationFilterChain.internalDoFilter(ApplicationFilterChain.java:193)
	at org.apache.catalina.core.ApplicationFilterChain.doFilter(ApplicationFilterChain.java:166)
	at org.springframework.web.filter.CharacterEncodingFilter.doFilterInternal(CharacterEncodingFilter.java:201)
	at org.springframework.web.filter.OncePerRequestFilter.doFilter(OncePerRequestFilter.java:119)
	at org.apache.catalina.core.ApplicationFilterChain.internalDoFilter(ApplicationFilterChain.java:193)
	at org.apache.catalina.core.ApplicationFilterChain.doFilter(ApplicationFilterChain.java:166)
	at org.apache.catalina.core.StandardWrapperValve.invoke(StandardWrapperValve.java:202)
	at org.apache.catalina.core.StandardContextValve.invoke(StandardContextValve.java:96)
	at org.apache.catalina.authenticator.AuthenticatorBase.invoke(AuthenticatorBase.java:541)
	at org.apache.catalina.core.StandardHostValve.invoke(StandardHostValve.java:139)
	at org.apache.catalina.valves.ErrorReportValve.invoke(ErrorReportValve.java:92)
	at org.apache.catalina.core.StandardEngineValve.invoke(StandardEngineValve.java:74)
	at org.apache.catalina.connector.CoyoteAdapter.service(CoyoteAdapter.java:343)
	at org.apache.coyote.http11.Http11Processor.service(Http11Processor.java:373)
	at org.apache.coyote.AbstractProcessorLight.process(AbstractProcessorLight.java:65)
	at org.apache.coyote.AbstractProtocol$ConnectionHandler.process(AbstractProtocol.java:868)
	at org.apache.tomcat.util.net.NioEndpoint$SocketProcessor.doRun(NioEndpoint.java:1594)
	at org.apache.tomcat.util.net.SocketProcessorBase.run(SocketProcessorBase.java:49)
	at java.base/java.util.concurrent.ThreadPoolExecutor.runWorker(ThreadPoolExecutor.java:1128)
	at java.base/java.util.concurrent.ThreadPoolExecutor$Worker.run(ThreadPoolExecutor.java:628)
	at org.apache.tomcat.util.threads.TaskThread$WrappingRunnable.run(TaskThread.java:61)
	at java.base/java.lang.Thread.run(Thread.java:834)
2020-05-26 15:04:45,228 ERROR org.apache.juli.logging.DirectJDKLog [http-nio-8080-exec-3] Servlet.service() for servlet [dispatcherServlet] in context with path [] threw exception [Request processing failed; nested exception is error="invalid_grant", error_description="Invalid Username and/or Password."] with root cause
org.springframework.security.oauth2.common.exceptions.InvalidGrantException: Invalid Username and/or Password.
	at org.springframework.security.oauth2.provider.password.ResourceOwnerPasswordTokenGranter.getOAuth2Authentication(ResourceOwnerPasswordTokenGranter.java:79)
	at org.springframework.security.oauth2.provider.token.AbstractTokenGranter.getAccessToken(AbstractTokenGranter.java:72)
	at org.springframework.security.oauth2.provider.token.AbstractTokenGranter.grant(AbstractTokenGranter.java:67)
	at org.springframework.security.oauth2.provider.CompositeTokenGranter.grant(CompositeTokenGranter.java:38)
	at org.springframework.security.oauth2.config.annotation.web.configurers.AuthorizationServerEndpointsConfigurer$4.grant(AuthorizationServerEndpointsConfigurer.java:583)
	at org.springframework.security.oauth2.provider.endpoint.TokenEndpoint.postAccessToken(TokenEndpoint.java:132)
	at java.base/jdk.internal.reflect.NativeMethodAccessorImpl.invoke0(Native Method)
	at java.base/jdk.internal.reflect.NativeMethodAccessorImpl.invoke(NativeMethodAccessorImpl.java:62)
	at java.base/jdk.internal.reflect.DelegatingMethodAccessorImpl.invoke(DelegatingMethodAccessorImpl.java:43)
	at java.base/java.lang.reflect.Method.invoke(Method.java:566)
	at org.springframework.web.method.support.InvocableHandlerMethod.doInvoke(InvocableHandlerMethod.java:190)
	at org.springframework.web.method.support.InvocableHandlerMethod.invokeForRequest(InvocableHandlerMethod.java:138)
	at org.springframework.web.servlet.mvc.method.annotation.ServletInvocableHandlerMethod.invokeAndHandle(ServletInvocableHandlerMethod.java:105)
	at org.springframework.web.servlet.mvc.method.annotation.RequestMappingHandlerAdapter.invokeHandlerMethod(RequestMappingHandlerAdapter.java:879)
	at org.springframework.web.servlet.mvc.method.annotation.RequestMappingHandlerAdapter.handleInternal(RequestMappingHandlerAdapter.java:793)
	at org.springframework.web.servlet.mvc.method.AbstractHandlerMethodAdapter.handle(AbstractHandlerMethodAdapter.java:87)
	at org.springframework.web.servlet.DispatcherServlet.doDispatch(DispatcherServlet.java:1040)
	at org.springframework.web.servlet.DispatcherServlet.doService(DispatcherServlet.java:943)
	at org.springframework.web.servlet.FrameworkServlet.processRequest(FrameworkServlet.java:1006)
	at org.springframework.web.servlet.FrameworkServlet.doPost(FrameworkServlet.java:909)
	at javax.servlet.http.HttpServlet.service(HttpServlet.java:660)
	at org.springframework.web.servlet.FrameworkServlet.service(FrameworkServlet.java:883)
	at javax.servlet.http.HttpServlet.service(HttpServlet.java:741)
	at org.apache.catalina.core.ApplicationFilterChain.internalDoFilter(ApplicationFilterChain.java:231)
	at org.apache.catalina.core.ApplicationFilterChain.doFilter(ApplicationFilterChain.java:166)
	at org.apache.tomcat.websocket.server.WsFilter.doFilter(WsFilter.java:53)
	at org.apache.catalina.core.ApplicationFilterChain.internalDoFilter(ApplicationFilterChain.java:193)
	at org.apache.catalina.core.ApplicationFilterChain.doFilter(ApplicationFilterChain.java:166)
	at org.springframework.security.web.FilterChainProxy$VirtualFilterChain.doFilter(FilterChainProxy.java:320)
	at org.springframework.security.web.access.intercept.FilterSecurityInterceptor.invoke(FilterSecurityInterceptor.java:126)
	at org.springframework.security.web.access.intercept.FilterSecurityInterceptor.doFilter(FilterSecurityInterceptor.java:90)
	at org.springframework.security.web.FilterChainProxy$VirtualFilterChain.doFilter(FilterChainProxy.java:334)
	at org.springframework.security.web.access.ExceptionTranslationFilter.doFilter(ExceptionTranslationFilter.java:118)
	at org.springframework.security.web.FilterChainProxy$VirtualFilterChain.doFilter(FilterChainProxy.java:334)
	at org.springframework.security.web.session.SessionManagementFilter.doFilter(SessionManagementFilter.java:137)
	at org.springframework.security.web.FilterChainProxy$VirtualFilterChain.doFilter(FilterChainProxy.java:334)
	at org.springframework.security.web.authentication.AnonymousAuthenticationFilter.doFilter(AnonymousAuthenticationFilter.java:111)
	at org.springframework.security.web.FilterChainProxy$VirtualFilterChain.doFilter(FilterChainProxy.java:334)
	at org.springframework.security.web.servletapi.SecurityContextHolderAwareRequestFilter.doFilter(SecurityContextHolderAwareRequestFilter.java:158)
	at org.springframework.security.web.FilterChainProxy$VirtualFilterChain.doFilter(FilterChainProxy.java:334)
	at org.springframework.security.web.savedrequest.RequestCacheAwareFilter.doFilter(RequestCacheAwareFilter.java:63)
	at org.springframework.security.web.FilterChainProxy$VirtualFilterChain.doFilter(FilterChainProxy.java:334)
	at org.springframework.security.web.authentication.www.BasicAuthenticationFilter.doFilterInternal(BasicAuthenticationFilter.java:204)
	at org.springframework.web.filter.OncePerRequestFilter.doFilter(OncePerRequestFilter.java:119)
	at org.springframework.security.web.FilterChainProxy$VirtualFilterChain.doFilter(FilterChainProxy.java:334)
	at org.springframework.web.filter.CorsFilter.doFilterInternal(CorsFilter.java:92)
	at org.springframework.web.filter.OncePerRequestFilter.doFilter(OncePerRequestFilter.java:119)
	at org.springframework.security.web.FilterChainProxy$VirtualFilterChain.doFilter(FilterChainProxy.java:334)
	at org.springframework.security.web.authentication.logout.LogoutFilter.doFilter(LogoutFilter.java:116)
	at org.springframework.security.web.FilterChainProxy$VirtualFilterChain.doFilter(FilterChainProxy.java:334)
	at org.springframework.security.web.header.HeaderWriterFilter.doHeadersAfter(HeaderWriterFilter.java:92)
	at org.springframework.security.web.header.HeaderWriterFilter.doFilterInternal(HeaderWriterFilter.java:77)
	at org.springframework.web.filter.OncePerRequestFilter.doFilter(OncePerRequestFilter.java:119)
	at org.springframework.security.web.FilterChainProxy$VirtualFilterChain.doFilter(FilterChainProxy.java:334)
	at org.springframework.security.web.context.SecurityContextPersistenceFilter.doFilter(SecurityContextPersistenceFilter.java:105)
	at org.springframework.security.web.FilterChainProxy$VirtualFilterChain.doFilter(FilterChainProxy.java:334)
	at org.springframework.security.web.context.request.async.WebAsyncManagerIntegrationFilter.doFilterInternal(WebAsyncManagerIntegrationFilter.java:56)
	at org.springframework.web.filter.OncePerRequestFilter.doFilter(OncePerRequestFilter.java:119)
	at org.springframework.security.web.FilterChainProxy$VirtualFilterChain.doFilter(FilterChainProxy.java:334)
	at org.springframework.security.web.FilterChainProxy.doFilterInternal(FilterChainProxy.java:215)
	at org.springframework.security.web.FilterChainProxy.doFilter(FilterChainProxy.java:178)
	at org.springframework.web.filter.DelegatingFilterProxy.invokeDelegate(DelegatingFilterProxy.java:358)
	at org.springframework.web.filter.DelegatingFilterProxy.doFilter(DelegatingFilterProxy.java:271)
	at org.apache.catalina.core.ApplicationFilterChain.internalDoFilter(ApplicationFilterChain.java:193)
	at org.apache.catalina.core.ApplicationFilterChain.doFilter(ApplicationFilterChain.java:166)
	at org.springframework.web.filter.RequestContextFilter.doFilterInternal(RequestContextFilter.java:100)
	at org.springframework.web.filter.OncePerRequestFilter.doFilter(OncePerRequestFilter.java:119)
	at org.apache.catalina.core.ApplicationFilterChain.internalDoFilter(ApplicationFilterChain.java:193)
	at org.apache.catalina.core.ApplicationFilterChain.doFilter(ApplicationFilterChain.java:166)
	at org.springframework.web.filter.FormContentFilter.doFilterInternal(FormContentFilter.java:93)
	at org.springframework.web.filter.OncePerRequestFilter.doFilter(OncePerRequestFilter.java:119)
	at org.apache.catalina.core.ApplicationFilterChain.internalDoFilter(ApplicationFilterChain.java:193)
	at org.apache.catalina.core.ApplicationFilterChain.doFilter(ApplicationFilterChain.java:166)
	at org.springframework.boot.actuate.metrics.web.servlet.WebMvcMetricsFilter.doFilterInternal(WebMvcMetricsFilter.java:109)
	at org.springframework.web.filter.OncePerRequestFilter.doFilter(OncePerRequestFilter.java:119)
	at org.apache.catalina.core.ApplicationFilterChain.internalDoFilter(ApplicationFilterChain.java:193)
	at org.apache.catalina.core.ApplicationFilterChain.doFilter(ApplicationFilterChain.java:166)
	at org.springframework.web.filter.CharacterEncodingFilter.doFilterInternal(CharacterEncodingFilter.java:201)
	at org.springframework.web.filter.OncePerRequestFilter.doFilter(OncePerRequestFilter.java:119)
	at org.apache.catalina.core.ApplicationFilterChain.internalDoFilter(ApplicationFilterChain.java:193)
	at org.apache.catalina.core.ApplicationFilterChain.doFilter(ApplicationFilterChain.java:166)
	at org.apache.catalina.core.StandardWrapperValve.invoke(StandardWrapperValve.java:202)
	at org.apache.catalina.core.StandardContextValve.invoke(StandardContextValve.java:96)
	at org.apache.catalina.authenticator.AuthenticatorBase.invoke(AuthenticatorBase.java:541)
	at org.apache.catalina.core.StandardHostValve.invoke(StandardHostValve.java:139)
	at org.apache.catalina.valves.ErrorReportValve.invoke(ErrorReportValve.java:92)
	at org.apache.catalina.core.StandardEngineValve.invoke(StandardEngineValve.java:74)
	at org.apache.catalina.connector.CoyoteAdapter.service(CoyoteAdapter.java:343)
	at org.apache.coyote.http11.Http11Processor.service(Http11Processor.java:373)
	at org.apache.coyote.AbstractProcessorLight.process(AbstractProcessorLight.java:65)
	at org.apache.coyote.AbstractProtocol$ConnectionHandler.process(AbstractProtocol.java:868)
	at org.apache.tomcat.util.net.NioEndpoint$SocketProcessor.doRun(NioEndpoint.java:1594)
	at org.apache.tomcat.util.net.SocketProcessorBase.run(SocketProcessorBase.java:49)
	at java.base/java.util.concurrent.ThreadPoolExecutor.runWorker(ThreadPoolExecutor.java:1128)
	at java.base/java.util.concurrent.ThreadPoolExecutor$Worker.run(ThreadPoolExecutor.java:628)
	at org.apache.tomcat.util.threads.TaskThread$WrappingRunnable.run(TaskThread.java:61)
	at java.base/java.lang.Thread.run(Thread.java:834)
2020-05-26 15:06:38,915 INFO com.surshree.app.services.CustomUserDetailsService [http-nio-8080-exec-2] Granted Authorities --> ROLE_CONT
2020-05-26 15:06:38,917 INFO com.surshree.app.services.CustomUserDetailsService [http-nio-8080-exec-2] Granted Authorities --> ROLE_ADMN
2020-05-26 15:06:38,918 INFO com.surshree.app.services.CustomUserDetailsService [http-nio-8080-exec-2] Granted Authorities --> FUNC_CONT_MENU
2020-05-26 15:06:38,919 INFO com.surshree.app.services.CustomUserDetailsService [http-nio-8080-exec-2] Granted Authorities --> FUNC_CONT_MENU
2020-05-26 15:06:38,921 INFO com.surshree.app.services.CustomUserDetailsService [http-nio-8080-exec-2] Granted Authorities --> FUNC_VIEW_ADMIN_MENU
2020-05-26 15:06:38,924 WARN org.springframework.security.oauth2.provider.endpoint.TokenEndpoint [http-nio-8080-exec-2] Handling error: InvalidGrantException, Invalid Username and/or Password.
2020-05-26 15:06:52,307 WARN org.springframework.web.servlet.mvc.method.annotation.ExceptionHandlerExceptionResolver [http-nio-8080-exec-2] Failure in @ExceptionHandler org.springframework.security.oauth2.provider.endpoint.TokenEndpoint#handleException(OAuth2Exception)
org.springframework.web.HttpMediaTypeNotAcceptableException: Could not find acceptable representation
	at org.springframework.web.servlet.mvc.method.annotation.AbstractMessageConverterMethodProcessor.writeWithMessageConverters(AbstractMessageConverterMethodProcessor.java:243)
	at org.springframework.web.servlet.mvc.method.annotation.HttpEntityMethodProcessor.handleReturnValue(HttpEntityMethodProcessor.java:219)
	at org.springframework.web.method.support.HandlerMethodReturnValueHandlerComposite.handleReturnValue(HandlerMethodReturnValueHandlerComposite.java:82)
	at org.springframework.web.servlet.mvc.method.annotation.ServletInvocableHandlerMethod.invokeAndHandle(ServletInvocableHandlerMethod.java:123)
	at org.springframework.web.servlet.mvc.method.annotation.ExceptionHandlerExceptionResolver.doResolveHandlerMethodException(ExceptionHandlerExceptionResolver.java:407)
	at org.springframework.web.servlet.handler.AbstractHandlerMethodExceptionResolver.doResolveException(AbstractHandlerMethodExceptionResolver.java:61)
	at org.springframework.web.servlet.handler.AbstractHandlerExceptionResolver.resolveException(AbstractHandlerExceptionResolver.java:141)
	at org.springframework.web.servlet.handler.HandlerExceptionResolverComposite.resolveException(HandlerExceptionResolverComposite.java:80)
	at org.springframework.web.servlet.DispatcherServlet.processHandlerException(DispatcherServlet.java:1300)
	at org.springframework.web.servlet.DispatcherServlet.processDispatchResult(DispatcherServlet.java:1111)
	at org.springframework.web.servlet.DispatcherServlet.doDispatch(DispatcherServlet.java:1057)
	at org.springframework.web.servlet.DispatcherServlet.doService(DispatcherServlet.java:943)
	at org.springframework.web.servlet.FrameworkServlet.processRequest(FrameworkServlet.java:1006)
	at org.springframework.web.servlet.FrameworkServlet.doPost(FrameworkServlet.java:909)
	at javax.servlet.http.HttpServlet.service(HttpServlet.java:660)
	at org.springframework.web.servlet.FrameworkServlet.service(FrameworkServlet.java:883)
	at javax.servlet.http.HttpServlet.service(HttpServlet.java:741)
	at org.apache.catalina.core.ApplicationFilterChain.internalDoFilter(ApplicationFilterChain.java:231)
	at org.apache.catalina.core.ApplicationFilterChain.doFilter(ApplicationFilterChain.java:166)
	at org.apache.tomcat.websocket.server.WsFilter.doFilter(WsFilter.java:53)
	at org.apache.catalina.core.ApplicationFilterChain.internalDoFilter(ApplicationFilterChain.java:193)
	at org.apache.catalina.core.ApplicationFilterChain.doFilter(ApplicationFilterChain.java:166)
	at org.springframework.security.web.FilterChainProxy$VirtualFilterChain.doFilter(FilterChainProxy.java:320)
	at org.springframework.security.web.access.intercept.FilterSecurityInterceptor.invoke(FilterSecurityInterceptor.java:126)
	at org.springframework.security.web.access.intercept.FilterSecurityInterceptor.doFilter(FilterSecurityInterceptor.java:90)
	at org.springframework.security.web.FilterChainProxy$VirtualFilterChain.doFilter(FilterChainProxy.java:334)
	at org.springframework.security.web.access.ExceptionTranslationFilter.doFilter(ExceptionTranslationFilter.java:118)
	at org.springframework.security.web.FilterChainProxy$VirtualFilterChain.doFilter(FilterChainProxy.java:334)
	at org.springframework.security.web.session.SessionManagementFilter.doFilter(SessionManagementFilter.java:137)
	at org.springframework.security.web.FilterChainProxy$VirtualFilterChain.doFilter(FilterChainProxy.java:334)
	at org.springframework.security.web.authentication.AnonymousAuthenticationFilter.doFilter(AnonymousAuthenticationFilter.java:111)
	at org.springframework.security.web.FilterChainProxy$VirtualFilterChain.doFilter(FilterChainProxy.java:334)
	at org.springframework.security.web.servletapi.SecurityContextHolderAwareRequestFilter.doFilter(SecurityContextHolderAwareRequestFilter.java:158)
	at org.springframework.security.web.FilterChainProxy$VirtualFilterChain.doFilter(FilterChainProxy.java:334)
	at org.springframework.security.web.savedrequest.RequestCacheAwareFilter.doFilter(RequestCacheAwareFilter.java:63)
	at org.springframework.security.web.FilterChainProxy$VirtualFilterChain.doFilter(FilterChainProxy.java:334)
	at org.springframework.security.web.authentication.www.BasicAuthenticationFilter.doFilterInternal(BasicAuthenticationFilter.java:204)
	at org.springframework.web.filter.OncePerRequestFilter.doFilter(OncePerRequestFilter.java:119)
	at org.springframework.security.web.FilterChainProxy$VirtualFilterChain.doFilter(FilterChainProxy.java:334)
	at org.springframework.web.filter.CorsFilter.doFilterInternal(CorsFilter.java:92)
	at org.springframework.web.filter.OncePerRequestFilter.doFilter(OncePerRequestFilter.java:119)
	at org.springframework.security.web.FilterChainProxy$VirtualFilterChain.doFilter(FilterChainProxy.java:334)
	at org.springframework.security.web.authentication.logout.LogoutFilter.doFilter(LogoutFilter.java:116)
	at org.springframework.security.web.FilterChainProxy$VirtualFilterChain.doFilter(FilterChainProxy.java:334)
	at org.springframework.security.web.header.HeaderWriterFilter.doHeadersAfter(HeaderWriterFilter.java:92)
	at org.springframework.security.web.header.HeaderWriterFilter.doFilterInternal(HeaderWriterFilter.java:77)
	at org.springframework.web.filter.OncePerRequestFilter.doFilter(OncePerRequestFilter.java:119)
	at org.springframework.security.web.FilterChainProxy$VirtualFilterChain.doFilter(FilterChainProxy.java:334)
	at org.springframework.security.web.context.SecurityContextPersistenceFilter.doFilter(SecurityContextPersistenceFilter.java:105)
	at org.springframework.security.web.FilterChainProxy$VirtualFilterChain.doFilter(FilterChainProxy.java:334)
	at org.springframework.security.web.context.request.async.WebAsyncManagerIntegrationFilter.doFilterInternal(WebAsyncManagerIntegrationFilter.java:56)
	at org.springframework.web.filter.OncePerRequestFilter.doFilter(OncePerRequestFilter.java:119)
	at org.springframework.security.web.FilterChainProxy$VirtualFilterChain.doFilter(FilterChainProxy.java:334)
	at org.springframework.security.web.FilterChainProxy.doFilterInternal(FilterChainProxy.java:215)
	at org.springframework.security.web.FilterChainProxy.doFilter(FilterChainProxy.java:178)
	at org.springframework.web.filter.DelegatingFilterProxy.invokeDelegate(DelegatingFilterProxy.java:358)
	at org.springframework.web.filter.DelegatingFilterProxy.doFilter(DelegatingFilterProxy.java:271)
	at org.apache.catalina.core.ApplicationFilterChain.internalDoFilter(ApplicationFilterChain.java:193)
	at org.apache.catalina.core.ApplicationFilterChain.doFilter(ApplicationFilterChain.java:166)
	at org.springframework.web.filter.RequestContextFilter.doFilterInternal(RequestContextFilter.java:100)
	at org.springframework.web.filter.OncePerRequestFilter.doFilter(OncePerRequestFilter.java:119)
	at org.apache.catalina.core.ApplicationFilterChain.internalDoFilter(ApplicationFilterChain.java:193)
	at org.apache.catalina.core.ApplicationFilterChain.doFilter(ApplicationFilterChain.java:166)
	at org.springframework.web.filter.FormContentFilter.doFilterInternal(FormContentFilter.java:93)
	at org.springframework.web.filter.OncePerRequestFilter.doFilter(OncePerRequestFilter.java:119)
	at org.apache.catalina.core.ApplicationFilterChain.internalDoFilter(ApplicationFilterChain.java:193)
	at org.apache.catalina.core.ApplicationFilterChain.doFilter(ApplicationFilterChain.java:166)
	at org.springframework.boot.actuate.metrics.web.servlet.WebMvcMetricsFilter.doFilterInternal(WebMvcMetricsFilter.java:109)
	at org.springframework.web.filter.OncePerRequestFilter.doFilter(OncePerRequestFilter.java:119)
	at org.apache.catalina.core.ApplicationFilterChain.internalDoFilter(ApplicationFilterChain.java:193)
	at org.apache.catalina.core.ApplicationFilterChain.doFilter(ApplicationFilterChain.java:166)
	at org.springframework.web.filter.CharacterEncodingFilter.doFilterInternal(CharacterEncodingFilter.java:201)
	at org.springframework.web.filter.OncePerRequestFilter.doFilter(OncePerRequestFilter.java:119)
	at org.apache.catalina.core.ApplicationFilterChain.internalDoFilter(ApplicationFilterChain.java:193)
	at org.apache.catalina.core.ApplicationFilterChain.doFilter(ApplicationFilterChain.java:166)
	at org.apache.catalina.core.StandardWrapperValve.invoke(StandardWrapperValve.java:202)
	at org.apache.catalina.core.StandardContextValve.invoke(StandardContextValve.java:96)
	at org.apache.catalina.authenticator.AuthenticatorBase.invoke(AuthenticatorBase.java:541)
	at org.apache.catalina.core.StandardHostValve.invoke(StandardHostValve.java:139)
	at org.apache.catalina.valves.ErrorReportValve.invoke(ErrorReportValve.java:92)
	at org.apache.catalina.core.StandardEngineValve.invoke(StandardEngineValve.java:74)
	at org.apache.catalina.connector.CoyoteAdapter.service(CoyoteAdapter.java:343)
	at org.apache.coyote.http11.Http11Processor.service(Http11Processor.java:373)
	at org.apache.coyote.AbstractProcessorLight.process(AbstractProcessorLight.java:65)
	at org.apache.coyote.AbstractProtocol$ConnectionHandler.process(AbstractProtocol.java:868)
	at org.apache.tomcat.util.net.NioEndpoint$SocketProcessor.doRun(NioEndpoint.java:1594)
	at org.apache.tomcat.util.net.SocketProcessorBase.run(SocketProcessorBase.java:49)
	at java.base/java.util.concurrent.ThreadPoolExecutor.runWorker(ThreadPoolExecutor.java:1128)
	at java.base/java.util.concurrent.ThreadPoolExecutor$Worker.run(ThreadPoolExecutor.java:628)
	at org.apache.tomcat.util.threads.TaskThread$WrappingRunnable.run(TaskThread.java:61)
	at java.base/java.lang.Thread.run(Thread.java:834)
2020-05-26 15:06:52,324 ERROR org.apache.juli.logging.DirectJDKLog [http-nio-8080-exec-2] Servlet.service() for servlet [dispatcherServlet] in context with path [] threw exception [Request processing failed; nested exception is error="invalid_grant", error_description="Invalid Username and/or Password."] with root cause
org.springframework.security.oauth2.common.exceptions.InvalidGrantException: Invalid Username and/or Password.
	at org.springframework.security.oauth2.provider.password.ResourceOwnerPasswordTokenGranter.getOAuth2Authentication(ResourceOwnerPasswordTokenGranter.java:79)
	at org.springframework.security.oauth2.provider.token.AbstractTokenGranter.getAccessToken(AbstractTokenGranter.java:72)
	at org.springframework.security.oauth2.provider.token.AbstractTokenGranter.grant(AbstractTokenGranter.java:67)
	at org.springframework.security.oauth2.provider.CompositeTokenGranter.grant(CompositeTokenGranter.java:38)
	at org.springframework.security.oauth2.config.annotation.web.configurers.AuthorizationServerEndpointsConfigurer$4.grant(AuthorizationServerEndpointsConfigurer.java:583)
	at org.springframework.security.oauth2.provider.endpoint.TokenEndpoint.postAccessToken(TokenEndpoint.java:132)
	at java.base/jdk.internal.reflect.NativeMethodAccessorImpl.invoke0(Native Method)
	at java.base/jdk.internal.reflect.NativeMethodAccessorImpl.invoke(NativeMethodAccessorImpl.java:62)
	at java.base/jdk.internal.reflect.DelegatingMethodAccessorImpl.invoke(DelegatingMethodAccessorImpl.java:43)
	at java.base/java.lang.reflect.Method.invoke(Method.java:566)
	at org.springframework.web.method.support.InvocableHandlerMethod.doInvoke(InvocableHandlerMethod.java:190)
	at org.springframework.web.method.support.InvocableHandlerMethod.invokeForRequest(InvocableHandlerMethod.java:138)
	at org.springframework.web.servlet.mvc.method.annotation.ServletInvocableHandlerMethod.invokeAndHandle(ServletInvocableHandlerMethod.java:105)
	at org.springframework.web.servlet.mvc.method.annotation.RequestMappingHandlerAdapter.invokeHandlerMethod(RequestMappingHandlerAdapter.java:879)
	at org.springframework.web.servlet.mvc.method.annotation.RequestMappingHandlerAdapter.handleInternal(RequestMappingHandlerAdapter.java:793)
	at org.springframework.web.servlet.mvc.method.AbstractHandlerMethodAdapter.handle(AbstractHandlerMethodAdapter.java:87)
	at org.springframework.web.servlet.DispatcherServlet.doDispatch(DispatcherServlet.java:1040)
	at org.springframework.web.servlet.DispatcherServlet.doService(DispatcherServlet.java:943)
	at org.springframework.web.servlet.FrameworkServlet.processRequest(FrameworkServlet.java:1006)
	at org.springframework.web.servlet.FrameworkServlet.doPost(FrameworkServlet.java:909)
	at javax.servlet.http.HttpServlet.service(HttpServlet.java:660)
	at org.springframework.web.servlet.FrameworkServlet.service(FrameworkServlet.java:883)
	at javax.servlet.http.HttpServlet.service(HttpServlet.java:741)
	at org.apache.catalina.core.ApplicationFilterChain.internalDoFilter(ApplicationFilterChain.java:231)
	at org.apache.catalina.core.ApplicationFilterChain.doFilter(ApplicationFilterChain.java:166)
	at org.apache.tomcat.websocket.server.WsFilter.doFilter(WsFilter.java:53)
	at org.apache.catalina.core.ApplicationFilterChain.internalDoFilter(ApplicationFilterChain.java:193)
	at org.apache.catalina.core.ApplicationFilterChain.doFilter(ApplicationFilterChain.java:166)
	at org.springframework.security.web.FilterChainProxy$VirtualFilterChain.doFilter(FilterChainProxy.java:320)
	at org.springframework.security.web.access.intercept.FilterSecurityInterceptor.invoke(FilterSecurityInterceptor.java:126)
	at org.springframework.security.web.access.intercept.FilterSecurityInterceptor.doFilter(FilterSecurityInterceptor.java:90)
	at org.springframework.security.web.FilterChainProxy$VirtualFilterChain.doFilter(FilterChainProxy.java:334)
	at org.springframework.security.web.access.ExceptionTranslationFilter.doFilter(ExceptionTranslationFilter.java:118)
	at org.springframework.security.web.FilterChainProxy$VirtualFilterChain.doFilter(FilterChainProxy.java:334)
	at org.springframework.security.web.session.SessionManagementFilter.doFilter(SessionManagementFilter.java:137)
	at org.springframework.security.web.FilterChainProxy$VirtualFilterChain.doFilter(FilterChainProxy.java:334)
	at org.springframework.security.web.authentication.AnonymousAuthenticationFilter.doFilter(AnonymousAuthenticationFilter.java:111)
	at org.springframework.security.web.FilterChainProxy$VirtualFilterChain.doFilter(FilterChainProxy.java:334)
	at org.springframework.security.web.servletapi.SecurityContextHolderAwareRequestFilter.doFilter(SecurityContextHolderAwareRequestFilter.java:158)
	at org.springframework.security.web.FilterChainProxy$VirtualFilterChain.doFilter(FilterChainProxy.java:334)
	at org.springframework.security.web.savedrequest.RequestCacheAwareFilter.doFilter(RequestCacheAwareFilter.java:63)
	at org.springframework.security.web.FilterChainProxy$VirtualFilterChain.doFilter(FilterChainProxy.java:334)
	at org.springframework.security.web.authentication.www.BasicAuthenticationFilter.doFilterInternal(BasicAuthenticationFilter.java:204)
	at org.springframework.web.filter.OncePerRequestFilter.doFilter(OncePerRequestFilter.java:119)
	at org.springframework.security.web.FilterChainProxy$VirtualFilterChain.doFilter(FilterChainProxy.java:334)
	at org.springframework.web.filter.CorsFilter.doFilterInternal(CorsFilter.java:92)
	at org.springframework.web.filter.OncePerRequestFilter.doFilter(OncePerRequestFilter.java:119)
	at org.springframework.security.web.FilterChainProxy$VirtualFilterChain.doFilter(FilterChainProxy.java:334)
	at org.springframework.security.web.authentication.logout.LogoutFilter.doFilter(LogoutFilter.java:116)
	at org.springframework.security.web.FilterChainProxy$VirtualFilterChain.doFilter(FilterChainProxy.java:334)
	at org.springframework.security.web.header.HeaderWriterFilter.doHeadersAfter(HeaderWriterFilter.java:92)
	at org.springframework.security.web.header.HeaderWriterFilter.doFilterInternal(HeaderWriterFilter.java:77)
	at org.springframework.web.filter.OncePerRequestFilter.doFilter(OncePerRequestFilter.java:119)
	at org.springframework.security.web.FilterChainProxy$VirtualFilterChain.doFilter(FilterChainProxy.java:334)
	at org.springframework.security.web.context.SecurityContextPersistenceFilter.doFilter(SecurityContextPersistenceFilter.java:105)
	at org.springframework.security.web.FilterChainProxy$VirtualFilterChain.doFilter(FilterChainProxy.java:334)
	at org.springframework.security.web.context.request.async.WebAsyncManagerIntegrationFilter.doFilterInternal(WebAsyncManagerIntegrationFilter.java:56)
	at org.springframework.web.filter.OncePerRequestFilter.doFilter(OncePerRequestFilter.java:119)
	at org.springframework.security.web.FilterChainProxy$VirtualFilterChain.doFilter(FilterChainProxy.java:334)
	at org.springframework.security.web.FilterChainProxy.doFilterInternal(FilterChainProxy.java:215)
	at org.springframework.security.web.FilterChainProxy.doFilter(FilterChainProxy.java:178)
	at org.springframework.web.filter.DelegatingFilterProxy.invokeDelegate(DelegatingFilterProxy.java:358)
	at org.springframework.web.filter.DelegatingFilterProxy.doFilter(DelegatingFilterProxy.java:271)
	at org.apache.catalina.core.ApplicationFilterChain.internalDoFilter(ApplicationFilterChain.java:193)
	at org.apache.catalina.core.ApplicationFilterChain.doFilter(ApplicationFilterChain.java:166)
	at org.springframework.web.filter.RequestContextFilter.doFilterInternal(RequestContextFilter.java:100)
	at org.springframework.web.filter.OncePerRequestFilter.doFilter(OncePerRequestFilter.java:119)
	at org.apache.catalina.core.ApplicationFilterChain.internalDoFilter(ApplicationFilterChain.java:193)
	at org.apache.catalina.core.ApplicationFilterChain.doFilter(ApplicationFilterChain.java:166)
	at org.springframework.web.filter.FormContentFilter.doFilterInternal(FormContentFilter.java:93)
	at org.springframework.web.filter.OncePerRequestFilter.doFilter(OncePerRequestFilter.java:119)
	at org.apache.catalina.core.ApplicationFilterChain.internalDoFilter(ApplicationFilterChain.java:193)
	at org.apache.catalina.core.ApplicationFilterChain.doFilter(ApplicationFilterChain.java:166)
	at org.springframework.boot.actuate.metrics.web.servlet.WebMvcMetricsFilter.doFilterInternal(WebMvcMetricsFilter.java:109)
	at org.springframework.web.filter.OncePerRequestFilter.doFilter(OncePerRequestFilter.java:119)
	at org.apache.catalina.core.ApplicationFilterChain.internalDoFilter(ApplicationFilterChain.java:193)
	at org.apache.catalina.core.ApplicationFilterChain.doFilter(ApplicationFilterChain.java:166)
	at org.springframework.web.filter.CharacterEncodingFilter.doFilterInternal(CharacterEncodingFilter.java:201)
	at org.springframework.web.filter.OncePerRequestFilter.doFilter(OncePerRequestFilter.java:119)
	at org.apache.catalina.core.ApplicationFilterChain.internalDoFilter(ApplicationFilterChain.java:193)
	at org.apache.catalina.core.ApplicationFilterChain.doFilter(ApplicationFilterChain.java:166)
	at org.apache.catalina.core.StandardWrapperValve.invoke(StandardWrapperValve.java:202)
	at org.apache.catalina.core.StandardContextValve.invoke(StandardContextValve.java:96)
	at org.apache.catalina.authenticator.AuthenticatorBase.invoke(AuthenticatorBase.java:541)
	at org.apache.catalina.core.StandardHostValve.invoke(StandardHostValve.java:139)
	at org.apache.catalina.valves.ErrorReportValve.invoke(ErrorReportValve.java:92)
	at org.apache.catalina.core.StandardEngineValve.invoke(StandardEngineValve.java:74)
	at org.apache.catalina.connector.CoyoteAdapter.service(CoyoteAdapter.java:343)
	at org.apache.coyote.http11.Http11Processor.service(Http11Processor.java:373)
	at org.apache.coyote.AbstractProcessorLight.process(AbstractProcessorLight.java:65)
	at org.apache.coyote.AbstractProtocol$ConnectionHandler.process(AbstractProtocol.java:868)
	at org.apache.tomcat.util.net.NioEndpoint$SocketProcessor.doRun(NioEndpoint.java:1594)
	at org.apache.tomcat.util.net.SocketProcessorBase.run(SocketProcessorBase.java:49)
	at java.base/java.util.concurrent.ThreadPoolExecutor.runWorker(ThreadPoolExecutor.java:1128)
	at java.base/java.util.concurrent.ThreadPoolExecutor$Worker.run(ThreadPoolExecutor.java:628)
	at org.apache.tomcat.util.threads.TaskThread$WrappingRunnable.run(TaskThread.java:61)
	at java.base/java.lang.Thread.run(Thread.java:834)
2020-05-26 15:07:33,186 INFO com.surshree.app.scheduling.CacheScheduler [scheduling-1] Clear user cache : START
2020-05-26 15:07:33,198 INFO com.surshree.app.scheduling.CacheScheduler [scheduling-1] Clear user cache : END
2020-05-26 15:08:13,014 INFO com.surshree.app.services.CustomUserDetailsService [http-nio-8080-exec-7] Granted Authorities --> ROLE_ADMN
2020-05-26 15:08:13,021 INFO com.surshree.app.services.CustomUserDetailsService [http-nio-8080-exec-7] Granted Authorities --> ROLE_CONT
2020-05-26 15:08:13,022 INFO com.surshree.app.services.CustomUserDetailsService [http-nio-8080-exec-7] Granted Authorities --> FUNC_CONT_MENU
2020-05-26 15:08:13,022 INFO com.surshree.app.services.CustomUserDetailsService [http-nio-8080-exec-7] Granted Authorities --> FUNC_VIEW_ADMIN_MENU
2020-05-26 15:08:13,023 INFO com.surshree.app.services.CustomUserDetailsService [http-nio-8080-exec-7] Granted Authorities --> FUNC_CONT_MENU
2020-05-26 15:08:13,029 WARN org.springframework.security.oauth2.provider.endpoint.TokenEndpoint [http-nio-8080-exec-7] Handling error: InvalidGrantException, Invalid Username and/or Password.
2020-05-26 15:09:40,050 INFO org.springframework.boot.SpringApplication [main] No active profile set, falling back to default profiles: default
2020-05-26 15:09:41,946 INFO org.springframework.data.repository.config.RepositoryConfigurationDelegate [main] Bootstrapping Spring Data JPA repositories in DEFAULT mode.
2020-05-26 15:09:42,463 INFO org.springframework.data.repository.config.RepositoryConfigurationDelegate [main] Finished Spring Data repository scanning in 493ms. Found 9 JPA repository interfaces.
2020-05-26 15:09:44,072 INFO org.springframework.cloud.context.scope.GenericScope [main] BeanFactory id=57f89640-ebda-3990-af3a-d4f115be50de
2020-05-26 15:09:45,693 INFO org.springframework.boot.web.embedded.tomcat.TomcatWebServer [main] Tomcat initialized with port(s): 8080 (http)
2020-05-26 15:09:45,725 INFO org.apache.juli.logging.DirectJDKLog [main] Initializing ProtocolHandler ["http-nio-8080"]
2020-05-26 15:09:45,726 INFO org.apache.juli.logging.DirectJDKLog [main] Starting service [Tomcat]
2020-05-26 15:09:45,728 INFO org.apache.juli.logging.DirectJDKLog [main] Starting Servlet engine: [Apache Tomcat/9.0.33]
2020-05-26 15:09:45,999 INFO org.apache.juli.logging.DirectJDKLog [main] Initializing Spring embedded WebApplicationContext
2020-05-26 15:09:45,999 INFO org.springframework.boot.web.servlet.context.ServletWebServerApplicationContext [main] Root WebApplicationContext: initialization completed in 5869 ms
2020-05-26 15:09:46,624 INFO com.surshree.app.config.CacheConfig [main] Initializing cache.
2020-05-26 15:09:46,788 INFO org.hibernate.jpa.internal.util.LogHelper [main] HHH000204: Processing PersistenceUnitInfo [name: default]
2020-05-26 15:09:46,967 INFO org.hibernate.Version [main] HHH000412: Hibernate ORM core version 5.4.12.Final
2020-05-26 15:09:47,423 INFO org.hibernate.annotations.common.reflection.java.JavaReflectionManager [main] HCANN000001: Hibernate Commons Annotations {5.1.0.Final}
2020-05-26 15:09:47,688 INFO com.zaxxer.hikari.HikariDataSource [main] HikariPool-1 - Starting...
2020-05-26 15:09:47,932 INFO com.zaxxer.hikari.HikariDataSource [main] HikariPool-1 - Start completed.
2020-05-26 15:09:47,981 INFO org.hibernate.dialect.Dialect [main] HHH000400: Using dialect: org.hibernate.dialect.PostgreSQL10Dialect
2020-05-26 15:09:52,251 INFO org.hibernate.engine.transaction.jta.platform.internal.JtaPlatformInitiator [main] HHH000490: Using JtaPlatform implementation: [org.hibernate.engine.transaction.jta.platform.internal.NoJtaPlatform]
2020-05-26 15:09:52,620 INFO org.springframework.orm.jpa.AbstractEntityManagerFactoryBean [main] Initialized JPA EntityManagerFactory for persistence unit 'default'
2020-05-26 15:09:52,718 WARN org.springframework.boot.autoconfigure.orm.jpa.JpaBaseConfiguration$JpaWebConfiguration [main] spring.jpa.open-in-view is enabled by default. Therefore, database queries may be performed during view rendering. Explicitly configure spring.jpa.open-in-view to disable this warning
2020-05-26 15:09:58,475 INFO org.springframework.security.web.DefaultSecurityFilterChain [main] Creating filter chain: OrRequestMatcher [requestMatchers=[Ant [pattern='/oauth/token'], Ant [pattern='/oauth/token_key'], Ant [pattern='/oauth/check_token']]], [org.springframework.security.web.context.request.async.WebAsyncManagerIntegrationFilter@26fee641, org.springframework.security.web.context.SecurityContextPersistenceFilter@5e6b2641, org.springframework.security.web.header.HeaderWriterFilter@28ab7ffb, org.springframework.security.web.authentication.logout.LogoutFilter@d1b9dd7, org.springframework.web.filter.CorsFilter@32fb4a87, org.springframework.security.web.authentication.www.BasicAuthenticationFilter@86abdbd, org.springframework.security.web.savedrequest.RequestCacheAwareFilter@1ef585bb, org.springframework.security.web.servletapi.SecurityContextHolderAwareRequestFilter@362109d0, org.springframework.security.web.authentication.AnonymousAuthenticationFilter@37ecc472, org.springframework.security.web.session.SessionManagementFilter@ac71bd7, org.springframework.security.web.access.ExceptionTranslationFilter@3aa4d595, org.springframework.security.web.access.intercept.FilterSecurityInterceptor@486480e2]
2020-05-26 15:09:58,490 INFO org.springframework.security.web.DefaultSecurityFilterChain [main] Creating filter chain: com.surshree.app.config.ResourceServerConfig$$Lambda$1043/0x0000000800a48840@16d31c48, [org.springframework.security.web.context.request.async.WebAsyncManagerIntegrationFilter@783a35d8, org.springframework.security.web.context.SecurityContextPersistenceFilter@149e457, org.springframework.security.web.header.HeaderWriterFilter@2be9add0, org.springframework.security.web.authentication.logout.LogoutFilter@6e157f48, org.springframework.security.oauth2.provider.authentication.OAuth2AuthenticationProcessingFilter@9670873, org.springframework.security.web.savedrequest.RequestCacheAwareFilter@72557e0d, org.springframework.security.web.servletapi.SecurityContextHolderAwareRequestFilter@14b4caba, org.springframework.security.web.authentication.AnonymousAuthenticationFilter@38821ada, org.springframework.security.web.session.SessionManagementFilter@2252dc5d, org.springframework.security.web.access.ExceptionTranslationFilter@49c74506, org.springframework.security.web.access.intercept.FilterSecurityInterceptor@2746bc43]
2020-05-26 15:09:59,287 INFO org.springframework.boot.actuate.endpoint.web.EndpointLinksResolver [main] Exposing 2 endpoint(s) beneath base path '/actuator'
2020-05-26 15:09:59,313 INFO org.springframework.security.web.DefaultSecurityFilterChain [main] Creating filter chain: any request, [org.springframework.security.web.context.request.async.WebAsyncManagerIntegrationFilter@377a1763, org.springframework.security.web.context.SecurityContextPersistenceFilter@1a920154, org.springframework.security.web.header.HeaderWriterFilter@1c0f32ad, org.springframework.web.filter.CorsFilter@61f62b80, org.springframework.security.web.authentication.logout.LogoutFilter@7aa44fa2, org.springframework.security.web.authentication.www.BasicAuthenticationFilter@5da20b76, org.springframework.security.web.savedrequest.RequestCacheAwareFilter@e870ac9, org.springframework.security.web.servletapi.SecurityContextHolderAwareRequestFilter@6b78cbee, org.springframework.security.web.authentication.AnonymousAuthenticationFilter@387bbd7a, org.springframework.security.web.session.SessionManagementFilter@5a4833ab, org.springframework.security.web.access.ExceptionTranslationFilter@6dcf39c6, org.springframework.security.web.access.intercept.FilterSecurityInterceptor@19544627]
2020-05-26 15:09:59,911 INFO org.springframework.scheduling.concurrent.ExecutorConfigurationSupport [main] Initializing ExecutorService 'applicationTaskExecutor'
2020-05-26 15:10:00,437 INFO org.springframework.scheduling.concurrent.ExecutorConfigurationSupport [main] Initializing ExecutorService 'taskScheduler'
2020-05-26 15:10:00,705 INFO com.surshree.app.scheduling.CacheScheduler [scheduling-1] Clear user cache : START
2020-05-26 15:10:00,706 INFO com.surshree.app.scheduling.CacheScheduler [scheduling-1] Clear user cache : END
2020-05-26 15:10:00,707 INFO org.apache.juli.logging.DirectJDKLog [main] Starting ProtocolHandler ["http-nio-8080"]
2020-05-26 15:10:00,798 INFO org.springframework.boot.web.embedded.tomcat.TomcatWebServer [main] Tomcat started on port(s): 8080 (http) with context path ''
2020-05-26 15:10:00,806 INFO org.springframework.boot.StartupInfoLogger [main] Started SurShreeApplication in 24.858 seconds (JVM running for 26.9)
2020-05-26 15:11:14,616 INFO org.apache.juli.logging.DirectJDKLog [http-nio-8080-exec-1] Initializing Spring DispatcherServlet 'dispatcherServlet'
2020-05-26 15:11:14,618 INFO org.springframework.web.servlet.FrameworkServlet [http-nio-8080-exec-1] Initializing Servlet 'dispatcherServlet'
2020-05-26 15:11:14,659 INFO org.springframework.web.servlet.FrameworkServlet [http-nio-8080-exec-1] Completed initialization in 40 ms
2020-05-26 15:11:15,361 WARN org.springframework.security.oauth2.provider.endpoint.TokenEndpoint [http-nio-8080-exec-1] Handling error: InvalidRequestException, Missing grant type
2020-05-26 15:11:52,495 INFO com.surshree.app.services.CustomUserDetailsService [http-nio-8080-exec-2] Granted Authorities --> ROLE_CONT
2020-05-26 15:11:52,496 INFO com.surshree.app.services.CustomUserDetailsService [http-nio-8080-exec-2] Granted Authorities --> ROLE_ADMN
2020-05-26 15:11:52,497 INFO com.surshree.app.services.CustomUserDetailsService [http-nio-8080-exec-2] Granted Authorities --> FUNC_CONT_MENU
2020-05-26 15:11:52,497 INFO com.surshree.app.services.CustomUserDetailsService [http-nio-8080-exec-2] Granted Authorities --> FUNC_CONT_MENU
2020-05-26 15:11:52,498 INFO com.surshree.app.services.CustomUserDetailsService [http-nio-8080-exec-2] Granted Authorities --> FUNC_VIEW_ADMIN_MENU
2020-05-26 15:11:52,544 WARN org.springframework.security.oauth2.provider.endpoint.TokenEndpoint [http-nio-8080-exec-2] Handling error: InvalidGrantException, Invalid Username and/or Password.
2020-05-26 15:11:55,531 WARN org.springframework.web.servlet.mvc.method.annotation.ExceptionHandlerExceptionResolver [http-nio-8080-exec-2] Failure in @ExceptionHandler org.springframework.security.oauth2.provider.endpoint.TokenEndpoint#handleException(OAuth2Exception)
org.springframework.web.HttpMediaTypeNotAcceptableException: Could not find acceptable representation
	at org.springframework.web.servlet.mvc.method.annotation.AbstractMessageConverterMethodProcessor.writeWithMessageConverters(AbstractMessageConverterMethodProcessor.java:243)
	at org.springframework.web.servlet.mvc.method.annotation.HttpEntityMethodProcessor.handleReturnValue(HttpEntityMethodProcessor.java:219)
	at org.springframework.web.method.support.HandlerMethodReturnValueHandlerComposite.handleReturnValue(HandlerMethodReturnValueHandlerComposite.java:82)
	at org.springframework.web.servlet.mvc.method.annotation.ServletInvocableHandlerMethod.invokeAndHandle(ServletInvocableHandlerMethod.java:123)
	at org.springframework.web.servlet.mvc.method.annotation.ExceptionHandlerExceptionResolver.doResolveHandlerMethodException(ExceptionHandlerExceptionResolver.java:407)
	at org.springframework.web.servlet.handler.AbstractHandlerMethodExceptionResolver.doResolveException(AbstractHandlerMethodExceptionResolver.java:61)
	at org.springframework.web.servlet.handler.AbstractHandlerExceptionResolver.resolveException(AbstractHandlerExceptionResolver.java:141)
	at org.springframework.web.servlet.handler.HandlerExceptionResolverComposite.resolveException(HandlerExceptionResolverComposite.java:80)
	at org.springframework.web.servlet.DispatcherServlet.processHandlerException(DispatcherServlet.java:1300)
	at org.springframework.web.servlet.DispatcherServlet.processDispatchResult(DispatcherServlet.java:1111)
	at org.springframework.web.servlet.DispatcherServlet.doDispatch(DispatcherServlet.java:1057)
	at org.springframework.web.servlet.DispatcherServlet.doService(DispatcherServlet.java:943)
	at org.springframework.web.servlet.FrameworkServlet.processRequest(FrameworkServlet.java:1006)
	at org.springframework.web.servlet.FrameworkServlet.doPost(FrameworkServlet.java:909)
	at javax.servlet.http.HttpServlet.service(HttpServlet.java:660)
	at org.springframework.web.servlet.FrameworkServlet.service(FrameworkServlet.java:883)
	at javax.servlet.http.HttpServlet.service(HttpServlet.java:741)
	at org.apache.catalina.core.ApplicationFilterChain.internalDoFilter(ApplicationFilterChain.java:231)
	at org.apache.catalina.core.ApplicationFilterChain.doFilter(ApplicationFilterChain.java:166)
	at org.apache.tomcat.websocket.server.WsFilter.doFilter(WsFilter.java:53)
	at org.apache.catalina.core.ApplicationFilterChain.internalDoFilter(ApplicationFilterChain.java:193)
	at org.apache.catalina.core.ApplicationFilterChain.doFilter(ApplicationFilterChain.java:166)
	at org.springframework.security.web.FilterChainProxy$VirtualFilterChain.doFilter(FilterChainProxy.java:320)
	at org.springframework.security.web.access.intercept.FilterSecurityInterceptor.invoke(FilterSecurityInterceptor.java:126)
	at org.springframework.security.web.access.intercept.FilterSecurityInterceptor.doFilter(FilterSecurityInterceptor.java:90)
	at org.springframework.security.web.FilterChainProxy$VirtualFilterChain.doFilter(FilterChainProxy.java:334)
	at org.springframework.security.web.access.ExceptionTranslationFilter.doFilter(ExceptionTranslationFilter.java:118)
	at org.springframework.security.web.FilterChainProxy$VirtualFilterChain.doFilter(FilterChainProxy.java:334)
	at org.springframework.security.web.session.SessionManagementFilter.doFilter(SessionManagementFilter.java:137)
	at org.springframework.security.web.FilterChainProxy$VirtualFilterChain.doFilter(FilterChainProxy.java:334)
	at org.springframework.security.web.authentication.AnonymousAuthenticationFilter.doFilter(AnonymousAuthenticationFilter.java:111)
	at org.springframework.security.web.FilterChainProxy$VirtualFilterChain.doFilter(FilterChainProxy.java:334)
	at org.springframework.security.web.servletapi.SecurityContextHolderAwareRequestFilter.doFilter(SecurityContextHolderAwareRequestFilter.java:158)
	at org.springframework.security.web.FilterChainProxy$VirtualFilterChain.doFilter(FilterChainProxy.java:334)
	at org.springframework.security.web.savedrequest.RequestCacheAwareFilter.doFilter(RequestCacheAwareFilter.java:63)
	at org.springframework.security.web.FilterChainProxy$VirtualFilterChain.doFilter(FilterChainProxy.java:334)
	at org.springframework.security.web.authentication.www.BasicAuthenticationFilter.doFilterInternal(BasicAuthenticationFilter.java:204)
	at org.springframework.web.filter.OncePerRequestFilter.doFilter(OncePerRequestFilter.java:119)
	at org.springframework.security.web.FilterChainProxy$VirtualFilterChain.doFilter(FilterChainProxy.java:334)
	at org.springframework.web.filter.CorsFilter.doFilterInternal(CorsFilter.java:92)
	at org.springframework.web.filter.OncePerRequestFilter.doFilter(OncePerRequestFilter.java:119)
	at org.springframework.security.web.FilterChainProxy$VirtualFilterChain.doFilter(FilterChainProxy.java:334)
	at org.springframework.security.web.authentication.logout.LogoutFilter.doFilter(LogoutFilter.java:116)
	at org.springframework.security.web.FilterChainProxy$VirtualFilterChain.doFilter(FilterChainProxy.java:334)
	at org.springframework.security.web.header.HeaderWriterFilter.doHeadersAfter(HeaderWriterFilter.java:92)
	at org.springframework.security.web.header.HeaderWriterFilter.doFilterInternal(HeaderWriterFilter.java:77)
	at org.springframework.web.filter.OncePerRequestFilter.doFilter(OncePerRequestFilter.java:119)
	at org.springframework.security.web.FilterChainProxy$VirtualFilterChain.doFilter(FilterChainProxy.java:334)
	at org.springframework.security.web.context.SecurityContextPersistenceFilter.doFilter(SecurityContextPersistenceFilter.java:105)
	at org.springframework.security.web.FilterChainProxy$VirtualFilterChain.doFilter(FilterChainProxy.java:334)
	at org.springframework.security.web.context.request.async.WebAsyncManagerIntegrationFilter.doFilterInternal(WebAsyncManagerIntegrationFilter.java:56)
	at org.springframework.web.filter.OncePerRequestFilter.doFilter(OncePerRequestFilter.java:119)
	at org.springframework.security.web.FilterChainProxy$VirtualFilterChain.doFilter(FilterChainProxy.java:334)
	at org.springframework.security.web.FilterChainProxy.doFilterInternal(FilterChainProxy.java:215)
	at org.springframework.security.web.FilterChainProxy.doFilter(FilterChainProxy.java:178)
	at org.springframework.web.filter.DelegatingFilterProxy.invokeDelegate(DelegatingFilterProxy.java:358)
	at org.springframework.web.filter.DelegatingFilterProxy.doFilter(DelegatingFilterProxy.java:271)
	at org.apache.catalina.core.ApplicationFilterChain.internalDoFilter(ApplicationFilterChain.java:193)
	at org.apache.catalina.core.ApplicationFilterChain.doFilter(ApplicationFilterChain.java:166)
	at org.springframework.web.filter.RequestContextFilter.doFilterInternal(RequestContextFilter.java:100)
	at org.springframework.web.filter.OncePerRequestFilter.doFilter(OncePerRequestFilter.java:119)
	at org.apache.catalina.core.ApplicationFilterChain.internalDoFilter(ApplicationFilterChain.java:193)
	at org.apache.catalina.core.ApplicationFilterChain.doFilter(ApplicationFilterChain.java:166)
	at org.springframework.web.filter.FormContentFilter.doFilterInternal(FormContentFilter.java:93)
	at org.springframework.web.filter.OncePerRequestFilter.doFilter(OncePerRequestFilter.java:119)
	at org.apache.catalina.core.ApplicationFilterChain.internalDoFilter(ApplicationFilterChain.java:193)
	at org.apache.catalina.core.ApplicationFilterChain.doFilter(ApplicationFilterChain.java:166)
	at org.springframework.boot.actuate.metrics.web.servlet.WebMvcMetricsFilter.doFilterInternal(WebMvcMetricsFilter.java:109)
	at org.springframework.web.filter.OncePerRequestFilter.doFilter(OncePerRequestFilter.java:119)
	at org.apache.catalina.core.ApplicationFilterChain.internalDoFilter(ApplicationFilterChain.java:193)
	at org.apache.catalina.core.ApplicationFilterChain.doFilter(ApplicationFilterChain.java:166)
	at org.springframework.web.filter.CharacterEncodingFilter.doFilterInternal(CharacterEncodingFilter.java:201)
	at org.springframework.web.filter.OncePerRequestFilter.doFilter(OncePerRequestFilter.java:119)
	at org.apache.catalina.core.ApplicationFilterChain.internalDoFilter(ApplicationFilterChain.java:193)
	at org.apache.catalina.core.ApplicationFilterChain.doFilter(ApplicationFilterChain.java:166)
	at org.apache.catalina.core.StandardWrapperValve.invoke(StandardWrapperValve.java:202)
	at org.apache.catalina.core.StandardContextValve.invoke(StandardContextValve.java:96)
	at org.apache.catalina.authenticator.AuthenticatorBase.invoke(AuthenticatorBase.java:541)
	at org.apache.catalina.core.StandardHostValve.invoke(StandardHostValve.java:139)
	at org.apache.catalina.valves.ErrorReportValve.invoke(ErrorReportValve.java:92)
	at org.apache.catalina.core.StandardEngineValve.invoke(StandardEngineValve.java:74)
	at org.apache.catalina.connector.CoyoteAdapter.service(CoyoteAdapter.java:343)
	at org.apache.coyote.http11.Http11Processor.service(Http11Processor.java:373)
	at org.apache.coyote.AbstractProcessorLight.process(AbstractProcessorLight.java:65)
	at org.apache.coyote.AbstractProtocol$ConnectionHandler.process(AbstractProtocol.java:868)
	at org.apache.tomcat.util.net.NioEndpoint$SocketProcessor.doRun(NioEndpoint.java:1594)
	at org.apache.tomcat.util.net.SocketProcessorBase.run(SocketProcessorBase.java:49)
	at java.base/java.util.concurrent.ThreadPoolExecutor.runWorker(ThreadPoolExecutor.java:1128)
	at java.base/java.util.concurrent.ThreadPoolExecutor$Worker.run(ThreadPoolExecutor.java:628)
	at org.apache.tomcat.util.threads.TaskThread$WrappingRunnable.run(TaskThread.java:61)
	at java.base/java.lang.Thread.run(Thread.java:834)
2020-05-26 15:11:55,548 ERROR org.apache.juli.logging.DirectJDKLog [http-nio-8080-exec-2] Servlet.service() for servlet [dispatcherServlet] in context with path [] threw exception [Request processing failed; nested exception is error="invalid_grant", error_description="Invalid Username and/or Password."] with root cause
org.springframework.security.oauth2.common.exceptions.InvalidGrantException: Invalid Username and/or Password.
	at org.springframework.security.oauth2.provider.password.ResourceOwnerPasswordTokenGranter.getOAuth2Authentication(ResourceOwnerPasswordTokenGranter.java:79)
	at org.springframework.security.oauth2.provider.token.AbstractTokenGranter.getAccessToken(AbstractTokenGranter.java:72)
	at org.springframework.security.oauth2.provider.token.AbstractTokenGranter.grant(AbstractTokenGranter.java:67)
	at org.springframework.security.oauth2.provider.CompositeTokenGranter.grant(CompositeTokenGranter.java:38)
	at org.springframework.security.oauth2.config.annotation.web.configurers.AuthorizationServerEndpointsConfigurer$4.grant(AuthorizationServerEndpointsConfigurer.java:583)
	at org.springframework.security.oauth2.provider.endpoint.TokenEndpoint.postAccessToken(TokenEndpoint.java:132)
	at java.base/jdk.internal.reflect.NativeMethodAccessorImpl.invoke0(Native Method)
	at java.base/jdk.internal.reflect.NativeMethodAccessorImpl.invoke(NativeMethodAccessorImpl.java:62)
	at java.base/jdk.internal.reflect.DelegatingMethodAccessorImpl.invoke(DelegatingMethodAccessorImpl.java:43)
	at java.base/java.lang.reflect.Method.invoke(Method.java:566)
	at org.springframework.web.method.support.InvocableHandlerMethod.doInvoke(InvocableHandlerMethod.java:190)
	at org.springframework.web.method.support.InvocableHandlerMethod.invokeForRequest(InvocableHandlerMethod.java:138)
	at org.springframework.web.servlet.mvc.method.annotation.ServletInvocableHandlerMethod.invokeAndHandle(ServletInvocableHandlerMethod.java:105)
	at org.springframework.web.servlet.mvc.method.annotation.RequestMappingHandlerAdapter.invokeHandlerMethod(RequestMappingHandlerAdapter.java:879)
	at org.springframework.web.servlet.mvc.method.annotation.RequestMappingHandlerAdapter.handleInternal(RequestMappingHandlerAdapter.java:793)
	at org.springframework.web.servlet.mvc.method.AbstractHandlerMethodAdapter.handle(AbstractHandlerMethodAdapter.java:87)
	at org.springframework.web.servlet.DispatcherServlet.doDispatch(DispatcherServlet.java:1040)
	at org.springframework.web.servlet.DispatcherServlet.doService(DispatcherServlet.java:943)
	at org.springframework.web.servlet.FrameworkServlet.processRequest(FrameworkServlet.java:1006)
	at org.springframework.web.servlet.FrameworkServlet.doPost(FrameworkServlet.java:909)
	at javax.servlet.http.HttpServlet.service(HttpServlet.java:660)
	at org.springframework.web.servlet.FrameworkServlet.service(FrameworkServlet.java:883)
	at javax.servlet.http.HttpServlet.service(HttpServlet.java:741)
	at org.apache.catalina.core.ApplicationFilterChain.internalDoFilter(ApplicationFilterChain.java:231)
	at org.apache.catalina.core.ApplicationFilterChain.doFilter(ApplicationFilterChain.java:166)
	at org.apache.tomcat.websocket.server.WsFilter.doFilter(WsFilter.java:53)
	at org.apache.catalina.core.ApplicationFilterChain.internalDoFilter(ApplicationFilterChain.java:193)
	at org.apache.catalina.core.ApplicationFilterChain.doFilter(ApplicationFilterChain.java:166)
	at org.springframework.security.web.FilterChainProxy$VirtualFilterChain.doFilter(FilterChainProxy.java:320)
	at org.springframework.security.web.access.intercept.FilterSecurityInterceptor.invoke(FilterSecurityInterceptor.java:126)
	at org.springframework.security.web.access.intercept.FilterSecurityInterceptor.doFilter(FilterSecurityInterceptor.java:90)
	at org.springframework.security.web.FilterChainProxy$VirtualFilterChain.doFilter(FilterChainProxy.java:334)
	at org.springframework.security.web.access.ExceptionTranslationFilter.doFilter(ExceptionTranslationFilter.java:118)
	at org.springframework.security.web.FilterChainProxy$VirtualFilterChain.doFilter(FilterChainProxy.java:334)
	at org.springframework.security.web.session.SessionManagementFilter.doFilter(SessionManagementFilter.java:137)
	at org.springframework.security.web.FilterChainProxy$VirtualFilterChain.doFilter(FilterChainProxy.java:334)
	at org.springframework.security.web.authentication.AnonymousAuthenticationFilter.doFilter(AnonymousAuthenticationFilter.java:111)
	at org.springframework.security.web.FilterChainProxy$VirtualFilterChain.doFilter(FilterChainProxy.java:334)
	at org.springframework.security.web.servletapi.SecurityContextHolderAwareRequestFilter.doFilter(SecurityContextHolderAwareRequestFilter.java:158)
	at org.springframework.security.web.FilterChainProxy$VirtualFilterChain.doFilter(FilterChainProxy.java:334)
	at org.springframework.security.web.savedrequest.RequestCacheAwareFilter.doFilter(RequestCacheAwareFilter.java:63)
	at org.springframework.security.web.FilterChainProxy$VirtualFilterChain.doFilter(FilterChainProxy.java:334)
	at org.springframework.security.web.authentication.www.BasicAuthenticationFilter.doFilterInternal(BasicAuthenticationFilter.java:204)
	at org.springframework.web.filter.OncePerRequestFilter.doFilter(OncePerRequestFilter.java:119)
	at org.springframework.security.web.FilterChainProxy$VirtualFilterChain.doFilter(FilterChainProxy.java:334)
	at org.springframework.web.filter.CorsFilter.doFilterInternal(CorsFilter.java:92)
	at org.springframework.web.filter.OncePerRequestFilter.doFilter(OncePerRequestFilter.java:119)
	at org.springframework.security.web.FilterChainProxy$VirtualFilterChain.doFilter(FilterChainProxy.java:334)
	at org.springframework.security.web.authentication.logout.LogoutFilter.doFilter(LogoutFilter.java:116)
	at org.springframework.security.web.FilterChainProxy$VirtualFilterChain.doFilter(FilterChainProxy.java:334)
	at org.springframework.security.web.header.HeaderWriterFilter.doHeadersAfter(HeaderWriterFilter.java:92)
	at org.springframework.security.web.header.HeaderWriterFilter.doFilterInternal(HeaderWriterFilter.java:77)
	at org.springframework.web.filter.OncePerRequestFilter.doFilter(OncePerRequestFilter.java:119)
	at org.springframework.security.web.FilterChainProxy$VirtualFilterChain.doFilter(FilterChainProxy.java:334)
	at org.springframework.security.web.context.SecurityContextPersistenceFilter.doFilter(SecurityContextPersistenceFilter.java:105)
	at org.springframework.security.web.FilterChainProxy$VirtualFilterChain.doFilter(FilterChainProxy.java:334)
	at org.springframework.security.web.context.request.async.WebAsyncManagerIntegrationFilter.doFilterInternal(WebAsyncManagerIntegrationFilter.java:56)
	at org.springframework.web.filter.OncePerRequestFilter.doFilter(OncePerRequestFilter.java:119)
	at org.springframework.security.web.FilterChainProxy$VirtualFilterChain.doFilter(FilterChainProxy.java:334)
	at org.springframework.security.web.FilterChainProxy.doFilterInternal(FilterChainProxy.java:215)
	at org.springframework.security.web.FilterChainProxy.doFilter(FilterChainProxy.java:178)
	at org.springframework.web.filter.DelegatingFilterProxy.invokeDelegate(DelegatingFilterProxy.java:358)
	at org.springframework.web.filter.DelegatingFilterProxy.doFilter(DelegatingFilterProxy.java:271)
	at org.apache.catalina.core.ApplicationFilterChain.internalDoFilter(ApplicationFilterChain.java:193)
	at org.apache.catalina.core.ApplicationFilterChain.doFilter(ApplicationFilterChain.java:166)
	at org.springframework.web.filter.RequestContextFilter.doFilterInternal(RequestContextFilter.java:100)
	at org.springframework.web.filter.OncePerRequestFilter.doFilter(OncePerRequestFilter.java:119)
	at org.apache.catalina.core.ApplicationFilterChain.internalDoFilter(ApplicationFilterChain.java:193)
	at org.apache.catalina.core.ApplicationFilterChain.doFilter(ApplicationFilterChain.java:166)
	at org.springframework.web.filter.FormContentFilter.doFilterInternal(FormContentFilter.java:93)
	at org.springframework.web.filter.OncePerRequestFilter.doFilter(OncePerRequestFilter.java:119)
	at org.apache.catalina.core.ApplicationFilterChain.internalDoFilter(ApplicationFilterChain.java:193)
	at org.apache.catalina.core.ApplicationFilterChain.doFilter(ApplicationFilterChain.java:166)
	at org.springframework.boot.actuate.metrics.web.servlet.WebMvcMetricsFilter.doFilterInternal(WebMvcMetricsFilter.java:109)
	at org.springframework.web.filter.OncePerRequestFilter.doFilter(OncePerRequestFilter.java:119)
	at org.apache.catalina.core.ApplicationFilterChain.internalDoFilter(ApplicationFilterChain.java:193)
	at org.apache.catalina.core.ApplicationFilterChain.doFilter(ApplicationFilterChain.java:166)
	at org.springframework.web.filter.CharacterEncodingFilter.doFilterInternal(CharacterEncodingFilter.java:201)
	at org.springframework.web.filter.OncePerRequestFilter.doFilter(OncePerRequestFilter.java:119)
	at org.apache.catalina.core.ApplicationFilterChain.internalDoFilter(ApplicationFilterChain.java:193)
	at org.apache.catalina.core.ApplicationFilterChain.doFilter(ApplicationFilterChain.java:166)
	at org.apache.catalina.core.StandardWrapperValve.invoke(StandardWrapperValve.java:202)
	at org.apache.catalina.core.StandardContextValve.invoke(StandardContextValve.java:96)
	at org.apache.catalina.authenticator.AuthenticatorBase.invoke(AuthenticatorBase.java:541)
	at org.apache.catalina.core.StandardHostValve.invoke(StandardHostValve.java:139)
	at org.apache.catalina.valves.ErrorReportValve.invoke(ErrorReportValve.java:92)
	at org.apache.catalina.core.StandardEngineValve.invoke(StandardEngineValve.java:74)
	at org.apache.catalina.connector.CoyoteAdapter.service(CoyoteAdapter.java:343)
	at org.apache.coyote.http11.Http11Processor.service(Http11Processor.java:373)
	at org.apache.coyote.AbstractProcessorLight.process(AbstractProcessorLight.java:65)
	at org.apache.coyote.AbstractProtocol$ConnectionHandler.process(AbstractProtocol.java:868)
	at org.apache.tomcat.util.net.NioEndpoint$SocketProcessor.doRun(NioEndpoint.java:1594)
	at org.apache.tomcat.util.net.SocketProcessorBase.run(SocketProcessorBase.java:49)
	at java.base/java.util.concurrent.ThreadPoolExecutor.runWorker(ThreadPoolExecutor.java:1128)
	at java.base/java.util.concurrent.ThreadPoolExecutor$Worker.run(ThreadPoolExecutor.java:628)
	at org.apache.tomcat.util.threads.TaskThread$WrappingRunnable.run(TaskThread.java:61)
	at java.base/java.lang.Thread.run(Thread.java:834)
2020-05-26 15:14:13,854 INFO com.surshree.app.services.CustomUserDetailsService [http-nio-8080-exec-3] Granted Authorities --> ROLE_CONT
2020-05-26 15:14:13,861 INFO com.surshree.app.services.CustomUserDetailsService [http-nio-8080-exec-3] Granted Authorities --> ROLE_ADMN
2020-05-26 15:14:13,866 INFO com.surshree.app.services.CustomUserDetailsService [http-nio-8080-exec-3] Granted Authorities --> FUNC_CONT_MENU
2020-05-26 15:14:13,867 INFO com.surshree.app.services.CustomUserDetailsService [http-nio-8080-exec-3] Granted Authorities --> FUNC_CONT_MENU
2020-05-26 15:14:13,867 INFO com.surshree.app.services.CustomUserDetailsService [http-nio-8080-exec-3] Granted Authorities --> FUNC_VIEW_ADMIN_MENU
2020-05-26 15:14:13,871 WARN org.springframework.security.oauth2.provider.endpoint.TokenEndpoint [http-nio-8080-exec-3] Handling error: InvalidGrantException, Invalid Username and/or Password.
2020-05-26 15:14:37,174 INFO com.surshree.app.services.CustomUserDetailsService [http-nio-8080-exec-4] Granted Authorities --> ROLE_CONT
2020-05-26 15:14:37,201 INFO com.surshree.app.services.CustomUserDetailsService [http-nio-8080-exec-4] Granted Authorities --> ROLE_ADMN
2020-05-26 15:14:37,202 INFO com.surshree.app.services.CustomUserDetailsService [http-nio-8080-exec-4] Granted Authorities --> FUNC_CONT_MENU
2020-05-26 15:14:37,202 INFO com.surshree.app.services.CustomUserDetailsService [http-nio-8080-exec-4] Granted Authorities --> FUNC_CONT_MENU
2020-05-26 15:14:37,203 INFO com.surshree.app.services.CustomUserDetailsService [http-nio-8080-exec-4] Granted Authorities --> FUNC_VIEW_ADMIN_MENU
2020-05-26 15:14:37,205 WARN org.springframework.security.oauth2.provider.endpoint.TokenEndpoint [http-nio-8080-exec-4] Handling error: InvalidGrantException, Invalid Username and/or Password.
2020-05-26 15:15:26,871 WARN org.springframework.security.oauth2.provider.endpoint.TokenEndpoint [http-nio-8080-exec-5] Handling error: InvalidRequestException, Missing grant type
2020-05-26 15:16:36,604 INFO com.surshree.app.services.CustomUserDetailsService [http-nio-8080-exec-5] Granted Authorities --> ROLE_CONT
2020-05-26 15:16:36,607 INFO com.surshree.app.services.CustomUserDetailsService [http-nio-8080-exec-5] Granted Authorities --> ROLE_ADMN
2020-05-26 15:16:36,608 INFO com.surshree.app.services.CustomUserDetailsService [http-nio-8080-exec-5] Granted Authorities --> FUNC_CONT_MENU
2020-05-26 15:16:36,608 INFO com.surshree.app.services.CustomUserDetailsService [http-nio-8080-exec-5] Granted Authorities --> FUNC_CONT_MENU
2020-05-26 15:16:36,609 INFO com.surshree.app.services.CustomUserDetailsService [http-nio-8080-exec-5] Granted Authorities --> FUNC_VIEW_ADMIN_MENU
2020-05-26 15:16:36,611 WARN org.springframework.security.oauth2.provider.endpoint.TokenEndpoint [http-nio-8080-exec-5] Handling error: InvalidGrantException, Invalid Username and/or Password.
2020-05-26 15:16:45,296 INFO com.surshree.app.services.CustomUserDetailsService [http-nio-8080-exec-6] Granted Authorities --> ROLE_CONT
2020-05-26 15:16:45,297 INFO com.surshree.app.services.CustomUserDetailsService [http-nio-8080-exec-6] Granted Authorities --> ROLE_ADMN
2020-05-26 15:16:45,297 INFO com.surshree.app.services.CustomUserDetailsService [http-nio-8080-exec-6] Granted Authorities --> FUNC_CONT_MENU
2020-05-26 15:16:45,298 INFO com.surshree.app.services.CustomUserDetailsService [http-nio-8080-exec-6] Granted Authorities --> FUNC_CONT_MENU
2020-05-26 15:16:45,298 INFO com.surshree.app.services.CustomUserDetailsService [http-nio-8080-exec-6] Granted Authorities --> FUNC_VIEW_ADMIN_MENU
2020-05-26 15:16:46,039 INFO com.surshree.app.services.OtpService [http-nio-8080-exec-6] OTP Validated
2020-05-26 15:16:46,041 WARN org.springframework.security.oauth2.provider.endpoint.TokenEndpoint [http-nio-8080-exec-6] Handling error: InvalidGrantException, Invalid OTP.
2020-05-26 15:20:00,728 INFO com.surshree.app.scheduling.CacheScheduler [scheduling-1] Clear user cache : START
2020-05-26 15:20:00,739 INFO com.surshree.app.scheduling.CacheScheduler [scheduling-1] Clear user cache : END
2020-05-26 15:20:27,107 INFO org.springframework.boot.SpringApplication [main] No active profile set, falling back to default profiles: default
2020-05-26 15:20:28,472 INFO org.springframework.data.repository.config.RepositoryConfigurationDelegate [main] Bootstrapping Spring Data JPA repositories in DEFAULT mode.
2020-05-26 15:20:28,720 INFO org.springframework.data.repository.config.RepositoryConfigurationDelegate [main] Finished Spring Data repository scanning in 208ms. Found 9 JPA repository interfaces.
2020-05-26 15:20:29,777 INFO org.springframework.cloud.context.scope.GenericScope [main] BeanFactory id=57f89640-ebda-3990-af3a-d4f115be50de
2020-05-26 15:20:30,937 INFO org.springframework.boot.web.embedded.tomcat.TomcatWebServer [main] Tomcat initialized with port(s): 8080 (http)
2020-05-26 15:20:30,963 INFO org.apache.juli.logging.DirectJDKLog [main] Initializing ProtocolHandler ["http-nio-8080"]
2020-05-26 15:20:30,964 INFO org.apache.juli.logging.DirectJDKLog [main] Starting service [Tomcat]
2020-05-26 15:20:30,964 INFO org.apache.juli.logging.DirectJDKLog [main] Starting Servlet engine: [Apache Tomcat/9.0.33]
2020-05-26 15:20:31,317 INFO org.apache.juli.logging.DirectJDKLog [main] Initializing Spring embedded WebApplicationContext
2020-05-26 15:20:31,319 INFO org.springframework.boot.web.servlet.context.ServletWebServerApplicationContext [main] Root WebApplicationContext: initialization completed in 4117 ms
2020-05-26 15:20:31,962 INFO com.surshree.app.config.CacheConfig [main] Initializing cache.
2020-05-26 15:20:32,134 INFO org.hibernate.jpa.internal.util.LogHelper [main] HHH000204: Processing PersistenceUnitInfo [name: default]
2020-05-26 15:20:32,291 INFO org.hibernate.Version [main] HHH000412: Hibernate ORM core version 5.4.12.Final
2020-05-26 15:20:32,611 INFO org.hibernate.annotations.common.reflection.java.JavaReflectionManager [main] HCANN000001: Hibernate Commons Annotations {5.1.0.Final}
2020-05-26 15:20:32,885 INFO com.zaxxer.hikari.HikariDataSource [main] HikariPool-1 - Starting...
2020-05-26 15:20:33,117 INFO com.zaxxer.hikari.HikariDataSource [main] HikariPool-1 - Start completed.
2020-05-26 15:20:33,180 INFO org.hibernate.dialect.Dialect [main] HHH000400: Using dialect: org.hibernate.dialect.PostgreSQL10Dialect
2020-05-26 15:20:35,580 INFO org.hibernate.engine.transaction.jta.platform.internal.JtaPlatformInitiator [main] HHH000490: Using JtaPlatform implementation: [org.hibernate.engine.transaction.jta.platform.internal.NoJtaPlatform]
2020-05-26 15:20:35,832 INFO org.springframework.orm.jpa.AbstractEntityManagerFactoryBean [main] Initialized JPA EntityManagerFactory for persistence unit 'default'
2020-05-26 15:20:35,929 WARN org.springframework.boot.autoconfigure.orm.jpa.JpaBaseConfiguration$JpaWebConfiguration [main] spring.jpa.open-in-view is enabled by default. Therefore, database queries may be performed during view rendering. Explicitly configure spring.jpa.open-in-view to disable this warning
2020-05-26 15:20:38,646 INFO org.springframework.security.web.DefaultSecurityFilterChain [main] Creating filter chain: OrRequestMatcher [requestMatchers=[Ant [pattern='/oauth/token'], Ant [pattern='/oauth/token_key'], Ant [pattern='/oauth/check_token']]], [org.springframework.security.web.context.request.async.WebAsyncManagerIntegrationFilter@7b99e726, org.springframework.security.web.context.SecurityContextPersistenceFilter@3459ccd9, org.springframework.security.web.header.HeaderWriterFilter@2100d881, org.springframework.security.web.authentication.logout.LogoutFilter@613d42ab, org.springframework.web.filter.CorsFilter@1b841396, org.springframework.security.web.authentication.www.BasicAuthenticationFilter@12b34bd5, org.springframework.security.web.savedrequest.RequestCacheAwareFilter@1147a8de, org.springframework.security.web.servletapi.SecurityContextHolderAwareRequestFilter@670e6fa3, org.springframework.security.web.authentication.AnonymousAuthenticationFilter@583b177a, org.springframework.security.web.session.SessionManagementFilter@10395bc4, org.springframework.security.web.access.ExceptionTranslationFilter@4aa4bfa1, org.springframework.security.web.access.intercept.FilterSecurityInterceptor@3a72b2c9]
2020-05-26 15:20:38,664 INFO org.springframework.security.web.DefaultSecurityFilterChain [main] Creating filter chain: com.surshree.app.config.ResourceServerConfig$$Lambda$1054/0x00000008009fb040@592e315e, [org.springframework.security.web.context.request.async.WebAsyncManagerIntegrationFilter@f7a8a7b, org.springframework.security.web.context.SecurityContextPersistenceFilter@34e4a136, org.springframework.security.web.header.HeaderWriterFilter@77227b1f, org.springframework.security.web.authentication.logout.LogoutFilter@5ea24702, org.springframework.security.oauth2.provider.authentication.OAuth2AuthenticationProcessingFilter@4620e669, org.springframework.security.web.savedrequest.RequestCacheAwareFilter@43300e64, org.springframework.security.web.servletapi.SecurityContextHolderAwareRequestFilter@27ae6f9e, org.springframework.security.web.authentication.AnonymousAuthenticationFilter@1dfd39fe, org.springframework.security.web.session.SessionManagementFilter@73136174, org.springframework.security.web.access.ExceptionTranslationFilter@5a75bad4, org.springframework.security.web.access.intercept.FilterSecurityInterceptor@187c8f96]
2020-05-26 15:20:39,181 INFO org.springframework.boot.actuate.endpoint.web.EndpointLinksResolver [main] Exposing 2 endpoint(s) beneath base path '/actuator'
2020-05-26 15:20:39,203 INFO org.springframework.security.web.DefaultSecurityFilterChain [main] Creating filter chain: any request, [org.springframework.security.web.context.request.async.WebAsyncManagerIntegrationFilter@62065d12, org.springframework.security.web.context.SecurityContextPersistenceFilter@21acc86a, org.springframework.security.web.header.HeaderWriterFilter@6efd83ac, org.springframework.web.filter.CorsFilter@5523f107, org.springframework.security.web.authentication.logout.LogoutFilter@643bef2a, org.springframework.security.web.authentication.www.BasicAuthenticationFilter@3ea95f79, org.springframework.security.web.savedrequest.RequestCacheAwareFilter@443819d5, org.springframework.security.web.servletapi.SecurityContextHolderAwareRequestFilter@465a121d, org.springframework.security.web.authentication.AnonymousAuthenticationFilter@4ae836cf, org.springframework.security.web.session.SessionManagementFilter@117e9a56, org.springframework.security.web.access.ExceptionTranslationFilter@475454ae, org.springframework.security.web.access.intercept.FilterSecurityInterceptor@6296c184]
2020-05-26 15:20:39,370 INFO org.springframework.scheduling.concurrent.ExecutorConfigurationSupport [main] Initializing ExecutorService 'applicationTaskExecutor'
2020-05-26 15:20:39,700 INFO org.springframework.scheduling.concurrent.ExecutorConfigurationSupport [main] Initializing ExecutorService 'taskScheduler'
2020-05-26 15:20:39,821 INFO com.surshree.app.scheduling.CacheScheduler [scheduling-1] Clear user cache : START
2020-05-26 15:20:39,823 INFO com.surshree.app.scheduling.CacheScheduler [scheduling-1] Clear user cache : END
2020-05-26 15:20:39,824 INFO org.apache.juli.logging.DirectJDKLog [main] Starting ProtocolHandler ["http-nio-8080"]
2020-05-26 15:20:39,913 INFO org.springframework.boot.web.embedded.tomcat.TomcatWebServer [main] Tomcat started on port(s): 8080 (http) with context path ''
2020-05-26 15:20:39,920 INFO org.springframework.boot.StartupInfoLogger [main] Started SurShreeApplication in 15.62 seconds (JVM running for 16.65)
2020-05-26 15:22:11,670 INFO org.apache.juli.logging.DirectJDKLog [http-nio-8080-exec-1] Initializing Spring DispatcherServlet 'dispatcherServlet'
2020-05-26 15:22:11,672 INFO org.springframework.web.servlet.FrameworkServlet [http-nio-8080-exec-1] Initializing Servlet 'dispatcherServlet'
2020-05-26 15:22:11,703 INFO org.springframework.web.servlet.FrameworkServlet [http-nio-8080-exec-1] Completed initialization in 28 ms
2020-05-26 15:22:12,556 INFO com.surshree.app.services.CustomUserDetailsService [http-nio-8080-exec-1] Granted Authorities --> ROLE_ADMN
2020-05-26 15:22:12,556 INFO com.surshree.app.services.CustomUserDetailsService [http-nio-8080-exec-1] Granted Authorities --> ROLE_CONT
2020-05-26 15:22:12,557 INFO com.surshree.app.services.CustomUserDetailsService [http-nio-8080-exec-1] Granted Authorities --> FUNC_CONT_MENU
2020-05-26 15:22:12,559 INFO com.surshree.app.services.CustomUserDetailsService [http-nio-8080-exec-1] Granted Authorities --> FUNC_VIEW_ADMIN_MENU
2020-05-26 15:22:12,562 INFO com.surshree.app.services.CustomUserDetailsService [http-nio-8080-exec-1] Granted Authorities --> FUNC_CONT_MENU
2020-05-26 15:22:12,604 WARN org.springframework.security.oauth2.provider.endpoint.TokenEndpoint [http-nio-8080-exec-1] Handling error: InvalidGrantException, Invalid Username and/or Password.
2020-05-26 15:22:27,131 INFO com.surshree.app.services.OtpService [http-nio-8080-exec-2] OTP Generated
2020-05-26 15:22:27,139 INFO com.surshree.app.services.CustomUserDetailsService [http-nio-8080-exec-2] Granted Authorities --> ROLE_ADMN
2020-05-26 15:22:27,139 INFO com.surshree.app.services.CustomUserDetailsService [http-nio-8080-exec-2] Granted Authorities --> ROLE_CONT
2020-05-26 15:22:27,140 INFO com.surshree.app.services.CustomUserDetailsService [http-nio-8080-exec-2] Granted Authorities --> FUNC_CONT_MENU
2020-05-26 15:22:27,141 INFO com.surshree.app.services.CustomUserDetailsService [http-nio-8080-exec-2] Granted Authorities --> FUNC_VIEW_ADMIN_MENU
2020-05-26 15:22:27,141 INFO com.surshree.app.services.CustomUserDetailsService [http-nio-8080-exec-2] Granted Authorities --> FUNC_CONT_MENU
2020-05-26 15:22:34,764 INFO com.surshree.app.services.CustomUserDetailsService [http-nio-8080-exec-3] Granted Authorities --> ROLE_ADMN
2020-05-26 15:22:34,764 INFO com.surshree.app.services.CustomUserDetailsService [http-nio-8080-exec-3] Granted Authorities --> ROLE_CONT
2020-05-26 15:22:34,765 INFO com.surshree.app.services.CustomUserDetailsService [http-nio-8080-exec-3] Granted Authorities --> FUNC_CONT_MENU
2020-05-26 15:22:34,766 INFO com.surshree.app.services.CustomUserDetailsService [http-nio-8080-exec-3] Granted Authorities --> FUNC_VIEW_ADMIN_MENU
2020-05-26 15:22:34,767 INFO com.surshree.app.services.CustomUserDetailsService [http-nio-8080-exec-3] Granted Authorities --> FUNC_CONT_MENU
2020-05-26 15:22:35,093 INFO com.surshree.app.services.OtpService [http-nio-8080-exec-3] OTP Validated
2020-05-26 15:22:35,095 WARN org.springframework.security.oauth2.provider.endpoint.TokenEndpoint [http-nio-8080-exec-3] Handling error: InvalidGrantException, Invalid OTP.
2020-05-26 15:22:39,945 INFO com.surshree.app.services.OtpService [http-nio-8080-exec-4] OTP Generated
2020-05-26 15:22:39,958 INFO com.surshree.app.services.CustomUserDetailsService [http-nio-8080-exec-4] Granted Authorities --> ROLE_ADMN
2020-05-26 15:22:39,959 INFO com.surshree.app.services.CustomUserDetailsService [http-nio-8080-exec-4] Granted Authorities --> ROLE_CONT
2020-05-26 15:22:39,959 INFO com.surshree.app.services.CustomUserDetailsService [http-nio-8080-exec-4] Granted Authorities --> FUNC_CONT_MENU
2020-05-26 15:22:39,960 INFO com.surshree.app.services.CustomUserDetailsService [http-nio-8080-exec-4] Granted Authorities --> FUNC_VIEW_ADMIN_MENU
2020-05-26 15:22:39,960 INFO com.surshree.app.services.CustomUserDetailsService [http-nio-8080-exec-4] Granted Authorities --> FUNC_CONT_MENU
2020-05-26 15:22:50,140 INFO com.surshree.app.services.CustomUserDetailsService [http-nio-8080-exec-5] Granted Authorities --> ROLE_ADMN
2020-05-26 15:22:50,141 INFO com.surshree.app.services.CustomUserDetailsService [http-nio-8080-exec-5] Granted Authorities --> ROLE_CONT
2020-05-26 15:22:50,142 INFO com.surshree.app.services.CustomUserDetailsService [http-nio-8080-exec-5] Granted Authorities --> FUNC_CONT_MENU
2020-05-26 15:22:50,142 INFO com.surshree.app.services.CustomUserDetailsService [http-nio-8080-exec-5] Granted Authorities --> FUNC_VIEW_ADMIN_MENU
2020-05-26 15:22:50,142 INFO com.surshree.app.services.CustomUserDetailsService [http-nio-8080-exec-5] Granted Authorities --> FUNC_CONT_MENU
2020-05-26 15:22:50,459 INFO com.surshree.app.services.OtpService [http-nio-8080-exec-5] OTP Validated
2020-05-26 15:22:50,466 WARN org.springframework.security.oauth2.provider.endpoint.TokenEndpoint [http-nio-8080-exec-5] Handling error: InvalidGrantException, Invalid OTP.
2020-05-26 15:23:24,252 INFO com.surshree.app.services.OtpService [http-nio-8080-exec-6] OTP Generated
2020-05-26 15:23:24,255 INFO com.surshree.app.services.CustomUserDetailsService [http-nio-8080-exec-6] Granted Authorities --> ROLE_ADMN
2020-05-26 15:23:24,256 INFO com.surshree.app.services.CustomUserDetailsService [http-nio-8080-exec-6] Granted Authorities --> ROLE_CONT
2020-05-26 15:23:24,257 INFO com.surshree.app.services.CustomUserDetailsService [http-nio-8080-exec-6] Granted Authorities --> FUNC_CONT_MENU
2020-05-26 15:23:24,258 INFO com.surshree.app.services.CustomUserDetailsService [http-nio-8080-exec-6] Granted Authorities --> FUNC_VIEW_ADMIN_MENU
2020-05-26 15:23:24,260 INFO com.surshree.app.services.CustomUserDetailsService [http-nio-8080-exec-6] Granted Authorities --> FUNC_CONT_MENU
2020-05-26 15:25:11,053 INFO com.surshree.app.services.CustomUserDetailsService [http-nio-8080-exec-9] Granted Authorities --> ROLE_ADMN
2020-05-26 15:25:11,063 INFO com.surshree.app.services.CustomUserDetailsService [http-nio-8080-exec-9] Granted Authorities --> ROLE_CONT
2020-05-26 15:25:11,063 INFO com.surshree.app.services.CustomUserDetailsService [http-nio-8080-exec-9] Granted Authorities --> FUNC_CONT_MENU
2020-05-26 15:25:11,064 INFO com.surshree.app.services.CustomUserDetailsService [http-nio-8080-exec-9] Granted Authorities --> FUNC_VIEW_ADMIN_MENU
2020-05-26 15:25:11,065 INFO com.surshree.app.services.CustomUserDetailsService [http-nio-8080-exec-9] Granted Authorities --> FUNC_CONT_MENU
2020-05-26 15:25:11,486 INFO com.surshree.app.services.OtpService [http-nio-8080-exec-9] OTP Validated
2020-05-26 15:25:11,487 WARN org.springframework.security.oauth2.provider.endpoint.TokenEndpoint [http-nio-8080-exec-9] Handling error: InvalidGrantException, Invalid OTP.
2020-05-26 15:25:17,137 INFO com.surshree.app.services.CustomUserDetailsService [http-nio-8080-exec-10] Granted Authorities --> ROLE_ADMN
2020-05-26 15:25:17,138 INFO com.surshree.app.services.CustomUserDetailsService [http-nio-8080-exec-10] Granted Authorities --> ROLE_CONT
2020-05-26 15:25:17,141 INFO com.surshree.app.services.CustomUserDetailsService [http-nio-8080-exec-10] Granted Authorities --> FUNC_CONT_MENU
2020-05-26 15:25:17,146 INFO com.surshree.app.services.CustomUserDetailsService [http-nio-8080-exec-10] Granted Authorities --> FUNC_VIEW_ADMIN_MENU
2020-05-26 15:25:17,151 INFO com.surshree.app.services.CustomUserDetailsService [http-nio-8080-exec-10] Granted Authorities --> FUNC_CONT_MENU
2020-05-26 15:25:17,154 WARN org.springframework.security.oauth2.provider.endpoint.TokenEndpoint [http-nio-8080-exec-10] Handling error: InvalidGrantException, Invalid Username and/or Password.
2020-05-26 15:30:39,843 INFO com.surshree.app.scheduling.CacheScheduler [scheduling-1] Clear user cache : START
2020-05-26 15:30:39,855 INFO com.surshree.app.scheduling.CacheScheduler [scheduling-1] Clear user cache : END
2020-05-26 15:33:53,688 INFO com.surshree.app.services.CustomUserDetailsService [http-nio-8080-exec-3] Granted Authorities --> ROLE_CONT
2020-05-26 15:33:53,690 INFO com.surshree.app.services.CustomUserDetailsService [http-nio-8080-exec-3] Granted Authorities --> ROLE_ADMN
2020-05-26 15:33:53,692 INFO com.surshree.app.services.CustomUserDetailsService [http-nio-8080-exec-3] Granted Authorities --> FUNC_CONT_MENU
2020-05-26 15:33:53,694 INFO com.surshree.app.services.CustomUserDetailsService [http-nio-8080-exec-3] Granted Authorities --> FUNC_VIEW_ADMIN_MENU
2020-05-26 15:33:53,695 INFO com.surshree.app.services.CustomUserDetailsService [http-nio-8080-exec-3] Granted Authorities --> FUNC_CONT_MENU
2020-05-26 15:33:53,727 WARN org.springframework.security.oauth2.provider.endpoint.TokenEndpoint [http-nio-8080-exec-3] Handling error: InvalidGrantException, Invalid Username and/or Password.
2020-05-26 15:34:01,660 INFO com.surshree.app.services.CustomUserDetailsService [http-nio-8080-exec-4] Granted Authorities --> ROLE_CONT
2020-05-26 15:34:01,663 INFO com.surshree.app.services.CustomUserDetailsService [http-nio-8080-exec-4] Granted Authorities --> ROLE_ADMN
2020-05-26 15:34:01,664 INFO com.surshree.app.services.CustomUserDetailsService [http-nio-8080-exec-4] Granted Authorities --> FUNC_CONT_MENU
2020-05-26 15:34:01,665 INFO com.surshree.app.services.CustomUserDetailsService [http-nio-8080-exec-4] Granted Authorities --> FUNC_VIEW_ADMIN_MENU
2020-05-26 15:34:01,666 INFO com.surshree.app.services.CustomUserDetailsService [http-nio-8080-exec-4] Granted Authorities --> FUNC_CONT_MENU
2020-05-26 15:34:01,667 WARN org.springframework.security.oauth2.provider.endpoint.TokenEndpoint [http-nio-8080-exec-4] Handling error: InvalidGrantException, Invalid Username and/or Password.
2020-05-26 15:34:57,767 INFO com.surshree.app.services.CustomUserDetailsService [http-nio-8080-exec-6] Granted Authorities --> ROLE_CONT
2020-05-26 15:34:57,768 INFO com.surshree.app.services.CustomUserDetailsService [http-nio-8080-exec-6] Granted Authorities --> ROLE_ADMN
2020-05-26 15:34:57,769 INFO com.surshree.app.services.CustomUserDetailsService [http-nio-8080-exec-6] Granted Authorities --> FUNC_CONT_MENU
2020-05-26 15:34:57,770 INFO com.surshree.app.services.CustomUserDetailsService [http-nio-8080-exec-6] Granted Authorities --> FUNC_VIEW_ADMIN_MENU
2020-05-26 15:34:57,771 INFO com.surshree.app.services.CustomUserDetailsService [http-nio-8080-exec-6] Granted Authorities --> FUNC_CONT_MENU
2020-05-26 15:34:57,772 WARN org.springframework.security.oauth2.provider.endpoint.TokenEndpoint [http-nio-8080-exec-6] Handling error: InvalidGrantException, Invalid Username and/or Password.
2020-05-26 15:35:04,234 INFO com.surshree.app.services.CustomUserDetailsService [http-nio-8080-exec-7] Granted Authorities --> ROLE_CONT
2020-05-26 15:35:04,235 INFO com.surshree.app.services.CustomUserDetailsService [http-nio-8080-exec-7] Granted Authorities --> ROLE_ADMN
2020-05-26 15:35:04,236 INFO com.surshree.app.services.CustomUserDetailsService [http-nio-8080-exec-7] Granted Authorities --> FUNC_CONT_MENU
2020-05-26 15:35:04,237 INFO com.surshree.app.services.CustomUserDetailsService [http-nio-8080-exec-7] Granted Authorities --> FUNC_VIEW_ADMIN_MENU
2020-05-26 15:35:04,238 INFO com.surshree.app.services.CustomUserDetailsService [http-nio-8080-exec-7] Granted Authorities --> FUNC_CONT_MENU
2020-05-26 15:35:04,241 WARN org.springframework.security.oauth2.provider.endpoint.TokenEndpoint [http-nio-8080-exec-7] Handling error: InvalidGrantException, Invalid Username and/or Password.
2020-05-26 15:38:01,255 INFO com.surshree.app.services.CustomUserDetailsService [http-nio-8080-exec-9] Granted Authorities --> ROLE_CONT
2020-05-26 15:38:01,264 INFO com.surshree.app.services.CustomUserDetailsService [http-nio-8080-exec-9] Granted Authorities --> ROLE_ADMN
2020-05-26 15:38:01,265 INFO com.surshree.app.services.CustomUserDetailsService [http-nio-8080-exec-9] Granted Authorities --> FUNC_CONT_MENU
2020-05-26 15:38:01,266 INFO com.surshree.app.services.CustomUserDetailsService [http-nio-8080-exec-9] Granted Authorities --> FUNC_VIEW_ADMIN_MENU
2020-05-26 15:38:01,267 INFO com.surshree.app.services.CustomUserDetailsService [http-nio-8080-exec-9] Granted Authorities --> FUNC_CONT_MENU
2020-05-26 15:38:01,268 WARN org.springframework.security.oauth2.provider.endpoint.TokenEndpoint [http-nio-8080-exec-9] Handling error: InvalidGrantException, Invalid Username and/or Password.
2020-05-26 15:40:39,876 INFO com.surshree.app.scheduling.CacheScheduler [scheduling-1] Clear user cache : START
2020-05-26 15:40:39,886 INFO com.surshree.app.scheduling.CacheScheduler [scheduling-1] Clear user cache : END
2020-05-26 15:46:22,220 INFO com.surshree.app.services.CustomUserDetailsService [http-nio-8080-exec-8] Granted Authorities --> ROLE_CONT
2020-05-26 15:46:22,226 INFO com.surshree.app.services.CustomUserDetailsService [http-nio-8080-exec-8] Granted Authorities --> ROLE_ADMN
2020-05-26 15:46:22,227 INFO com.surshree.app.services.CustomUserDetailsService [http-nio-8080-exec-8] Granted Authorities --> FUNC_CONT_MENU
2020-05-26 15:46:22,228 INFO com.surshree.app.services.CustomUserDetailsService [http-nio-8080-exec-8] Granted Authorities --> FUNC_CONT_MENU
2020-05-26 15:46:22,228 INFO com.surshree.app.services.CustomUserDetailsService [http-nio-8080-exec-8] Granted Authorities --> FUNC_VIEW_ADMIN_MENU
2020-05-26 15:46:22,234 WARN org.springframework.security.oauth2.provider.endpoint.TokenEndpoint [http-nio-8080-exec-8] Handling error: InvalidGrantException, Invalid Username and/or Password.
2020-05-26 15:47:15,232 INFO org.springframework.boot.SpringApplication [main] No active profile set, falling back to default profiles: default
2020-05-26 15:47:17,180 INFO org.springframework.data.repository.config.RepositoryConfigurationDelegate [main] Bootstrapping Spring Data JPA repositories in DEFAULT mode.
2020-05-26 15:47:17,443 INFO org.springframework.data.repository.config.RepositoryConfigurationDelegate [main] Finished Spring Data repository scanning in 246ms. Found 9 JPA repository interfaces.
2020-05-26 15:47:18,854 INFO org.springframework.cloud.context.scope.GenericScope [main] BeanFactory id=57f89640-ebda-3990-af3a-d4f115be50de
2020-05-26 15:47:20,125 INFO org.springframework.boot.web.embedded.tomcat.TomcatWebServer [main] Tomcat initialized with port(s): 8080 (http)
2020-05-26 15:47:20,144 INFO org.apache.juli.logging.DirectJDKLog [main] Initializing ProtocolHandler ["http-nio-8080"]
2020-05-26 15:47:20,145 INFO org.apache.juli.logging.DirectJDKLog [main] Starting service [Tomcat]
2020-05-26 15:47:20,145 INFO org.apache.juli.logging.DirectJDKLog [main] Starting Servlet engine: [Apache Tomcat/9.0.33]
2020-05-26 15:47:20,614 INFO org.apache.juli.logging.DirectJDKLog [main] Initializing Spring embedded WebApplicationContext
2020-05-26 15:47:20,615 INFO org.springframework.boot.web.servlet.context.ServletWebServerApplicationContext [main] Root WebApplicationContext: initialization completed in 5307 ms
2020-05-26 15:47:21,324 INFO com.surshree.app.config.CacheConfig [main] Initializing cache.
2020-05-26 15:47:21,530 INFO org.hibernate.jpa.internal.util.LogHelper [main] HHH000204: Processing PersistenceUnitInfo [name: default]
2020-05-26 15:47:21,731 INFO org.hibernate.Version [main] HHH000412: Hibernate ORM core version 5.4.12.Final
2020-05-26 15:47:22,231 INFO org.hibernate.annotations.common.reflection.java.JavaReflectionManager [main] HCANN000001: Hibernate Commons Annotations {5.1.0.Final}
2020-05-26 15:47:22,529 INFO com.zaxxer.hikari.HikariDataSource [main] HikariPool-1 - Starting...
2020-05-26 15:47:22,784 INFO com.zaxxer.hikari.HikariDataSource [main] HikariPool-1 - Start completed.
2020-05-26 15:47:22,844 INFO org.hibernate.dialect.Dialect [main] HHH000400: Using dialect: org.hibernate.dialect.PostgreSQL10Dialect
2020-05-26 15:47:25,686 INFO org.hibernate.engine.transaction.jta.platform.internal.JtaPlatformInitiator [main] HHH000490: Using JtaPlatform implementation: [org.hibernate.engine.transaction.jta.platform.internal.NoJtaPlatform]
2020-05-26 15:47:26,031 INFO org.springframework.orm.jpa.AbstractEntityManagerFactoryBean [main] Initialized JPA EntityManagerFactory for persistence unit 'default'
2020-05-26 15:47:26,137 WARN org.springframework.boot.autoconfigure.orm.jpa.JpaBaseConfiguration$JpaWebConfiguration [main] spring.jpa.open-in-view is enabled by default. Therefore, database queries may be performed during view rendering. Explicitly configure spring.jpa.open-in-view to disable this warning
2020-05-26 15:47:29,464 INFO org.springframework.security.web.DefaultSecurityFilterChain [main] Creating filter chain: OrRequestMatcher [requestMatchers=[Ant [pattern='/oauth/token'], Ant [pattern='/oauth/token_key'], Ant [pattern='/oauth/check_token']]], [org.springframework.security.web.context.request.async.WebAsyncManagerIntegrationFilter@71077d1, org.springframework.security.web.context.SecurityContextPersistenceFilter@616d9a6d, org.springframework.security.web.header.HeaderWriterFilter@1d63f6be, org.springframework.security.web.authentication.logout.LogoutFilter@1c11a496, org.springframework.web.filter.CorsFilter@36e7b91c, org.springframework.security.web.authentication.www.BasicAuthenticationFilter@2330c5c5, org.springframework.security.web.savedrequest.RequestCacheAwareFilter@52b4da7c, org.springframework.security.web.servletapi.SecurityContextHolderAwareRequestFilter@610115e8, org.springframework.security.web.authentication.AnonymousAuthenticationFilter@630a647c, org.springframework.security.web.session.SessionManagementFilter@1f1b69bb, org.springframework.security.web.access.ExceptionTranslationFilter@33224703, org.springframework.security.web.access.intercept.FilterSecurityInterceptor@148c571c]
2020-05-26 15:47:29,485 INFO org.springframework.security.web.DefaultSecurityFilterChain [main] Creating filter chain: com.surshree.app.config.ResourceServerConfig$$Lambda$1054/0x00000008009fb040@578cd644, [org.springframework.security.web.context.request.async.WebAsyncManagerIntegrationFilter@31af3f22, org.springframework.security.web.context.SecurityContextPersistenceFilter@2f5378cd, org.springframework.security.web.header.HeaderWriterFilter@343b3399, org.springframework.security.web.authentication.logout.LogoutFilter@7a98f106, org.springframework.security.oauth2.provider.authentication.OAuth2AuthenticationProcessingFilter@2197990b, org.springframework.security.web.savedrequest.RequestCacheAwareFilter@3695e4f2, org.springframework.security.web.servletapi.SecurityContextHolderAwareRequestFilter@5bdfae42, org.springframework.security.web.authentication.AnonymousAuthenticationFilter@6c418f0b, org.springframework.security.web.session.SessionManagementFilter@6f2f4b9e, org.springframework.security.web.access.ExceptionTranslationFilter@43ab4e83, org.springframework.security.web.access.intercept.FilterSecurityInterceptor@1a99d328]
2020-05-26 15:47:30,034 INFO org.springframework.boot.actuate.endpoint.web.EndpointLinksResolver [main] Exposing 2 endpoint(s) beneath base path '/actuator'
2020-05-26 15:47:30,066 INFO org.springframework.security.web.DefaultSecurityFilterChain [main] Creating filter chain: any request, [org.springframework.security.web.context.request.async.WebAsyncManagerIntegrationFilter@4ba99bb7, org.springframework.security.web.context.SecurityContextPersistenceFilter@11759e4a, org.springframework.security.web.header.HeaderWriterFilter@41a18b54, org.springframework.web.filter.CorsFilter@4cf99283, org.springframework.security.web.authentication.logout.LogoutFilter@17287458, org.springframework.security.web.authentication.www.BasicAuthenticationFilter@2d492d46, org.springframework.security.web.savedrequest.RequestCacheAwareFilter@354a1239, org.springframework.security.web.servletapi.SecurityContextHolderAwareRequestFilter@78fcc4ef, org.springframework.security.web.authentication.AnonymousAuthenticationFilter@6d4f1a44, org.springframework.security.web.session.SessionManagementFilter@78854721, org.springframework.security.web.access.ExceptionTranslationFilter@ab5d5c8, org.springframework.security.web.access.intercept.FilterSecurityInterceptor@3d1703f8]
2020-05-26 15:47:30,237 INFO org.springframework.scheduling.concurrent.ExecutorConfigurationSupport [main] Initializing ExecutorService 'applicationTaskExecutor'
2020-05-26 15:47:30,688 INFO org.springframework.scheduling.concurrent.ExecutorConfigurationSupport [main] Initializing ExecutorService 'taskScheduler'
2020-05-26 15:47:30,856 INFO com.surshree.app.scheduling.CacheScheduler [scheduling-1] Clear user cache : START
2020-05-26 15:47:30,858 INFO com.surshree.app.scheduling.CacheScheduler [scheduling-1] Clear user cache : END
2020-05-26 15:47:30,859 INFO org.apache.juli.logging.DirectJDKLog [main] Starting ProtocolHandler ["http-nio-8080"]
2020-05-26 15:47:30,950 INFO org.springframework.boot.web.embedded.tomcat.TomcatWebServer [main] Tomcat started on port(s): 8080 (http) with context path ''
2020-05-26 15:47:30,957 INFO org.springframework.boot.StartupInfoLogger [main] Started SurShreeApplication in 18.732 seconds (JVM running for 20.12)
2020-05-26 15:48:08,806 INFO org.apache.juli.logging.DirectJDKLog [http-nio-8080-exec-1] Initializing Spring DispatcherServlet 'dispatcherServlet'
2020-05-26 15:48:08,808 INFO org.springframework.web.servlet.FrameworkServlet [http-nio-8080-exec-1] Initializing Servlet 'dispatcherServlet'
2020-05-26 15:48:08,836 INFO org.springframework.web.servlet.FrameworkServlet [http-nio-8080-exec-1] Completed initialization in 27 ms
2020-05-26 15:48:09,780 INFO com.surshree.app.services.CustomUserDetailsService [http-nio-8080-exec-1] Granted Authorities --> ROLE_ADMN
2020-05-26 15:48:09,781 INFO com.surshree.app.services.CustomUserDetailsService [http-nio-8080-exec-1] Granted Authorities --> ROLE_CONT
2020-05-26 15:48:09,782 INFO com.surshree.app.services.CustomUserDetailsService [http-nio-8080-exec-1] Granted Authorities --> FUNC_VIEW_ADMIN_MENU
2020-05-26 15:48:09,783 INFO com.surshree.app.services.CustomUserDetailsService [http-nio-8080-exec-1] Granted Authorities --> FUNC_CONT_MENU
2020-05-26 15:48:09,784 INFO com.surshree.app.services.CustomUserDetailsService [http-nio-8080-exec-1] Granted Authorities --> FUNC_CONT_MENU
2020-05-26 15:48:09,877 INFO org.springframework.security.oauth2.provider.token.store.JdbcTokenStore [http-nio-8080-exec-1] Failed to find access token for token f9c38547-56bf-4914-9f1f-96eab7cefbdb
2020-05-26 15:48:10,087 WARN org.springframework.security.oauth2.provider.endpoint.TokenEndpoint [http-nio-8080-exec-1] Handling error: ClassCastException, class org.springframework.security.oauth2.common.DefaultOAuth2AccessToken cannot be cast to class java.util.Map (org.springframework.security.oauth2.common.DefaultOAuth2AccessToken is in unnamed module of loader 'app'; java.util.Map is in module java.base of loader 'bootstrap')
2020-05-26 15:49:49,729 INFO org.springframework.boot.SpringApplication [main] No active profile set, falling back to default profiles: default
2020-05-26 15:49:51,994 INFO org.springframework.data.repository.config.RepositoryConfigurationDelegate [main] Bootstrapping Spring Data JPA repositories in DEFAULT mode.
2020-05-26 15:49:52,264 INFO org.springframework.data.repository.config.RepositoryConfigurationDelegate [main] Finished Spring Data repository scanning in 253ms. Found 9 JPA repository interfaces.
2020-05-26 15:49:54,036 INFO org.springframework.cloud.context.scope.GenericScope [main] BeanFactory id=a348455a-eca5-3727-b2d0-e1f393ab79cc
2020-05-26 15:49:55,734 INFO org.springframework.boot.web.embedded.tomcat.TomcatWebServer [main] Tomcat initialized with port(s): 8080 (http)
2020-05-26 15:49:55,770 INFO org.apache.juli.logging.DirectJDKLog [main] Initializing ProtocolHandler ["http-nio-8080"]
2020-05-26 15:49:55,771 INFO org.apache.juli.logging.DirectJDKLog [main] Starting service [Tomcat]
2020-05-26 15:49:55,772 INFO org.apache.juli.logging.DirectJDKLog [main] Starting Servlet engine: [Apache Tomcat/9.0.33]
2020-05-26 15:49:56,203 INFO org.apache.juli.logging.DirectJDKLog [main] Initializing Spring embedded WebApplicationContext
2020-05-26 15:49:56,203 INFO org.springframework.boot.web.servlet.context.ServletWebServerApplicationContext [main] Root WebApplicationContext: initialization completed in 6373 ms
2020-05-26 15:49:57,043 INFO com.surshree.app.config.CacheConfig [main] Initializing cache.
2020-05-26 15:49:57,279 INFO org.hibernate.jpa.internal.util.LogHelper [main] HHH000204: Processing PersistenceUnitInfo [name: default]
2020-05-26 15:49:57,593 INFO org.hibernate.Version [main] HHH000412: Hibernate ORM core version 5.4.12.Final
2020-05-26 15:49:58,073 INFO org.hibernate.annotations.common.reflection.java.JavaReflectionManager [main] HCANN000001: Hibernate Commons Annotations {5.1.0.Final}
2020-05-26 15:49:58,401 INFO com.zaxxer.hikari.HikariDataSource [main] HikariPool-1 - Starting...
2020-05-26 15:49:58,694 INFO com.zaxxer.hikari.HikariDataSource [main] HikariPool-1 - Start completed.
2020-05-26 15:49:58,779 INFO org.hibernate.dialect.Dialect [main] HHH000400: Using dialect: org.hibernate.dialect.PostgreSQL10Dialect
2020-05-26 15:50:02,147 INFO org.hibernate.engine.transaction.jta.platform.internal.JtaPlatformInitiator [main] HHH000490: Using JtaPlatform implementation: [org.hibernate.engine.transaction.jta.platform.internal.NoJtaPlatform]
2020-05-26 15:50:02,543 INFO org.springframework.orm.jpa.AbstractEntityManagerFactoryBean [main] Initialized JPA EntityManagerFactory for persistence unit 'default'
2020-05-26 15:50:02,670 WARN org.springframework.boot.autoconfigure.orm.jpa.JpaBaseConfiguration$JpaWebConfiguration [main] spring.jpa.open-in-view is enabled by default. Therefore, database queries may be performed during view rendering. Explicitly configure spring.jpa.open-in-view to disable this warning
2020-05-26 15:50:06,960 INFO org.springframework.security.web.DefaultSecurityFilterChain [main] Creating filter chain: OrRequestMatcher [requestMatchers=[Ant [pattern='/oauth/token'], Ant [pattern='/oauth/token_key'], Ant [pattern='/oauth/check_token']]], [org.springframework.security.web.context.request.async.WebAsyncManagerIntegrationFilter@54bf2319, org.springframework.security.web.context.SecurityContextPersistenceFilter@4d79651d, org.springframework.security.web.header.HeaderWriterFilter@5beda06e, org.springframework.security.web.authentication.logout.LogoutFilter@1f1b69bb, org.springframework.web.filter.CorsFilter@7d45e754, org.springframework.security.web.authentication.www.BasicAuthenticationFilter@5f804b36, org.springframework.security.web.savedrequest.RequestCacheAwareFilter@424ebf5b, org.springframework.security.web.servletapi.SecurityContextHolderAwareRequestFilter@73136174, org.springframework.security.web.authentication.AnonymousAuthenticationFilter@16a30d66, org.springframework.security.web.session.SessionManagementFilter@1b841396, org.springframework.security.web.access.ExceptionTranslationFilter@5576eef4, org.springframework.security.web.access.intercept.FilterSecurityInterceptor@5b7600ec]
2020-05-26 15:50:07,025 INFO org.springframework.security.web.DefaultSecurityFilterChain [main] Creating filter chain: com.surshree.app.config.ResourceServerConfig$$Lambda$1054/0x00000008009fb040@43ab4e83, [org.springframework.security.web.context.request.async.WebAsyncManagerIntegrationFilter@343b3399, org.springframework.security.web.context.SecurityContextPersistenceFilter@1b6441c9, org.springframework.security.web.header.HeaderWriterFilter@545e200b, org.springframework.security.web.authentication.logout.LogoutFilter@5d4a1d2c, org.springframework.security.oauth2.provider.authentication.OAuth2AuthenticationProcessingFilter@2258228f, org.springframework.security.web.savedrequest.RequestCacheAwareFilter@6da6c10e, org.springframework.security.web.servletapi.SecurityContextHolderAwareRequestFilter@485dfac9, org.springframework.security.web.authentication.AnonymousAuthenticationFilter@6f2f4b9e, org.springframework.security.web.session.SessionManagementFilter@3a22c944, org.springframework.security.web.access.ExceptionTranslationFilter@148c571c, org.springframework.security.web.access.intercept.FilterSecurityInterceptor@9a932a4]
2020-05-26 15:50:07,674 INFO org.springframework.boot.actuate.endpoint.web.EndpointLinksResolver [main] Exposing 2 endpoint(s) beneath base path '/actuator'
2020-05-26 15:50:07,693 INFO org.springframework.security.web.DefaultSecurityFilterChain [main] Creating filter chain: any request, [org.springframework.security.web.context.request.async.WebAsyncManagerIntegrationFilter@2c634c0, org.springframework.security.web.context.SecurityContextPersistenceFilter@74ee07e, org.springframework.security.web.header.HeaderWriterFilter@406cf37f, org.springframework.web.filter.CorsFilter@4e739968, org.springframework.security.web.authentication.logout.LogoutFilter@2045a469, org.springframework.security.web.authentication.www.BasicAuthenticationFilter@748015f8, org.springframework.security.web.savedrequest.RequestCacheAwareFilter@3c88db1, org.springframework.security.web.servletapi.SecurityContextHolderAwareRequestFilter@241861bc, org.springframework.security.web.authentication.AnonymousAuthenticationFilter@71d2bc34, org.springframework.security.web.session.SessionManagementFilter@7d412ab5, org.springframework.security.web.access.ExceptionTranslationFilter@45382749, org.springframework.security.web.access.intercept.FilterSecurityInterceptor@140449d9]
2020-05-26 15:50:07,928 INFO org.springframework.scheduling.concurrent.ExecutorConfigurationSupport [main] Initializing ExecutorService 'applicationTaskExecutor'
2020-05-26 15:50:08,450 INFO org.springframework.scheduling.concurrent.ExecutorConfigurationSupport [main] Initializing ExecutorService 'taskScheduler'
2020-05-26 15:50:08,666 INFO com.surshree.app.scheduling.CacheScheduler [scheduling-1] Clear user cache : START
2020-05-26 15:50:08,670 INFO com.surshree.app.scheduling.CacheScheduler [scheduling-1] Clear user cache : END
2020-05-26 15:50:08,682 INFO org.apache.juli.logging.DirectJDKLog [main] Starting ProtocolHandler ["http-nio-8080"]
2020-05-26 15:50:08,801 INFO org.springframework.boot.web.embedded.tomcat.TomcatWebServer [main] Tomcat started on port(s): 8080 (http) with context path ''
2020-05-26 15:50:08,809 INFO org.springframework.boot.StartupInfoLogger [main] Started SurShreeApplication in 22.567 seconds (JVM running for 24.043)
2020-05-26 15:50:19,450 INFO org.apache.juli.logging.DirectJDKLog [http-nio-8080-exec-1] Initializing Spring DispatcherServlet 'dispatcherServlet'
2020-05-26 15:50:19,454 INFO org.springframework.web.servlet.FrameworkServlet [http-nio-8080-exec-1] Initializing Servlet 'dispatcherServlet'
2020-05-26 15:50:19,487 INFO org.springframework.web.servlet.FrameworkServlet [http-nio-8080-exec-1] Completed initialization in 30 ms
2020-05-26 15:50:38,843 INFO com.surshree.app.services.CustomUserDetailsService [http-nio-8080-exec-9] Granted Authorities --> ROLE_CONT
2020-05-26 15:50:38,844 INFO com.surshree.app.services.CustomUserDetailsService [http-nio-8080-exec-9] Granted Authorities --> ROLE_ADMN
2020-05-26 15:50:38,845 INFO com.surshree.app.services.CustomUserDetailsService [http-nio-8080-exec-9] Granted Authorities --> FUNC_CONT_MENU
2020-05-26 15:50:38,846 INFO com.surshree.app.services.CustomUserDetailsService [http-nio-8080-exec-9] Granted Authorities --> FUNC_CONT_MENU
2020-05-26 15:50:38,846 INFO com.surshree.app.services.CustomUserDetailsService [http-nio-8080-exec-9] Granted Authorities --> FUNC_VIEW_ADMIN_MENU
2020-05-26 15:50:39,277 INFO com.surshree.app.services.CustomUserDetailsService [http-nio-8080-exec-4] Granted Authorities --> ROLE_CONT
2020-05-26 15:50:39,279 INFO com.surshree.app.services.CustomUserDetailsService [http-nio-8080-exec-4] Granted Authorities --> ROLE_ADMN
2020-05-26 15:50:39,282 INFO com.surshree.app.services.CustomUserDetailsService [http-nio-8080-exec-4] Granted Authorities --> FUNC_CONT_MENU
2020-05-26 15:50:39,283 INFO com.surshree.app.services.CustomUserDetailsService [http-nio-8080-exec-4] Granted Authorities --> FUNC_CONT_MENU
2020-05-26 15:50:39,283 INFO com.surshree.app.services.CustomUserDetailsService [http-nio-8080-exec-4] Granted Authorities --> FUNC_VIEW_ADMIN_MENU
2020-05-26 15:50:39,720 INFO com.surshree.app.services.CustomUserDetailsService [http-nio-8080-exec-3] Granted Authorities --> ROLE_CONT
2020-05-26 15:50:39,723 INFO com.surshree.app.services.CustomUserDetailsService [http-nio-8080-exec-3] Granted Authorities --> ROLE_ADMN
2020-05-26 15:50:39,724 INFO com.surshree.app.services.CustomUserDetailsService [http-nio-8080-exec-3] Granted Authorities --> FUNC_CONT_MENU
2020-05-26 15:50:39,726 INFO com.surshree.app.services.CustomUserDetailsService [http-nio-8080-exec-3] Granted Authorities --> FUNC_CONT_MENU
2020-05-26 15:50:39,727 INFO com.surshree.app.services.CustomUserDetailsService [http-nio-8080-exec-3] Granted Authorities --> FUNC_VIEW_ADMIN_MENU
2020-05-26 15:50:47,864 INFO com.surshree.app.services.CustomUserDetailsService [http-nio-8080-exec-9] Granted Authorities --> ROLE_CONT
2020-05-26 15:50:47,868 INFO com.surshree.app.services.CustomUserDetailsService [http-nio-8080-exec-9] Granted Authorities --> ROLE_ADMN
2020-05-26 15:50:47,869 INFO com.surshree.app.services.CustomUserDetailsService [http-nio-8080-exec-9] Granted Authorities --> FUNC_CONT_MENU
2020-05-26 15:50:47,870 INFO com.surshree.app.services.CustomUserDetailsService [http-nio-8080-exec-9] Granted Authorities --> FUNC_CONT_MENU
2020-05-26 15:50:47,872 INFO com.surshree.app.services.CustomUserDetailsService [http-nio-8080-exec-9] Granted Authorities --> FUNC_VIEW_ADMIN_MENU
2020-05-26 15:50:57,648 INFO com.surshree.app.services.CustomUserDetailsService [http-nio-8080-exec-6] Granted Authorities --> ROLE_CONT
2020-05-26 15:50:57,649 INFO com.surshree.app.services.CustomUserDetailsService [http-nio-8080-exec-6] Granted Authorities --> ROLE_ADMN
2020-05-26 15:50:57,650 INFO com.surshree.app.services.CustomUserDetailsService [http-nio-8080-exec-6] Granted Authorities --> FUNC_CONT_MENU
2020-05-26 15:50:57,650 INFO com.surshree.app.services.CustomUserDetailsService [http-nio-8080-exec-6] Granted Authorities --> FUNC_CONT_MENU
2020-05-26 15:50:57,651 INFO com.surshree.app.services.CustomUserDetailsService [http-nio-8080-exec-6] Granted Authorities --> FUNC_VIEW_ADMIN_MENU
2020-05-26 15:51:03,452 ERROR com.surshree.app.exception.CustomResponseEntityExceptionHandler [http-nio-8080-exec-2] java.io.IOException: Broken pipe
org.apache.catalina.connector.ClientAbortException: java.io.IOException: Broken pipe
	at org.apache.catalina.connector.OutputBuffer.realWriteBytes(OutputBuffer.java:351)
	at org.apache.catalina.connector.OutputBuffer.flushByteBuffer(OutputBuffer.java:776)
	at org.apache.catalina.connector.OutputBuffer.append(OutputBuffer.java:681)
	at org.apache.catalina.connector.OutputBuffer.writeBytes(OutputBuffer.java:386)
	at org.apache.catalina.connector.OutputBuffer.write(OutputBuffer.java:364)
	at org.apache.catalina.connector.CoyoteOutputStream.write(CoyoteOutputStream.java:96)
	at org.springframework.security.web.util.OnCommittedResponseWrapper$SaveContextServletOutputStream.write(OnCommittedResponseWrapper.java:645)
	at org.springframework.util.StreamUtils.copyRange(StreamUtils.java:180)
	at org.springframework.http.converter.ResourceRegionHttpMessageConverter.writeResourceRegion(ResourceRegionHttpMessageConverter.java:159)
	at org.springframework.http.converter.ResourceRegionHttpMessageConverter.writeInternal(ResourceRegionHttpMessageConverter.java:136)
	at org.springframework.http.converter.AbstractGenericHttpMessageConverter.write(AbstractGenericHttpMessageConverter.java:104)
	at org.springframework.web.servlet.mvc.method.annotation.AbstractMessageConverterMethodProcessor.writeWithMessageConverters(AbstractMessageConverterMethodProcessor.java:287)
	at org.springframework.web.servlet.mvc.method.annotation.HttpEntityMethodProcessor.handleReturnValue(HttpEntityMethodProcessor.java:219)
	at org.springframework.web.method.support.HandlerMethodReturnValueHandlerComposite.handleReturnValue(HandlerMethodReturnValueHandlerComposite.java:82)
	at org.springframework.web.servlet.mvc.method.annotation.ServletInvocableHandlerMethod.invokeAndHandle(ServletInvocableHandlerMethod.java:123)
	at org.springframework.web.servlet.mvc.method.annotation.RequestMappingHandlerAdapter.invokeHandlerMethod(RequestMappingHandlerAdapter.java:879)
	at org.springframework.web.servlet.mvc.method.annotation.RequestMappingHandlerAdapter.handleInternal(RequestMappingHandlerAdapter.java:793)
	at org.springframework.web.servlet.mvc.method.AbstractHandlerMethodAdapter.handle(AbstractHandlerMethodAdapter.java:87)
	at org.springframework.web.servlet.DispatcherServlet.doDispatch(DispatcherServlet.java:1040)
	at org.springframework.web.servlet.DispatcherServlet.doService(DispatcherServlet.java:943)
	at org.springframework.web.servlet.FrameworkServlet.processRequest(FrameworkServlet.java:1006)
	at org.springframework.web.servlet.FrameworkServlet.doGet(FrameworkServlet.java:898)
	at javax.servlet.http.HttpServlet.service(HttpServlet.java:634)
	at org.springframework.web.servlet.FrameworkServlet.service(FrameworkServlet.java:883)
	at javax.servlet.http.HttpServlet.service(HttpServlet.java:741)
	at org.apache.catalina.core.ApplicationFilterChain.internalDoFilter(ApplicationFilterChain.java:231)
	at org.apache.catalina.core.ApplicationFilterChain.doFilter(ApplicationFilterChain.java:166)
	at org.apache.tomcat.websocket.server.WsFilter.doFilter(WsFilter.java:53)
	at org.apache.catalina.core.ApplicationFilterChain.internalDoFilter(ApplicationFilterChain.java:193)
	at org.apache.catalina.core.ApplicationFilterChain.doFilter(ApplicationFilterChain.java:166)
	at org.springframework.security.web.FilterChainProxy$VirtualFilterChain.doFilter(FilterChainProxy.java:320)
	at org.springframework.security.web.access.intercept.FilterSecurityInterceptor.invoke(FilterSecurityInterceptor.java:126)
	at org.springframework.security.web.access.intercept.FilterSecurityInterceptor.doFilter(FilterSecurityInterceptor.java:90)
	at org.springframework.security.web.FilterChainProxy$VirtualFilterChain.doFilter(FilterChainProxy.java:334)
	at org.springframework.security.web.access.ExceptionTranslationFilter.doFilter(ExceptionTranslationFilter.java:118)
	at org.springframework.security.web.FilterChainProxy$VirtualFilterChain.doFilter(FilterChainProxy.java:334)
	at org.springframework.security.web.session.SessionManagementFilter.doFilter(SessionManagementFilter.java:137)
	at org.springframework.security.web.FilterChainProxy$VirtualFilterChain.doFilter(FilterChainProxy.java:334)
	at org.springframework.security.web.authentication.AnonymousAuthenticationFilter.doFilter(AnonymousAuthenticationFilter.java:111)
	at org.springframework.security.web.FilterChainProxy$VirtualFilterChain.doFilter(FilterChainProxy.java:334)
	at org.springframework.security.web.servletapi.SecurityContextHolderAwareRequestFilter.doFilter(SecurityContextHolderAwareRequestFilter.java:158)
	at org.springframework.security.web.FilterChainProxy$VirtualFilterChain.doFilter(FilterChainProxy.java:334)
	at org.springframework.security.web.savedrequest.RequestCacheAwareFilter.doFilter(RequestCacheAwareFilter.java:63)
	at org.springframework.security.web.FilterChainProxy$VirtualFilterChain.doFilter(FilterChainProxy.java:334)
	at org.springframework.security.web.authentication.www.BasicAuthenticationFilter.doFilterInternal(BasicAuthenticationFilter.java:155)
	at org.springframework.web.filter.OncePerRequestFilter.doFilter(OncePerRequestFilter.java:119)
	at org.springframework.security.web.FilterChainProxy$VirtualFilterChain.doFilter(FilterChainProxy.java:334)
	at org.springframework.security.web.authentication.logout.LogoutFilter.doFilter(LogoutFilter.java:116)
	at org.springframework.security.web.FilterChainProxy$VirtualFilterChain.doFilter(FilterChainProxy.java:334)
	at org.springframework.web.filter.CorsFilter.doFilterInternal(CorsFilter.java:92)
	at org.springframework.web.filter.OncePerRequestFilter.doFilter(OncePerRequestFilter.java:119)
	at org.springframework.security.web.FilterChainProxy$VirtualFilterChain.doFilter(FilterChainProxy.java:334)
	at org.springframework.security.web.header.HeaderWriterFilter.doHeadersAfter(HeaderWriterFilter.java:92)
	at org.springframework.security.web.header.HeaderWriterFilter.doFilterInternal(HeaderWriterFilter.java:77)
	at org.springframework.web.filter.OncePerRequestFilter.doFilter(OncePerRequestFilter.java:119)
	at org.springframework.security.web.FilterChainProxy$VirtualFilterChain.doFilter(FilterChainProxy.java:334)
	at org.springframework.security.web.context.SecurityContextPersistenceFilter.doFilter(SecurityContextPersistenceFilter.java:105)
	at org.springframework.security.web.FilterChainProxy$VirtualFilterChain.doFilter(FilterChainProxy.java:334)
	at org.springframework.security.web.context.request.async.WebAsyncManagerIntegrationFilter.doFilterInternal(WebAsyncManagerIntegrationFilter.java:56)
	at org.springframework.web.filter.OncePerRequestFilter.doFilter(OncePerRequestFilter.java:119)
	at org.springframework.security.web.FilterChainProxy$VirtualFilterChain.doFilter(FilterChainProxy.java:334)
	at org.springframework.security.web.FilterChainProxy.doFilterInternal(FilterChainProxy.java:215)
	at org.springframework.security.web.FilterChainProxy.doFilter(FilterChainProxy.java:178)
	at org.springframework.web.filter.DelegatingFilterProxy.invokeDelegate(DelegatingFilterProxy.java:358)
	at org.springframework.web.filter.DelegatingFilterProxy.doFilter(DelegatingFilterProxy.java:271)
	at org.apache.catalina.core.ApplicationFilterChain.internalDoFilter(ApplicationFilterChain.java:193)
	at org.apache.catalina.core.ApplicationFilterChain.doFilter(ApplicationFilterChain.java:166)
	at org.springframework.web.filter.RequestContextFilter.doFilterInternal(RequestContextFilter.java:100)
	at org.springframework.web.filter.OncePerRequestFilter.doFilter(OncePerRequestFilter.java:119)
	at org.apache.catalina.core.ApplicationFilterChain.internalDoFilter(ApplicationFilterChain.java:193)
	at org.apache.catalina.core.ApplicationFilterChain.doFilter(ApplicationFilterChain.java:166)
	at org.springframework.web.filter.FormContentFilter.doFilterInternal(FormContentFilter.java:93)
	at org.springframework.web.filter.OncePerRequestFilter.doFilter(OncePerRequestFilter.java:119)
	at org.apache.catalina.core.ApplicationFilterChain.internalDoFilter(ApplicationFilterChain.java:193)
	at org.apache.catalina.core.ApplicationFilterChain.doFilter(ApplicationFilterChain.java:166)
	at org.springframework.boot.actuate.metrics.web.servlet.WebMvcMetricsFilter.doFilterInternal(WebMvcMetricsFilter.java:109)
	at org.springframework.web.filter.OncePerRequestFilter.doFilter(OncePerRequestFilter.java:119)
	at org.apache.catalina.core.ApplicationFilterChain.internalDoFilter(ApplicationFilterChain.java:193)
	at org.apache.catalina.core.ApplicationFilterChain.doFilter(ApplicationFilterChain.java:166)
	at org.springframework.web.filter.CharacterEncodingFilter.doFilterInternal(CharacterEncodingFilter.java:201)
	at org.springframework.web.filter.OncePerRequestFilter.doFilter(OncePerRequestFilter.java:119)
	at org.apache.catalina.core.ApplicationFilterChain.internalDoFilter(ApplicationFilterChain.java:193)
	at org.apache.catalina.core.ApplicationFilterChain.doFilter(ApplicationFilterChain.java:166)
	at org.apache.catalina.core.StandardWrapperValve.invoke(StandardWrapperValve.java:202)
	at org.apache.catalina.core.StandardContextValve.invoke(StandardContextValve.java:96)
	at org.apache.catalina.authenticator.AuthenticatorBase.invoke(AuthenticatorBase.java:541)
	at org.apache.catalina.core.StandardHostValve.invoke(StandardHostValve.java:139)
	at org.apache.catalina.valves.ErrorReportValve.invoke(ErrorReportValve.java:92)
	at org.apache.catalina.core.StandardEngineValve.invoke(StandardEngineValve.java:74)
	at org.apache.catalina.connector.CoyoteAdapter.service(CoyoteAdapter.java:343)
	at org.apache.coyote.http11.Http11Processor.service(Http11Processor.java:373)
	at org.apache.coyote.AbstractProcessorLight.process(AbstractProcessorLight.java:65)
	at org.apache.coyote.AbstractProtocol$ConnectionHandler.process(AbstractProtocol.java:868)
	at org.apache.tomcat.util.net.NioEndpoint$SocketProcessor.doRun(NioEndpoint.java:1594)
	at org.apache.tomcat.util.net.SocketProcessorBase.run(SocketProcessorBase.java:49)
	at java.base/java.util.concurrent.ThreadPoolExecutor.runWorker(ThreadPoolExecutor.java:1128)
	at java.base/java.util.concurrent.ThreadPoolExecutor$Worker.run(ThreadPoolExecutor.java:628)
	at org.apache.tomcat.util.threads.TaskThread$WrappingRunnable.run(TaskThread.java:61)
	at java.base/java.lang.Thread.run(Thread.java:834)
Caused by: java.io.IOException: Broken pipe
	at java.base/sun.nio.ch.FileDispatcherImpl.write0(Native Method)
	at java.base/sun.nio.ch.SocketDispatcher.write(SocketDispatcher.java:47)
	at java.base/sun.nio.ch.IOUtil.writeFromNativeBuffer(IOUtil.java:113)
	at java.base/sun.nio.ch.IOUtil.write(IOUtil.java:79)
	at java.base/sun.nio.ch.IOUtil.write(IOUtil.java:50)
	at java.base/sun.nio.ch.SocketChannelImpl.write(SocketChannelImpl.java:466)
	at org.apache.tomcat.util.net.NioChannel.write(NioChannel.java:138)
	at org.apache.tomcat.util.net.NioBlockingSelector.write(NioBlockingSelector.java:101)
	at org.apache.tomcat.util.net.NioSelectorPool.write(NioSelectorPool.java:152)
	at org.apache.tomcat.util.net.NioEndpoint$NioSocketWrapper.doWrite(NioEndpoint.java:1253)
	at org.apache.tomcat.util.net.SocketWrapperBase.doWrite(SocketWrapperBase.java:740)
	at org.apache.tomcat.util.net.SocketWrapperBase.writeBlocking(SocketWrapperBase.java:560)
	at org.apache.tomcat.util.net.SocketWrapperBase.write(SocketWrapperBase.java:504)
	at org.apache.coyote.http11.Http11OutputBuffer$SocketOutputBuffer.doWrite(Http11OutputBuffer.java:538)
	at org.apache.coyote.http11.filters.IdentityOutputFilter.doWrite(IdentityOutputFilter.java:73)
	at org.apache.coyote.http11.Http11OutputBuffer.doWrite(Http11OutputBuffer.java:190)
	at org.apache.coyote.Response.doWrite(Response.java:601)
	at org.apache.catalina.connector.OutputBuffer.realWriteBytes(OutputBuffer.java:339)
	... 98 common frames omitted
2020-05-26 15:51:03,459 WARN org.springframework.web.servlet.mvc.method.annotation.ExceptionHandlerExceptionResolver [http-nio-8080-exec-2] Failure in @ExceptionHandler com.surshree.app.exception.CustomResponseEntityExceptionHandler#handleAllException(Exception, WebRequest)
org.springframework.http.converter.HttpMessageNotWritableException: No converter for [class com.surshree.app.exception.ExceptionMessage] with preset Content-Type 'audio/mpeg'
	at org.springframework.web.servlet.mvc.method.annotation.AbstractMessageConverterMethodProcessor.writeWithMessageConverters(AbstractMessageConverterMethodProcessor.java:309)
	at org.springframework.web.servlet.mvc.method.annotation.HttpEntityMethodProcessor.handleReturnValue(HttpEntityMethodProcessor.java:219)
	at org.springframework.web.method.support.HandlerMethodReturnValueHandlerComposite.handleReturnValue(HandlerMethodReturnValueHandlerComposite.java:82)
	at org.springframework.web.servlet.mvc.method.annotation.ServletInvocableHandlerMethod.invokeAndHandle(ServletInvocableHandlerMethod.java:123)
	at org.springframework.web.servlet.mvc.method.annotation.ExceptionHandlerExceptionResolver.doResolveHandlerMethodException(ExceptionHandlerExceptionResolver.java:403)
	at org.springframework.web.servlet.handler.AbstractHandlerMethodExceptionResolver.doResolveException(AbstractHandlerMethodExceptionResolver.java:61)
	at org.springframework.web.servlet.handler.AbstractHandlerExceptionResolver.resolveException(AbstractHandlerExceptionResolver.java:141)
	at org.springframework.web.servlet.handler.HandlerExceptionResolverComposite.resolveException(HandlerExceptionResolverComposite.java:80)
	at org.springframework.web.servlet.DispatcherServlet.processHandlerException(DispatcherServlet.java:1300)
	at org.springframework.web.servlet.DispatcherServlet.processDispatchResult(DispatcherServlet.java:1111)
	at org.springframework.web.servlet.DispatcherServlet.doDispatch(DispatcherServlet.java:1057)
	at org.springframework.web.servlet.DispatcherServlet.doService(DispatcherServlet.java:943)
	at org.springframework.web.servlet.FrameworkServlet.processRequest(FrameworkServlet.java:1006)
	at org.springframework.web.servlet.FrameworkServlet.doGet(FrameworkServlet.java:898)
	at javax.servlet.http.HttpServlet.service(HttpServlet.java:634)
	at org.springframework.web.servlet.FrameworkServlet.service(FrameworkServlet.java:883)
	at javax.servlet.http.HttpServlet.service(HttpServlet.java:741)
	at org.apache.catalina.core.ApplicationFilterChain.internalDoFilter(ApplicationFilterChain.java:231)
	at org.apache.catalina.core.ApplicationFilterChain.doFilter(ApplicationFilterChain.java:166)
	at org.apache.tomcat.websocket.server.WsFilter.doFilter(WsFilter.java:53)
	at org.apache.catalina.core.ApplicationFilterChain.internalDoFilter(ApplicationFilterChain.java:193)
	at org.apache.catalina.core.ApplicationFilterChain.doFilter(ApplicationFilterChain.java:166)
	at org.springframework.security.web.FilterChainProxy$VirtualFilterChain.doFilter(FilterChainProxy.java:320)
	at org.springframework.security.web.access.intercept.FilterSecurityInterceptor.invoke(FilterSecurityInterceptor.java:126)
	at org.springframework.security.web.access.intercept.FilterSecurityInterceptor.doFilter(FilterSecurityInterceptor.java:90)
	at org.springframework.security.web.FilterChainProxy$VirtualFilterChain.doFilter(FilterChainProxy.java:334)
	at org.springframework.security.web.access.ExceptionTranslationFilter.doFilter(ExceptionTranslationFilter.java:118)
	at org.springframework.security.web.FilterChainProxy$VirtualFilterChain.doFilter(FilterChainProxy.java:334)
	at org.springframework.security.web.session.SessionManagementFilter.doFilter(SessionManagementFilter.java:137)
	at org.springframework.security.web.FilterChainProxy$VirtualFilterChain.doFilter(FilterChainProxy.java:334)
	at org.springframework.security.web.authentication.AnonymousAuthenticationFilter.doFilter(AnonymousAuthenticationFilter.java:111)
	at org.springframework.security.web.FilterChainProxy$VirtualFilterChain.doFilter(FilterChainProxy.java:334)
	at org.springframework.security.web.servletapi.SecurityContextHolderAwareRequestFilter.doFilter(SecurityContextHolderAwareRequestFilter.java:158)
	at org.springframework.security.web.FilterChainProxy$VirtualFilterChain.doFilter(FilterChainProxy.java:334)
	at org.springframework.security.web.savedrequest.RequestCacheAwareFilter.doFilter(RequestCacheAwareFilter.java:63)
	at org.springframework.security.web.FilterChainProxy$VirtualFilterChain.doFilter(FilterChainProxy.java:334)
	at org.springframework.security.web.authentication.www.BasicAuthenticationFilter.doFilterInternal(BasicAuthenticationFilter.java:155)
	at org.springframework.web.filter.OncePerRequestFilter.doFilter(OncePerRequestFilter.java:119)
	at org.springframework.security.web.FilterChainProxy$VirtualFilterChain.doFilter(FilterChainProxy.java:334)
	at org.springframework.security.web.authentication.logout.LogoutFilter.doFilter(LogoutFilter.java:116)
	at org.springframework.security.web.FilterChainProxy$VirtualFilterChain.doFilter(FilterChainProxy.java:334)
	at org.springframework.web.filter.CorsFilter.doFilterInternal(CorsFilter.java:92)
	at org.springframework.web.filter.OncePerRequestFilter.doFilter(OncePerRequestFilter.java:119)
	at org.springframework.security.web.FilterChainProxy$VirtualFilterChain.doFilter(FilterChainProxy.java:334)
	at org.springframework.security.web.header.HeaderWriterFilter.doHeadersAfter(HeaderWriterFilter.java:92)
	at org.springframework.security.web.header.HeaderWriterFilter.doFilterInternal(HeaderWriterFilter.java:77)
	at org.springframework.web.filter.OncePerRequestFilter.doFilter(OncePerRequestFilter.java:119)
	at org.springframework.security.web.FilterChainProxy$VirtualFilterChain.doFilter(FilterChainProxy.java:334)
	at org.springframework.security.web.context.SecurityContextPersistenceFilter.doFilter(SecurityContextPersistenceFilter.java:105)
	at org.springframework.security.web.FilterChainProxy$VirtualFilterChain.doFilter(FilterChainProxy.java:334)
	at org.springframework.security.web.context.request.async.WebAsyncManagerIntegrationFilter.doFilterInternal(WebAsyncManagerIntegrationFilter.java:56)
	at org.springframework.web.filter.OncePerRequestFilter.doFilter(OncePerRequestFilter.java:119)
	at org.springframework.security.web.FilterChainProxy$VirtualFilterChain.doFilter(FilterChainProxy.java:334)
	at org.springframework.security.web.FilterChainProxy.doFilterInternal(FilterChainProxy.java:215)
	at org.springframework.security.web.FilterChainProxy.doFilter(FilterChainProxy.java:178)
	at org.springframework.web.filter.DelegatingFilterProxy.invokeDelegate(DelegatingFilterProxy.java:358)
	at org.springframework.web.filter.DelegatingFilterProxy.doFilter(DelegatingFilterProxy.java:271)
	at org.apache.catalina.core.ApplicationFilterChain.internalDoFilter(ApplicationFilterChain.java:193)
	at org.apache.catalina.core.ApplicationFilterChain.doFilter(ApplicationFilterChain.java:166)
	at org.springframework.web.filter.RequestContextFilter.doFilterInternal(RequestContextFilter.java:100)
	at org.springframework.web.filter.OncePerRequestFilter.doFilter(OncePerRequestFilter.java:119)
	at org.apache.catalina.core.ApplicationFilterChain.internalDoFilter(ApplicationFilterChain.java:193)
	at org.apache.catalina.core.ApplicationFilterChain.doFilter(ApplicationFilterChain.java:166)
	at org.springframework.web.filter.FormContentFilter.doFilterInternal(FormContentFilter.java:93)
	at org.springframework.web.filter.OncePerRequestFilter.doFilter(OncePerRequestFilter.java:119)
	at org.apache.catalina.core.ApplicationFilterChain.internalDoFilter(ApplicationFilterChain.java:193)
	at org.apache.catalina.core.ApplicationFilterChain.doFilter(ApplicationFilterChain.java:166)
	at org.springframework.boot.actuate.metrics.web.servlet.WebMvcMetricsFilter.doFilterInternal(WebMvcMetricsFilter.java:109)
	at org.springframework.web.filter.OncePerRequestFilter.doFilter(OncePerRequestFilter.java:119)
	at org.apache.catalina.core.ApplicationFilterChain.internalDoFilter(ApplicationFilterChain.java:193)
	at org.apache.catalina.core.ApplicationFilterChain.doFilter(ApplicationFilterChain.java:166)
	at org.springframework.web.filter.CharacterEncodingFilter.doFilterInternal(CharacterEncodingFilter.java:201)
	at org.springframework.web.filter.OncePerRequestFilter.doFilter(OncePerRequestFilter.java:119)
	at org.apache.catalina.core.ApplicationFilterChain.internalDoFilter(ApplicationFilterChain.java:193)
	at org.apache.catalina.core.ApplicationFilterChain.doFilter(ApplicationFilterChain.java:166)
	at org.apache.catalina.core.StandardWrapperValve.invoke(StandardWrapperValve.java:202)
	at org.apache.catalina.core.StandardContextValve.invoke(StandardContextValve.java:96)
	at org.apache.catalina.authenticator.AuthenticatorBase.invoke(AuthenticatorBase.java:541)
	at org.apache.catalina.core.StandardHostValve.invoke(StandardHostValve.java:139)
	at org.apache.catalina.valves.ErrorReportValve.invoke(ErrorReportValve.java:92)
	at org.apache.catalina.core.StandardEngineValve.invoke(StandardEngineValve.java:74)
	at org.apache.catalina.connector.CoyoteAdapter.service(CoyoteAdapter.java:343)
	at org.apache.coyote.http11.Http11Processor.service(Http11Processor.java:373)
	at org.apache.coyote.AbstractProcessorLight.process(AbstractProcessorLight.java:65)
	at org.apache.coyote.AbstractProtocol$ConnectionHandler.process(AbstractProtocol.java:868)
	at org.apache.tomcat.util.net.NioEndpoint$SocketProcessor.doRun(NioEndpoint.java:1594)
	at org.apache.tomcat.util.net.SocketProcessorBase.run(SocketProcessorBase.java:49)
	at java.base/java.util.concurrent.ThreadPoolExecutor.runWorker(ThreadPoolExecutor.java:1128)
	at java.base/java.util.concurrent.ThreadPoolExecutor$Worker.run(ThreadPoolExecutor.java:628)
	at org.apache.tomcat.util.threads.TaskThread$WrappingRunnable.run(TaskThread.java:61)
	at java.base/java.lang.Thread.run(Thread.java:834)
2020-05-26 15:51:21,677 ERROR com.surshree.app.exception.CustomResponseEntityExceptionHandler [http-nio-8080-exec-1] java.io.IOException: Broken pipe
org.apache.catalina.connector.ClientAbortException: java.io.IOException: Broken pipe
	at org.apache.catalina.connector.OutputBuffer.realWriteBytes(OutputBuffer.java:351)
	at org.apache.catalina.connector.OutputBuffer.flushByteBuffer(OutputBuffer.java:776)
	at org.apache.catalina.connector.OutputBuffer.append(OutputBuffer.java:681)
	at org.apache.catalina.connector.OutputBuffer.writeBytes(OutputBuffer.java:386)
	at org.apache.catalina.connector.OutputBuffer.write(OutputBuffer.java:364)
	at org.apache.catalina.connector.CoyoteOutputStream.write(CoyoteOutputStream.java:96)
	at org.springframework.security.web.util.OnCommittedResponseWrapper$SaveContextServletOutputStream.write(OnCommittedResponseWrapper.java:645)
	at org.springframework.util.StreamUtils.copyRange(StreamUtils.java:180)
	at org.springframework.http.converter.ResourceRegionHttpMessageConverter.writeResourceRegion(ResourceRegionHttpMessageConverter.java:159)
	at org.springframework.http.converter.ResourceRegionHttpMessageConverter.writeInternal(ResourceRegionHttpMessageConverter.java:136)
	at org.springframework.http.converter.AbstractGenericHttpMessageConverter.write(AbstractGenericHttpMessageConverter.java:104)
	at org.springframework.web.servlet.mvc.method.annotation.AbstractMessageConverterMethodProcessor.writeWithMessageConverters(AbstractMessageConverterMethodProcessor.java:287)
	at org.springframework.web.servlet.mvc.method.annotation.HttpEntityMethodProcessor.handleReturnValue(HttpEntityMethodProcessor.java:219)
	at org.springframework.web.method.support.HandlerMethodReturnValueHandlerComposite.handleReturnValue(HandlerMethodReturnValueHandlerComposite.java:82)
	at org.springframework.web.servlet.mvc.method.annotation.ServletInvocableHandlerMethod.invokeAndHandle(ServletInvocableHandlerMethod.java:123)
	at org.springframework.web.servlet.mvc.method.annotation.RequestMappingHandlerAdapter.invokeHandlerMethod(RequestMappingHandlerAdapter.java:879)
	at org.springframework.web.servlet.mvc.method.annotation.RequestMappingHandlerAdapter.handleInternal(RequestMappingHandlerAdapter.java:793)
	at org.springframework.web.servlet.mvc.method.AbstractHandlerMethodAdapter.handle(AbstractHandlerMethodAdapter.java:87)
	at org.springframework.web.servlet.DispatcherServlet.doDispatch(DispatcherServlet.java:1040)
	at org.springframework.web.servlet.DispatcherServlet.doService(DispatcherServlet.java:943)
	at org.springframework.web.servlet.FrameworkServlet.processRequest(FrameworkServlet.java:1006)
	at org.springframework.web.servlet.FrameworkServlet.doGet(FrameworkServlet.java:898)
	at javax.servlet.http.HttpServlet.service(HttpServlet.java:634)
	at org.springframework.web.servlet.FrameworkServlet.service(FrameworkServlet.java:883)
	at javax.servlet.http.HttpServlet.service(HttpServlet.java:741)
	at org.apache.catalina.core.ApplicationFilterChain.internalDoFilter(ApplicationFilterChain.java:231)
	at org.apache.catalina.core.ApplicationFilterChain.doFilter(ApplicationFilterChain.java:166)
	at org.apache.tomcat.websocket.server.WsFilter.doFilter(WsFilter.java:53)
	at org.apache.catalina.core.ApplicationFilterChain.internalDoFilter(ApplicationFilterChain.java:193)
	at org.apache.catalina.core.ApplicationFilterChain.doFilter(ApplicationFilterChain.java:166)
	at org.springframework.security.web.FilterChainProxy$VirtualFilterChain.doFilter(FilterChainProxy.java:320)
	at org.springframework.security.web.access.intercept.FilterSecurityInterceptor.invoke(FilterSecurityInterceptor.java:126)
	at org.springframework.security.web.access.intercept.FilterSecurityInterceptor.doFilter(FilterSecurityInterceptor.java:90)
	at org.springframework.security.web.FilterChainProxy$VirtualFilterChain.doFilter(FilterChainProxy.java:334)
	at org.springframework.security.web.access.ExceptionTranslationFilter.doFilter(ExceptionTranslationFilter.java:118)
	at org.springframework.security.web.FilterChainProxy$VirtualFilterChain.doFilter(FilterChainProxy.java:334)
	at org.springframework.security.web.session.SessionManagementFilter.doFilter(SessionManagementFilter.java:137)
	at org.springframework.security.web.FilterChainProxy$VirtualFilterChain.doFilter(FilterChainProxy.java:334)
	at org.springframework.security.web.authentication.AnonymousAuthenticationFilter.doFilter(AnonymousAuthenticationFilter.java:111)
	at org.springframework.security.web.FilterChainProxy$VirtualFilterChain.doFilter(FilterChainProxy.java:334)
	at org.springframework.security.web.servletapi.SecurityContextHolderAwareRequestFilter.doFilter(SecurityContextHolderAwareRequestFilter.java:158)
	at org.springframework.security.web.FilterChainProxy$VirtualFilterChain.doFilter(FilterChainProxy.java:334)
	at org.springframework.security.web.savedrequest.RequestCacheAwareFilter.doFilter(RequestCacheAwareFilter.java:63)
	at org.springframework.security.web.FilterChainProxy$VirtualFilterChain.doFilter(FilterChainProxy.java:334)
	at org.springframework.security.web.authentication.www.BasicAuthenticationFilter.doFilterInternal(BasicAuthenticationFilter.java:155)
	at org.springframework.web.filter.OncePerRequestFilter.doFilter(OncePerRequestFilter.java:119)
	at org.springframework.security.web.FilterChainProxy$VirtualFilterChain.doFilter(FilterChainProxy.java:334)
	at org.springframework.security.web.authentication.logout.LogoutFilter.doFilter(LogoutFilter.java:116)
	at org.springframework.security.web.FilterChainProxy$VirtualFilterChain.doFilter(FilterChainProxy.java:334)
	at org.springframework.web.filter.CorsFilter.doFilterInternal(CorsFilter.java:92)
	at org.springframework.web.filter.OncePerRequestFilter.doFilter(OncePerRequestFilter.java:119)
	at org.springframework.security.web.FilterChainProxy$VirtualFilterChain.doFilter(FilterChainProxy.java:334)
	at org.springframework.security.web.header.HeaderWriterFilter.doHeadersAfter(HeaderWriterFilter.java:92)
	at org.springframework.security.web.header.HeaderWriterFilter.doFilterInternal(HeaderWriterFilter.java:77)
	at org.springframework.web.filter.OncePerRequestFilter.doFilter(OncePerRequestFilter.java:119)
	at org.springframework.security.web.FilterChainProxy$VirtualFilterChain.doFilter(FilterChainProxy.java:334)
	at org.springframework.security.web.context.SecurityContextPersistenceFilter.doFilter(SecurityContextPersistenceFilter.java:105)
	at org.springframework.security.web.FilterChainProxy$VirtualFilterChain.doFilter(FilterChainProxy.java:334)
	at org.springframework.security.web.context.request.async.WebAsyncManagerIntegrationFilter.doFilterInternal(WebAsyncManagerIntegrationFilter.java:56)
	at org.springframework.web.filter.OncePerRequestFilter.doFilter(OncePerRequestFilter.java:119)
	at org.springframework.security.web.FilterChainProxy$VirtualFilterChain.doFilter(FilterChainProxy.java:334)
	at org.springframework.security.web.FilterChainProxy.doFilterInternal(FilterChainProxy.java:215)
	at org.springframework.security.web.FilterChainProxy.doFilter(FilterChainProxy.java:178)
	at org.springframework.web.filter.DelegatingFilterProxy.invokeDelegate(DelegatingFilterProxy.java:358)
	at org.springframework.web.filter.DelegatingFilterProxy.doFilter(DelegatingFilterProxy.java:271)
	at org.apache.catalina.core.ApplicationFilterChain.internalDoFilter(ApplicationFilterChain.java:193)
	at org.apache.catalina.core.ApplicationFilterChain.doFilter(ApplicationFilterChain.java:166)
	at org.springframework.web.filter.RequestContextFilter.doFilterInternal(RequestContextFilter.java:100)
	at org.springframework.web.filter.OncePerRequestFilter.doFilter(OncePerRequestFilter.java:119)
	at org.apache.catalina.core.ApplicationFilterChain.internalDoFilter(ApplicationFilterChain.java:193)
	at org.apache.catalina.core.ApplicationFilterChain.doFilter(ApplicationFilterChain.java:166)
	at org.springframework.web.filter.FormContentFilter.doFilterInternal(FormContentFilter.java:93)
	at org.springframework.web.filter.OncePerRequestFilter.doFilter(OncePerRequestFilter.java:119)
	at org.apache.catalina.core.ApplicationFilterChain.internalDoFilter(ApplicationFilterChain.java:193)
	at org.apache.catalina.core.ApplicationFilterChain.doFilter(ApplicationFilterChain.java:166)
	at org.springframework.boot.actuate.metrics.web.servlet.WebMvcMetricsFilter.doFilterInternal(WebMvcMetricsFilter.java:109)
	at org.springframework.web.filter.OncePerRequestFilter.doFilter(OncePerRequestFilter.java:119)
	at org.apache.catalina.core.ApplicationFilterChain.internalDoFilter(ApplicationFilterChain.java:193)
	at org.apache.catalina.core.ApplicationFilterChain.doFilter(ApplicationFilterChain.java:166)
	at org.springframework.web.filter.CharacterEncodingFilter.doFilterInternal(CharacterEncodingFilter.java:201)
	at org.springframework.web.filter.OncePerRequestFilter.doFilter(OncePerRequestFilter.java:119)
	at org.apache.catalina.core.ApplicationFilterChain.internalDoFilter(ApplicationFilterChain.java:193)
	at org.apache.catalina.core.ApplicationFilterChain.doFilter(ApplicationFilterChain.java:166)
	at org.apache.catalina.core.StandardWrapperValve.invoke(StandardWrapperValve.java:202)
	at org.apache.catalina.core.StandardContextValve.invoke(StandardContextValve.java:96)
	at org.apache.catalina.authenticator.AuthenticatorBase.invoke(AuthenticatorBase.java:541)
	at org.apache.catalina.core.StandardHostValve.invoke(StandardHostValve.java:139)
	at org.apache.catalina.valves.ErrorReportValve.invoke(ErrorReportValve.java:92)
	at org.apache.catalina.core.StandardEngineValve.invoke(StandardEngineValve.java:74)
	at org.apache.catalina.connector.CoyoteAdapter.service(CoyoteAdapter.java:343)
	at org.apache.coyote.http11.Http11Processor.service(Http11Processor.java:373)
	at org.apache.coyote.AbstractProcessorLight.process(AbstractProcessorLight.java:65)
	at org.apache.coyote.AbstractProtocol$ConnectionHandler.process(AbstractProtocol.java:868)
	at org.apache.tomcat.util.net.NioEndpoint$SocketProcessor.doRun(NioEndpoint.java:1594)
	at org.apache.tomcat.util.net.SocketProcessorBase.run(SocketProcessorBase.java:49)
	at java.base/java.util.concurrent.ThreadPoolExecutor.runWorker(ThreadPoolExecutor.java:1128)
	at java.base/java.util.concurrent.ThreadPoolExecutor$Worker.run(ThreadPoolExecutor.java:628)
	at org.apache.tomcat.util.threads.TaskThread$WrappingRunnable.run(TaskThread.java:61)
	at java.base/java.lang.Thread.run(Thread.java:834)
Caused by: java.io.IOException: Broken pipe
	at java.base/sun.nio.ch.FileDispatcherImpl.write0(Native Method)
	at java.base/sun.nio.ch.SocketDispatcher.write(SocketDispatcher.java:47)
	at java.base/sun.nio.ch.IOUtil.writeFromNativeBuffer(IOUtil.java:113)
	at java.base/sun.nio.ch.IOUtil.write(IOUtil.java:79)
	at java.base/sun.nio.ch.IOUtil.write(IOUtil.java:50)
	at java.base/sun.nio.ch.SocketChannelImpl.write(SocketChannelImpl.java:466)
	at org.apache.tomcat.util.net.NioChannel.write(NioChannel.java:138)
	at org.apache.tomcat.util.net.NioBlockingSelector.write(NioBlockingSelector.java:101)
	at org.apache.tomcat.util.net.NioSelectorPool.write(NioSelectorPool.java:152)
	at org.apache.tomcat.util.net.NioEndpoint$NioSocketWrapper.doWrite(NioEndpoint.java:1253)
	at org.apache.tomcat.util.net.SocketWrapperBase.doWrite(SocketWrapperBase.java:740)
	at org.apache.tomcat.util.net.SocketWrapperBase.writeBlocking(SocketWrapperBase.java:560)
	at org.apache.tomcat.util.net.SocketWrapperBase.write(SocketWrapperBase.java:504)
	at org.apache.coyote.http11.Http11OutputBuffer$SocketOutputBuffer.doWrite(Http11OutputBuffer.java:538)
	at org.apache.coyote.http11.filters.IdentityOutputFilter.doWrite(IdentityOutputFilter.java:73)
	at org.apache.coyote.http11.Http11OutputBuffer.doWrite(Http11OutputBuffer.java:190)
	at org.apache.coyote.Response.doWrite(Response.java:601)
	at org.apache.catalina.connector.OutputBuffer.realWriteBytes(OutputBuffer.java:339)
	... 98 common frames omitted
2020-05-26 15:51:21,682 WARN org.springframework.web.servlet.mvc.method.annotation.ExceptionHandlerExceptionResolver [http-nio-8080-exec-1] Failure in @ExceptionHandler com.surshree.app.exception.CustomResponseEntityExceptionHandler#handleAllException(Exception, WebRequest)
org.springframework.http.converter.HttpMessageNotWritableException: No converter for [class com.surshree.app.exception.ExceptionMessage] with preset Content-Type 'audio/mpeg'
	at org.springframework.web.servlet.mvc.method.annotation.AbstractMessageConverterMethodProcessor.writeWithMessageConverters(AbstractMessageConverterMethodProcessor.java:309)
	at org.springframework.web.servlet.mvc.method.annotation.HttpEntityMethodProcessor.handleReturnValue(HttpEntityMethodProcessor.java:219)
	at org.springframework.web.method.support.HandlerMethodReturnValueHandlerComposite.handleReturnValue(HandlerMethodReturnValueHandlerComposite.java:82)
	at org.springframework.web.servlet.mvc.method.annotation.ServletInvocableHandlerMethod.invokeAndHandle(ServletInvocableHandlerMethod.java:123)
	at org.springframework.web.servlet.mvc.method.annotation.ExceptionHandlerExceptionResolver.doResolveHandlerMethodException(ExceptionHandlerExceptionResolver.java:403)
	at org.springframework.web.servlet.handler.AbstractHandlerMethodExceptionResolver.doResolveException(AbstractHandlerMethodExceptionResolver.java:61)
	at org.springframework.web.servlet.handler.AbstractHandlerExceptionResolver.resolveException(AbstractHandlerExceptionResolver.java:141)
	at org.springframework.web.servlet.handler.HandlerExceptionResolverComposite.resolveException(HandlerExceptionResolverComposite.java:80)
	at org.springframework.web.servlet.DispatcherServlet.processHandlerException(DispatcherServlet.java:1300)
	at org.springframework.web.servlet.DispatcherServlet.processDispatchResult(DispatcherServlet.java:1111)
	at org.springframework.web.servlet.DispatcherServlet.doDispatch(DispatcherServlet.java:1057)
	at org.springframework.web.servlet.DispatcherServlet.doService(DispatcherServlet.java:943)
	at org.springframework.web.servlet.FrameworkServlet.processRequest(FrameworkServlet.java:1006)
	at org.springframework.web.servlet.FrameworkServlet.doGet(FrameworkServlet.java:898)
	at javax.servlet.http.HttpServlet.service(HttpServlet.java:634)
	at org.springframework.web.servlet.FrameworkServlet.service(FrameworkServlet.java:883)
	at javax.servlet.http.HttpServlet.service(HttpServlet.java:741)
	at org.apache.catalina.core.ApplicationFilterChain.internalDoFilter(ApplicationFilterChain.java:231)
	at org.apache.catalina.core.ApplicationFilterChain.doFilter(ApplicationFilterChain.java:166)
	at org.apache.tomcat.websocket.server.WsFilter.doFilter(WsFilter.java:53)
	at org.apache.catalina.core.ApplicationFilterChain.internalDoFilter(ApplicationFilterChain.java:193)
	at org.apache.catalina.core.ApplicationFilterChain.doFilter(ApplicationFilterChain.java:166)
	at org.springframework.security.web.FilterChainProxy$VirtualFilterChain.doFilter(FilterChainProxy.java:320)
	at org.springframework.security.web.access.intercept.FilterSecurityInterceptor.invoke(FilterSecurityInterceptor.java:126)
	at org.springframework.security.web.access.intercept.FilterSecurityInterceptor.doFilter(FilterSecurityInterceptor.java:90)
	at org.springframework.security.web.FilterChainProxy$VirtualFilterChain.doFilter(FilterChainProxy.java:334)
	at org.springframework.security.web.access.ExceptionTranslationFilter.doFilter(ExceptionTranslationFilter.java:118)
	at org.springframework.security.web.FilterChainProxy$VirtualFilterChain.doFilter(FilterChainProxy.java:334)
	at org.springframework.security.web.session.SessionManagementFilter.doFilter(SessionManagementFilter.java:137)
	at org.springframework.security.web.FilterChainProxy$VirtualFilterChain.doFilter(FilterChainProxy.java:334)
	at org.springframework.security.web.authentication.AnonymousAuthenticationFilter.doFilter(AnonymousAuthenticationFilter.java:111)
	at org.springframework.security.web.FilterChainProxy$VirtualFilterChain.doFilter(FilterChainProxy.java:334)
	at org.springframework.security.web.servletapi.SecurityContextHolderAwareRequestFilter.doFilter(SecurityContextHolderAwareRequestFilter.java:158)
	at org.springframework.security.web.FilterChainProxy$VirtualFilterChain.doFilter(FilterChainProxy.java:334)
	at org.springframework.security.web.savedrequest.RequestCacheAwareFilter.doFilter(RequestCacheAwareFilter.java:63)
	at org.springframework.security.web.FilterChainProxy$VirtualFilterChain.doFilter(FilterChainProxy.java:334)
	at org.springframework.security.web.authentication.www.BasicAuthenticationFilter.doFilterInternal(BasicAuthenticationFilter.java:155)
	at org.springframework.web.filter.OncePerRequestFilter.doFilter(OncePerRequestFilter.java:119)
	at org.springframework.security.web.FilterChainProxy$VirtualFilterChain.doFilter(FilterChainProxy.java:334)
	at org.springframework.security.web.authentication.logout.LogoutFilter.doFilter(LogoutFilter.java:116)
	at org.springframework.security.web.FilterChainProxy$VirtualFilterChain.doFilter(FilterChainProxy.java:334)
	at org.springframework.web.filter.CorsFilter.doFilterInternal(CorsFilter.java:92)
	at org.springframework.web.filter.OncePerRequestFilter.doFilter(OncePerRequestFilter.java:119)
	at org.springframework.security.web.FilterChainProxy$VirtualFilterChain.doFilter(FilterChainProxy.java:334)
	at org.springframework.security.web.header.HeaderWriterFilter.doHeadersAfter(HeaderWriterFilter.java:92)
	at org.springframework.security.web.header.HeaderWriterFilter.doFilterInternal(HeaderWriterFilter.java:77)
	at org.springframework.web.filter.OncePerRequestFilter.doFilter(OncePerRequestFilter.java:119)
	at org.springframework.security.web.FilterChainProxy$VirtualFilterChain.doFilter(FilterChainProxy.java:334)
	at org.springframework.security.web.context.SecurityContextPersistenceFilter.doFilter(SecurityContextPersistenceFilter.java:105)
	at org.springframework.security.web.FilterChainProxy$VirtualFilterChain.doFilter(FilterChainProxy.java:334)
	at org.springframework.security.web.context.request.async.WebAsyncManagerIntegrationFilter.doFilterInternal(WebAsyncManagerIntegrationFilter.java:56)
	at org.springframework.web.filter.OncePerRequestFilter.doFilter(OncePerRequestFilter.java:119)
	at org.springframework.security.web.FilterChainProxy$VirtualFilterChain.doFilter(FilterChainProxy.java:334)
	at org.springframework.security.web.FilterChainProxy.doFilterInternal(FilterChainProxy.java:215)
	at org.springframework.security.web.FilterChainProxy.doFilter(FilterChainProxy.java:178)
	at org.springframework.web.filter.DelegatingFilterProxy.invokeDelegate(DelegatingFilterProxy.java:358)
	at org.springframework.web.filter.DelegatingFilterProxy.doFilter(DelegatingFilterProxy.java:271)
	at org.apache.catalina.core.ApplicationFilterChain.internalDoFilter(ApplicationFilterChain.java:193)
	at org.apache.catalina.core.ApplicationFilterChain.doFilter(ApplicationFilterChain.java:166)
	at org.springframework.web.filter.RequestContextFilter.doFilterInternal(RequestContextFilter.java:100)
	at org.springframework.web.filter.OncePerRequestFilter.doFilter(OncePerRequestFilter.java:119)
	at org.apache.catalina.core.ApplicationFilterChain.internalDoFilter(ApplicationFilterChain.java:193)
	at org.apache.catalina.core.ApplicationFilterChain.doFilter(ApplicationFilterChain.java:166)
	at org.springframework.web.filter.FormContentFilter.doFilterInternal(FormContentFilter.java:93)
	at org.springframework.web.filter.OncePerRequestFilter.doFilter(OncePerRequestFilter.java:119)
	at org.apache.catalina.core.ApplicationFilterChain.internalDoFilter(ApplicationFilterChain.java:193)
	at org.apache.catalina.core.ApplicationFilterChain.doFilter(ApplicationFilterChain.java:166)
	at org.springframework.boot.actuate.metrics.web.servlet.WebMvcMetricsFilter.doFilterInternal(WebMvcMetricsFilter.java:109)
	at org.springframework.web.filter.OncePerRequestFilter.doFilter(OncePerRequestFilter.java:119)
	at org.apache.catalina.core.ApplicationFilterChain.internalDoFilter(ApplicationFilterChain.java:193)
	at org.apache.catalina.core.ApplicationFilterChain.doFilter(ApplicationFilterChain.java:166)
	at org.springframework.web.filter.CharacterEncodingFilter.doFilterInternal(CharacterEncodingFilter.java:201)
	at org.springframework.web.filter.OncePerRequestFilter.doFilter(OncePerRequestFilter.java:119)
	at org.apache.catalina.core.ApplicationFilterChain.internalDoFilter(ApplicationFilterChain.java:193)
	at org.apache.catalina.core.ApplicationFilterChain.doFilter(ApplicationFilterChain.java:166)
	at org.apache.catalina.core.StandardWrapperValve.invoke(StandardWrapperValve.java:202)
	at org.apache.catalina.core.StandardContextValve.invoke(StandardContextValve.java:96)
	at org.apache.catalina.authenticator.AuthenticatorBase.invoke(AuthenticatorBase.java:541)
	at org.apache.catalina.core.StandardHostValve.invoke(StandardHostValve.java:139)
	at org.apache.catalina.valves.ErrorReportValve.invoke(ErrorReportValve.java:92)
	at org.apache.catalina.core.StandardEngineValve.invoke(StandardEngineValve.java:74)
	at org.apache.catalina.connector.CoyoteAdapter.service(CoyoteAdapter.java:343)
	at org.apache.coyote.http11.Http11Processor.service(Http11Processor.java:373)
	at org.apache.coyote.AbstractProcessorLight.process(AbstractProcessorLight.java:65)
	at org.apache.coyote.AbstractProtocol$ConnectionHandler.process(AbstractProtocol.java:868)
	at org.apache.tomcat.util.net.NioEndpoint$SocketProcessor.doRun(NioEndpoint.java:1594)
	at org.apache.tomcat.util.net.SocketProcessorBase.run(SocketProcessorBase.java:49)
	at java.base/java.util.concurrent.ThreadPoolExecutor.runWorker(ThreadPoolExecutor.java:1128)
	at java.base/java.util.concurrent.ThreadPoolExecutor$Worker.run(ThreadPoolExecutor.java:628)
	at org.apache.tomcat.util.threads.TaskThread$WrappingRunnable.run(TaskThread.java:61)
	at java.base/java.lang.Thread.run(Thread.java:834)
2020-05-26 15:51:48,945 INFO com.surshree.app.services.CustomUserDetailsService [http-nio-8080-exec-5] Granted Authorities --> ROLE_CONT
2020-05-26 15:51:48,955 INFO com.surshree.app.services.CustomUserDetailsService [http-nio-8080-exec-5] Granted Authorities --> ROLE_ADMN
2020-05-26 15:51:48,958 INFO com.surshree.app.services.CustomUserDetailsService [http-nio-8080-exec-5] Granted Authorities --> FUNC_CONT_MENU
2020-05-26 15:51:48,962 INFO com.surshree.app.services.CustomUserDetailsService [http-nio-8080-exec-5] Granted Authorities --> FUNC_CONT_MENU
2020-05-26 15:51:48,965 INFO com.surshree.app.services.CustomUserDetailsService [http-nio-8080-exec-5] Granted Authorities --> FUNC_VIEW_ADMIN_MENU
2020-05-26 15:52:04,561 ERROR com.surshree.app.exception.CustomResponseEntityExceptionHandler [http-nio-8080-exec-4] java.io.IOException: Broken pipe
org.apache.catalina.connector.ClientAbortException: java.io.IOException: Broken pipe
	at org.apache.catalina.connector.OutputBuffer.realWriteBytes(OutputBuffer.java:351)
	at org.apache.catalina.connector.OutputBuffer.flushByteBuffer(OutputBuffer.java:776)
	at org.apache.catalina.connector.OutputBuffer.append(OutputBuffer.java:681)
	at org.apache.catalina.connector.OutputBuffer.writeBytes(OutputBuffer.java:386)
	at org.apache.catalina.connector.OutputBuffer.write(OutputBuffer.java:364)
	at org.apache.catalina.connector.CoyoteOutputStream.write(CoyoteOutputStream.java:96)
	at org.springframework.security.web.util.OnCommittedResponseWrapper$SaveContextServletOutputStream.write(OnCommittedResponseWrapper.java:645)
	at org.springframework.util.StreamUtils.copyRange(StreamUtils.java:180)
	at org.springframework.http.converter.ResourceRegionHttpMessageConverter.writeResourceRegion(ResourceRegionHttpMessageConverter.java:159)
	at org.springframework.http.converter.ResourceRegionHttpMessageConverter.writeInternal(ResourceRegionHttpMessageConverter.java:136)
	at org.springframework.http.converter.AbstractGenericHttpMessageConverter.write(AbstractGenericHttpMessageConverter.java:104)
	at org.springframework.web.servlet.mvc.method.annotation.AbstractMessageConverterMethodProcessor.writeWithMessageConverters(AbstractMessageConverterMethodProcessor.java:287)
	at org.springframework.web.servlet.mvc.method.annotation.HttpEntityMethodProcessor.handleReturnValue(HttpEntityMethodProcessor.java:219)
	at org.springframework.web.method.support.HandlerMethodReturnValueHandlerComposite.handleReturnValue(HandlerMethodReturnValueHandlerComposite.java:82)
	at org.springframework.web.servlet.mvc.method.annotation.ServletInvocableHandlerMethod.invokeAndHandle(ServletInvocableHandlerMethod.java:123)
	at org.springframework.web.servlet.mvc.method.annotation.RequestMappingHandlerAdapter.invokeHandlerMethod(RequestMappingHandlerAdapter.java:879)
	at org.springframework.web.servlet.mvc.method.annotation.RequestMappingHandlerAdapter.handleInternal(RequestMappingHandlerAdapter.java:793)
	at org.springframework.web.servlet.mvc.method.AbstractHandlerMethodAdapter.handle(AbstractHandlerMethodAdapter.java:87)
	at org.springframework.web.servlet.DispatcherServlet.doDispatch(DispatcherServlet.java:1040)
	at org.springframework.web.servlet.DispatcherServlet.doService(DispatcherServlet.java:943)
	at org.springframework.web.servlet.FrameworkServlet.processRequest(FrameworkServlet.java:1006)
	at org.springframework.web.servlet.FrameworkServlet.doGet(FrameworkServlet.java:898)
	at javax.servlet.http.HttpServlet.service(HttpServlet.java:634)
	at org.springframework.web.servlet.FrameworkServlet.service(FrameworkServlet.java:883)
	at javax.servlet.http.HttpServlet.service(HttpServlet.java:741)
	at org.apache.catalina.core.ApplicationFilterChain.internalDoFilter(ApplicationFilterChain.java:231)
	at org.apache.catalina.core.ApplicationFilterChain.doFilter(ApplicationFilterChain.java:166)
	at org.apache.tomcat.websocket.server.WsFilter.doFilter(WsFilter.java:53)
	at org.apache.catalina.core.ApplicationFilterChain.internalDoFilter(ApplicationFilterChain.java:193)
	at org.apache.catalina.core.ApplicationFilterChain.doFilter(ApplicationFilterChain.java:166)
	at org.springframework.security.web.FilterChainProxy$VirtualFilterChain.doFilter(FilterChainProxy.java:320)
	at org.springframework.security.web.access.intercept.FilterSecurityInterceptor.invoke(FilterSecurityInterceptor.java:126)
	at org.springframework.security.web.access.intercept.FilterSecurityInterceptor.doFilter(FilterSecurityInterceptor.java:90)
	at org.springframework.security.web.FilterChainProxy$VirtualFilterChain.doFilter(FilterChainProxy.java:334)
	at org.springframework.security.web.access.ExceptionTranslationFilter.doFilter(ExceptionTranslationFilter.java:118)
	at org.springframework.security.web.FilterChainProxy$VirtualFilterChain.doFilter(FilterChainProxy.java:334)
	at org.springframework.security.web.session.SessionManagementFilter.doFilter(SessionManagementFilter.java:137)
	at org.springframework.security.web.FilterChainProxy$VirtualFilterChain.doFilter(FilterChainProxy.java:334)
	at org.springframework.security.web.authentication.AnonymousAuthenticationFilter.doFilter(AnonymousAuthenticationFilter.java:111)
	at org.springframework.security.web.FilterChainProxy$VirtualFilterChain.doFilter(FilterChainProxy.java:334)
	at org.springframework.security.web.servletapi.SecurityContextHolderAwareRequestFilter.doFilter(SecurityContextHolderAwareRequestFilter.java:158)
	at org.springframework.security.web.FilterChainProxy$VirtualFilterChain.doFilter(FilterChainProxy.java:334)
	at org.springframework.security.web.savedrequest.RequestCacheAwareFilter.doFilter(RequestCacheAwareFilter.java:63)
	at org.springframework.security.web.FilterChainProxy$VirtualFilterChain.doFilter(FilterChainProxy.java:334)
	at org.springframework.security.web.authentication.www.BasicAuthenticationFilter.doFilterInternal(BasicAuthenticationFilter.java:155)
	at org.springframework.web.filter.OncePerRequestFilter.doFilter(OncePerRequestFilter.java:119)
	at org.springframework.security.web.FilterChainProxy$VirtualFilterChain.doFilter(FilterChainProxy.java:334)
	at org.springframework.security.web.authentication.logout.LogoutFilter.doFilter(LogoutFilter.java:116)
	at org.springframework.security.web.FilterChainProxy$VirtualFilterChain.doFilter(FilterChainProxy.java:334)
	at org.springframework.web.filter.CorsFilter.doFilterInternal(CorsFilter.java:92)
	at org.springframework.web.filter.OncePerRequestFilter.doFilter(OncePerRequestFilter.java:119)
	at org.springframework.security.web.FilterChainProxy$VirtualFilterChain.doFilter(FilterChainProxy.java:334)
	at org.springframework.security.web.header.HeaderWriterFilter.doHeadersAfter(HeaderWriterFilter.java:92)
	at org.springframework.security.web.header.HeaderWriterFilter.doFilterInternal(HeaderWriterFilter.java:77)
	at org.springframework.web.filter.OncePerRequestFilter.doFilter(OncePerRequestFilter.java:119)
	at org.springframework.security.web.FilterChainProxy$VirtualFilterChain.doFilter(FilterChainProxy.java:334)
	at org.springframework.security.web.context.SecurityContextPersistenceFilter.doFilter(SecurityContextPersistenceFilter.java:105)
	at org.springframework.security.web.FilterChainProxy$VirtualFilterChain.doFilter(FilterChainProxy.java:334)
	at org.springframework.security.web.context.request.async.WebAsyncManagerIntegrationFilter.doFilterInternal(WebAsyncManagerIntegrationFilter.java:56)
	at org.springframework.web.filter.OncePerRequestFilter.doFilter(OncePerRequestFilter.java:119)
	at org.springframework.security.web.FilterChainProxy$VirtualFilterChain.doFilter(FilterChainProxy.java:334)
	at org.springframework.security.web.FilterChainProxy.doFilterInternal(FilterChainProxy.java:215)
	at org.springframework.security.web.FilterChainProxy.doFilter(FilterChainProxy.java:178)
	at org.springframework.web.filter.DelegatingFilterProxy.invokeDelegate(DelegatingFilterProxy.java:358)
	at org.springframework.web.filter.DelegatingFilterProxy.doFilter(DelegatingFilterProxy.java:271)
	at org.apache.catalina.core.ApplicationFilterChain.internalDoFilter(ApplicationFilterChain.java:193)
	at org.apache.catalina.core.ApplicationFilterChain.doFilter(ApplicationFilterChain.java:166)
	at org.springframework.web.filter.RequestContextFilter.doFilterInternal(RequestContextFilter.java:100)
	at org.springframework.web.filter.OncePerRequestFilter.doFilter(OncePerRequestFilter.java:119)
	at org.apache.catalina.core.ApplicationFilterChain.internalDoFilter(ApplicationFilterChain.java:193)
	at org.apache.catalina.core.ApplicationFilterChain.doFilter(ApplicationFilterChain.java:166)
	at org.springframework.web.filter.FormContentFilter.doFilterInternal(FormContentFilter.java:93)
	at org.springframework.web.filter.OncePerRequestFilter.doFilter(OncePerRequestFilter.java:119)
	at org.apache.catalina.core.ApplicationFilterChain.internalDoFilter(ApplicationFilterChain.java:193)
	at org.apache.catalina.core.ApplicationFilterChain.doFilter(ApplicationFilterChain.java:166)
	at org.springframework.boot.actuate.metrics.web.servlet.WebMvcMetricsFilter.doFilterInternal(WebMvcMetricsFilter.java:109)
	at org.springframework.web.filter.OncePerRequestFilter.doFilter(OncePerRequestFilter.java:119)
	at org.apache.catalina.core.ApplicationFilterChain.internalDoFilter(ApplicationFilterChain.java:193)
	at org.apache.catalina.core.ApplicationFilterChain.doFilter(ApplicationFilterChain.java:166)
	at org.springframework.web.filter.CharacterEncodingFilter.doFilterInternal(CharacterEncodingFilter.java:201)
	at org.springframework.web.filter.OncePerRequestFilter.doFilter(OncePerRequestFilter.java:119)
	at org.apache.catalina.core.ApplicationFilterChain.internalDoFilter(ApplicationFilterChain.java:193)
	at org.apache.catalina.core.ApplicationFilterChain.doFilter(ApplicationFilterChain.java:166)
	at org.apache.catalina.core.StandardWrapperValve.invoke(StandardWrapperValve.java:202)
	at org.apache.catalina.core.StandardContextValve.invoke(StandardContextValve.java:96)
	at org.apache.catalina.authenticator.AuthenticatorBase.invoke(AuthenticatorBase.java:541)
	at org.apache.catalina.core.StandardHostValve.invoke(StandardHostValve.java:139)
	at org.apache.catalina.valves.ErrorReportValve.invoke(ErrorReportValve.java:92)
	at org.apache.catalina.core.StandardEngineValve.invoke(StandardEngineValve.java:74)
	at org.apache.catalina.connector.CoyoteAdapter.service(CoyoteAdapter.java:343)
	at org.apache.coyote.http11.Http11Processor.service(Http11Processor.java:373)
	at org.apache.coyote.AbstractProcessorLight.process(AbstractProcessorLight.java:65)
	at org.apache.coyote.AbstractProtocol$ConnectionHandler.process(AbstractProtocol.java:868)
	at org.apache.tomcat.util.net.NioEndpoint$SocketProcessor.doRun(NioEndpoint.java:1594)
	at org.apache.tomcat.util.net.SocketProcessorBase.run(SocketProcessorBase.java:49)
	at java.base/java.util.concurrent.ThreadPoolExecutor.runWorker(ThreadPoolExecutor.java:1128)
	at java.base/java.util.concurrent.ThreadPoolExecutor$Worker.run(ThreadPoolExecutor.java:628)
	at org.apache.tomcat.util.threads.TaskThread$WrappingRunnable.run(TaskThread.java:61)
	at java.base/java.lang.Thread.run(Thread.java:834)
Caused by: java.io.IOException: Broken pipe
	at java.base/sun.nio.ch.FileDispatcherImpl.write0(Native Method)
	at java.base/sun.nio.ch.SocketDispatcher.write(SocketDispatcher.java:47)
	at java.base/sun.nio.ch.IOUtil.writeFromNativeBuffer(IOUtil.java:113)
	at java.base/sun.nio.ch.IOUtil.write(IOUtil.java:79)
	at java.base/sun.nio.ch.IOUtil.write(IOUtil.java:50)
	at java.base/sun.nio.ch.SocketChannelImpl.write(SocketChannelImpl.java:466)
	at org.apache.tomcat.util.net.NioChannel.write(NioChannel.java:138)
	at org.apache.tomcat.util.net.NioBlockingSelector.write(NioBlockingSelector.java:101)
	at org.apache.tomcat.util.net.NioSelectorPool.write(NioSelectorPool.java:152)
	at org.apache.tomcat.util.net.NioEndpoint$NioSocketWrapper.doWrite(NioEndpoint.java:1253)
	at org.apache.tomcat.util.net.SocketWrapperBase.doWrite(SocketWrapperBase.java:740)
	at org.apache.tomcat.util.net.SocketWrapperBase.writeBlocking(SocketWrapperBase.java:560)
	at org.apache.tomcat.util.net.SocketWrapperBase.write(SocketWrapperBase.java:504)
	at org.apache.coyote.http11.Http11OutputBuffer$SocketOutputBuffer.doWrite(Http11OutputBuffer.java:538)
	at org.apache.coyote.http11.filters.IdentityOutputFilter.doWrite(IdentityOutputFilter.java:73)
	at org.apache.coyote.http11.Http11OutputBuffer.doWrite(Http11OutputBuffer.java:190)
	at org.apache.coyote.Response.doWrite(Response.java:601)
	at org.apache.catalina.connector.OutputBuffer.realWriteBytes(OutputBuffer.java:339)
	... 98 common frames omitted
2020-05-26 15:52:04,564 WARN org.springframework.web.servlet.mvc.method.annotation.ExceptionHandlerExceptionResolver [http-nio-8080-exec-4] Failure in @ExceptionHandler com.surshree.app.exception.CustomResponseEntityExceptionHandler#handleAllException(Exception, WebRequest)
org.springframework.http.converter.HttpMessageNotWritableException: No converter for [class com.surshree.app.exception.ExceptionMessage] with preset Content-Type 'audio/mpeg'
	at org.springframework.web.servlet.mvc.method.annotation.AbstractMessageConverterMethodProcessor.writeWithMessageConverters(AbstractMessageConverterMethodProcessor.java:309)
	at org.springframework.web.servlet.mvc.method.annotation.HttpEntityMethodProcessor.handleReturnValue(HttpEntityMethodProcessor.java:219)
	at org.springframework.web.method.support.HandlerMethodReturnValueHandlerComposite.handleReturnValue(HandlerMethodReturnValueHandlerComposite.java:82)
	at org.springframework.web.servlet.mvc.method.annotation.ServletInvocableHandlerMethod.invokeAndHandle(ServletInvocableHandlerMethod.java:123)
	at org.springframework.web.servlet.mvc.method.annotation.ExceptionHandlerExceptionResolver.doResolveHandlerMethodException(ExceptionHandlerExceptionResolver.java:403)
	at org.springframework.web.servlet.handler.AbstractHandlerMethodExceptionResolver.doResolveException(AbstractHandlerMethodExceptionResolver.java:61)
	at org.springframework.web.servlet.handler.AbstractHandlerExceptionResolver.resolveException(AbstractHandlerExceptionResolver.java:141)
	at org.springframework.web.servlet.handler.HandlerExceptionResolverComposite.resolveException(HandlerExceptionResolverComposite.java:80)
	at org.springframework.web.servlet.DispatcherServlet.processHandlerException(DispatcherServlet.java:1300)
	at org.springframework.web.servlet.DispatcherServlet.processDispatchResult(DispatcherServlet.java:1111)
	at org.springframework.web.servlet.DispatcherServlet.doDispatch(DispatcherServlet.java:1057)
	at org.springframework.web.servlet.DispatcherServlet.doService(DispatcherServlet.java:943)
	at org.springframework.web.servlet.FrameworkServlet.processRequest(FrameworkServlet.java:1006)
	at org.springframework.web.servlet.FrameworkServlet.doGet(FrameworkServlet.java:898)
	at javax.servlet.http.HttpServlet.service(HttpServlet.java:634)
	at org.springframework.web.servlet.FrameworkServlet.service(FrameworkServlet.java:883)
	at javax.servlet.http.HttpServlet.service(HttpServlet.java:741)
	at org.apache.catalina.core.ApplicationFilterChain.internalDoFilter(ApplicationFilterChain.java:231)
	at org.apache.catalina.core.ApplicationFilterChain.doFilter(ApplicationFilterChain.java:166)
	at org.apache.tomcat.websocket.server.WsFilter.doFilter(WsFilter.java:53)
	at org.apache.catalina.core.ApplicationFilterChain.internalDoFilter(ApplicationFilterChain.java:193)
	at org.apache.catalina.core.ApplicationFilterChain.doFilter(ApplicationFilterChain.java:166)
	at org.springframework.security.web.FilterChainProxy$VirtualFilterChain.doFilter(FilterChainProxy.java:320)
	at org.springframework.security.web.access.intercept.FilterSecurityInterceptor.invoke(FilterSecurityInterceptor.java:126)
	at org.springframework.security.web.access.intercept.FilterSecurityInterceptor.doFilter(FilterSecurityInterceptor.java:90)
	at org.springframework.security.web.FilterChainProxy$VirtualFilterChain.doFilter(FilterChainProxy.java:334)
	at org.springframework.security.web.access.ExceptionTranslationFilter.doFilter(ExceptionTranslationFilter.java:118)
	at org.springframework.security.web.FilterChainProxy$VirtualFilterChain.doFilter(FilterChainProxy.java:334)
	at org.springframework.security.web.session.SessionManagementFilter.doFilter(SessionManagementFilter.java:137)
	at org.springframework.security.web.FilterChainProxy$VirtualFilterChain.doFilter(FilterChainProxy.java:334)
	at org.springframework.security.web.authentication.AnonymousAuthenticationFilter.doFilter(AnonymousAuthenticationFilter.java:111)
	at org.springframework.security.web.FilterChainProxy$VirtualFilterChain.doFilter(FilterChainProxy.java:334)
	at org.springframework.security.web.servletapi.SecurityContextHolderAwareRequestFilter.doFilter(SecurityContextHolderAwareRequestFilter.java:158)
	at org.springframework.security.web.FilterChainProxy$VirtualFilterChain.doFilter(FilterChainProxy.java:334)
	at org.springframework.security.web.savedrequest.RequestCacheAwareFilter.doFilter(RequestCacheAwareFilter.java:63)
	at org.springframework.security.web.FilterChainProxy$VirtualFilterChain.doFilter(FilterChainProxy.java:334)
	at org.springframework.security.web.authentication.www.BasicAuthenticationFilter.doFilterInternal(BasicAuthenticationFilter.java:155)
	at org.springframework.web.filter.OncePerRequestFilter.doFilter(OncePerRequestFilter.java:119)
	at org.springframework.security.web.FilterChainProxy$VirtualFilterChain.doFilter(FilterChainProxy.java:334)
	at org.springframework.security.web.authentication.logout.LogoutFilter.doFilter(LogoutFilter.java:116)
	at org.springframework.security.web.FilterChainProxy$VirtualFilterChain.doFilter(FilterChainProxy.java:334)
	at org.springframework.web.filter.CorsFilter.doFilterInternal(CorsFilter.java:92)
	at org.springframework.web.filter.OncePerRequestFilter.doFilter(OncePerRequestFilter.java:119)
	at org.springframework.security.web.FilterChainProxy$VirtualFilterChain.doFilter(FilterChainProxy.java:334)
	at org.springframework.security.web.header.HeaderWriterFilter.doHeadersAfter(HeaderWriterFilter.java:92)
	at org.springframework.security.web.header.HeaderWriterFilter.doFilterInternal(HeaderWriterFilter.java:77)
	at org.springframework.web.filter.OncePerRequestFilter.doFilter(OncePerRequestFilter.java:119)
	at org.springframework.security.web.FilterChainProxy$VirtualFilterChain.doFilter(FilterChainProxy.java:334)
	at org.springframework.security.web.context.SecurityContextPersistenceFilter.doFilter(SecurityContextPersistenceFilter.java:105)
	at org.springframework.security.web.FilterChainProxy$VirtualFilterChain.doFilter(FilterChainProxy.java:334)
	at org.springframework.security.web.context.request.async.WebAsyncManagerIntegrationFilter.doFilterInternal(WebAsyncManagerIntegrationFilter.java:56)
	at org.springframework.web.filter.OncePerRequestFilter.doFilter(OncePerRequestFilter.java:119)
	at org.springframework.security.web.FilterChainProxy$VirtualFilterChain.doFilter(FilterChainProxy.java:334)
	at org.springframework.security.web.FilterChainProxy.doFilterInternal(FilterChainProxy.java:215)
	at org.springframework.security.web.FilterChainProxy.doFilter(FilterChainProxy.java:178)
	at org.springframework.web.filter.DelegatingFilterProxy.invokeDelegate(DelegatingFilterProxy.java:358)
	at org.springframework.web.filter.DelegatingFilterProxy.doFilter(DelegatingFilterProxy.java:271)
	at org.apache.catalina.core.ApplicationFilterChain.internalDoFilter(ApplicationFilterChain.java:193)
	at org.apache.catalina.core.ApplicationFilterChain.doFilter(ApplicationFilterChain.java:166)
	at org.springframework.web.filter.RequestContextFilter.doFilterInternal(RequestContextFilter.java:100)
	at org.springframework.web.filter.OncePerRequestFilter.doFilter(OncePerRequestFilter.java:119)
	at org.apache.catalina.core.ApplicationFilterChain.internalDoFilter(ApplicationFilterChain.java:193)
	at org.apache.catalina.core.ApplicationFilterChain.doFilter(ApplicationFilterChain.java:166)
	at org.springframework.web.filter.FormContentFilter.doFilterInternal(FormContentFilter.java:93)
	at org.springframework.web.filter.OncePerRequestFilter.doFilter(OncePerRequestFilter.java:119)
	at org.apache.catalina.core.ApplicationFilterChain.internalDoFilter(ApplicationFilterChain.java:193)
	at org.apache.catalina.core.ApplicationFilterChain.doFilter(ApplicationFilterChain.java:166)
	at org.springframework.boot.actuate.metrics.web.servlet.WebMvcMetricsFilter.doFilterInternal(WebMvcMetricsFilter.java:109)
	at org.springframework.web.filter.OncePerRequestFilter.doFilter(OncePerRequestFilter.java:119)
	at org.apache.catalina.core.ApplicationFilterChain.internalDoFilter(ApplicationFilterChain.java:193)
	at org.apache.catalina.core.ApplicationFilterChain.doFilter(ApplicationFilterChain.java:166)
	at org.springframework.web.filter.CharacterEncodingFilter.doFilterInternal(CharacterEncodingFilter.java:201)
	at org.springframework.web.filter.OncePerRequestFilter.doFilter(OncePerRequestFilter.java:119)
	at org.apache.catalina.core.ApplicationFilterChain.internalDoFilter(ApplicationFilterChain.java:193)
	at org.apache.catalina.core.ApplicationFilterChain.doFilter(ApplicationFilterChain.java:166)
	at org.apache.catalina.core.StandardWrapperValve.invoke(StandardWrapperValve.java:202)
	at org.apache.catalina.core.StandardContextValve.invoke(StandardContextValve.java:96)
	at org.apache.catalina.authenticator.AuthenticatorBase.invoke(AuthenticatorBase.java:541)
	at org.apache.catalina.core.StandardHostValve.invoke(StandardHostValve.java:139)
	at org.apache.catalina.valves.ErrorReportValve.invoke(ErrorReportValve.java:92)
	at org.apache.catalina.core.StandardEngineValve.invoke(StandardEngineValve.java:74)
	at org.apache.catalina.connector.CoyoteAdapter.service(CoyoteAdapter.java:343)
	at org.apache.coyote.http11.Http11Processor.service(Http11Processor.java:373)
	at org.apache.coyote.AbstractProcessorLight.process(AbstractProcessorLight.java:65)
	at org.apache.coyote.AbstractProtocol$ConnectionHandler.process(AbstractProtocol.java:868)
	at org.apache.tomcat.util.net.NioEndpoint$SocketProcessor.doRun(NioEndpoint.java:1594)
	at org.apache.tomcat.util.net.SocketProcessorBase.run(SocketProcessorBase.java:49)
	at java.base/java.util.concurrent.ThreadPoolExecutor.runWorker(ThreadPoolExecutor.java:1128)
	at java.base/java.util.concurrent.ThreadPoolExecutor$Worker.run(ThreadPoolExecutor.java:628)
	at org.apache.tomcat.util.threads.TaskThread$WrappingRunnable.run(TaskThread.java:61)
	at java.base/java.lang.Thread.run(Thread.java:834)
2020-05-26 15:52:12,349 ERROR com.surshree.app.exception.CustomResponseEntityExceptionHandler [http-nio-8080-exec-2] java.io.IOException: Broken pipe
org.apache.catalina.connector.ClientAbortException: java.io.IOException: Broken pipe
	at org.apache.catalina.connector.OutputBuffer.realWriteBytes(OutputBuffer.java:351)
	at org.apache.catalina.connector.OutputBuffer.flushByteBuffer(OutputBuffer.java:776)
	at org.apache.catalina.connector.OutputBuffer.append(OutputBuffer.java:681)
	at org.apache.catalina.connector.OutputBuffer.writeBytes(OutputBuffer.java:386)
	at org.apache.catalina.connector.OutputBuffer.write(OutputBuffer.java:364)
	at org.apache.catalina.connector.CoyoteOutputStream.write(CoyoteOutputStream.java:96)
	at org.springframework.security.web.util.OnCommittedResponseWrapper$SaveContextServletOutputStream.write(OnCommittedResponseWrapper.java:645)
	at org.springframework.util.StreamUtils.copyRange(StreamUtils.java:180)
	at org.springframework.http.converter.ResourceRegionHttpMessageConverter.writeResourceRegion(ResourceRegionHttpMessageConverter.java:159)
	at org.springframework.http.converter.ResourceRegionHttpMessageConverter.writeInternal(ResourceRegionHttpMessageConverter.java:136)
	at org.springframework.http.converter.AbstractGenericHttpMessageConverter.write(AbstractGenericHttpMessageConverter.java:104)
	at org.springframework.web.servlet.mvc.method.annotation.AbstractMessageConverterMethodProcessor.writeWithMessageConverters(AbstractMessageConverterMethodProcessor.java:287)
	at org.springframework.web.servlet.mvc.method.annotation.HttpEntityMethodProcessor.handleReturnValue(HttpEntityMethodProcessor.java:219)
	at org.springframework.web.method.support.HandlerMethodReturnValueHandlerComposite.handleReturnValue(HandlerMethodReturnValueHandlerComposite.java:82)
	at org.springframework.web.servlet.mvc.method.annotation.ServletInvocableHandlerMethod.invokeAndHandle(ServletInvocableHandlerMethod.java:123)
	at org.springframework.web.servlet.mvc.method.annotation.RequestMappingHandlerAdapter.invokeHandlerMethod(RequestMappingHandlerAdapter.java:879)
	at org.springframework.web.servlet.mvc.method.annotation.RequestMappingHandlerAdapter.handleInternal(RequestMappingHandlerAdapter.java:793)
	at org.springframework.web.servlet.mvc.method.AbstractHandlerMethodAdapter.handle(AbstractHandlerMethodAdapter.java:87)
	at org.springframework.web.servlet.DispatcherServlet.doDispatch(DispatcherServlet.java:1040)
	at org.springframework.web.servlet.DispatcherServlet.doService(DispatcherServlet.java:943)
	at org.springframework.web.servlet.FrameworkServlet.processRequest(FrameworkServlet.java:1006)
	at org.springframework.web.servlet.FrameworkServlet.doGet(FrameworkServlet.java:898)
	at javax.servlet.http.HttpServlet.service(HttpServlet.java:634)
	at org.springframework.web.servlet.FrameworkServlet.service(FrameworkServlet.java:883)
	at javax.servlet.http.HttpServlet.service(HttpServlet.java:741)
	at org.apache.catalina.core.ApplicationFilterChain.internalDoFilter(ApplicationFilterChain.java:231)
	at org.apache.catalina.core.ApplicationFilterChain.doFilter(ApplicationFilterChain.java:166)
	at org.apache.tomcat.websocket.server.WsFilter.doFilter(WsFilter.java:53)
	at org.apache.catalina.core.ApplicationFilterChain.internalDoFilter(ApplicationFilterChain.java:193)
	at org.apache.catalina.core.ApplicationFilterChain.doFilter(ApplicationFilterChain.java:166)
	at org.springframework.security.web.FilterChainProxy$VirtualFilterChain.doFilter(FilterChainProxy.java:320)
	at org.springframework.security.web.access.intercept.FilterSecurityInterceptor.invoke(FilterSecurityInterceptor.java:126)
	at org.springframework.security.web.access.intercept.FilterSecurityInterceptor.doFilter(FilterSecurityInterceptor.java:90)
	at org.springframework.security.web.FilterChainProxy$VirtualFilterChain.doFilter(FilterChainProxy.java:334)
	at org.springframework.security.web.access.ExceptionTranslationFilter.doFilter(ExceptionTranslationFilter.java:118)
	at org.springframework.security.web.FilterChainProxy$VirtualFilterChain.doFilter(FilterChainProxy.java:334)
	at org.springframework.security.web.session.SessionManagementFilter.doFilter(SessionManagementFilter.java:137)
	at org.springframework.security.web.FilterChainProxy$VirtualFilterChain.doFilter(FilterChainProxy.java:334)
	at org.springframework.security.web.authentication.AnonymousAuthenticationFilter.doFilter(AnonymousAuthenticationFilter.java:111)
	at org.springframework.security.web.FilterChainProxy$VirtualFilterChain.doFilter(FilterChainProxy.java:334)
	at org.springframework.security.web.servletapi.SecurityContextHolderAwareRequestFilter.doFilter(SecurityContextHolderAwareRequestFilter.java:158)
	at org.springframework.security.web.FilterChainProxy$VirtualFilterChain.doFilter(FilterChainProxy.java:334)
	at org.springframework.security.web.savedrequest.RequestCacheAwareFilter.doFilter(RequestCacheAwareFilter.java:63)
	at org.springframework.security.web.FilterChainProxy$VirtualFilterChain.doFilter(FilterChainProxy.java:334)
	at org.springframework.security.web.authentication.www.BasicAuthenticationFilter.doFilterInternal(BasicAuthenticationFilter.java:155)
	at org.springframework.web.filter.OncePerRequestFilter.doFilter(OncePerRequestFilter.java:119)
	at org.springframework.security.web.FilterChainProxy$VirtualFilterChain.doFilter(FilterChainProxy.java:334)
	at org.springframework.security.web.authentication.logout.LogoutFilter.doFilter(LogoutFilter.java:116)
	at org.springframework.security.web.FilterChainProxy$VirtualFilterChain.doFilter(FilterChainProxy.java:334)
	at org.springframework.web.filter.CorsFilter.doFilterInternal(CorsFilter.java:92)
	at org.springframework.web.filter.OncePerRequestFilter.doFilter(OncePerRequestFilter.java:119)
	at org.springframework.security.web.FilterChainProxy$VirtualFilterChain.doFilter(FilterChainProxy.java:334)
	at org.springframework.security.web.header.HeaderWriterFilter.doHeadersAfter(HeaderWriterFilter.java:92)
	at org.springframework.security.web.header.HeaderWriterFilter.doFilterInternal(HeaderWriterFilter.java:77)
	at org.springframework.web.filter.OncePerRequestFilter.doFilter(OncePerRequestFilter.java:119)
	at org.springframework.security.web.FilterChainProxy$VirtualFilterChain.doFilter(FilterChainProxy.java:334)
	at org.springframework.security.web.context.SecurityContextPersistenceFilter.doFilter(SecurityContextPersistenceFilter.java:105)
	at org.springframework.security.web.FilterChainProxy$VirtualFilterChain.doFilter(FilterChainProxy.java:334)
	at org.springframework.security.web.context.request.async.WebAsyncManagerIntegrationFilter.doFilterInternal(WebAsyncManagerIntegrationFilter.java:56)
	at org.springframework.web.filter.OncePerRequestFilter.doFilter(OncePerRequestFilter.java:119)
	at org.springframework.security.web.FilterChainProxy$VirtualFilterChain.doFilter(FilterChainProxy.java:334)
	at org.springframework.security.web.FilterChainProxy.doFilterInternal(FilterChainProxy.java:215)
	at org.springframework.security.web.FilterChainProxy.doFilter(FilterChainProxy.java:178)
	at org.springframework.web.filter.DelegatingFilterProxy.invokeDelegate(DelegatingFilterProxy.java:358)
	at org.springframework.web.filter.DelegatingFilterProxy.doFilter(DelegatingFilterProxy.java:271)
	at org.apache.catalina.core.ApplicationFilterChain.internalDoFilter(ApplicationFilterChain.java:193)
	at org.apache.catalina.core.ApplicationFilterChain.doFilter(ApplicationFilterChain.java:166)
	at org.springframework.web.filter.RequestContextFilter.doFilterInternal(RequestContextFilter.java:100)
	at org.springframework.web.filter.OncePerRequestFilter.doFilter(OncePerRequestFilter.java:119)
	at org.apache.catalina.core.ApplicationFilterChain.internalDoFilter(ApplicationFilterChain.java:193)
	at org.apache.catalina.core.ApplicationFilterChain.doFilter(ApplicationFilterChain.java:166)
	at org.springframework.web.filter.FormContentFilter.doFilterInternal(FormContentFilter.java:93)
	at org.springframework.web.filter.OncePerRequestFilter.doFilter(OncePerRequestFilter.java:119)
	at org.apache.catalina.core.ApplicationFilterChain.internalDoFilter(ApplicationFilterChain.java:193)
	at org.apache.catalina.core.ApplicationFilterChain.doFilter(ApplicationFilterChain.java:166)
	at org.springframework.boot.actuate.metrics.web.servlet.WebMvcMetricsFilter.doFilterInternal(WebMvcMetricsFilter.java:109)
	at org.springframework.web.filter.OncePerRequestFilter.doFilter(OncePerRequestFilter.java:119)
	at org.apache.catalina.core.ApplicationFilterChain.internalDoFilter(ApplicationFilterChain.java:193)
	at org.apache.catalina.core.ApplicationFilterChain.doFilter(ApplicationFilterChain.java:166)
	at org.springframework.web.filter.CharacterEncodingFilter.doFilterInternal(CharacterEncodingFilter.java:201)
	at org.springframework.web.filter.OncePerRequestFilter.doFilter(OncePerRequestFilter.java:119)
	at org.apache.catalina.core.ApplicationFilterChain.internalDoFilter(ApplicationFilterChain.java:193)
	at org.apache.catalina.core.ApplicationFilterChain.doFilter(ApplicationFilterChain.java:166)
	at org.apache.catalina.core.StandardWrapperValve.invoke(StandardWrapperValve.java:202)
	at org.apache.catalina.core.StandardContextValve.invoke(StandardContextValve.java:96)
	at org.apache.catalina.authenticator.AuthenticatorBase.invoke(AuthenticatorBase.java:541)
	at org.apache.catalina.core.StandardHostValve.invoke(StandardHostValve.java:139)
	at org.apache.catalina.valves.ErrorReportValve.invoke(ErrorReportValve.java:92)
	at org.apache.catalina.core.StandardEngineValve.invoke(StandardEngineValve.java:74)
	at org.apache.catalina.connector.CoyoteAdapter.service(CoyoteAdapter.java:343)
	at org.apache.coyote.http11.Http11Processor.service(Http11Processor.java:373)
	at org.apache.coyote.AbstractProcessorLight.process(AbstractProcessorLight.java:65)
	at org.apache.coyote.AbstractProtocol$ConnectionHandler.process(AbstractProtocol.java:868)
	at org.apache.tomcat.util.net.NioEndpoint$SocketProcessor.doRun(NioEndpoint.java:1594)
	at org.apache.tomcat.util.net.SocketProcessorBase.run(SocketProcessorBase.java:49)
	at java.base/java.util.concurrent.ThreadPoolExecutor.runWorker(ThreadPoolExecutor.java:1128)
	at java.base/java.util.concurrent.ThreadPoolExecutor$Worker.run(ThreadPoolExecutor.java:628)
	at org.apache.tomcat.util.threads.TaskThread$WrappingRunnable.run(TaskThread.java:61)
	at java.base/java.lang.Thread.run(Thread.java:834)
Caused by: java.io.IOException: Broken pipe
	at java.base/sun.nio.ch.FileDispatcherImpl.write0(Native Method)
	at java.base/sun.nio.ch.SocketDispatcher.write(SocketDispatcher.java:47)
	at java.base/sun.nio.ch.IOUtil.writeFromNativeBuffer(IOUtil.java:113)
	at java.base/sun.nio.ch.IOUtil.write(IOUtil.java:79)
	at java.base/sun.nio.ch.IOUtil.write(IOUtil.java:50)
	at java.base/sun.nio.ch.SocketChannelImpl.write(SocketChannelImpl.java:466)
	at org.apache.tomcat.util.net.NioChannel.write(NioChannel.java:138)
	at org.apache.tomcat.util.net.NioBlockingSelector.write(NioBlockingSelector.java:101)
	at org.apache.tomcat.util.net.NioSelectorPool.write(NioSelectorPool.java:152)
	at org.apache.tomcat.util.net.NioEndpoint$NioSocketWrapper.doWrite(NioEndpoint.java:1253)
	at org.apache.tomcat.util.net.SocketWrapperBase.doWrite(SocketWrapperBase.java:740)
	at org.apache.tomcat.util.net.SocketWrapperBase.writeBlocking(SocketWrapperBase.java:560)
	at org.apache.tomcat.util.net.SocketWrapperBase.write(SocketWrapperBase.java:504)
	at org.apache.coyote.http11.Http11OutputBuffer$SocketOutputBuffer.doWrite(Http11OutputBuffer.java:538)
	at org.apache.coyote.http11.filters.IdentityOutputFilter.doWrite(IdentityOutputFilter.java:73)
	at org.apache.coyote.http11.Http11OutputBuffer.doWrite(Http11OutputBuffer.java:190)
	at org.apache.coyote.Response.doWrite(Response.java:601)
	at org.apache.catalina.connector.OutputBuffer.realWriteBytes(OutputBuffer.java:339)
	... 98 common frames omitted
2020-05-26 15:52:12,353 WARN org.springframework.web.servlet.mvc.method.annotation.ExceptionHandlerExceptionResolver [http-nio-8080-exec-2] Failure in @ExceptionHandler com.surshree.app.exception.CustomResponseEntityExceptionHandler#handleAllException(Exception, WebRequest)
org.springframework.http.converter.HttpMessageNotWritableException: No converter for [class com.surshree.app.exception.ExceptionMessage] with preset Content-Type 'audio/mpeg'
	at org.springframework.web.servlet.mvc.method.annotation.AbstractMessageConverterMethodProcessor.writeWithMessageConverters(AbstractMessageConverterMethodProcessor.java:309)
	at org.springframework.web.servlet.mvc.method.annotation.HttpEntityMethodProcessor.handleReturnValue(HttpEntityMethodProcessor.java:219)
	at org.springframework.web.method.support.HandlerMethodReturnValueHandlerComposite.handleReturnValue(HandlerMethodReturnValueHandlerComposite.java:82)
	at org.springframework.web.servlet.mvc.method.annotation.ServletInvocableHandlerMethod.invokeAndHandle(ServletInvocableHandlerMethod.java:123)
	at org.springframework.web.servlet.mvc.method.annotation.ExceptionHandlerExceptionResolver.doResolveHandlerMethodException(ExceptionHandlerExceptionResolver.java:403)
	at org.springframework.web.servlet.handler.AbstractHandlerMethodExceptionResolver.doResolveException(AbstractHandlerMethodExceptionResolver.java:61)
	at org.springframework.web.servlet.handler.AbstractHandlerExceptionResolver.resolveException(AbstractHandlerExceptionResolver.java:141)
	at org.springframework.web.servlet.handler.HandlerExceptionResolverComposite.resolveException(HandlerExceptionResolverComposite.java:80)
	at org.springframework.web.servlet.DispatcherServlet.processHandlerException(DispatcherServlet.java:1300)
	at org.springframework.web.servlet.DispatcherServlet.processDispatchResult(DispatcherServlet.java:1111)
	at org.springframework.web.servlet.DispatcherServlet.doDispatch(DispatcherServlet.java:1057)
	at org.springframework.web.servlet.DispatcherServlet.doService(DispatcherServlet.java:943)
	at org.springframework.web.servlet.FrameworkServlet.processRequest(FrameworkServlet.java:1006)
	at org.springframework.web.servlet.FrameworkServlet.doGet(FrameworkServlet.java:898)
	at javax.servlet.http.HttpServlet.service(HttpServlet.java:634)
	at org.springframework.web.servlet.FrameworkServlet.service(FrameworkServlet.java:883)
	at javax.servlet.http.HttpServlet.service(HttpServlet.java:741)
	at org.apache.catalina.core.ApplicationFilterChain.internalDoFilter(ApplicationFilterChain.java:231)
	at org.apache.catalina.core.ApplicationFilterChain.doFilter(ApplicationFilterChain.java:166)
	at org.apache.tomcat.websocket.server.WsFilter.doFilter(WsFilter.java:53)
	at org.apache.catalina.core.ApplicationFilterChain.internalDoFilter(ApplicationFilterChain.java:193)
	at org.apache.catalina.core.ApplicationFilterChain.doFilter(ApplicationFilterChain.java:166)
	at org.springframework.security.web.FilterChainProxy$VirtualFilterChain.doFilter(FilterChainProxy.java:320)
	at org.springframework.security.web.access.intercept.FilterSecurityInterceptor.invoke(FilterSecurityInterceptor.java:126)
	at org.springframework.security.web.access.intercept.FilterSecurityInterceptor.doFilter(FilterSecurityInterceptor.java:90)
	at org.springframework.security.web.FilterChainProxy$VirtualFilterChain.doFilter(FilterChainProxy.java:334)
	at org.springframework.security.web.access.ExceptionTranslationFilter.doFilter(ExceptionTranslationFilter.java:118)
	at org.springframework.security.web.FilterChainProxy$VirtualFilterChain.doFilter(FilterChainProxy.java:334)
	at org.springframework.security.web.session.SessionManagementFilter.doFilter(SessionManagementFilter.java:137)
	at org.springframework.security.web.FilterChainProxy$VirtualFilterChain.doFilter(FilterChainProxy.java:334)
	at org.springframework.security.web.authentication.AnonymousAuthenticationFilter.doFilter(AnonymousAuthenticationFilter.java:111)
	at org.springframework.security.web.FilterChainProxy$VirtualFilterChain.doFilter(FilterChainProxy.java:334)
	at org.springframework.security.web.servletapi.SecurityContextHolderAwareRequestFilter.doFilter(SecurityContextHolderAwareRequestFilter.java:158)
	at org.springframework.security.web.FilterChainProxy$VirtualFilterChain.doFilter(FilterChainProxy.java:334)
	at org.springframework.security.web.savedrequest.RequestCacheAwareFilter.doFilter(RequestCacheAwareFilter.java:63)
	at org.springframework.security.web.FilterChainProxy$VirtualFilterChain.doFilter(FilterChainProxy.java:334)
	at org.springframework.security.web.authentication.www.BasicAuthenticationFilter.doFilterInternal(BasicAuthenticationFilter.java:155)
	at org.springframework.web.filter.OncePerRequestFilter.doFilter(OncePerRequestFilter.java:119)
	at org.springframework.security.web.FilterChainProxy$VirtualFilterChain.doFilter(FilterChainProxy.java:334)
	at org.springframework.security.web.authentication.logout.LogoutFilter.doFilter(LogoutFilter.java:116)
	at org.springframework.security.web.FilterChainProxy$VirtualFilterChain.doFilter(FilterChainProxy.java:334)
	at org.springframework.web.filter.CorsFilter.doFilterInternal(CorsFilter.java:92)
	at org.springframework.web.filter.OncePerRequestFilter.doFilter(OncePerRequestFilter.java:119)
	at org.springframework.security.web.FilterChainProxy$VirtualFilterChain.doFilter(FilterChainProxy.java:334)
	at org.springframework.security.web.header.HeaderWriterFilter.doHeadersAfter(HeaderWriterFilter.java:92)
	at org.springframework.security.web.header.HeaderWriterFilter.doFilterInternal(HeaderWriterFilter.java:77)
	at org.springframework.web.filter.OncePerRequestFilter.doFilter(OncePerRequestFilter.java:119)
	at org.springframework.security.web.FilterChainProxy$VirtualFilterChain.doFilter(FilterChainProxy.java:334)
	at org.springframework.security.web.context.SecurityContextPersistenceFilter.doFilter(SecurityContextPersistenceFilter.java:105)
	at org.springframework.security.web.FilterChainProxy$VirtualFilterChain.doFilter(FilterChainProxy.java:334)
	at org.springframework.security.web.context.request.async.WebAsyncManagerIntegrationFilter.doFilterInternal(WebAsyncManagerIntegrationFilter.java:56)
	at org.springframework.web.filter.OncePerRequestFilter.doFilter(OncePerRequestFilter.java:119)
	at org.springframework.security.web.FilterChainProxy$VirtualFilterChain.doFilter(FilterChainProxy.java:334)
	at org.springframework.security.web.FilterChainProxy.doFilterInternal(FilterChainProxy.java:215)
	at org.springframework.security.web.FilterChainProxy.doFilter(FilterChainProxy.java:178)
	at org.springframework.web.filter.DelegatingFilterProxy.invokeDelegate(DelegatingFilterProxy.java:358)
	at org.springframework.web.filter.DelegatingFilterProxy.doFilter(DelegatingFilterProxy.java:271)
	at org.apache.catalina.core.ApplicationFilterChain.internalDoFilter(ApplicationFilterChain.java:193)
	at org.apache.catalina.core.ApplicationFilterChain.doFilter(ApplicationFilterChain.java:166)
	at org.springframework.web.filter.RequestContextFilter.doFilterInternal(RequestContextFilter.java:100)
	at org.springframework.web.filter.OncePerRequestFilter.doFilter(OncePerRequestFilter.java:119)
	at org.apache.catalina.core.ApplicationFilterChain.internalDoFilter(ApplicationFilterChain.java:193)
	at org.apache.catalina.core.ApplicationFilterChain.doFilter(ApplicationFilterChain.java:166)
	at org.springframework.web.filter.FormContentFilter.doFilterInternal(FormContentFilter.java:93)
	at org.springframework.web.filter.OncePerRequestFilter.doFilter(OncePerRequestFilter.java:119)
	at org.apache.catalina.core.ApplicationFilterChain.internalDoFilter(ApplicationFilterChain.java:193)
	at org.apache.catalina.core.ApplicationFilterChain.doFilter(ApplicationFilterChain.java:166)
	at org.springframework.boot.actuate.metrics.web.servlet.WebMvcMetricsFilter.doFilterInternal(WebMvcMetricsFilter.java:109)
	at org.springframework.web.filter.OncePerRequestFilter.doFilter(OncePerRequestFilter.java:119)
	at org.apache.catalina.core.ApplicationFilterChain.internalDoFilter(ApplicationFilterChain.java:193)
	at org.apache.catalina.core.ApplicationFilterChain.doFilter(ApplicationFilterChain.java:166)
	at org.springframework.web.filter.CharacterEncodingFilter.doFilterInternal(CharacterEncodingFilter.java:201)
	at org.springframework.web.filter.OncePerRequestFilter.doFilter(OncePerRequestFilter.java:119)
	at org.apache.catalina.core.ApplicationFilterChain.internalDoFilter(ApplicationFilterChain.java:193)
	at org.apache.catalina.core.ApplicationFilterChain.doFilter(ApplicationFilterChain.java:166)
	at org.apache.catalina.core.StandardWrapperValve.invoke(StandardWrapperValve.java:202)
	at org.apache.catalina.core.StandardContextValve.invoke(StandardContextValve.java:96)
	at org.apache.catalina.authenticator.AuthenticatorBase.invoke(AuthenticatorBase.java:541)
	at org.apache.catalina.core.StandardHostValve.invoke(StandardHostValve.java:139)
	at org.apache.catalina.valves.ErrorReportValve.invoke(ErrorReportValve.java:92)
	at org.apache.catalina.core.StandardEngineValve.invoke(StandardEngineValve.java:74)
	at org.apache.catalina.connector.CoyoteAdapter.service(CoyoteAdapter.java:343)
	at org.apache.coyote.http11.Http11Processor.service(Http11Processor.java:373)
	at org.apache.coyote.AbstractProcessorLight.process(AbstractProcessorLight.java:65)
	at org.apache.coyote.AbstractProtocol$ConnectionHandler.process(AbstractProtocol.java:868)
	at org.apache.tomcat.util.net.NioEndpoint$SocketProcessor.doRun(NioEndpoint.java:1594)
	at org.apache.tomcat.util.net.SocketProcessorBase.run(SocketProcessorBase.java:49)
	at java.base/java.util.concurrent.ThreadPoolExecutor.runWorker(ThreadPoolExecutor.java:1128)
	at java.base/java.util.concurrent.ThreadPoolExecutor$Worker.run(ThreadPoolExecutor.java:628)
	at org.apache.tomcat.util.threads.TaskThread$WrappingRunnable.run(TaskThread.java:61)
	at java.base/java.lang.Thread.run(Thread.java:834)
2020-05-26 15:52:26,442 ERROR com.surshree.app.exception.CustomResponseEntityExceptionHandler [http-nio-8080-exec-10] java.io.IOException: Broken pipe
org.apache.catalina.connector.ClientAbortException: java.io.IOException: Broken pipe
	at org.apache.catalina.connector.OutputBuffer.realWriteBytes(OutputBuffer.java:351)
	at org.apache.catalina.connector.OutputBuffer.flushByteBuffer(OutputBuffer.java:776)
	at org.apache.catalina.connector.OutputBuffer.append(OutputBuffer.java:681)
	at org.apache.catalina.connector.OutputBuffer.writeBytes(OutputBuffer.java:386)
	at org.apache.catalina.connector.OutputBuffer.write(OutputBuffer.java:364)
	at org.apache.catalina.connector.CoyoteOutputStream.write(CoyoteOutputStream.java:96)
	at org.springframework.security.web.util.OnCommittedResponseWrapper$SaveContextServletOutputStream.write(OnCommittedResponseWrapper.java:645)
	at org.springframework.util.StreamUtils.copyRange(StreamUtils.java:180)
	at org.springframework.http.converter.ResourceRegionHttpMessageConverter.writeResourceRegion(ResourceRegionHttpMessageConverter.java:159)
	at org.springframework.http.converter.ResourceRegionHttpMessageConverter.writeInternal(ResourceRegionHttpMessageConverter.java:136)
	at org.springframework.http.converter.AbstractGenericHttpMessageConverter.write(AbstractGenericHttpMessageConverter.java:104)
	at org.springframework.web.servlet.mvc.method.annotation.AbstractMessageConverterMethodProcessor.writeWithMessageConverters(AbstractMessageConverterMethodProcessor.java:287)
	at org.springframework.web.servlet.mvc.method.annotation.HttpEntityMethodProcessor.handleReturnValue(HttpEntityMethodProcessor.java:219)
	at org.springframework.web.method.support.HandlerMethodReturnValueHandlerComposite.handleReturnValue(HandlerMethodReturnValueHandlerComposite.java:82)
	at org.springframework.web.servlet.mvc.method.annotation.ServletInvocableHandlerMethod.invokeAndHandle(ServletInvocableHandlerMethod.java:123)
	at org.springframework.web.servlet.mvc.method.annotation.RequestMappingHandlerAdapter.invokeHandlerMethod(RequestMappingHandlerAdapter.java:879)
	at org.springframework.web.servlet.mvc.method.annotation.RequestMappingHandlerAdapter.handleInternal(RequestMappingHandlerAdapter.java:793)
	at org.springframework.web.servlet.mvc.method.AbstractHandlerMethodAdapter.handle(AbstractHandlerMethodAdapter.java:87)
	at org.springframework.web.servlet.DispatcherServlet.doDispatch(DispatcherServlet.java:1040)
	at org.springframework.web.servlet.DispatcherServlet.doService(DispatcherServlet.java:943)
	at org.springframework.web.servlet.FrameworkServlet.processRequest(FrameworkServlet.java:1006)
	at org.springframework.web.servlet.FrameworkServlet.doGet(FrameworkServlet.java:898)
	at javax.servlet.http.HttpServlet.service(HttpServlet.java:634)
	at org.springframework.web.servlet.FrameworkServlet.service(FrameworkServlet.java:883)
	at javax.servlet.http.HttpServlet.service(HttpServlet.java:741)
	at org.apache.catalina.core.ApplicationFilterChain.internalDoFilter(ApplicationFilterChain.java:231)
	at org.apache.catalina.core.ApplicationFilterChain.doFilter(ApplicationFilterChain.java:166)
	at org.apache.tomcat.websocket.server.WsFilter.doFilter(WsFilter.java:53)
	at org.apache.catalina.core.ApplicationFilterChain.internalDoFilter(ApplicationFilterChain.java:193)
	at org.apache.catalina.core.ApplicationFilterChain.doFilter(ApplicationFilterChain.java:166)
	at org.springframework.security.web.FilterChainProxy$VirtualFilterChain.doFilter(FilterChainProxy.java:320)
	at org.springframework.security.web.access.intercept.FilterSecurityInterceptor.invoke(FilterSecurityInterceptor.java:126)
	at org.springframework.security.web.access.intercept.FilterSecurityInterceptor.doFilter(FilterSecurityInterceptor.java:90)
	at org.springframework.security.web.FilterChainProxy$VirtualFilterChain.doFilter(FilterChainProxy.java:334)
	at org.springframework.security.web.access.ExceptionTranslationFilter.doFilter(ExceptionTranslationFilter.java:118)
	at org.springframework.security.web.FilterChainProxy$VirtualFilterChain.doFilter(FilterChainProxy.java:334)
	at org.springframework.security.web.session.SessionManagementFilter.doFilter(SessionManagementFilter.java:137)
	at org.springframework.security.web.FilterChainProxy$VirtualFilterChain.doFilter(FilterChainProxy.java:334)
	at org.springframework.security.web.authentication.AnonymousAuthenticationFilter.doFilter(AnonymousAuthenticationFilter.java:111)
	at org.springframework.security.web.FilterChainProxy$VirtualFilterChain.doFilter(FilterChainProxy.java:334)
	at org.springframework.security.web.servletapi.SecurityContextHolderAwareRequestFilter.doFilter(SecurityContextHolderAwareRequestFilter.java:158)
	at org.springframework.security.web.FilterChainProxy$VirtualFilterChain.doFilter(FilterChainProxy.java:334)
	at org.springframework.security.web.savedrequest.RequestCacheAwareFilter.doFilter(RequestCacheAwareFilter.java:63)
	at org.springframework.security.web.FilterChainProxy$VirtualFilterChain.doFilter(FilterChainProxy.java:334)
	at org.springframework.security.web.authentication.www.BasicAuthenticationFilter.doFilterInternal(BasicAuthenticationFilter.java:155)
	at org.springframework.web.filter.OncePerRequestFilter.doFilter(OncePerRequestFilter.java:119)
	at org.springframework.security.web.FilterChainProxy$VirtualFilterChain.doFilter(FilterChainProxy.java:334)
	at org.springframework.security.web.authentication.logout.LogoutFilter.doFilter(LogoutFilter.java:116)
	at org.springframework.security.web.FilterChainProxy$VirtualFilterChain.doFilter(FilterChainProxy.java:334)
	at org.springframework.web.filter.CorsFilter.doFilterInternal(CorsFilter.java:92)
	at org.springframework.web.filter.OncePerRequestFilter.doFilter(OncePerRequestFilter.java:119)
	at org.springframework.security.web.FilterChainProxy$VirtualFilterChain.doFilter(FilterChainProxy.java:334)
	at org.springframework.security.web.header.HeaderWriterFilter.doHeadersAfter(HeaderWriterFilter.java:92)
	at org.springframework.security.web.header.HeaderWriterFilter.doFilterInternal(HeaderWriterFilter.java:77)
	at org.springframework.web.filter.OncePerRequestFilter.doFilter(OncePerRequestFilter.java:119)
	at org.springframework.security.web.FilterChainProxy$VirtualFilterChain.doFilter(FilterChainProxy.java:334)
	at org.springframework.security.web.context.SecurityContextPersistenceFilter.doFilter(SecurityContextPersistenceFilter.java:105)
	at org.springframework.security.web.FilterChainProxy$VirtualFilterChain.doFilter(FilterChainProxy.java:334)
	at org.springframework.security.web.context.request.async.WebAsyncManagerIntegrationFilter.doFilterInternal(WebAsyncManagerIntegrationFilter.java:56)
	at org.springframework.web.filter.OncePerRequestFilter.doFilter(OncePerRequestFilter.java:119)
	at org.springframework.security.web.FilterChainProxy$VirtualFilterChain.doFilter(FilterChainProxy.java:334)
	at org.springframework.security.web.FilterChainProxy.doFilterInternal(FilterChainProxy.java:215)
	at org.springframework.security.web.FilterChainProxy.doFilter(FilterChainProxy.java:178)
	at org.springframework.web.filter.DelegatingFilterProxy.invokeDelegate(DelegatingFilterProxy.java:358)
	at org.springframework.web.filter.DelegatingFilterProxy.doFilter(DelegatingFilterProxy.java:271)
	at org.apache.catalina.core.ApplicationFilterChain.internalDoFilter(ApplicationFilterChain.java:193)
	at org.apache.catalina.core.ApplicationFilterChain.doFilter(ApplicationFilterChain.java:166)
	at org.springframework.web.filter.RequestContextFilter.doFilterInternal(RequestContextFilter.java:100)
	at org.springframework.web.filter.OncePerRequestFilter.doFilter(OncePerRequestFilter.java:119)
	at org.apache.catalina.core.ApplicationFilterChain.internalDoFilter(ApplicationFilterChain.java:193)
	at org.apache.catalina.core.ApplicationFilterChain.doFilter(ApplicationFilterChain.java:166)
	at org.springframework.web.filter.FormContentFilter.doFilterInternal(FormContentFilter.java:93)
	at org.springframework.web.filter.OncePerRequestFilter.doFilter(OncePerRequestFilter.java:119)
	at org.apache.catalina.core.ApplicationFilterChain.internalDoFilter(ApplicationFilterChain.java:193)
	at org.apache.catalina.core.ApplicationFilterChain.doFilter(ApplicationFilterChain.java:166)
	at org.springframework.boot.actuate.metrics.web.servlet.WebMvcMetricsFilter.doFilterInternal(WebMvcMetricsFilter.java:109)
	at org.springframework.web.filter.OncePerRequestFilter.doFilter(OncePerRequestFilter.java:119)
	at org.apache.catalina.core.ApplicationFilterChain.internalDoFilter(ApplicationFilterChain.java:193)
	at org.apache.catalina.core.ApplicationFilterChain.doFilter(ApplicationFilterChain.java:166)
	at org.springframework.web.filter.CharacterEncodingFilter.doFilterInternal(CharacterEncodingFilter.java:201)
	at org.springframework.web.filter.OncePerRequestFilter.doFilter(OncePerRequestFilter.java:119)
	at org.apache.catalina.core.ApplicationFilterChain.internalDoFilter(ApplicationFilterChain.java:193)
	at org.apache.catalina.core.ApplicationFilterChain.doFilter(ApplicationFilterChain.java:166)
	at org.apache.catalina.core.StandardWrapperValve.invoke(StandardWrapperValve.java:202)
	at org.apache.catalina.core.StandardContextValve.invoke(StandardContextValve.java:96)
	at org.apache.catalina.authenticator.AuthenticatorBase.invoke(AuthenticatorBase.java:541)
	at org.apache.catalina.core.StandardHostValve.invoke(StandardHostValve.java:139)
	at org.apache.catalina.valves.ErrorReportValve.invoke(ErrorReportValve.java:92)
	at org.apache.catalina.core.StandardEngineValve.invoke(StandardEngineValve.java:74)
	at org.apache.catalina.connector.CoyoteAdapter.service(CoyoteAdapter.java:343)
	at org.apache.coyote.http11.Http11Processor.service(Http11Processor.java:373)
	at org.apache.coyote.AbstractProcessorLight.process(AbstractProcessorLight.java:65)
	at org.apache.coyote.AbstractProtocol$ConnectionHandler.process(AbstractProtocol.java:868)
	at org.apache.tomcat.util.net.NioEndpoint$SocketProcessor.doRun(NioEndpoint.java:1594)
	at org.apache.tomcat.util.net.SocketProcessorBase.run(SocketProcessorBase.java:49)
	at java.base/java.util.concurrent.ThreadPoolExecutor.runWorker(ThreadPoolExecutor.java:1128)
	at java.base/java.util.concurrent.ThreadPoolExecutor$Worker.run(ThreadPoolExecutor.java:628)
	at org.apache.tomcat.util.threads.TaskThread$WrappingRunnable.run(TaskThread.java:61)
	at java.base/java.lang.Thread.run(Thread.java:834)
Caused by: java.io.IOException: Broken pipe
	at java.base/sun.nio.ch.FileDispatcherImpl.write0(Native Method)
	at java.base/sun.nio.ch.SocketDispatcher.write(SocketDispatcher.java:47)
	at java.base/sun.nio.ch.IOUtil.writeFromNativeBuffer(IOUtil.java:113)
	at java.base/sun.nio.ch.IOUtil.write(IOUtil.java:79)
	at java.base/sun.nio.ch.IOUtil.write(IOUtil.java:50)
	at java.base/sun.nio.ch.SocketChannelImpl.write(SocketChannelImpl.java:466)
	at org.apache.tomcat.util.net.NioChannel.write(NioChannel.java:138)
	at org.apache.tomcat.util.net.NioBlockingSelector.write(NioBlockingSelector.java:101)
	at org.apache.tomcat.util.net.NioSelectorPool.write(NioSelectorPool.java:152)
	at org.apache.tomcat.util.net.NioEndpoint$NioSocketWrapper.doWrite(NioEndpoint.java:1253)
	at org.apache.tomcat.util.net.SocketWrapperBase.doWrite(SocketWrapperBase.java:740)
	at org.apache.tomcat.util.net.SocketWrapperBase.writeBlocking(SocketWrapperBase.java:560)
	at org.apache.tomcat.util.net.SocketWrapperBase.write(SocketWrapperBase.java:504)
	at org.apache.coyote.http11.Http11OutputBuffer$SocketOutputBuffer.doWrite(Http11OutputBuffer.java:538)
	at org.apache.coyote.http11.filters.IdentityOutputFilter.doWrite(IdentityOutputFilter.java:73)
	at org.apache.coyote.http11.Http11OutputBuffer.doWrite(Http11OutputBuffer.java:190)
	at org.apache.coyote.Response.doWrite(Response.java:601)
	at org.apache.catalina.connector.OutputBuffer.realWriteBytes(OutputBuffer.java:339)
	... 98 common frames omitted
2020-05-26 15:52:26,452 WARN org.springframework.web.servlet.mvc.method.annotation.ExceptionHandlerExceptionResolver [http-nio-8080-exec-10] Failure in @ExceptionHandler com.surshree.app.exception.CustomResponseEntityExceptionHandler#handleAllException(Exception, WebRequest)
org.springframework.http.converter.HttpMessageNotWritableException: No converter for [class com.surshree.app.exception.ExceptionMessage] with preset Content-Type 'audio/mpeg'
	at org.springframework.web.servlet.mvc.method.annotation.AbstractMessageConverterMethodProcessor.writeWithMessageConverters(AbstractMessageConverterMethodProcessor.java:309)
	at org.springframework.web.servlet.mvc.method.annotation.HttpEntityMethodProcessor.handleReturnValue(HttpEntityMethodProcessor.java:219)
	at org.springframework.web.method.support.HandlerMethodReturnValueHandlerComposite.handleReturnValue(HandlerMethodReturnValueHandlerComposite.java:82)
	at org.springframework.web.servlet.mvc.method.annotation.ServletInvocableHandlerMethod.invokeAndHandle(ServletInvocableHandlerMethod.java:123)
	at org.springframework.web.servlet.mvc.method.annotation.ExceptionHandlerExceptionResolver.doResolveHandlerMethodException(ExceptionHandlerExceptionResolver.java:403)
	at org.springframework.web.servlet.handler.AbstractHandlerMethodExceptionResolver.doResolveException(AbstractHandlerMethodExceptionResolver.java:61)
	at org.springframework.web.servlet.handler.AbstractHandlerExceptionResolver.resolveException(AbstractHandlerExceptionResolver.java:141)
	at org.springframework.web.servlet.handler.HandlerExceptionResolverComposite.resolveException(HandlerExceptionResolverComposite.java:80)
	at org.springframework.web.servlet.DispatcherServlet.processHandlerException(DispatcherServlet.java:1300)
	at org.springframework.web.servlet.DispatcherServlet.processDispatchResult(DispatcherServlet.java:1111)
	at org.springframework.web.servlet.DispatcherServlet.doDispatch(DispatcherServlet.java:1057)
	at org.springframework.web.servlet.DispatcherServlet.doService(DispatcherServlet.java:943)
	at org.springframework.web.servlet.FrameworkServlet.processRequest(FrameworkServlet.java:1006)
	at org.springframework.web.servlet.FrameworkServlet.doGet(FrameworkServlet.java:898)
	at javax.servlet.http.HttpServlet.service(HttpServlet.java:634)
	at org.springframework.web.servlet.FrameworkServlet.service(FrameworkServlet.java:883)
	at javax.servlet.http.HttpServlet.service(HttpServlet.java:741)
	at org.apache.catalina.core.ApplicationFilterChain.internalDoFilter(ApplicationFilterChain.java:231)
	at org.apache.catalina.core.ApplicationFilterChain.doFilter(ApplicationFilterChain.java:166)
	at org.apache.tomcat.websocket.server.WsFilter.doFilter(WsFilter.java:53)
	at org.apache.catalina.core.ApplicationFilterChain.internalDoFilter(ApplicationFilterChain.java:193)
	at org.apache.catalina.core.ApplicationFilterChain.doFilter(ApplicationFilterChain.java:166)
	at org.springframework.security.web.FilterChainProxy$VirtualFilterChain.doFilter(FilterChainProxy.java:320)
	at org.springframework.security.web.access.intercept.FilterSecurityInterceptor.invoke(FilterSecurityInterceptor.java:126)
	at org.springframework.security.web.access.intercept.FilterSecurityInterceptor.doFilter(FilterSecurityInterceptor.java:90)
	at org.springframework.security.web.FilterChainProxy$VirtualFilterChain.doFilter(FilterChainProxy.java:334)
	at org.springframework.security.web.access.ExceptionTranslationFilter.doFilter(ExceptionTranslationFilter.java:118)
	at org.springframework.security.web.FilterChainProxy$VirtualFilterChain.doFilter(FilterChainProxy.java:334)
	at org.springframework.security.web.session.SessionManagementFilter.doFilter(SessionManagementFilter.java:137)
	at org.springframework.security.web.FilterChainProxy$VirtualFilterChain.doFilter(FilterChainProxy.java:334)
	at org.springframework.security.web.authentication.AnonymousAuthenticationFilter.doFilter(AnonymousAuthenticationFilter.java:111)
	at org.springframework.security.web.FilterChainProxy$VirtualFilterChain.doFilter(FilterChainProxy.java:334)
	at org.springframework.security.web.servletapi.SecurityContextHolderAwareRequestFilter.doFilter(SecurityContextHolderAwareRequestFilter.java:158)
	at org.springframework.security.web.FilterChainProxy$VirtualFilterChain.doFilter(FilterChainProxy.java:334)
	at org.springframework.security.web.savedrequest.RequestCacheAwareFilter.doFilter(RequestCacheAwareFilter.java:63)
	at org.springframework.security.web.FilterChainProxy$VirtualFilterChain.doFilter(FilterChainProxy.java:334)
	at org.springframework.security.web.authentication.www.BasicAuthenticationFilter.doFilterInternal(BasicAuthenticationFilter.java:155)
	at org.springframework.web.filter.OncePerRequestFilter.doFilter(OncePerRequestFilter.java:119)
	at org.springframework.security.web.FilterChainProxy$VirtualFilterChain.doFilter(FilterChainProxy.java:334)
	at org.springframework.security.web.authentication.logout.LogoutFilter.doFilter(LogoutFilter.java:116)
	at org.springframework.security.web.FilterChainProxy$VirtualFilterChain.doFilter(FilterChainProxy.java:334)
	at org.springframework.web.filter.CorsFilter.doFilterInternal(CorsFilter.java:92)
	at org.springframework.web.filter.OncePerRequestFilter.doFilter(OncePerRequestFilter.java:119)
	at org.springframework.security.web.FilterChainProxy$VirtualFilterChain.doFilter(FilterChainProxy.java:334)
	at org.springframework.security.web.header.HeaderWriterFilter.doHeadersAfter(HeaderWriterFilter.java:92)
	at org.springframework.security.web.header.HeaderWriterFilter.doFilterInternal(HeaderWriterFilter.java:77)
	at org.springframework.web.filter.OncePerRequestFilter.doFilter(OncePerRequestFilter.java:119)
	at org.springframework.security.web.FilterChainProxy$VirtualFilterChain.doFilter(FilterChainProxy.java:334)
	at org.springframework.security.web.context.SecurityContextPersistenceFilter.doFilter(SecurityContextPersistenceFilter.java:105)
	at org.springframework.security.web.FilterChainProxy$VirtualFilterChain.doFilter(FilterChainProxy.java:334)
	at org.springframework.security.web.context.request.async.WebAsyncManagerIntegrationFilter.doFilterInternal(WebAsyncManagerIntegrationFilter.java:56)
	at org.springframework.web.filter.OncePerRequestFilter.doFilter(OncePerRequestFilter.java:119)
	at org.springframework.security.web.FilterChainProxy$VirtualFilterChain.doFilter(FilterChainProxy.java:334)
	at org.springframework.security.web.FilterChainProxy.doFilterInternal(FilterChainProxy.java:215)
	at org.springframework.security.web.FilterChainProxy.doFilter(FilterChainProxy.java:178)
	at org.springframework.web.filter.DelegatingFilterProxy.invokeDelegate(DelegatingFilterProxy.java:358)
	at org.springframework.web.filter.DelegatingFilterProxy.doFilter(DelegatingFilterProxy.java:271)
	at org.apache.catalina.core.ApplicationFilterChain.internalDoFilter(ApplicationFilterChain.java:193)
	at org.apache.catalina.core.ApplicationFilterChain.doFilter(ApplicationFilterChain.java:166)
	at org.springframework.web.filter.RequestContextFilter.doFilterInternal(RequestContextFilter.java:100)
	at org.springframework.web.filter.OncePerRequestFilter.doFilter(OncePerRequestFilter.java:119)
	at org.apache.catalina.core.ApplicationFilterChain.internalDoFilter(ApplicationFilterChain.java:193)
	at org.apache.catalina.core.ApplicationFilterChain.doFilter(ApplicationFilterChain.java:166)
	at org.springframework.web.filter.FormContentFilter.doFilterInternal(FormContentFilter.java:93)
	at org.springframework.web.filter.OncePerRequestFilter.doFilter(OncePerRequestFilter.java:119)
	at org.apache.catalina.core.ApplicationFilterChain.internalDoFilter(ApplicationFilterChain.java:193)
	at org.apache.catalina.core.ApplicationFilterChain.doFilter(ApplicationFilterChain.java:166)
	at org.springframework.boot.actuate.metrics.web.servlet.WebMvcMetricsFilter.doFilterInternal(WebMvcMetricsFilter.java:109)
	at org.springframework.web.filter.OncePerRequestFilter.doFilter(OncePerRequestFilter.java:119)
	at org.apache.catalina.core.ApplicationFilterChain.internalDoFilter(ApplicationFilterChain.java:193)
	at org.apache.catalina.core.ApplicationFilterChain.doFilter(ApplicationFilterChain.java:166)
	at org.springframework.web.filter.CharacterEncodingFilter.doFilterInternal(CharacterEncodingFilter.java:201)
	at org.springframework.web.filter.OncePerRequestFilter.doFilter(OncePerRequestFilter.java:119)
	at org.apache.catalina.core.ApplicationFilterChain.internalDoFilter(ApplicationFilterChain.java:193)
	at org.apache.catalina.core.ApplicationFilterChain.doFilter(ApplicationFilterChain.java:166)
	at org.apache.catalina.core.StandardWrapperValve.invoke(StandardWrapperValve.java:202)
	at org.apache.catalina.core.StandardContextValve.invoke(StandardContextValve.java:96)
	at org.apache.catalina.authenticator.AuthenticatorBase.invoke(AuthenticatorBase.java:541)
	at org.apache.catalina.core.StandardHostValve.invoke(StandardHostValve.java:139)
	at org.apache.catalina.valves.ErrorReportValve.invoke(ErrorReportValve.java:92)
	at org.apache.catalina.core.StandardEngineValve.invoke(StandardEngineValve.java:74)
	at org.apache.catalina.connector.CoyoteAdapter.service(CoyoteAdapter.java:343)
	at org.apache.coyote.http11.Http11Processor.service(Http11Processor.java:373)
	at org.apache.coyote.AbstractProcessorLight.process(AbstractProcessorLight.java:65)
	at org.apache.coyote.AbstractProtocol$ConnectionHandler.process(AbstractProtocol.java:868)
	at org.apache.tomcat.util.net.NioEndpoint$SocketProcessor.doRun(NioEndpoint.java:1594)
	at org.apache.tomcat.util.net.SocketProcessorBase.run(SocketProcessorBase.java:49)
	at java.base/java.util.concurrent.ThreadPoolExecutor.runWorker(ThreadPoolExecutor.java:1128)
	at java.base/java.util.concurrent.ThreadPoolExecutor$Worker.run(ThreadPoolExecutor.java:628)
	at org.apache.tomcat.util.threads.TaskThread$WrappingRunnable.run(TaskThread.java:61)
	at java.base/java.lang.Thread.run(Thread.java:834)
2020-05-26 15:52:31,499 ERROR com.surshree.app.exception.CustomResponseEntityExceptionHandler [http-nio-8080-exec-5] java.io.IOException: Broken pipe
org.apache.catalina.connector.ClientAbortException: java.io.IOException: Broken pipe
	at org.apache.catalina.connector.OutputBuffer.realWriteBytes(OutputBuffer.java:351)
	at org.apache.catalina.connector.OutputBuffer.flushByteBuffer(OutputBuffer.java:776)
	at org.apache.catalina.connector.OutputBuffer.append(OutputBuffer.java:681)
	at org.apache.catalina.connector.OutputBuffer.writeBytes(OutputBuffer.java:386)
	at org.apache.catalina.connector.OutputBuffer.write(OutputBuffer.java:364)
	at org.apache.catalina.connector.CoyoteOutputStream.write(CoyoteOutputStream.java:96)
	at org.springframework.security.web.util.OnCommittedResponseWrapper$SaveContextServletOutputStream.write(OnCommittedResponseWrapper.java:645)
	at org.springframework.util.StreamUtils.copyRange(StreamUtils.java:180)
	at org.springframework.http.converter.ResourceRegionHttpMessageConverter.writeResourceRegion(ResourceRegionHttpMessageConverter.java:159)
	at org.springframework.http.converter.ResourceRegionHttpMessageConverter.writeInternal(ResourceRegionHttpMessageConverter.java:136)
	at org.springframework.http.converter.AbstractGenericHttpMessageConverter.write(AbstractGenericHttpMessageConverter.java:104)
	at org.springframework.web.servlet.mvc.method.annotation.AbstractMessageConverterMethodProcessor.writeWithMessageConverters(AbstractMessageConverterMethodProcessor.java:287)
	at org.springframework.web.servlet.mvc.method.annotation.HttpEntityMethodProcessor.handleReturnValue(HttpEntityMethodProcessor.java:219)
	at org.springframework.web.method.support.HandlerMethodReturnValueHandlerComposite.handleReturnValue(HandlerMethodReturnValueHandlerComposite.java:82)
	at org.springframework.web.servlet.mvc.method.annotation.ServletInvocableHandlerMethod.invokeAndHandle(ServletInvocableHandlerMethod.java:123)
	at org.springframework.web.servlet.mvc.method.annotation.RequestMappingHandlerAdapter.invokeHandlerMethod(RequestMappingHandlerAdapter.java:879)
	at org.springframework.web.servlet.mvc.method.annotation.RequestMappingHandlerAdapter.handleInternal(RequestMappingHandlerAdapter.java:793)
	at org.springframework.web.servlet.mvc.method.AbstractHandlerMethodAdapter.handle(AbstractHandlerMethodAdapter.java:87)
	at org.springframework.web.servlet.DispatcherServlet.doDispatch(DispatcherServlet.java:1040)
	at org.springframework.web.servlet.DispatcherServlet.doService(DispatcherServlet.java:943)
	at org.springframework.web.servlet.FrameworkServlet.processRequest(FrameworkServlet.java:1006)
	at org.springframework.web.servlet.FrameworkServlet.doGet(FrameworkServlet.java:898)
	at javax.servlet.http.HttpServlet.service(HttpServlet.java:634)
	at org.springframework.web.servlet.FrameworkServlet.service(FrameworkServlet.java:883)
	at javax.servlet.http.HttpServlet.service(HttpServlet.java:741)
	at org.apache.catalina.core.ApplicationFilterChain.internalDoFilter(ApplicationFilterChain.java:231)
	at org.apache.catalina.core.ApplicationFilterChain.doFilter(ApplicationFilterChain.java:166)
	at org.apache.tomcat.websocket.server.WsFilter.doFilter(WsFilter.java:53)
	at org.apache.catalina.core.ApplicationFilterChain.internalDoFilter(ApplicationFilterChain.java:193)
	at org.apache.catalina.core.ApplicationFilterChain.doFilter(ApplicationFilterChain.java:166)
	at org.springframework.security.web.FilterChainProxy$VirtualFilterChain.doFilter(FilterChainProxy.java:320)
	at org.springframework.security.web.access.intercept.FilterSecurityInterceptor.invoke(FilterSecurityInterceptor.java:126)
	at org.springframework.security.web.access.intercept.FilterSecurityInterceptor.doFilter(FilterSecurityInterceptor.java:90)
	at org.springframework.security.web.FilterChainProxy$VirtualFilterChain.doFilter(FilterChainProxy.java:334)
	at org.springframework.security.web.access.ExceptionTranslationFilter.doFilter(ExceptionTranslationFilter.java:118)
	at org.springframework.security.web.FilterChainProxy$VirtualFilterChain.doFilter(FilterChainProxy.java:334)
	at org.springframework.security.web.session.SessionManagementFilter.doFilter(SessionManagementFilter.java:137)
	at org.springframework.security.web.FilterChainProxy$VirtualFilterChain.doFilter(FilterChainProxy.java:334)
	at org.springframework.security.web.authentication.AnonymousAuthenticationFilter.doFilter(AnonymousAuthenticationFilter.java:111)
	at org.springframework.security.web.FilterChainProxy$VirtualFilterChain.doFilter(FilterChainProxy.java:334)
	at org.springframework.security.web.servletapi.SecurityContextHolderAwareRequestFilter.doFilter(SecurityContextHolderAwareRequestFilter.java:158)
	at org.springframework.security.web.FilterChainProxy$VirtualFilterChain.doFilter(FilterChainProxy.java:334)
	at org.springframework.security.web.savedrequest.RequestCacheAwareFilter.doFilter(RequestCacheAwareFilter.java:63)
	at org.springframework.security.web.FilterChainProxy$VirtualFilterChain.doFilter(FilterChainProxy.java:334)
	at org.springframework.security.web.authentication.www.BasicAuthenticationFilter.doFilterInternal(BasicAuthenticationFilter.java:155)
	at org.springframework.web.filter.OncePerRequestFilter.doFilter(OncePerRequestFilter.java:119)
	at org.springframework.security.web.FilterChainProxy$VirtualFilterChain.doFilter(FilterChainProxy.java:334)
	at org.springframework.security.web.authentication.logout.LogoutFilter.doFilter(LogoutFilter.java:116)
	at org.springframework.security.web.FilterChainProxy$VirtualFilterChain.doFilter(FilterChainProxy.java:334)
	at org.springframework.web.filter.CorsFilter.doFilterInternal(CorsFilter.java:92)
	at org.springframework.web.filter.OncePerRequestFilter.doFilter(OncePerRequestFilter.java:119)
	at org.springframework.security.web.FilterChainProxy$VirtualFilterChain.doFilter(FilterChainProxy.java:334)
	at org.springframework.security.web.header.HeaderWriterFilter.doHeadersAfter(HeaderWriterFilter.java:92)
	at org.springframework.security.web.header.HeaderWriterFilter.doFilterInternal(HeaderWriterFilter.java:77)
	at org.springframework.web.filter.OncePerRequestFilter.doFilter(OncePerRequestFilter.java:119)
	at org.springframework.security.web.FilterChainProxy$VirtualFilterChain.doFilter(FilterChainProxy.java:334)
	at org.springframework.security.web.context.SecurityContextPersistenceFilter.doFilter(SecurityContextPersistenceFilter.java:105)
	at org.springframework.security.web.FilterChainProxy$VirtualFilterChain.doFilter(FilterChainProxy.java:334)
	at org.springframework.security.web.context.request.async.WebAsyncManagerIntegrationFilter.doFilterInternal(WebAsyncManagerIntegrationFilter.java:56)
	at org.springframework.web.filter.OncePerRequestFilter.doFilter(OncePerRequestFilter.java:119)
	at org.springframework.security.web.FilterChainProxy$VirtualFilterChain.doFilter(FilterChainProxy.java:334)
	at org.springframework.security.web.FilterChainProxy.doFilterInternal(FilterChainProxy.java:215)
	at org.springframework.security.web.FilterChainProxy.doFilter(FilterChainProxy.java:178)
	at org.springframework.web.filter.DelegatingFilterProxy.invokeDelegate(DelegatingFilterProxy.java:358)
	at org.springframework.web.filter.DelegatingFilterProxy.doFilter(DelegatingFilterProxy.java:271)
	at org.apache.catalina.core.ApplicationFilterChain.internalDoFilter(ApplicationFilterChain.java:193)
	at org.apache.catalina.core.ApplicationFilterChain.doFilter(ApplicationFilterChain.java:166)
	at org.springframework.web.filter.RequestContextFilter.doFilterInternal(RequestContextFilter.java:100)
	at org.springframework.web.filter.OncePerRequestFilter.doFilter(OncePerRequestFilter.java:119)
	at org.apache.catalina.core.ApplicationFilterChain.internalDoFilter(ApplicationFilterChain.java:193)
	at org.apache.catalina.core.ApplicationFilterChain.doFilter(ApplicationFilterChain.java:166)
	at org.springframework.web.filter.FormContentFilter.doFilterInternal(FormContentFilter.java:93)
	at org.springframework.web.filter.OncePerRequestFilter.doFilter(OncePerRequestFilter.java:119)
	at org.apache.catalina.core.ApplicationFilterChain.internalDoFilter(ApplicationFilterChain.java:193)
	at org.apache.catalina.core.ApplicationFilterChain.doFilter(ApplicationFilterChain.java:166)
	at org.springframework.boot.actuate.metrics.web.servlet.WebMvcMetricsFilter.doFilterInternal(WebMvcMetricsFilter.java:109)
	at org.springframework.web.filter.OncePerRequestFilter.doFilter(OncePerRequestFilter.java:119)
	at org.apache.catalina.core.ApplicationFilterChain.internalDoFilter(ApplicationFilterChain.java:193)
	at org.apache.catalina.core.ApplicationFilterChain.doFilter(ApplicationFilterChain.java:166)
	at org.springframework.web.filter.CharacterEncodingFilter.doFilterInternal(CharacterEncodingFilter.java:201)
	at org.springframework.web.filter.OncePerRequestFilter.doFilter(OncePerRequestFilter.java:119)
	at org.apache.catalina.core.ApplicationFilterChain.internalDoFilter(ApplicationFilterChain.java:193)
	at org.apache.catalina.core.ApplicationFilterChain.doFilter(ApplicationFilterChain.java:166)
	at org.apache.catalina.core.StandardWrapperValve.invoke(StandardWrapperValve.java:202)
	at org.apache.catalina.core.StandardContextValve.invoke(StandardContextValve.java:96)
	at org.apache.catalina.authenticator.AuthenticatorBase.invoke(AuthenticatorBase.java:541)
	at org.apache.catalina.core.StandardHostValve.invoke(StandardHostValve.java:139)
	at org.apache.catalina.valves.ErrorReportValve.invoke(ErrorReportValve.java:92)
	at org.apache.catalina.core.StandardEngineValve.invoke(StandardEngineValve.java:74)
	at org.apache.catalina.connector.CoyoteAdapter.service(CoyoteAdapter.java:343)
	at org.apache.coyote.http11.Http11Processor.service(Http11Processor.java:373)
	at org.apache.coyote.AbstractProcessorLight.process(AbstractProcessorLight.java:65)
	at org.apache.coyote.AbstractProtocol$ConnectionHandler.process(AbstractProtocol.java:868)
	at org.apache.tomcat.util.net.NioEndpoint$SocketProcessor.doRun(NioEndpoint.java:1594)
	at org.apache.tomcat.util.net.SocketProcessorBase.run(SocketProcessorBase.java:49)
	at java.base/java.util.concurrent.ThreadPoolExecutor.runWorker(ThreadPoolExecutor.java:1128)
	at java.base/java.util.concurrent.ThreadPoolExecutor$Worker.run(ThreadPoolExecutor.java:628)
	at org.apache.tomcat.util.threads.TaskThread$WrappingRunnable.run(TaskThread.java:61)
	at java.base/java.lang.Thread.run(Thread.java:834)
Caused by: java.io.IOException: Broken pipe
	at java.base/sun.nio.ch.FileDispatcherImpl.write0(Native Method)
	at java.base/sun.nio.ch.SocketDispatcher.write(SocketDispatcher.java:47)
	at java.base/sun.nio.ch.IOUtil.writeFromNativeBuffer(IOUtil.java:113)
	at java.base/sun.nio.ch.IOUtil.write(IOUtil.java:79)
	at java.base/sun.nio.ch.IOUtil.write(IOUtil.java:50)
	at java.base/sun.nio.ch.SocketChannelImpl.write(SocketChannelImpl.java:466)
	at org.apache.tomcat.util.net.NioChannel.write(NioChannel.java:138)
	at org.apache.tomcat.util.net.NioBlockingSelector.write(NioBlockingSelector.java:101)
	at org.apache.tomcat.util.net.NioSelectorPool.write(NioSelectorPool.java:152)
	at org.apache.tomcat.util.net.NioEndpoint$NioSocketWrapper.doWrite(NioEndpoint.java:1253)
	at org.apache.tomcat.util.net.SocketWrapperBase.doWrite(SocketWrapperBase.java:740)
	at org.apache.tomcat.util.net.SocketWrapperBase.writeBlocking(SocketWrapperBase.java:560)
	at org.apache.tomcat.util.net.SocketWrapperBase.write(SocketWrapperBase.java:504)
	at org.apache.coyote.http11.Http11OutputBuffer$SocketOutputBuffer.doWrite(Http11OutputBuffer.java:538)
	at org.apache.coyote.http11.filters.IdentityOutputFilter.doWrite(IdentityOutputFilter.java:73)
	at org.apache.coyote.http11.Http11OutputBuffer.doWrite(Http11OutputBuffer.java:190)
	at org.apache.coyote.Response.doWrite(Response.java:601)
	at org.apache.catalina.connector.OutputBuffer.realWriteBytes(OutputBuffer.java:339)
	... 98 common frames omitted
2020-05-26 15:52:31,502 WARN org.springframework.web.servlet.mvc.method.annotation.ExceptionHandlerExceptionResolver [http-nio-8080-exec-5] Failure in @ExceptionHandler com.surshree.app.exception.CustomResponseEntityExceptionHandler#handleAllException(Exception, WebRequest)
org.springframework.http.converter.HttpMessageNotWritableException: No converter for [class com.surshree.app.exception.ExceptionMessage] with preset Content-Type 'audio/mpeg'
	at org.springframework.web.servlet.mvc.method.annotation.AbstractMessageConverterMethodProcessor.writeWithMessageConverters(AbstractMessageConverterMethodProcessor.java:309)
	at org.springframework.web.servlet.mvc.method.annotation.HttpEntityMethodProcessor.handleReturnValue(HttpEntityMethodProcessor.java:219)
	at org.springframework.web.method.support.HandlerMethodReturnValueHandlerComposite.handleReturnValue(HandlerMethodReturnValueHandlerComposite.java:82)
	at org.springframework.web.servlet.mvc.method.annotation.ServletInvocableHandlerMethod.invokeAndHandle(ServletInvocableHandlerMethod.java:123)
	at org.springframework.web.servlet.mvc.method.annotation.ExceptionHandlerExceptionResolver.doResolveHandlerMethodException(ExceptionHandlerExceptionResolver.java:403)
	at org.springframework.web.servlet.handler.AbstractHandlerMethodExceptionResolver.doResolveException(AbstractHandlerMethodExceptionResolver.java:61)
	at org.springframework.web.servlet.handler.AbstractHandlerExceptionResolver.resolveException(AbstractHandlerExceptionResolver.java:141)
	at org.springframework.web.servlet.handler.HandlerExceptionResolverComposite.resolveException(HandlerExceptionResolverComposite.java:80)
	at org.springframework.web.servlet.DispatcherServlet.processHandlerException(DispatcherServlet.java:1300)
	at org.springframework.web.servlet.DispatcherServlet.processDispatchResult(DispatcherServlet.java:1111)
	at org.springframework.web.servlet.DispatcherServlet.doDispatch(DispatcherServlet.java:1057)
	at org.springframework.web.servlet.DispatcherServlet.doService(DispatcherServlet.java:943)
	at org.springframework.web.servlet.FrameworkServlet.processRequest(FrameworkServlet.java:1006)
	at org.springframework.web.servlet.FrameworkServlet.doGet(FrameworkServlet.java:898)
	at javax.servlet.http.HttpServlet.service(HttpServlet.java:634)
	at org.springframework.web.servlet.FrameworkServlet.service(FrameworkServlet.java:883)
	at javax.servlet.http.HttpServlet.service(HttpServlet.java:741)
	at org.apache.catalina.core.ApplicationFilterChain.internalDoFilter(ApplicationFilterChain.java:231)
	at org.apache.catalina.core.ApplicationFilterChain.doFilter(ApplicationFilterChain.java:166)
	at org.apache.tomcat.websocket.server.WsFilter.doFilter(WsFilter.java:53)
	at org.apache.catalina.core.ApplicationFilterChain.internalDoFilter(ApplicationFilterChain.java:193)
	at org.apache.catalina.core.ApplicationFilterChain.doFilter(ApplicationFilterChain.java:166)
	at org.springframework.security.web.FilterChainProxy$VirtualFilterChain.doFilter(FilterChainProxy.java:320)
	at org.springframework.security.web.access.intercept.FilterSecurityInterceptor.invoke(FilterSecurityInterceptor.java:126)
	at org.springframework.security.web.access.intercept.FilterSecurityInterceptor.doFilter(FilterSecurityInterceptor.java:90)
	at org.springframework.security.web.FilterChainProxy$VirtualFilterChain.doFilter(FilterChainProxy.java:334)
	at org.springframework.security.web.access.ExceptionTranslationFilter.doFilter(ExceptionTranslationFilter.java:118)
	at org.springframework.security.web.FilterChainProxy$VirtualFilterChain.doFilter(FilterChainProxy.java:334)
	at org.springframework.security.web.session.SessionManagementFilter.doFilter(SessionManagementFilter.java:137)
	at org.springframework.security.web.FilterChainProxy$VirtualFilterChain.doFilter(FilterChainProxy.java:334)
	at org.springframework.security.web.authentication.AnonymousAuthenticationFilter.doFilter(AnonymousAuthenticationFilter.java:111)
	at org.springframework.security.web.FilterChainProxy$VirtualFilterChain.doFilter(FilterChainProxy.java:334)
	at org.springframework.security.web.servletapi.SecurityContextHolderAwareRequestFilter.doFilter(SecurityContextHolderAwareRequestFilter.java:158)
	at org.springframework.security.web.FilterChainProxy$VirtualFilterChain.doFilter(FilterChainProxy.java:334)
	at org.springframework.security.web.savedrequest.RequestCacheAwareFilter.doFilter(RequestCacheAwareFilter.java:63)
	at org.springframework.security.web.FilterChainProxy$VirtualFilterChain.doFilter(FilterChainProxy.java:334)
	at org.springframework.security.web.authentication.www.BasicAuthenticationFilter.doFilterInternal(BasicAuthenticationFilter.java:155)
	at org.springframework.web.filter.OncePerRequestFilter.doFilter(OncePerRequestFilter.java:119)
	at org.springframework.security.web.FilterChainProxy$VirtualFilterChain.doFilter(FilterChainProxy.java:334)
	at org.springframework.security.web.authentication.logout.LogoutFilter.doFilter(LogoutFilter.java:116)
	at org.springframework.security.web.FilterChainProxy$VirtualFilterChain.doFilter(FilterChainProxy.java:334)
	at org.springframework.web.filter.CorsFilter.doFilterInternal(CorsFilter.java:92)
	at org.springframework.web.filter.OncePerRequestFilter.doFilter(OncePerRequestFilter.java:119)
	at org.springframework.security.web.FilterChainProxy$VirtualFilterChain.doFilter(FilterChainProxy.java:334)
	at org.springframework.security.web.header.HeaderWriterFilter.doHeadersAfter(HeaderWriterFilter.java:92)
	at org.springframework.security.web.header.HeaderWriterFilter.doFilterInternal(HeaderWriterFilter.java:77)
	at org.springframework.web.filter.OncePerRequestFilter.doFilter(OncePerRequestFilter.java:119)
	at org.springframework.security.web.FilterChainProxy$VirtualFilterChain.doFilter(FilterChainProxy.java:334)
	at org.springframework.security.web.context.SecurityContextPersistenceFilter.doFilter(SecurityContextPersistenceFilter.java:105)
	at org.springframework.security.web.FilterChainProxy$VirtualFilterChain.doFilter(FilterChainProxy.java:334)
	at org.springframework.security.web.context.request.async.WebAsyncManagerIntegrationFilter.doFilterInternal(WebAsyncManagerIntegrationFilter.java:56)
	at org.springframework.web.filter.OncePerRequestFilter.doFilter(OncePerRequestFilter.java:119)
	at org.springframework.security.web.FilterChainProxy$VirtualFilterChain.doFilter(FilterChainProxy.java:334)
	at org.springframework.security.web.FilterChainProxy.doFilterInternal(FilterChainProxy.java:215)
	at org.springframework.security.web.FilterChainProxy.doFilter(FilterChainProxy.java:178)
	at org.springframework.web.filter.DelegatingFilterProxy.invokeDelegate(DelegatingFilterProxy.java:358)
	at org.springframework.web.filter.DelegatingFilterProxy.doFilter(DelegatingFilterProxy.java:271)
	at org.apache.catalina.core.ApplicationFilterChain.internalDoFilter(ApplicationFilterChain.java:193)
	at org.apache.catalina.core.ApplicationFilterChain.doFilter(ApplicationFilterChain.java:166)
	at org.springframework.web.filter.RequestContextFilter.doFilterInternal(RequestContextFilter.java:100)
	at org.springframework.web.filter.OncePerRequestFilter.doFilter(OncePerRequestFilter.java:119)
	at org.apache.catalina.core.ApplicationFilterChain.internalDoFilter(ApplicationFilterChain.java:193)
	at org.apache.catalina.core.ApplicationFilterChain.doFilter(ApplicationFilterChain.java:166)
	at org.springframework.web.filter.FormContentFilter.doFilterInternal(FormContentFilter.java:93)
	at org.springframework.web.filter.OncePerRequestFilter.doFilter(OncePerRequestFilter.java:119)
	at org.apache.catalina.core.ApplicationFilterChain.internalDoFilter(ApplicationFilterChain.java:193)
	at org.apache.catalina.core.ApplicationFilterChain.doFilter(ApplicationFilterChain.java:166)
	at org.springframework.boot.actuate.metrics.web.servlet.WebMvcMetricsFilter.doFilterInternal(WebMvcMetricsFilter.java:109)
	at org.springframework.web.filter.OncePerRequestFilter.doFilter(OncePerRequestFilter.java:119)
	at org.apache.catalina.core.ApplicationFilterChain.internalDoFilter(ApplicationFilterChain.java:193)
	at org.apache.catalina.core.ApplicationFilterChain.doFilter(ApplicationFilterChain.java:166)
	at org.springframework.web.filter.CharacterEncodingFilter.doFilterInternal(CharacterEncodingFilter.java:201)
	at org.springframework.web.filter.OncePerRequestFilter.doFilter(OncePerRequestFilter.java:119)
	at org.apache.catalina.core.ApplicationFilterChain.internalDoFilter(ApplicationFilterChain.java:193)
	at org.apache.catalina.core.ApplicationFilterChain.doFilter(ApplicationFilterChain.java:166)
	at org.apache.catalina.core.StandardWrapperValve.invoke(StandardWrapperValve.java:202)
	at org.apache.catalina.core.StandardContextValve.invoke(StandardContextValve.java:96)
	at org.apache.catalina.authenticator.AuthenticatorBase.invoke(AuthenticatorBase.java:541)
	at org.apache.catalina.core.StandardHostValve.invoke(StandardHostValve.java:139)
	at org.apache.catalina.valves.ErrorReportValve.invoke(ErrorReportValve.java:92)
	at org.apache.catalina.core.StandardEngineValve.invoke(StandardEngineValve.java:74)
	at org.apache.catalina.connector.CoyoteAdapter.service(CoyoteAdapter.java:343)
	at org.apache.coyote.http11.Http11Processor.service(Http11Processor.java:373)
	at org.apache.coyote.AbstractProcessorLight.process(AbstractProcessorLight.java:65)
	at org.apache.coyote.AbstractProtocol$ConnectionHandler.process(AbstractProtocol.java:868)
	at org.apache.tomcat.util.net.NioEndpoint$SocketProcessor.doRun(NioEndpoint.java:1594)
	at org.apache.tomcat.util.net.SocketProcessorBase.run(SocketProcessorBase.java:49)
	at java.base/java.util.concurrent.ThreadPoolExecutor.runWorker(ThreadPoolExecutor.java:1128)
	at java.base/java.util.concurrent.ThreadPoolExecutor$Worker.run(ThreadPoolExecutor.java:628)
	at org.apache.tomcat.util.threads.TaskThread$WrappingRunnable.run(TaskThread.java:61)
	at java.base/java.lang.Thread.run(Thread.java:834)
2020-05-26 15:53:50,264 INFO com.surshree.app.services.CustomUserDetailsService [http-nio-8080-exec-5] Granted Authorities --> ROLE_CONT
2020-05-26 15:53:50,269 INFO com.surshree.app.services.CustomUserDetailsService [http-nio-8080-exec-5] Granted Authorities --> ROLE_ADMN
2020-05-26 15:53:50,270 INFO com.surshree.app.services.CustomUserDetailsService [http-nio-8080-exec-5] Granted Authorities --> FUNC_CONT_MENU
2020-05-26 15:53:50,271 INFO com.surshree.app.services.CustomUserDetailsService [http-nio-8080-exec-5] Granted Authorities --> FUNC_CONT_MENU
2020-05-26 15:53:50,272 INFO com.surshree.app.services.CustomUserDetailsService [http-nio-8080-exec-5] Granted Authorities --> FUNC_VIEW_ADMIN_MENU
2020-05-26 15:53:50,996 INFO com.surshree.app.services.CustomUserDetailsService [http-nio-8080-exec-6] Granted Authorities --> ROLE_CONT
2020-05-26 15:53:50,997 INFO com.surshree.app.services.CustomUserDetailsService [http-nio-8080-exec-6] Granted Authorities --> ROLE_ADMN
2020-05-26 15:53:50,997 INFO com.surshree.app.services.CustomUserDetailsService [http-nio-8080-exec-6] Granted Authorities --> FUNC_CONT_MENU
2020-05-26 15:53:50,998 INFO com.surshree.app.services.CustomUserDetailsService [http-nio-8080-exec-6] Granted Authorities --> FUNC_CONT_MENU
2020-05-26 15:53:50,999 INFO com.surshree.app.services.CustomUserDetailsService [http-nio-8080-exec-6] Granted Authorities --> FUNC_VIEW_ADMIN_MENU
2020-05-26 15:53:55,043 INFO com.surshree.app.services.CustomUserDetailsService [http-nio-8080-exec-8] Granted Authorities --> ROLE_CONT
2020-05-26 15:53:55,044 INFO com.surshree.app.services.CustomUserDetailsService [http-nio-8080-exec-8] Granted Authorities --> ROLE_ADMN
2020-05-26 15:53:55,046 INFO com.surshree.app.services.CustomUserDetailsService [http-nio-8080-exec-8] Granted Authorities --> FUNC_CONT_MENU
2020-05-26 15:53:55,046 INFO com.surshree.app.services.CustomUserDetailsService [http-nio-8080-exec-8] Granted Authorities --> FUNC_CONT_MENU
2020-05-26 15:53:55,047 INFO com.surshree.app.services.CustomUserDetailsService [http-nio-8080-exec-8] Granted Authorities --> FUNC_VIEW_ADMIN_MENU
2020-05-26 15:54:16,067 INFO com.surshree.app.controllers.FileController [http-nio-8080-exec-7] File download URL --> http://localhost:8080/file/6a6c3a56-dc0a-47a4-9da3-b5c95c5f9e9b
2020-05-26 16:00:08,693 INFO com.surshree.app.scheduling.CacheScheduler [scheduling-1] Clear user cache : START
2020-05-26 16:00:08,704 INFO com.surshree.app.scheduling.CacheScheduler [scheduling-1] Clear user cache : END
2020-05-26 16:09:42,052 INFO com.surshree.app.controllers.FileController [http-nio-8080-exec-2] File download URL --> http://localhost:8080/file/7e2aecff-1508-41a3-bae1-8c5ad63f3c9a
2020-05-26 16:09:52,637 INFO com.surshree.app.controllers.FileController [http-nio-8080-exec-10] File download URL --> http://localhost:8080/file/6b8581d5-5f0f-42f6-a4bc-29981bb5caa1
2020-05-26 16:09:52,823 ERROR com.surshree.app.services.FileService [http-nio-8080-exec-6] No Record Exist with ID 7e2aecff-1508-41a3-bae1-8c5ad63f3c9a
org.springframework.dao.EmptyResultDataAccessException: No class com.surshree.app.domain.entities.FileContentEntity entity with id 7e2aecff-1508-41a3-bae1-8c5ad63f3c9a exists!
	at org.springframework.data.jpa.repository.support.SimpleJpaRepository.lambda$deleteById$0(SimpleJpaRepository.java:176)
	at java.base/java.util.Optional.orElseThrow(Optional.java:408)
	at org.springframework.data.jpa.repository.support.SimpleJpaRepository.deleteById(SimpleJpaRepository.java:175)
	at java.base/jdk.internal.reflect.NativeMethodAccessorImpl.invoke0(Native Method)
	at java.base/jdk.internal.reflect.NativeMethodAccessorImpl.invoke(NativeMethodAccessorImpl.java:62)
	at java.base/jdk.internal.reflect.DelegatingMethodAccessorImpl.invoke(DelegatingMethodAccessorImpl.java:43)
	at java.base/java.lang.reflect.Method.invoke(Method.java:566)
	at org.springframework.data.repository.core.support.RepositoryComposition$RepositoryFragments.invoke(RepositoryComposition.java:371)
	at org.springframework.data.repository.core.support.RepositoryComposition.invoke(RepositoryComposition.java:204)
	at org.springframework.data.repository.core.support.RepositoryFactorySupport$ImplementationMethodExecutionInterceptor.invoke(RepositoryFactorySupport.java:657)
	at org.springframework.aop.framework.ReflectiveMethodInvocation.proceed(ReflectiveMethodInvocation.java:186)
	at org.springframework.data.repository.core.support.RepositoryFactorySupport$QueryExecutorMethodInterceptor.doInvoke(RepositoryFactorySupport.java:621)
	at org.springframework.data.repository.core.support.RepositoryFactorySupport$QueryExecutorMethodInterceptor.invoke(RepositoryFactorySupport.java:605)
	at org.springframework.aop.framework.ReflectiveMethodInvocation.proceed(ReflectiveMethodInvocation.java:186)
	at org.springframework.data.projection.DefaultMethodInvokingMethodInterceptor.invoke(DefaultMethodInvokingMethodInterceptor.java:80)
	at org.springframework.aop.framework.ReflectiveMethodInvocation.proceed(ReflectiveMethodInvocation.java:186)
	at org.springframework.transaction.interceptor.TransactionAspectSupport.invokeWithinTransaction(TransactionAspectSupport.java:366)
	at org.springframework.transaction.interceptor.TransactionInterceptor.invoke(TransactionInterceptor.java:118)
	at org.springframework.aop.framework.ReflectiveMethodInvocation.proceed(ReflectiveMethodInvocation.java:186)
	at org.springframework.dao.support.PersistenceExceptionTranslationInterceptor.invoke(PersistenceExceptionTranslationInterceptor.java:139)
	at org.springframework.aop.framework.ReflectiveMethodInvocation.proceed(ReflectiveMethodInvocation.java:186)
	at org.springframework.data.jpa.repository.support.CrudMethodMetadataPostProcessor$CrudMethodMetadataPopulatingMethodInterceptor.invoke(CrudMethodMetadataPostProcessor.java:178)
	at org.springframework.aop.framework.ReflectiveMethodInvocation.proceed(ReflectiveMethodInvocation.java:186)
	at org.springframework.aop.interceptor.ExposeInvocationInterceptor.invoke(ExposeInvocationInterceptor.java:95)
	at org.springframework.aop.framework.ReflectiveMethodInvocation.proceed(ReflectiveMethodInvocation.java:186)
	at org.springframework.aop.framework.JdkDynamicAopProxy.invoke(JdkDynamicAopProxy.java:212)
	at com.sun.proxy.$Proxy170.deleteById(Unknown Source)
	at com.surshree.app.services.FileService.deleteFile(FileService.java:61)
	at com.surshree.app.controllers.FileController.deleteFile(FileController.java:46)
	at java.base/jdk.internal.reflect.NativeMethodAccessorImpl.invoke0(Native Method)
	at java.base/jdk.internal.reflect.NativeMethodAccessorImpl.invoke(NativeMethodAccessorImpl.java:62)
	at java.base/jdk.internal.reflect.DelegatingMethodAccessorImpl.invoke(DelegatingMethodAccessorImpl.java:43)
	at java.base/java.lang.reflect.Method.invoke(Method.java:566)
	at org.springframework.web.method.support.InvocableHandlerMethod.doInvoke(InvocableHandlerMethod.java:190)
	at org.springframework.web.method.support.InvocableHandlerMethod.invokeForRequest(InvocableHandlerMethod.java:138)
	at org.springframework.web.servlet.mvc.method.annotation.ServletInvocableHandlerMethod.invokeAndHandle(ServletInvocableHandlerMethod.java:105)
	at org.springframework.web.servlet.mvc.method.annotation.RequestMappingHandlerAdapter.invokeHandlerMethod(RequestMappingHandlerAdapter.java:879)
	at org.springframework.web.servlet.mvc.method.annotation.RequestMappingHandlerAdapter.handleInternal(RequestMappingHandlerAdapter.java:793)
	at org.springframework.web.servlet.mvc.method.AbstractHandlerMethodAdapter.handle(AbstractHandlerMethodAdapter.java:87)
	at org.springframework.web.servlet.DispatcherServlet.doDispatch(DispatcherServlet.java:1040)
	at org.springframework.web.servlet.DispatcherServlet.doService(DispatcherServlet.java:943)
	at org.springframework.web.servlet.FrameworkServlet.processRequest(FrameworkServlet.java:1006)
	at org.springframework.web.servlet.FrameworkServlet.doDelete(FrameworkServlet.java:931)
	at javax.servlet.http.HttpServlet.service(HttpServlet.java:666)
	at org.springframework.web.servlet.FrameworkServlet.service(FrameworkServlet.java:883)
	at javax.servlet.http.HttpServlet.service(HttpServlet.java:741)
	at org.apache.catalina.core.ApplicationFilterChain.internalDoFilter(ApplicationFilterChain.java:231)
	at org.apache.catalina.core.ApplicationFilterChain.doFilter(ApplicationFilterChain.java:166)
	at org.apache.tomcat.websocket.server.WsFilter.doFilter(WsFilter.java:53)
	at org.apache.catalina.core.ApplicationFilterChain.internalDoFilter(ApplicationFilterChain.java:193)
	at org.apache.catalina.core.ApplicationFilterChain.doFilter(ApplicationFilterChain.java:166)
	at org.springframework.security.web.FilterChainProxy$VirtualFilterChain.doFilter(FilterChainProxy.java:320)
	at org.springframework.security.web.access.intercept.FilterSecurityInterceptor.invoke(FilterSecurityInterceptor.java:126)
	at org.springframework.security.web.access.intercept.FilterSecurityInterceptor.doFilter(FilterSecurityInterceptor.java:90)
	at org.springframework.security.web.FilterChainProxy$VirtualFilterChain.doFilter(FilterChainProxy.java:334)
	at org.springframework.security.web.access.ExceptionTranslationFilter.doFilter(ExceptionTranslationFilter.java:118)
	at org.springframework.security.web.FilterChainProxy$VirtualFilterChain.doFilter(FilterChainProxy.java:334)
	at org.springframework.security.web.session.SessionManagementFilter.doFilter(SessionManagementFilter.java:137)
	at org.springframework.security.web.FilterChainProxy$VirtualFilterChain.doFilter(FilterChainProxy.java:334)
	at org.springframework.security.web.authentication.AnonymousAuthenticationFilter.doFilter(AnonymousAuthenticationFilter.java:111)
	at org.springframework.security.web.FilterChainProxy$VirtualFilterChain.doFilter(FilterChainProxy.java:334)
	at org.springframework.security.web.servletapi.SecurityContextHolderAwareRequestFilter.doFilter(SecurityContextHolderAwareRequestFilter.java:158)
	at org.springframework.security.web.FilterChainProxy$VirtualFilterChain.doFilter(FilterChainProxy.java:334)
	at org.springframework.security.web.savedrequest.RequestCacheAwareFilter.doFilter(RequestCacheAwareFilter.java:63)
	at org.springframework.security.web.FilterChainProxy$VirtualFilterChain.doFilter(FilterChainProxy.java:334)
	at org.springframework.security.web.authentication.www.BasicAuthenticationFilter.doFilterInternal(BasicAuthenticationFilter.java:155)
	at org.springframework.web.filter.OncePerRequestFilter.doFilter(OncePerRequestFilter.java:119)
	at org.springframework.security.web.FilterChainProxy$VirtualFilterChain.doFilter(FilterChainProxy.java:334)
	at org.springframework.security.web.authentication.logout.LogoutFilter.doFilter(LogoutFilter.java:116)
	at org.springframework.security.web.FilterChainProxy$VirtualFilterChain.doFilter(FilterChainProxy.java:334)
	at org.springframework.web.filter.CorsFilter.doFilterInternal(CorsFilter.java:92)
	at org.springframework.web.filter.OncePerRequestFilter.doFilter(OncePerRequestFilter.java:119)
	at org.springframework.security.web.FilterChainProxy$VirtualFilterChain.doFilter(FilterChainProxy.java:334)
	at org.springframework.security.web.header.HeaderWriterFilter.doHeadersAfter(HeaderWriterFilter.java:92)
	at org.springframework.security.web.header.HeaderWriterFilter.doFilterInternal(HeaderWriterFilter.java:77)
	at org.springframework.web.filter.OncePerRequestFilter.doFilter(OncePerRequestFilter.java:119)
	at org.springframework.security.web.FilterChainProxy$VirtualFilterChain.doFilter(FilterChainProxy.java:334)
	at org.springframework.security.web.context.SecurityContextPersistenceFilter.doFilter(SecurityContextPersistenceFilter.java:105)
	at org.springframework.security.web.FilterChainProxy$VirtualFilterChain.doFilter(FilterChainProxy.java:334)
	at org.springframework.security.web.context.request.async.WebAsyncManagerIntegrationFilter.doFilterInternal(WebAsyncManagerIntegrationFilter.java:56)
	at org.springframework.web.filter.OncePerRequestFilter.doFilter(OncePerRequestFilter.java:119)
	at org.springframework.security.web.FilterChainProxy$VirtualFilterChain.doFilter(FilterChainProxy.java:334)
	at org.springframework.security.web.FilterChainProxy.doFilterInternal(FilterChainProxy.java:215)
	at org.springframework.security.web.FilterChainProxy.doFilter(FilterChainProxy.java:178)
	at org.springframework.web.filter.DelegatingFilterProxy.invokeDelegate(DelegatingFilterProxy.java:358)
	at org.springframework.web.filter.DelegatingFilterProxy.doFilter(DelegatingFilterProxy.java:271)
	at org.apache.catalina.core.ApplicationFilterChain.internalDoFilter(ApplicationFilterChain.java:193)
	at org.apache.catalina.core.ApplicationFilterChain.doFilter(ApplicationFilterChain.java:166)
	at org.springframework.web.filter.RequestContextFilter.doFilterInternal(RequestContextFilter.java:100)
	at org.springframework.web.filter.OncePerRequestFilter.doFilter(OncePerRequestFilter.java:119)
	at org.apache.catalina.core.ApplicationFilterChain.internalDoFilter(ApplicationFilterChain.java:193)
	at org.apache.catalina.core.ApplicationFilterChain.doFilter(ApplicationFilterChain.java:166)
	at org.springframework.web.filter.FormContentFilter.doFilterInternal(FormContentFilter.java:93)
	at org.springframework.web.filter.OncePerRequestFilter.doFilter(OncePerRequestFilter.java:119)
	at org.apache.catalina.core.ApplicationFilterChain.internalDoFilter(ApplicationFilterChain.java:193)
	at org.apache.catalina.core.ApplicationFilterChain.doFilter(ApplicationFilterChain.java:166)
	at org.springframework.boot.actuate.metrics.web.servlet.WebMvcMetricsFilter.doFilterInternal(WebMvcMetricsFilter.java:109)
	at org.springframework.web.filter.OncePerRequestFilter.doFilter(OncePerRequestFilter.java:119)
	at org.apache.catalina.core.ApplicationFilterChain.internalDoFilter(ApplicationFilterChain.java:193)
	at org.apache.catalina.core.ApplicationFilterChain.doFilter(ApplicationFilterChain.java:166)
	at org.springframework.web.filter.CharacterEncodingFilter.doFilterInternal(CharacterEncodingFilter.java:201)
	at org.springframework.web.filter.OncePerRequestFilter.doFilter(OncePerRequestFilter.java:119)
	at org.apache.catalina.core.ApplicationFilterChain.internalDoFilter(ApplicationFilterChain.java:193)
	at org.apache.catalina.core.ApplicationFilterChain.doFilter(ApplicationFilterChain.java:166)
	at org.apache.catalina.core.StandardWrapperValve.invoke(StandardWrapperValve.java:202)
	at org.apache.catalina.core.StandardContextValve.invoke(StandardContextValve.java:96)
	at org.apache.catalina.authenticator.AuthenticatorBase.invoke(AuthenticatorBase.java:541)
	at org.apache.catalina.core.StandardHostValve.invoke(StandardHostValve.java:139)
	at org.apache.catalina.valves.ErrorReportValve.invoke(ErrorReportValve.java:92)
	at org.apache.catalina.core.StandardEngineValve.invoke(StandardEngineValve.java:74)
	at org.apache.catalina.connector.CoyoteAdapter.service(CoyoteAdapter.java:343)
	at org.apache.coyote.http11.Http11Processor.service(Http11Processor.java:373)
	at org.apache.coyote.AbstractProcessorLight.process(AbstractProcessorLight.java:65)
	at org.apache.coyote.AbstractProtocol$ConnectionHandler.process(AbstractProtocol.java:868)
	at org.apache.tomcat.util.net.NioEndpoint$SocketProcessor.doRun(NioEndpoint.java:1594)
	at org.apache.tomcat.util.net.SocketProcessorBase.run(SocketProcessorBase.java:49)
	at java.base/java.util.concurrent.ThreadPoolExecutor.runWorker(ThreadPoolExecutor.java:1128)
	at java.base/java.util.concurrent.ThreadPoolExecutor$Worker.run(ThreadPoolExecutor.java:628)
	at org.apache.tomcat.util.threads.TaskThread$WrappingRunnable.run(TaskThread.java:61)
	at java.base/java.lang.Thread.run(Thread.java:834)
2020-05-26 16:10:02,773 INFO com.surshree.app.services.OtpService [http-nio-8080-exec-4] OTP Generated
2020-05-26 16:10:02,825 INFO com.surshree.app.services.CustomUserDetailsService [http-nio-8080-exec-4] Granted Authorities --> ROLE_ADMN
2020-05-26 16:10:02,828 INFO com.surshree.app.services.CustomUserDetailsService [http-nio-8080-exec-4] Granted Authorities --> ROLE_CONT
2020-05-26 16:10:02,829 INFO com.surshree.app.services.CustomUserDetailsService [http-nio-8080-exec-4] Granted Authorities --> FUNC_VIEW_ADMIN_MENU
2020-05-26 16:10:02,830 INFO com.surshree.app.services.CustomUserDetailsService [http-nio-8080-exec-4] Granted Authorities --> FUNC_CONT_MENU
2020-05-26 16:10:02,832 INFO com.surshree.app.services.CustomUserDetailsService [http-nio-8080-exec-4] Granted Authorities --> FUNC_CONT_MENU
2020-05-26 16:10:08,725 INFO com.surshree.app.scheduling.CacheScheduler [scheduling-1] Clear user cache : START
2020-05-26 16:10:08,726 INFO com.surshree.app.scheduling.CacheScheduler [scheduling-1] Clear user cache : END
2020-05-26 16:10:14,917 INFO com.surshree.app.services.CustomUserDetailsService [http-nio-8080-exec-7] Granted Authorities --> ROLE_ADMN
2020-05-26 16:10:14,927 INFO com.surshree.app.services.CustomUserDetailsService [http-nio-8080-exec-7] Granted Authorities --> ROLE_CONT
2020-05-26 16:10:14,932 INFO com.surshree.app.services.CustomUserDetailsService [http-nio-8080-exec-7] Granted Authorities --> FUNC_VIEW_ADMIN_MENU
2020-05-26 16:10:14,933 INFO com.surshree.app.services.CustomUserDetailsService [http-nio-8080-exec-7] Granted Authorities --> FUNC_CONT_MENU
2020-05-26 16:10:14,933 INFO com.surshree.app.services.CustomUserDetailsService [http-nio-8080-exec-7] Granted Authorities --> FUNC_CONT_MENU
2020-05-26 16:10:16,552 INFO com.surshree.app.services.OtpService [http-nio-8080-exec-7] OTP Validated
2020-05-26 16:10:16,650 WARN org.springframework.security.oauth2.provider.endpoint.TokenEndpoint [http-nio-8080-exec-7] Handling error: InvalidGrantException, Invalid OTP.
2020-05-26 16:10:27,231 INFO com.surshree.app.services.CustomUserDetailsService [http-nio-8080-exec-2] Granted Authorities --> ROLE_ADMN
2020-05-26 16:10:27,232 INFO com.surshree.app.services.CustomUserDetailsService [http-nio-8080-exec-2] Granted Authorities --> ROLE_CONT
2020-05-26 16:10:27,233 INFO com.surshree.app.services.CustomUserDetailsService [http-nio-8080-exec-2] Granted Authorities --> FUNC_VIEW_ADMIN_MENU
2020-05-26 16:10:27,233 INFO com.surshree.app.services.CustomUserDetailsService [http-nio-8080-exec-2] Granted Authorities --> FUNC_CONT_MENU
2020-05-26 16:10:27,234 INFO com.surshree.app.services.CustomUserDetailsService [http-nio-8080-exec-2] Granted Authorities --> FUNC_CONT_MENU
2020-05-26 16:10:27,532 INFO com.surshree.app.services.CustomUserDetailsService [http-nio-8080-exec-5] Granted Authorities --> ROLE_ADMN
2020-05-26 16:10:27,532 INFO com.surshree.app.services.CustomUserDetailsService [http-nio-8080-exec-5] Granted Authorities --> ROLE_CONT
2020-05-26 16:10:27,533 INFO com.surshree.app.services.CustomUserDetailsService [http-nio-8080-exec-5] Granted Authorities --> FUNC_VIEW_ADMIN_MENU
2020-05-26 16:10:27,533 INFO com.surshree.app.services.CustomUserDetailsService [http-nio-8080-exec-5] Granted Authorities --> FUNC_CONT_MENU
2020-05-26 16:10:27,534 INFO com.surshree.app.services.CustomUserDetailsService [http-nio-8080-exec-5] Granted Authorities --> FUNC_CONT_MENU
2020-05-26 16:10:27,879 INFO com.surshree.app.services.CustomUserDetailsService [http-nio-8080-exec-10] Granted Authorities --> ROLE_ADMN
2020-05-26 16:10:27,879 INFO com.surshree.app.services.CustomUserDetailsService [http-nio-8080-exec-10] Granted Authorities --> ROLE_CONT
2020-05-26 16:10:27,880 INFO com.surshree.app.services.CustomUserDetailsService [http-nio-8080-exec-10] Granted Authorities --> FUNC_VIEW_ADMIN_MENU
2020-05-26 16:10:27,880 INFO com.surshree.app.services.CustomUserDetailsService [http-nio-8080-exec-10] Granted Authorities --> FUNC_CONT_MENU
2020-05-26 16:10:27,881 INFO com.surshree.app.services.CustomUserDetailsService [http-nio-8080-exec-10] Granted Authorities --> FUNC_CONT_MENU
2020-05-26 16:13:24,310 INFO org.springframework.boot.SpringApplication [main] No active profile set, falling back to default profiles: default
2020-05-26 16:13:26,742 INFO org.springframework.data.repository.config.RepositoryConfigurationDelegate [main] Bootstrapping Spring Data JPA repositories in DEFAULT mode.
2020-05-26 16:13:27,016 INFO org.springframework.data.repository.config.RepositoryConfigurationDelegate [main] Finished Spring Data repository scanning in 255ms. Found 9 JPA repository interfaces.
2020-05-26 16:13:28,849 INFO org.springframework.cloud.context.scope.GenericScope [main] BeanFactory id=a348455a-eca5-3727-b2d0-e1f393ab79cc
2020-05-26 16:13:30,354 INFO org.springframework.boot.web.embedded.tomcat.TomcatWebServer [main] Tomcat initialized with port(s): 8080 (http)
2020-05-26 16:13:30,372 INFO org.apache.juli.logging.DirectJDKLog [main] Initializing ProtocolHandler ["http-nio-8080"]
2020-05-26 16:13:30,373 INFO org.apache.juli.logging.DirectJDKLog [main] Starting service [Tomcat]
2020-05-26 16:13:30,373 INFO org.apache.juli.logging.DirectJDKLog [main] Starting Servlet engine: [Apache Tomcat/9.0.33]
2020-05-26 16:13:30,710 INFO org.apache.juli.logging.DirectJDKLog [main] Initializing Spring embedded WebApplicationContext
2020-05-26 16:13:30,710 INFO org.springframework.boot.web.servlet.context.ServletWebServerApplicationContext [main] Root WebApplicationContext: initialization completed in 6330 ms
2020-05-26 16:13:31,309 INFO com.surshree.app.config.CacheConfig [main] Initializing cache.
2020-05-26 16:13:31,471 INFO org.hibernate.jpa.internal.util.LogHelper [main] HHH000204: Processing PersistenceUnitInfo [name: default]
2020-05-26 16:13:31,752 INFO org.hibernate.Version [main] HHH000412: Hibernate ORM core version 5.4.12.Final
2020-05-26 16:13:32,211 INFO org.hibernate.annotations.common.reflection.java.JavaReflectionManager [main] HCANN000001: Hibernate Commons Annotations {5.1.0.Final}
2020-05-26 16:13:32,531 INFO com.zaxxer.hikari.HikariDataSource [main] HikariPool-1 - Starting...
2020-05-26 16:13:32,780 INFO com.zaxxer.hikari.HikariDataSource [main] HikariPool-1 - Start completed.
2020-05-26 16:13:32,840 INFO org.hibernate.dialect.Dialect [main] HHH000400: Using dialect: org.hibernate.dialect.PostgreSQL10Dialect
2020-05-26 16:13:36,891 INFO org.hibernate.engine.transaction.jta.platform.internal.JtaPlatformInitiator [main] HHH000490: Using JtaPlatform implementation: [org.hibernate.engine.transaction.jta.platform.internal.NoJtaPlatform]
2020-05-26 16:13:37,235 INFO org.springframework.orm.jpa.AbstractEntityManagerFactoryBean [main] Initialized JPA EntityManagerFactory for persistence unit 'default'
2020-05-26 16:13:37,323 WARN org.springframework.boot.autoconfigure.orm.jpa.JpaBaseConfiguration$JpaWebConfiguration [main] spring.jpa.open-in-view is enabled by default. Therefore, database queries may be performed during view rendering. Explicitly configure spring.jpa.open-in-view to disable this warning
2020-05-26 16:13:42,520 INFO org.springframework.security.web.DefaultSecurityFilterChain [main] Creating filter chain: OrRequestMatcher [requestMatchers=[Ant [pattern='/oauth/token'], Ant [pattern='/oauth/token_key'], Ant [pattern='/oauth/check_token']]], [org.springframework.security.web.context.request.async.WebAsyncManagerIntegrationFilter@31aec04a, org.springframework.security.web.context.SecurityContextPersistenceFilter@347770a9, org.springframework.security.web.header.HeaderWriterFilter@44b99f09, org.springframework.security.web.authentication.logout.LogoutFilter@7a174e4b, org.springframework.web.filter.CorsFilter@109fff4a, org.springframework.security.web.authentication.www.BasicAuthenticationFilter@440309c5, org.springframework.security.web.savedrequest.RequestCacheAwareFilter@34438b38, org.springframework.security.web.servletapi.SecurityContextHolderAwareRequestFilter@4af8ff3, org.springframework.security.web.authentication.AnonymousAuthenticationFilter@5e5f5ddf, org.springframework.security.web.session.SessionManagementFilter@3de507af, org.springframework.security.web.access.ExceptionTranslationFilter@94ba90a, org.springframework.security.web.access.intercept.FilterSecurityInterceptor@1368ed98]
2020-05-26 16:13:42,544 INFO org.springframework.security.web.DefaultSecurityFilterChain [main] Creating filter chain: com.surshree.app.config.ResourceServerConfig$$Lambda$1043/0x0000000800a48c40@7f746160, [org.springframework.security.web.context.request.async.WebAsyncManagerIntegrationFilter@17524c36, org.springframework.security.web.context.SecurityContextPersistenceFilter@363751f2, org.springframework.security.web.header.HeaderWriterFilter@1d4ee936, org.springframework.security.web.authentication.logout.LogoutFilter@123fd460, org.springframework.security.oauth2.provider.authentication.OAuth2AuthenticationProcessingFilter@24e0bdb, org.springframework.security.web.savedrequest.RequestCacheAwareFilter@688884e, org.springframework.security.web.servletapi.SecurityContextHolderAwareRequestFilter@6c65c6f0, org.springframework.security.web.authentication.AnonymousAuthenticationFilter@2f89b44e, org.springframework.security.web.session.SessionManagementFilter@7410c197, org.springframework.security.web.access.ExceptionTranslationFilter@640a80aa, org.springframework.security.web.access.intercept.FilterSecurityInterceptor@348d1a5e]
2020-05-26 16:13:43,120 INFO org.springframework.boot.actuate.endpoint.web.EndpointLinksResolver [main] Exposing 2 endpoint(s) beneath base path '/actuator'
2020-05-26 16:13:43,182 INFO org.springframework.security.web.DefaultSecurityFilterChain [main] Creating filter chain: any request, [org.springframework.security.web.context.request.async.WebAsyncManagerIntegrationFilter@68f1e261, org.springframework.security.web.context.SecurityContextPersistenceFilter@2c3a2935, org.springframework.security.web.header.HeaderWriterFilter@2100b770, org.springframework.web.filter.CorsFilter@9d455a6, org.springframework.security.web.authentication.logout.LogoutFilter@62f8b2f4, org.springframework.security.web.authentication.www.BasicAuthenticationFilter@22ab3e3b, org.springframework.security.web.savedrequest.RequestCacheAwareFilter@2ca4b010, org.springframework.security.web.servletapi.SecurityContextHolderAwareRequestFilter@83b39c3, org.springframework.security.web.authentication.AnonymousAuthenticationFilter@124e538e, org.springframework.security.web.session.SessionManagementFilter@349469db, org.springframework.security.web.access.ExceptionTranslationFilter@588b02a0, org.springframework.security.web.access.intercept.FilterSecurityInterceptor@619dc070]
2020-05-26 16:13:43,653 INFO org.springframework.scheduling.concurrent.ExecutorConfigurationSupport [main] Initializing ExecutorService 'applicationTaskExecutor'
2020-05-26 16:13:44,098 INFO org.springframework.scheduling.concurrent.ExecutorConfigurationSupport [main] Initializing ExecutorService 'taskScheduler'
2020-05-26 16:13:44,238 INFO com.surshree.app.scheduling.CacheScheduler [scheduling-1] Clear user cache : START
2020-05-26 16:13:44,239 INFO com.surshree.app.scheduling.CacheScheduler [scheduling-1] Clear user cache : END
2020-05-26 16:13:44,240 INFO org.apache.juli.logging.DirectJDKLog [main] Starting ProtocolHandler ["http-nio-8080"]
2020-05-26 16:13:44,306 INFO org.springframework.boot.web.embedded.tomcat.TomcatWebServer [main] Tomcat started on port(s): 8080 (http) with context path ''
2020-05-26 16:13:44,317 INFO org.springframework.boot.StartupInfoLogger [main] Started SurShreeApplication in 23.918 seconds (JVM running for 25.636)
2020-05-26 16:20:19,752 INFO org.apache.juli.logging.DirectJDKLog [http-nio-8080-exec-4] Initializing Spring DispatcherServlet 'dispatcherServlet'
2020-05-26 16:20:19,773 INFO org.springframework.web.servlet.FrameworkServlet [http-nio-8080-exec-4] Initializing Servlet 'dispatcherServlet'
2020-05-26 16:20:21,280 INFO org.springframework.web.servlet.FrameworkServlet [http-nio-8080-exec-4] Completed initialization in 1505 ms
2020-05-26 16:21:12,176 INFO com.surshree.app.services.CustomUserDetailsService [http-nio-8080-exec-3] Granted Authorities --> ROLE_CONT
2020-05-26 16:21:12,178 INFO com.surshree.app.services.CustomUserDetailsService [http-nio-8080-exec-3] Granted Authorities --> ROLE_ADMN
2020-05-26 16:21:12,179 INFO com.surshree.app.services.CustomUserDetailsService [http-nio-8080-exec-3] Granted Authorities --> FUNC_CONT_MENU
2020-05-26 16:21:12,181 INFO com.surshree.app.services.CustomUserDetailsService [http-nio-8080-exec-3] Granted Authorities --> FUNC_CONT_MENU
2020-05-26 16:21:12,182 INFO com.surshree.app.services.CustomUserDetailsService [http-nio-8080-exec-3] Granted Authorities --> FUNC_VIEW_ADMIN_MENU
2020-05-26 16:21:13,371 INFO com.surshree.app.services.CustomUserDetailsService [http-nio-8080-exec-5] Granted Authorities --> ROLE_CONT
2020-05-26 16:21:13,373 INFO com.surshree.app.services.CustomUserDetailsService [http-nio-8080-exec-5] Granted Authorities --> ROLE_ADMN
2020-05-26 16:21:13,374 INFO com.surshree.app.services.CustomUserDetailsService [http-nio-8080-exec-5] Granted Authorities --> FUNC_CONT_MENU
2020-05-26 16:21:13,375 INFO com.surshree.app.services.CustomUserDetailsService [http-nio-8080-exec-5] Granted Authorities --> FUNC_CONT_MENU
2020-05-26 16:21:13,376 INFO com.surshree.app.services.CustomUserDetailsService [http-nio-8080-exec-5] Granted Authorities --> FUNC_VIEW_ADMIN_MENU
2020-05-26 16:23:32,560 INFO com.surshree.app.services.CustomUserDetailsService [http-nio-8080-exec-5] Granted Authorities --> ROLE_CONT
2020-05-26 16:23:32,564 INFO com.surshree.app.services.CustomUserDetailsService [http-nio-8080-exec-5] Granted Authorities --> ROLE_ADMN
2020-05-26 16:23:32,565 INFO com.surshree.app.services.CustomUserDetailsService [http-nio-8080-exec-5] Granted Authorities --> FUNC_CONT_MENU
2020-05-26 16:23:32,566 INFO com.surshree.app.services.CustomUserDetailsService [http-nio-8080-exec-5] Granted Authorities --> FUNC_CONT_MENU
2020-05-26 16:23:32,567 INFO com.surshree.app.services.CustomUserDetailsService [http-nio-8080-exec-5] Granted Authorities --> FUNC_VIEW_ADMIN_MENU
2020-05-26 16:23:33,158 INFO com.surshree.app.services.CustomUserDetailsService [http-nio-8080-exec-9] Granted Authorities --> ROLE_CONT
2020-05-26 16:23:33,159 INFO com.surshree.app.services.CustomUserDetailsService [http-nio-8080-exec-9] Granted Authorities --> ROLE_ADMN
2020-05-26 16:23:33,159 INFO com.surshree.app.services.CustomUserDetailsService [http-nio-8080-exec-9] Granted Authorities --> FUNC_CONT_MENU
2020-05-26 16:23:33,160 INFO com.surshree.app.services.CustomUserDetailsService [http-nio-8080-exec-9] Granted Authorities --> FUNC_CONT_MENU
2020-05-26 16:23:33,160 INFO com.surshree.app.services.CustomUserDetailsService [http-nio-8080-exec-9] Granted Authorities --> FUNC_VIEW_ADMIN_MENU
2020-05-26 16:23:44,260 INFO com.surshree.app.scheduling.CacheScheduler [scheduling-1] Clear user cache : START
2020-05-26 16:23:44,268 INFO com.surshree.app.scheduling.CacheScheduler [scheduling-1] Clear user cache : END
2020-05-26 16:33:44,253 INFO com.surshree.app.scheduling.CacheScheduler [scheduling-1] Clear user cache : START
2020-05-26 16:33:44,259 INFO com.surshree.app.scheduling.CacheScheduler [scheduling-1] Clear user cache : END
2020-05-26 16:43:44,278 INFO com.surshree.app.scheduling.CacheScheduler [scheduling-1] Clear user cache : START
2020-05-26 16:43:44,281 INFO com.surshree.app.scheduling.CacheScheduler [scheduling-1] Clear user cache : END
2020-05-26 16:53:44,302 INFO com.surshree.app.scheduling.CacheScheduler [scheduling-1] Clear user cache : START
2020-05-26 16:53:44,307 INFO com.surshree.app.scheduling.CacheScheduler [scheduling-1] Clear user cache : END
2020-05-26 17:03:44,337 INFO com.surshree.app.scheduling.CacheScheduler [scheduling-1] Clear user cache : START
2020-05-26 17:03:44,344 INFO com.surshree.app.scheduling.CacheScheduler [scheduling-1] Clear user cache : END
