2020-04-07 14:26:10,786 INFO org.springframework.boot.StartupInfoLogger [main] Starting PandemicUnemploymentInsuranceApplication on HQSOMAC023.local with PID 9344 (/Users/ptiwari/Documents/project/tcs/backend/reemployment/build/classes/java/main started by ptiwari in /Users/ptiwari/Documents/project/tcs/backend/reemployment)
2020-04-07 14:26:10,839 DEBUG org.springframework.boot.StartupInfoLogger [main] Running with Spring Boot v2.2.6.RELEASE, Spring v5.2.5.RELEASE
2020-04-07 14:26:10,844 INFO org.springframework.boot.SpringApplication [main] No active profile set, falling back to default profiles: default
2020-04-07 14:26:15,949 INFO org.springframework.data.repository.config.RepositoryConfigurationDelegate [main] Bootstrapping Spring Data JPA repositories in DEFAULT mode.
2020-04-07 14:26:16,562 INFO org.springframework.data.repository.config.RepositoryConfigurationDelegate [main] Finished Spring Data repository scanning in 547ms. Found 3 JPA repository interfaces.
2020-04-07 14:26:20,201 INFO org.springframework.boot.web.embedded.tomcat.TomcatWebServer [main] Tomcat initialized with port(s): 8080 (http)
2020-04-07 14:26:20,252 INFO org.apache.juli.logging.DirectJDKLog [main] Initializing ProtocolHandler ["http-nio-8080"]
2020-04-07 14:26:20,253 INFO org.apache.juli.logging.DirectJDKLog [main] Starting service [Tomcat]
2020-04-07 14:26:20,254 INFO org.apache.juli.logging.DirectJDKLog [main] Starting Servlet engine: [Apache Tomcat/9.0.33]
2020-04-07 14:26:20,972 INFO org.apache.juli.logging.DirectJDKLog [main] Initializing Spring embedded WebApplicationContext
2020-04-07 14:26:20,974 DEBUG org.springframework.boot.web.servlet.context.ServletWebServerApplicationContext [main] Published root WebApplicationContext as ServletContext attribute with name [org.springframework.web.context.WebApplicationContext.ROOT]
2020-04-07 14:26:20,976 INFO org.springframework.boot.web.servlet.context.ServletWebServerApplicationContext [main] Root WebApplicationContext: initialization completed in 9580 ms
2020-04-07 14:26:21,693 INFO org.hibernate.jpa.internal.util.LogHelper [main] HHH000204: Processing PersistenceUnitInfo [name: default]
2020-04-07 14:26:22,048 INFO org.hibernate.Version [main] HHH000412: Hibernate ORM core version 5.4.12.Final
2020-04-07 14:26:22,617 INFO org.hibernate.annotations.common.reflection.java.JavaReflectionManager [main] HCANN000001: Hibernate Commons Annotations {5.1.0.Final}
2020-04-07 14:26:23,298 INFO com.zaxxer.hikari.HikariDataSource [main] HikariPool-1 - Starting...
2020-04-07 14:26:23,793 INFO com.zaxxer.hikari.HikariDataSource [main] HikariPool-1 - Start completed.
2020-04-07 14:26:23,868 INFO org.hibernate.dialect.Dialect [main] HHH000400: Using dialect: org.hibernate.dialect.PostgreSQL10Dialect
2020-04-07 14:26:27,859 INFO org.hibernate.engine.transaction.jta.platform.internal.JtaPlatformInitiator [main] HHH000490: Using JtaPlatform implementation: [org.hibernate.engine.transaction.jta.platform.internal.NoJtaPlatform]
2020-04-07 14:26:28,344 INFO org.springframework.orm.jpa.AbstractEntityManagerFactoryBean [main] Initialized JPA EntityManagerFactory for persistence unit 'default'
2020-04-07 14:26:30,712 DEBUG org.springframework.web.filter.GenericFilterBean [main] Filter 'jwtFilter' configured for use
2020-04-07 14:26:30,948 WARN org.springframework.boot.autoconfigure.orm.jpa.JpaBaseConfiguration$JpaWebConfiguration [main] spring.jpa.open-in-view is enabled by default. Therefore, database queries may be performed during view rendering. Explicitly configure spring.jpa.open-in-view to disable this warning
2020-04-07 14:26:31,439 WARN org.springframework.context.support.AbstractApplicationContext [main] Exception encountered during context initialization - cancelling refresh attempt: org.springframework.beans.factory.UnsatisfiedDependencyException: Error creating bean with name 'cacheScheduler': Unsatisfied dependency expressed through field 'cacheManager'; nested exception is org.springframework.beans.factory.NoSuchBeanDefinitionException: No qualifying bean of type 'org.springframework.cache.CacheManager' available: expected at least 1 bean which qualifies as autowire candidate. Dependency annotations: {@org.springframework.beans.factory.annotation.Autowired(required=true)}
2020-04-07 14:26:31,443 INFO org.springframework.orm.jpa.AbstractEntityManagerFactoryBean [main] Closing JPA EntityManagerFactory for persistence unit 'default'
2020-04-07 14:26:31,456 INFO com.zaxxer.hikari.HikariDataSource [main] HikariPool-1 - Shutdown initiated...
2020-04-07 14:26:31,495 INFO com.zaxxer.hikari.HikariDataSource [main] HikariPool-1 - Shutdown completed.
2020-04-07 14:26:31,505 INFO org.apache.juli.logging.DirectJDKLog [main] Stopping service [Tomcat]
2020-04-07 14:26:31,552 INFO org.springframework.boot.autoconfigure.logging.ConditionEvaluationReportLoggingListener [main] 

Error starting ApplicationContext. To display the conditions report re-run your application with 'debug' enabled.
2020-04-07 14:26:32,403 ERROR org.springframework.boot.diagnostics.LoggingFailureAnalysisReporter [main] 

***************************
APPLICATION FAILED TO START
***************************

Description:

Field cacheManager in CacheScheduler required a bean of type 'org.springframework.cache.CacheManager' that could not be found.

The injection point has the following annotations:
	- @org.springframework.beans.factory.annotation.Autowired(required=true)

The following candidates were found but could not be injected:
	- Bean method 'cacheManager' in 'CaffeineCacheConfiguration' not loaded because @ConditionalOnClass did not find required class 'com.github.benmanes.caffeine.cache.Caffeine'
	- Bean method 'cacheManager' in 'EhCacheCacheConfiguration' not loaded because @ConditionalOnClass did not find required class 'net.sf.ehcache.Cache'
	- Bean method 'cacheManager' in 'JCacheCacheConfiguration' not loaded because @ConditionalOnClass did not find required class 'javax.cache.Caching'


Action:

Consider revisiting the entries above or defining a bean of type 'org.springframework.cache.CacheManager' in your configuration.

2020-04-07 14:42:10,386 INFO org.springframework.boot.StartupInfoLogger [main] Starting PandemicUnemploymentInsuranceApplication on HQSOMAC023.local with PID 9459 (/Users/ptiwari/Documents/project/tcs/backend/reemployment/build/classes/java/main started by ptiwari in /Users/ptiwari/Documents/project/tcs/backend/reemployment)
2020-04-07 14:42:10,416 DEBUG org.springframework.boot.StartupInfoLogger [main] Running with Spring Boot v2.2.6.RELEASE, Spring v5.2.5.RELEASE
2020-04-07 14:42:10,419 INFO org.springframework.boot.SpringApplication [main] No active profile set, falling back to default profiles: default
2020-04-07 14:42:12,309 INFO org.springframework.data.repository.config.RepositoryConfigurationDelegate [main] Bootstrapping Spring Data JPA repositories in DEFAULT mode.
2020-04-07 14:42:12,512 INFO org.springframework.data.repository.config.RepositoryConfigurationDelegate [main] Finished Spring Data repository scanning in 176ms. Found 3 JPA repository interfaces.
2020-04-07 14:42:15,205 INFO org.springframework.boot.web.embedded.tomcat.TomcatWebServer [main] Tomcat initialized with port(s): 8080 (http)
2020-04-07 14:42:15,239 INFO org.apache.juli.logging.DirectJDKLog [main] Initializing ProtocolHandler ["http-nio-8080"]
2020-04-07 14:42:15,241 INFO org.apache.juli.logging.DirectJDKLog [main] Starting service [Tomcat]
2020-04-07 14:42:15,243 INFO org.apache.juli.logging.DirectJDKLog [main] Starting Servlet engine: [Apache Tomcat/9.0.33]
2020-04-07 14:42:15,519 INFO org.apache.juli.logging.DirectJDKLog [main] Initializing Spring embedded WebApplicationContext
2020-04-07 14:42:15,522 DEBUG org.springframework.boot.web.servlet.context.ServletWebServerApplicationContext [main] Published root WebApplicationContext as ServletContext attribute with name [org.springframework.web.context.WebApplicationContext.ROOT]
2020-04-07 14:42:15,523 INFO org.springframework.boot.web.servlet.context.ServletWebServerApplicationContext [main] Root WebApplicationContext: initialization completed in 4874 ms
2020-04-07 14:42:15,814 INFO CacheConfig [main] Initializing cache.
2020-04-07 14:42:16,179 INFO org.hibernate.jpa.internal.util.LogHelper [main] HHH000204: Processing PersistenceUnitInfo [name: default]
2020-04-07 14:42:16,410 INFO org.hibernate.Version [main] HHH000412: Hibernate ORM core version 5.4.12.Final
2020-04-07 14:42:16,893 INFO org.hibernate.annotations.common.reflection.java.JavaReflectionManager [main] HCANN000001: Hibernate Commons Annotations {5.1.0.Final}
2020-04-07 14:42:17,228 INFO com.zaxxer.hikari.HikariDataSource [main] HikariPool-1 - Starting...
2020-04-07 14:42:17,549 INFO com.zaxxer.hikari.HikariDataSource [main] HikariPool-1 - Start completed.
2020-04-07 14:42:17,599 INFO org.hibernate.dialect.Dialect [main] HHH000400: Using dialect: org.hibernate.dialect.PostgreSQL10Dialect
2020-04-07 14:42:19,940 INFO org.hibernate.engine.transaction.jta.platform.internal.JtaPlatformInitiator [main] HHH000490: Using JtaPlatform implementation: [org.hibernate.engine.transaction.jta.platform.internal.NoJtaPlatform]
2020-04-07 14:42:20,340 INFO org.springframework.orm.jpa.AbstractEntityManagerFactoryBean [main] Initialized JPA EntityManagerFactory for persistence unit 'default'
2020-04-07 14:42:21,737 DEBUG org.springframework.web.filter.GenericFilterBean [main] Filter 'jwtFilter' configured for use
2020-04-07 14:42:21,840 WARN org.springframework.boot.autoconfigure.orm.jpa.JpaBaseConfiguration$JpaWebConfiguration [main] spring.jpa.open-in-view is enabled by default. Therefore, database queries may be performed during view rendering. Explicitly configure spring.jpa.open-in-view to disable this warning
2020-04-07 14:42:22,592 INFO org.springframework.security.web.DefaultSecurityFilterChain [main] Creating filter chain: any request, [org.springframework.security.web.context.request.async.WebAsyncManagerIntegrationFilter@5d10df04, org.springframework.security.web.context.SecurityContextPersistenceFilter@47224d5d, org.springframework.security.web.header.HeaderWriterFilter@2f6d8c9, org.springframework.security.web.authentication.logout.LogoutFilter@5ec06e97, JwtFilter@3dc39412, org.springframework.security.web.savedrequest.RequestCacheAwareFilter@68e094c9, org.springframework.security.web.servletapi.SecurityContextHolderAwareRequestFilter@528c4353, org.springframework.security.web.authentication.AnonymousAuthenticationFilter@56d3af4d, org.springframework.security.web.session.SessionManagementFilter@463a1f47, org.springframework.security.web.access.ExceptionTranslationFilter@48cd8e71, org.springframework.security.web.access.intercept.FilterSecurityInterceptor@49f9758]
2020-04-07 14:42:23,104 INFO org.springframework.scheduling.concurrent.ExecutorConfigurationSupport [main] Initializing ExecutorService 'applicationTaskExecutor'
2020-04-07 14:42:23,139 DEBUG org.springframework.web.servlet.mvc.method.annotation.RequestMappingHandlerAdapter [main] ControllerAdvice beans: 0 @ModelAttribute, 0 @InitBinder, 1 RequestBodyAdvice, 1 ResponseBodyAdvice
2020-04-07 14:42:23,318 DEBUG org.springframework.web.servlet.handler.AbstractHandlerMethodMapping [main] 12 mappings in 'requestMappingHandlerMapping'
2020-04-07 14:42:23,360 DEBUG org.springframework.web.servlet.handler.AbstractDetectingUrlHandlerMapping [main] Detected 1 mappings in 'beanNameHandlerMapping'
2020-04-07 14:42:23,421 DEBUG org.springframework.web.servlet.handler.SimpleUrlHandlerMapping [main] Patterns [/webjars/**, /**] in 'resourceHandlerMapping'
2020-04-07 14:42:23,450 DEBUG org.springframework.web.servlet.mvc.method.annotation.ExceptionHandlerExceptionResolver [main] ControllerAdvice beans: 1 @ExceptionHandler, 1 ResponseBodyAdvice
2020-04-07 14:42:23,635 INFO org.springframework.scheduling.concurrent.ExecutorConfigurationSupport [main] Initializing ExecutorService 'taskScheduler'
2020-04-07 14:42:23,741 INFO CacheScheduler [scheduling-1] Clear user cache : START
2020-04-07 14:42:23,744 INFO CacheScheduler [scheduling-1] Clear user cache : END
2020-04-07 14:42:23,750 INFO org.apache.juli.logging.DirectJDKLog [main] Starting ProtocolHandler ["http-nio-8080"]
2020-04-07 14:42:23,841 INFO org.springframework.boot.web.embedded.tomcat.TomcatWebServer [main] Tomcat started on port(s): 8080 (http) with context path ''
2020-04-07 14:42:23,848 INFO org.springframework.boot.StartupInfoLogger [main] Started PandemicUnemploymentInsuranceApplication in 15.505 seconds (JVM running for 16.581)
2020-04-07 14:46:27,673 INFO org.apache.juli.logging.DirectJDKLog [http-nio-8080-exec-1] Initializing Spring DispatcherServlet 'dispatcherServlet'
2020-04-07 14:46:27,689 INFO org.springframework.web.servlet.FrameworkServlet [http-nio-8080-exec-1] Initializing Servlet 'dispatcherServlet'
2020-04-07 14:46:27,694 DEBUG org.springframework.web.servlet.DispatcherServlet [http-nio-8080-exec-1] Detected StandardServletMultipartResolver
2020-04-07 14:46:27,794 DEBUG org.springframework.web.servlet.FrameworkServlet [http-nio-8080-exec-1] enableLoggingRequestDetails='false': request parameters and headers will be masked to prevent unsafe logging of potentially sensitive data
2020-04-07 14:46:27,794 INFO org.springframework.web.servlet.FrameworkServlet [http-nio-8080-exec-1] Completed initialization in 103 ms
2020-04-07 14:46:27,909 DEBUG org.springframework.core.log.LogFormatUtils [http-nio-8080-exec-1] POST "/auth", parameters={}
2020-04-07 14:46:27,926 DEBUG org.springframework.web.servlet.handler.AbstractHandlerMapping [http-nio-8080-exec-1] Mapped to AuthController#authenticate(AuthRequest)
2020-04-07 14:46:28,398 DEBUG org.springframework.web.method.support.InvocableHandlerMethod [http-nio-8080-exec-1] Could not resolve parameter [0] in public org.springframework.http.ResponseEntity AuthController.authenticate(AuthRequest) throws java.lang.Exception: JSON parse error: Unexpected character (''' (code 39)): expected a valid value (JSON String, Number, Array, Object or token 'null', 'true' or 'false'); nested exception is com.fasterxml.jackson.core.JsonParseException: Unexpected character (''' (code 39)): expected a valid value (JSON String, Number, Array, Object or token 'null', 'true' or 'false')
 at [Source: (PushbackInputStream); line: 2, column: 14]
2020-04-07 14:46:28,405 DEBUG org.springframework.web.servlet.mvc.method.annotation.ExceptionHandlerExceptionResolver [http-nio-8080-exec-1] Using @ExceptionHandler CustomResponseEntityExceptionHandler#handleException(Exception, WebRequest)
2020-04-07 14:46:28,440 DEBUG org.springframework.web.servlet.mvc.method.annotation.AbstractMessageConverterMethodProcessor [http-nio-8080-exec-1] No match for [*/*], supported: []
2020-04-07 14:46:28,443 DEBUG org.springframework.web.servlet.handler.AbstractHandlerExceptionResolver [http-nio-8080-exec-1] Resolved [org.springframework.http.converter.HttpMessageNotReadableException: JSON parse error: Unexpected character (''' (code 39)): expected a valid value (JSON String, Number, Array, Object or token 'null', 'true' or 'false'); nested exception is com.fasterxml.jackson.core.JsonParseException: Unexpected character (''' (code 39)): expected a valid value (JSON String, Number, Array, Object or token 'null', 'true' or 'false')
 at [Source: (PushbackInputStream); line: 2, column: 14]]
2020-04-07 14:46:28,447 DEBUG org.springframework.web.servlet.FrameworkServlet [http-nio-8080-exec-1] Completed 400 BAD_REQUEST
2020-04-07 14:47:11,160 DEBUG org.springframework.core.log.LogFormatUtils [http-nio-8080-exec-2] POST "/auth", parameters={}
2020-04-07 14:47:11,163 DEBUG org.springframework.web.servlet.handler.AbstractHandlerMapping [http-nio-8080-exec-2] Mapped to AuthController#authenticate(AuthRequest)
2020-04-07 14:47:11,174 DEBUG org.springframework.core.log.LogFormatUtils [http-nio-8080-exec-2] Read "application/json;charset=UTF-8" to [AuthRequest@42600e64]
2020-04-07 14:47:11,802 INFO CustomUserDetailsService [http-nio-8080-exec-2] Granted Authorities --> ROLE_ADMN
2020-04-07 14:47:11,970 INFO CustomUserDetailsService [http-nio-8080-exec-2] Granted Authorities --> ROLE_ADMN
2020-04-07 14:47:12,510 DEBUG org.springframework.web.servlet.mvc.method.annotation.AbstractMessageConverterMethodProcessor [http-nio-8080-exec-2] Using 'application/json', given [*/*] and supported [application/json, application/*+json, application/json, application/*+json]
2020-04-07 14:47:12,515 DEBUG org.springframework.core.log.LogFormatUtils [http-nio-8080-exec-2] Writing [AuthResponse@6e1220a5]
2020-04-07 14:47:12,564 DEBUG org.springframework.web.servlet.FrameworkServlet [http-nio-8080-exec-2] Completed 200 OK
2020-04-07 14:52:23,788 INFO CacheScheduler [scheduling-1] Clear user cache : START
2020-04-07 14:52:23,821 INFO CacheScheduler [scheduling-1] Clear user cache : END
2020-04-07 15:02:23,870 INFO CacheScheduler [scheduling-1] Clear user cache : START
2020-04-07 15:02:23,880 INFO CacheScheduler [scheduling-1] Clear user cache : END
2020-04-07 15:06:23,053 INFO org.springframework.scheduling.concurrent.ExecutorConfigurationSupport [SpringContextShutdownHook] Shutting down ExecutorService 'taskScheduler'
2020-04-07 15:06:23,094 INFO org.springframework.scheduling.concurrent.ExecutorConfigurationSupport [SpringContextShutdownHook] Shutting down ExecutorService 'applicationTaskExecutor'
2020-04-07 15:06:23,140 INFO org.springframework.orm.jpa.AbstractEntityManagerFactoryBean [SpringContextShutdownHook] Closing JPA EntityManagerFactory for persistence unit 'default'
2020-04-07 15:06:23,210 INFO com.zaxxer.hikari.HikariDataSource [SpringContextShutdownHook] HikariPool-1 - Shutdown initiated...
2020-04-07 15:06:23,250 INFO com.zaxxer.hikari.HikariDataSource [SpringContextShutdownHook] HikariPool-1 - Shutdown completed.
2020-04-07 15:14:36,443 INFO org.springframework.boot.SpringApplication [main] No active profile set, falling back to default profiles: default
2020-04-07 15:14:38,570 WARN org.springframework.context.support.AbstractApplicationContext [main] Exception encountered during context initialization - cancelling refresh attempt: org.springframework.beans.factory.support.BeanDefinitionOverrideException: Invalid bean definition with name 'authenticationManagerBean' defined in class path resource [com/tcs/reemployment/config/WebSecurityConfig.class]: Cannot register bean definition [Root bean: class [null]; scope=; abstract=false; lazyInit=null; autowireMode=3; dependencyCheck=0; autowireCandidate=true; primary=false; factoryBeanName=webSecurityConfig; factoryMethodName=authenticationManagerBean; initMethodName=null; destroyMethodName=(inferred); defined in class path resource [com/tcs/reemployment/config/WebSecurityConfig.class]] for bean 'authenticationManagerBean': There is already [Root bean: class [null]; scope=; abstract=false; lazyInit=null; autowireMode=3; dependencyCheck=0; autowireCandidate=true; primary=false; factoryBeanName=securityConfiguration; factoryMethodName=authenticationManagerBean; initMethodName=null; destroyMethodName=(inferred); defined in class path resource [com/tcs/reemployment/config/SecurityConfiguration.class]] bound.
2020-04-07 15:14:38,597 INFO org.springframework.boot.autoconfigure.logging.ConditionEvaluationReportLoggingListener [main] 

Error starting ApplicationContext. To display the conditions report re-run your application with 'debug' enabled.
2020-04-07 15:14:38,619 ERROR org.springframework.boot.diagnostics.LoggingFailureAnalysisReporter [main] 

***************************
APPLICATION FAILED TO START
***************************

Description:

The bean 'authenticationManagerBean', defined in class path resource [com/tcs/reemployment/config/WebSecurityConfig.class], could not be registered. A bean with that name has already been defined in class path resource [com/tcs/reemployment/config/SecurityConfiguration.class] and overriding is disabled.

Action:

Consider renaming one of the beans or enabling overriding by setting spring.main.allow-bean-definition-overriding=true

2020-04-07 15:17:08,477 INFO org.springframework.boot.SpringApplication [main] No active profile set, falling back to default profiles: default
2020-04-07 15:17:11,323 INFO org.springframework.data.repository.config.RepositoryConfigurationDelegate [main] Bootstrapping Spring Data JPA repositories in DEFAULT mode.
2020-04-07 15:17:11,572 INFO org.springframework.data.repository.config.RepositoryConfigurationDelegate [main] Finished Spring Data repository scanning in 218ms. Found 3 JPA repository interfaces.
2020-04-07 15:17:14,299 INFO org.springframework.cloud.context.scope.GenericScope [main] BeanFactory id=13b9c903-0bd5-36ce-a929-fa04617ab558
2020-04-07 15:17:15,561 INFO org.springframework.context.support.PostProcessorRegistrationDelegate$BeanPostProcessorChecker [main] Bean 'org.springframework.security.config.annotation.configuration.ObjectPostProcessorConfiguration' of type [org.springframework.security.config.annotation.configuration.ObjectPostProcessorConfiguration] is not eligible for getting processed by all BeanPostProcessors (for example: not eligible for auto-proxying)
2020-04-07 15:17:15,582 INFO org.springframework.context.support.PostProcessorRegistrationDelegate$BeanPostProcessorChecker [main] Bean 'objectPostProcessor' of type [org.springframework.security.config.annotation.configuration.AutowireBeanFactoryObjectPostProcessor] is not eligible for getting processed by all BeanPostProcessors (for example: not eligible for auto-proxying)
2020-04-07 15:17:15,591 INFO org.springframework.context.support.PostProcessorRegistrationDelegate$BeanPostProcessorChecker [main] Bean 'org.springframework.security.access.expression.method.DefaultMethodSecurityExpressionHandler@1ab14636' of type [org.springframework.security.oauth2.provider.expression.OAuth2MethodSecurityExpressionHandler] is not eligible for getting processed by all BeanPostProcessors (for example: not eligible for auto-proxying)
2020-04-07 15:17:15,597 INFO org.springframework.context.support.PostProcessorRegistrationDelegate$BeanPostProcessorChecker [main] Bean 'org.springframework.security.config.annotation.method.configuration.GlobalMethodSecurityConfiguration' of type [org.springframework.security.config.annotation.method.configuration.GlobalMethodSecurityConfiguration] is not eligible for getting processed by all BeanPostProcessors (for example: not eligible for auto-proxying)
2020-04-07 15:17:15,610 INFO org.springframework.context.support.PostProcessorRegistrationDelegate$BeanPostProcessorChecker [main] Bean 'methodSecurityMetadataSource' of type [org.springframework.security.access.method.DelegatingMethodSecurityMetadataSource] is not eligible for getting processed by all BeanPostProcessors (for example: not eligible for auto-proxying)
2020-04-07 15:17:16,617 INFO org.springframework.boot.web.embedded.tomcat.TomcatWebServer [main] Tomcat initialized with port(s): 8080 (http)
2020-04-07 15:17:16,663 INFO org.apache.juli.logging.DirectJDKLog [main] Initializing ProtocolHandler ["http-nio-8080"]
2020-04-07 15:17:16,665 INFO org.apache.juli.logging.DirectJDKLog [main] Starting service [Tomcat]
2020-04-07 15:17:16,667 INFO org.apache.juli.logging.DirectJDKLog [main] Starting Servlet engine: [Apache Tomcat/9.0.33]
2020-04-07 15:17:17,124 INFO org.apache.juli.logging.DirectJDKLog [main] Initializing Spring embedded WebApplicationContext
2020-04-07 15:17:17,124 DEBUG org.springframework.boot.web.servlet.context.ServletWebServerApplicationContext [main] Published root WebApplicationContext as ServletContext attribute with name [org.springframework.web.context.WebApplicationContext.ROOT]
2020-04-07 15:17:17,125 INFO org.springframework.boot.web.servlet.context.ServletWebServerApplicationContext [main] Root WebApplicationContext: initialization completed in 8416 ms
2020-04-07 15:17:18,351 INFO CacheConfig [main] Initializing cache.
2020-04-07 15:17:18,679 INFO org.hibernate.jpa.internal.util.LogHelper [main] HHH000204: Processing PersistenceUnitInfo [name: default]
2020-04-07 15:17:19,104 INFO org.hibernate.Version [main] HHH000412: Hibernate ORM core version 5.4.12.Final
2020-04-07 15:17:19,702 INFO org.hibernate.annotations.common.reflection.java.JavaReflectionManager [main] HCANN000001: Hibernate Commons Annotations {5.1.0.Final}
2020-04-07 15:17:20,174 INFO com.zaxxer.hikari.HikariDataSource [main] HikariPool-1 - Starting...
2020-04-07 15:17:20,561 INFO com.zaxxer.hikari.HikariDataSource [main] HikariPool-1 - Start completed.
2020-04-07 15:17:20,637 INFO org.hibernate.dialect.Dialect [main] HHH000400: Using dialect: org.hibernate.dialect.PostgreSQL10Dialect
2020-04-07 15:17:24,386 INFO org.hibernate.engine.transaction.jta.platform.internal.JtaPlatformInitiator [main] HHH000490: Using JtaPlatform implementation: [org.hibernate.engine.transaction.jta.platform.internal.NoJtaPlatform]
2020-04-07 15:17:24,817 INFO org.springframework.orm.jpa.AbstractEntityManagerFactoryBean [main] Initialized JPA EntityManagerFactory for persistence unit 'default'
2020-04-07 15:17:26,780 DEBUG org.springframework.web.filter.GenericFilterBean [main] Filter 'jwtFilter' configured for use
2020-04-07 15:17:26,928 WARN org.springframework.boot.autoconfigure.orm.jpa.JpaBaseConfiguration$JpaWebConfiguration [main] spring.jpa.open-in-view is enabled by default. Therefore, database queries may be performed during view rendering. Explicitly configure spring.jpa.open-in-view to disable this warning
2020-04-07 15:17:27,049 WARN org.springframework.context.support.AbstractApplicationContext [main] Exception encountered during context initialization - cancelling refresh attempt: org.springframework.beans.factory.UnsatisfiedDependencyException: Error creating bean with name 'OAuth2Config': Unsatisfied dependency expressed through field 'passwordEncoder'; nested exception is org.springframework.beans.factory.NoUniqueBeanDefinitionException: No qualifying bean of type 'org.springframework.security.crypto.password.PasswordEncoder' available: expected single matching bean but found 2: getPasswordEncoder,encoder
2020-04-07 15:17:27,052 INFO org.springframework.orm.jpa.AbstractEntityManagerFactoryBean [main] Closing JPA EntityManagerFactory for persistence unit 'default'
2020-04-07 15:17:27,069 INFO com.zaxxer.hikari.HikariDataSource [main] HikariPool-1 - Shutdown initiated...
2020-04-07 15:17:27,139 INFO com.zaxxer.hikari.HikariDataSource [main] HikariPool-1 - Shutdown completed.
2020-04-07 15:17:27,173 INFO org.apache.juli.logging.DirectJDKLog [main] Stopping service [Tomcat]
2020-04-07 15:17:27,243 INFO org.springframework.boot.autoconfigure.logging.ConditionEvaluationReportLoggingListener [main] 

Error starting ApplicationContext. To display the conditions report re-run your application with 'debug' enabled.
2020-04-07 15:17:27,259 ERROR org.springframework.boot.diagnostics.LoggingFailureAnalysisReporter [main] 

***************************
APPLICATION FAILED TO START
***************************

Description:

Field passwordEncoder in com.tcs.reemployment.config.OAuth2Config required a single bean, but 2 were found:
	- getPasswordEncoder: defined by method 'getPasswordEncoder' in class path resource [com/tcs/reemployment/config/SecurityConfiguration.class]
	- encoder: defined by method 'encoder' in class path resource [com/tcs/reemployment/config/WebSecurityConfig.class]


Action:

Consider marking one of the beans as @Primary, updating the consumer to accept multiple beans, or using @Qualifier to identify the bean that should be consumed

2020-04-07 15:19:38,641 INFO org.springframework.boot.SpringApplication [main] No active profile set, falling back to default profiles: default
2020-04-07 15:19:40,748 INFO org.springframework.data.repository.config.RepositoryConfigurationDelegate [main] Bootstrapping Spring Data JPA repositories in DEFAULT mode.
2020-04-07 15:19:41,034 INFO org.springframework.data.repository.config.RepositoryConfigurationDelegate [main] Finished Spring Data repository scanning in 253ms. Found 3 JPA repository interfaces.
2020-04-07 15:19:42,758 INFO org.springframework.cloud.context.scope.GenericScope [main] BeanFactory id=c0959ad6-bdda-3f2f-a4d9-c690ebf87906
2020-04-07 15:19:43,743 INFO org.springframework.context.support.PostProcessorRegistrationDelegate$BeanPostProcessorChecker [main] Bean 'org.springframework.security.config.annotation.configuration.ObjectPostProcessorConfiguration' of type [org.springframework.security.config.annotation.configuration.ObjectPostProcessorConfiguration] is not eligible for getting processed by all BeanPostProcessors (for example: not eligible for auto-proxying)
2020-04-07 15:19:43,766 INFO org.springframework.context.support.PostProcessorRegistrationDelegate$BeanPostProcessorChecker [main] Bean 'objectPostProcessor' of type [org.springframework.security.config.annotation.configuration.AutowireBeanFactoryObjectPostProcessor] is not eligible for getting processed by all BeanPostProcessors (for example: not eligible for auto-proxying)
2020-04-07 15:19:43,778 INFO org.springframework.context.support.PostProcessorRegistrationDelegate$BeanPostProcessorChecker [main] Bean 'org.springframework.security.access.expression.method.DefaultMethodSecurityExpressionHandler@510689af' of type [org.springframework.security.oauth2.provider.expression.OAuth2MethodSecurityExpressionHandler] is not eligible for getting processed by all BeanPostProcessors (for example: not eligible for auto-proxying)
2020-04-07 15:19:43,787 INFO org.springframework.context.support.PostProcessorRegistrationDelegate$BeanPostProcessorChecker [main] Bean 'org.springframework.security.config.annotation.method.configuration.GlobalMethodSecurityConfiguration' of type [org.springframework.security.config.annotation.method.configuration.GlobalMethodSecurityConfiguration] is not eligible for getting processed by all BeanPostProcessors (for example: not eligible for auto-proxying)
2020-04-07 15:19:43,798 INFO org.springframework.context.support.PostProcessorRegistrationDelegate$BeanPostProcessorChecker [main] Bean 'methodSecurityMetadataSource' of type [org.springframework.security.access.method.DelegatingMethodSecurityMetadataSource] is not eligible for getting processed by all BeanPostProcessors (for example: not eligible for auto-proxying)
2020-04-07 15:19:44,696 INFO org.springframework.boot.web.embedded.tomcat.TomcatWebServer [main] Tomcat initialized with port(s): 8080 (http)
2020-04-07 15:19:44,728 INFO org.apache.juli.logging.DirectJDKLog [main] Initializing ProtocolHandler ["http-nio-8080"]
2020-04-07 15:19:44,733 INFO org.apache.juli.logging.DirectJDKLog [main] Starting service [Tomcat]
2020-04-07 15:19:44,735 INFO org.apache.juli.logging.DirectJDKLog [main] Starting Servlet engine: [Apache Tomcat/9.0.33]
2020-04-07 15:19:45,155 INFO org.apache.juli.logging.DirectJDKLog [main] Initializing Spring embedded WebApplicationContext
2020-04-07 15:19:45,157 DEBUG org.springframework.boot.web.servlet.context.ServletWebServerApplicationContext [main] Published root WebApplicationContext as ServletContext attribute with name [org.springframework.web.context.WebApplicationContext.ROOT]
2020-04-07 15:19:45,159 INFO org.springframework.boot.web.servlet.context.ServletWebServerApplicationContext [main] Root WebApplicationContext: initialization completed in 6407 ms
2020-04-07 15:19:46,089 INFO CacheConfig [main] Initializing cache.
2020-04-07 15:19:46,334 INFO org.hibernate.jpa.internal.util.LogHelper [main] HHH000204: Processing PersistenceUnitInfo [name: default]
2020-04-07 15:19:46,699 INFO org.hibernate.Version [main] HHH000412: Hibernate ORM core version 5.4.12.Final
2020-04-07 15:19:47,271 INFO org.hibernate.annotations.common.reflection.java.JavaReflectionManager [main] HCANN000001: Hibernate Commons Annotations {5.1.0.Final}
2020-04-07 15:19:47,686 INFO com.zaxxer.hikari.HikariDataSource [main] HikariPool-1 - Starting...
2020-04-07 15:19:48,040 INFO com.zaxxer.hikari.HikariDataSource [main] HikariPool-1 - Start completed.
2020-04-07 15:19:48,116 INFO org.hibernate.dialect.Dialect [main] HHH000400: Using dialect: org.hibernate.dialect.PostgreSQL10Dialect
2020-04-07 15:19:51,343 INFO org.hibernate.engine.transaction.jta.platform.internal.JtaPlatformInitiator [main] HHH000490: Using JtaPlatform implementation: [org.hibernate.engine.transaction.jta.platform.internal.NoJtaPlatform]
2020-04-07 15:19:51,715 INFO org.springframework.orm.jpa.AbstractEntityManagerFactoryBean [main] Initialized JPA EntityManagerFactory for persistence unit 'default'
2020-04-07 15:19:53,309 DEBUG org.springframework.web.filter.GenericFilterBean [main] Filter 'jwtFilter' configured for use
2020-04-07 15:19:53,482 WARN org.springframework.boot.autoconfigure.orm.jpa.JpaBaseConfiguration$JpaWebConfiguration [main] spring.jpa.open-in-view is enabled by default. Therefore, database queries may be performed during view rendering. Explicitly configure spring.jpa.open-in-view to disable this warning
2020-04-07 15:20:09,542 INFO org.springframework.security.web.DefaultSecurityFilterChain [main] Creating filter chain: Ant [pattern='/**', OPTIONS], []
2020-04-07 15:20:09,545 INFO org.springframework.security.web.DefaultSecurityFilterChain [main] Creating filter chain: Ant [pattern='/css/**'], []
2020-04-07 15:20:09,546 INFO org.springframework.security.web.DefaultSecurityFilterChain [main] Creating filter chain: Ant [pattern='/favicon.ico'], []
2020-04-07 15:20:09,547 INFO org.springframework.security.web.DefaultSecurityFilterChain [main] Creating filter chain: Ant [pattern='/js/**'], []
2020-04-07 15:20:09,547 INFO org.springframework.security.web.DefaultSecurityFilterChain [main] Creating filter chain: Ant [pattern='/img/**'], []
2020-04-07 15:20:09,548 INFO org.springframework.security.web.DefaultSecurityFilterChain [main] Creating filter chain: Ant [pattern='/fonts/**'], []
2020-04-07 15:20:09,870 INFO org.springframework.security.web.DefaultSecurityFilterChain [main] Creating filter chain: OrRequestMatcher [requestMatchers=[Ant [pattern='/oauth/token'], Ant [pattern='/oauth/token_key'], Ant [pattern='/oauth/check_token']]], [org.springframework.security.web.context.request.async.WebAsyncManagerIntegrationFilter@c925ae1, org.springframework.security.web.context.SecurityContextPersistenceFilter@367e0b0e, org.springframework.security.web.header.HeaderWriterFilter@1106a9cc, org.springframework.security.web.authentication.logout.LogoutFilter@24090832, org.springframework.security.web.authentication.www.BasicAuthenticationFilter@566dc0c3, org.springframework.security.web.savedrequest.RequestCacheAwareFilter@2a20332b, org.springframework.security.web.servletapi.SecurityContextHolderAwareRequestFilter@461c0572, org.springframework.security.web.authentication.AnonymousAuthenticationFilter@7fb02869, org.springframework.security.web.session.SessionManagementFilter@723aa04, org.springframework.security.web.access.ExceptionTranslationFilter@79de00af, org.springframework.security.web.access.intercept.FilterSecurityInterceptor@31d64d0f]
2020-04-07 15:20:09,886 INFO org.springframework.security.web.DefaultSecurityFilterChain [main] Creating filter chain: any request, [org.springframework.security.web.context.request.async.WebAsyncManagerIntegrationFilter@1d9295e2, org.springframework.security.web.context.SecurityContextPersistenceFilter@5f59b6c5, org.springframework.security.web.header.HeaderWriterFilter@359b4846, org.springframework.security.web.authentication.logout.LogoutFilter@628f642d, JwtFilter@7da0587a, org.springframework.security.web.savedrequest.RequestCacheAwareFilter@77c41838, org.springframework.security.web.servletapi.SecurityContextHolderAwareRequestFilter@1872a7fe, org.springframework.security.web.authentication.AnonymousAuthenticationFilter@4b708c16, org.springframework.security.web.session.SessionManagementFilter@79122f5f, org.springframework.security.web.access.ExceptionTranslationFilter@535b016, org.springframework.security.web.access.intercept.FilterSecurityInterceptor@5f72aaed]
2020-04-07 15:20:09,976 INFO org.springframework.security.web.DefaultSecurityFilterChain [main] Creating filter chain: ResourceServerConfig$$Lambda$953/0x000000080096f040@788a7567, [org.springframework.security.web.context.request.async.WebAsyncManagerIntegrationFilter@62672ad5, org.springframework.security.web.context.SecurityContextPersistenceFilter@5096be74, org.springframework.security.web.header.HeaderWriterFilter@27381497, org.springframework.security.web.authentication.logout.LogoutFilter@3796ff4, org.springframework.security.oauth2.provider.authentication.OAuth2AuthenticationProcessingFilter@2c3df478, org.springframework.security.web.savedrequest.RequestCacheAwareFilter@4922dc84, org.springframework.security.web.servletapi.SecurityContextHolderAwareRequestFilter@2ed9e59b, org.springframework.security.web.authentication.AnonymousAuthenticationFilter@f5b81f4, org.springframework.security.web.session.SessionManagementFilter@282c0891, org.springframework.security.web.access.ExceptionTranslationFilter@1e40edb7, org.springframework.security.web.access.intercept.FilterSecurityInterceptor@7f88c53]
2020-04-07 15:20:10,008 INFO org.springframework.security.web.DefaultSecurityFilterChain [main] Creating filter chain: any request, [org.springframework.security.web.context.request.async.WebAsyncManagerIntegrationFilter@47541b42, org.springframework.security.web.context.SecurityContextPersistenceFilter@1e1f467f, org.springframework.security.web.header.HeaderWriterFilter@6f2e0945, org.springframework.security.web.csrf.CsrfFilter@4ad04b05, org.springframework.security.web.authentication.logout.LogoutFilter@3eed0375, org.springframework.security.web.authentication.UsernamePasswordAuthenticationFilter@3793896e, org.springframework.security.web.authentication.ui.DefaultLoginPageGeneratingFilter@16ecdb6d, org.springframework.security.web.authentication.ui.DefaultLogoutPageGeneratingFilter@17fbbf0a, org.springframework.security.web.savedrequest.RequestCacheAwareFilter@22dddb13, org.springframework.security.web.servletapi.SecurityContextHolderAwareRequestFilter@3d268a2c, org.springframework.security.web.authentication.AnonymousAuthenticationFilter@41dbf02b, org.springframework.security.web.session.SessionManagementFilter@565fa7d2, org.springframework.security.web.access.ExceptionTranslationFilter@78b888df]
2020-04-07 15:20:10,740 INFO org.springframework.scheduling.concurrent.ExecutorConfigurationSupport [main] Initializing ExecutorService 'applicationTaskExecutor'
2020-04-07 15:20:10,786 DEBUG org.springframework.web.servlet.mvc.method.annotation.RequestMappingHandlerAdapter [main] ControllerAdvice beans: 0 @ModelAttribute, 0 @InitBinder, 1 RequestBodyAdvice, 1 ResponseBodyAdvice
2020-04-07 15:20:10,975 DEBUG org.springframework.web.servlet.handler.AbstractHandlerMethodMapping [main] 12 mappings in 'requestMappingHandlerMapping'
2020-04-07 15:20:11,046 DEBUG org.springframework.web.servlet.handler.AbstractDetectingUrlHandlerMapping [main] Detected 1 mappings in 'beanNameHandlerMapping'
2020-04-07 15:20:11,125 DEBUG org.springframework.web.servlet.handler.SimpleUrlHandlerMapping [main] Patterns [/webjars/**, /**] in 'resourceHandlerMapping'
2020-04-07 15:20:11,165 DEBUG org.springframework.web.servlet.mvc.method.annotation.ExceptionHandlerExceptionResolver [main] ControllerAdvice beans: 1 @ExceptionHandler, 1 ResponseBodyAdvice
2020-04-07 15:20:11,647 INFO org.springframework.scheduling.concurrent.ExecutorConfigurationSupport [main] Initializing ExecutorService 'taskScheduler'
2020-04-07 15:20:11,872 INFO org.springframework.boot.actuate.endpoint.web.EndpointLinksResolver [main] Exposing 2 endpoint(s) beneath base path '/actuator'
2020-04-07 15:20:12,088 INFO CacheScheduler [scheduling-1] Clear user cache : START
2020-04-07 15:20:12,092 INFO CacheScheduler [scheduling-1] Clear user cache : END
2020-04-07 15:20:12,094 INFO org.apache.juli.logging.DirectJDKLog [main] Starting ProtocolHandler ["http-nio-8080"]
2020-04-07 15:20:12,434 INFO org.springframework.boot.web.embedded.tomcat.TomcatWebServer [main] Tomcat started on port(s): 8080 (http) with context path ''
2020-04-07 15:20:12,450 INFO org.springframework.boot.StartupInfoLogger [main] Started PandemicUnemploymentInsuranceApplication in 37.445 seconds (JVM running for 38.688)
2020-04-07 15:21:11,910 INFO org.apache.juli.logging.DirectJDKLog [http-nio-8080-exec-1] Initializing Spring DispatcherServlet 'dispatcherServlet'
2020-04-07 15:21:11,912 INFO org.springframework.web.servlet.FrameworkServlet [http-nio-8080-exec-1] Initializing Servlet 'dispatcherServlet'
2020-04-07 15:21:11,913 DEBUG org.springframework.web.servlet.DispatcherServlet [http-nio-8080-exec-1] Detected StandardServletMultipartResolver
2020-04-07 15:21:11,946 DEBUG org.springframework.web.servlet.FrameworkServlet [http-nio-8080-exec-1] enableLoggingRequestDetails='false': request parameters and headers will be masked to prevent unsafe logging of potentially sensitive data
2020-04-07 15:21:11,947 INFO org.springframework.web.servlet.FrameworkServlet [http-nio-8080-exec-1] Completed initialization in 34 ms
2020-04-07 15:21:12,041 DEBUG org.springframework.core.log.LogFormatUtils [http-nio-8080-exec-1] POST "/auth", parameters={}
2020-04-07 15:21:12,052 DEBUG org.springframework.web.servlet.handler.AbstractHandlerMapping [http-nio-8080-exec-1] Mapped to AuthController#authenticate(AuthRequest)
2020-04-07 15:21:12,715 DEBUG org.springframework.core.log.LogFormatUtils [http-nio-8080-exec-1] Read "application/json;charset=UTF-8" to [AuthRequest@2ccbc764]
2020-04-07 15:21:46,030 INFO CustomUserDetailsService [http-nio-8080-exec-1] Granted Authorities --> ROLE_ADMN
2020-04-07 15:21:51,854 INFO CustomUserDetailsService [http-nio-8080-exec-1] Granted Authorities --> ROLE_ADMN
2020-04-07 15:21:53,239 DEBUG org.springframework.web.servlet.mvc.method.annotation.AbstractMessageConverterMethodProcessor [http-nio-8080-exec-1] Using 'application/json', given [*/*] and supported [application/json, application/*+json, application/json, application/*+json]
2020-04-07 15:21:53,243 DEBUG org.springframework.core.log.LogFormatUtils [http-nio-8080-exec-1] Writing [AuthResponse@23c359f0]
2020-04-07 15:21:53,337 DEBUG org.springframework.web.servlet.FrameworkServlet [http-nio-8080-exec-1] Completed 200 OK
2020-04-07 15:23:55,672 DEBUG org.springframework.core.log.LogFormatUtils [http-nio-8080-exec-3] POST "/auth", parameters={}
2020-04-07 15:23:55,688 DEBUG org.springframework.web.servlet.handler.AbstractHandlerMapping [http-nio-8080-exec-3] Mapped to AuthController#authenticate(AuthRequest)
2020-04-07 15:23:55,706 DEBUG org.springframework.core.log.LogFormatUtils [http-nio-8080-exec-3] Read "application/json;charset=UTF-8" to [AuthRequest@7f686fca]
2020-04-07 15:24:03,694 INFO CustomUserDetailsService [http-nio-8080-exec-3] Granted Authorities --> ROLE_ADMN
2020-04-07 15:24:17,473 INFO CustomUserDetailsService [http-nio-8080-exec-3] Granted Authorities --> ROLE_ADMN
2020-04-07 15:24:17,483 DEBUG org.springframework.web.servlet.mvc.method.annotation.AbstractMessageConverterMethodProcessor [http-nio-8080-exec-3] Using 'application/json', given [*/*] and supported [application/json, application/*+json, application/json, application/*+json]
2020-04-07 15:24:17,496 DEBUG org.springframework.core.log.LogFormatUtils [http-nio-8080-exec-3] Writing [AuthResponse@3092946c]
2020-04-07 15:24:17,509 DEBUG org.springframework.web.servlet.FrameworkServlet [http-nio-8080-exec-3] Completed 200 OK
2020-04-07 15:30:12,102 INFO CacheScheduler [scheduling-1] Clear user cache : START
2020-04-07 15:30:12,118 INFO CacheScheduler [scheduling-1] Clear user cache : END
2020-04-07 15:40:12,137 INFO CacheScheduler [scheduling-1] Clear user cache : START
2020-04-07 15:40:12,148 INFO CacheScheduler [scheduling-1] Clear user cache : END
2020-04-07 15:41:14,765 INFO org.springframework.boot.SpringApplication [main] No active profile set, falling back to default profiles: default
2020-04-07 15:41:18,163 INFO org.springframework.data.repository.config.RepositoryConfigurationDelegate [main] Bootstrapping Spring Data JPA repositories in DEFAULT mode.
2020-04-07 15:41:18,537 INFO org.springframework.data.repository.config.RepositoryConfigurationDelegate [main] Finished Spring Data repository scanning in 342ms. Found 3 JPA repository interfaces.
2020-04-07 15:41:21,086 INFO org.springframework.cloud.context.scope.GenericScope [main] BeanFactory id=c5709eae-2322-374f-99ae-b16f85928662
2020-04-07 15:41:22,470 INFO org.springframework.context.support.PostProcessorRegistrationDelegate$BeanPostProcessorChecker [main] Bean 'org.springframework.security.config.annotation.configuration.ObjectPostProcessorConfiguration' of type [org.springframework.security.config.annotation.configuration.ObjectPostProcessorConfiguration] is not eligible for getting processed by all BeanPostProcessors (for example: not eligible for auto-proxying)
2020-04-07 15:41:22,496 INFO org.springframework.context.support.PostProcessorRegistrationDelegate$BeanPostProcessorChecker [main] Bean 'objectPostProcessor' of type [org.springframework.security.config.annotation.configuration.AutowireBeanFactoryObjectPostProcessor] is not eligible for getting processed by all BeanPostProcessors (for example: not eligible for auto-proxying)
2020-04-07 15:41:22,508 INFO org.springframework.context.support.PostProcessorRegistrationDelegate$BeanPostProcessorChecker [main] Bean 'org.springframework.security.access.expression.method.DefaultMethodSecurityExpressionHandler@1c297897' of type [org.springframework.security.oauth2.provider.expression.OAuth2MethodSecurityExpressionHandler] is not eligible for getting processed by all BeanPostProcessors (for example: not eligible for auto-proxying)
2020-04-07 15:41:22,519 INFO org.springframework.context.support.PostProcessorRegistrationDelegate$BeanPostProcessorChecker [main] Bean 'org.springframework.security.config.annotation.method.configuration.GlobalMethodSecurityConfiguration' of type [org.springframework.security.config.annotation.method.configuration.GlobalMethodSecurityConfiguration] is not eligible for getting processed by all BeanPostProcessors (for example: not eligible for auto-proxying)
2020-04-07 15:41:22,550 INFO org.springframework.context.support.PostProcessorRegistrationDelegate$BeanPostProcessorChecker [main] Bean 'methodSecurityMetadataSource' of type [org.springframework.security.access.method.DelegatingMethodSecurityMetadataSource] is not eligible for getting processed by all BeanPostProcessors (for example: not eligible for auto-proxying)
2020-04-07 15:41:23,925 INFO org.springframework.boot.web.embedded.tomcat.TomcatWebServer [main] Tomcat initialized with port(s): 8080 (http)
2020-04-07 15:41:23,996 INFO org.apache.juli.logging.DirectJDKLog [main] Initializing ProtocolHandler ["http-nio-8080"]
2020-04-07 15:41:23,998 INFO org.apache.juli.logging.DirectJDKLog [main] Starting service [Tomcat]
2020-04-07 15:41:23,999 INFO org.apache.juli.logging.DirectJDKLog [main] Starting Servlet engine: [Apache Tomcat/9.0.33]
2020-04-07 15:41:24,501 INFO org.apache.juli.logging.DirectJDKLog [main] Initializing Spring embedded WebApplicationContext
2020-04-07 15:41:24,503 DEBUG org.springframework.boot.web.servlet.context.ServletWebServerApplicationContext [main] Published root WebApplicationContext as ServletContext attribute with name [org.springframework.web.context.WebApplicationContext.ROOT]
2020-04-07 15:41:24,504 INFO org.springframework.boot.web.servlet.context.ServletWebServerApplicationContext [main] Root WebApplicationContext: initialization completed in 9428 ms
2020-04-07 15:41:26,105 INFO CacheConfig [main] Initializing cache.
2020-04-07 15:41:26,924 INFO org.hibernate.jpa.internal.util.LogHelper [main] HHH000204: Processing PersistenceUnitInfo [name: default]
2020-04-07 15:41:27,477 INFO org.hibernate.Version [main] HHH000412: Hibernate ORM core version 5.4.12.Final
2020-04-07 15:41:28,190 INFO org.hibernate.annotations.common.reflection.java.JavaReflectionManager [main] HCANN000001: Hibernate Commons Annotations {5.1.0.Final}
2020-04-07 15:41:28,762 INFO com.zaxxer.hikari.HikariDataSource [main] HikariPool-1 - Starting...
2020-04-07 15:41:29,430 INFO com.zaxxer.hikari.HikariDataSource [main] HikariPool-1 - Start completed.
2020-04-07 15:41:29,522 INFO org.hibernate.dialect.Dialect [main] HHH000400: Using dialect: org.hibernate.dialect.PostgreSQL10Dialect
2020-04-07 15:41:33,989 INFO org.hibernate.engine.transaction.jta.platform.internal.JtaPlatformInitiator [main] HHH000490: Using JtaPlatform implementation: [org.hibernate.engine.transaction.jta.platform.internal.NoJtaPlatform]
2020-04-07 15:41:34,589 INFO org.springframework.orm.jpa.AbstractEntityManagerFactoryBean [main] Initialized JPA EntityManagerFactory for persistence unit 'default'
2020-04-07 15:41:37,039 DEBUG org.springframework.web.filter.GenericFilterBean [main] Filter 'jwtFilter' configured for use
2020-04-07 15:41:37,355 WARN org.springframework.boot.autoconfigure.orm.jpa.JpaBaseConfiguration$JpaWebConfiguration [main] spring.jpa.open-in-view is enabled by default. Therefore, database queries may be performed during view rendering. Explicitly configure spring.jpa.open-in-view to disable this warning
2020-04-07 15:46:23,473 INFO org.springframework.boot.SpringApplication [main] No active profile set, falling back to default profiles: default
2020-04-07 15:46:26,406 INFO org.springframework.data.repository.config.RepositoryConfigurationDelegate [main] Bootstrapping Spring Data JPA repositories in DEFAULT mode.
2020-04-07 15:46:26,764 INFO org.springframework.data.repository.config.RepositoryConfigurationDelegate [main] Finished Spring Data repository scanning in 324ms. Found 3 JPA repository interfaces.
2020-04-07 15:46:29,313 INFO org.springframework.cloud.context.scope.GenericScope [main] BeanFactory id=c5709eae-2322-374f-99ae-b16f85928662
2020-04-07 15:46:30,362 INFO org.springframework.context.support.PostProcessorRegistrationDelegate$BeanPostProcessorChecker [main] Bean 'org.springframework.security.config.annotation.configuration.ObjectPostProcessorConfiguration' of type [org.springframework.security.config.annotation.configuration.ObjectPostProcessorConfiguration] is not eligible for getting processed by all BeanPostProcessors (for example: not eligible for auto-proxying)
2020-04-07 15:46:30,392 INFO org.springframework.context.support.PostProcessorRegistrationDelegate$BeanPostProcessorChecker [main] Bean 'objectPostProcessor' of type [org.springframework.security.config.annotation.configuration.AutowireBeanFactoryObjectPostProcessor] is not eligible for getting processed by all BeanPostProcessors (for example: not eligible for auto-proxying)
2020-04-07 15:46:30,403 INFO org.springframework.context.support.PostProcessorRegistrationDelegate$BeanPostProcessorChecker [main] Bean 'org.springframework.security.access.expression.method.DefaultMethodSecurityExpressionHandler@1c297897' of type [org.springframework.security.oauth2.provider.expression.OAuth2MethodSecurityExpressionHandler] is not eligible for getting processed by all BeanPostProcessors (for example: not eligible for auto-proxying)
2020-04-07 15:46:30,414 INFO org.springframework.context.support.PostProcessorRegistrationDelegate$BeanPostProcessorChecker [main] Bean 'org.springframework.security.config.annotation.method.configuration.GlobalMethodSecurityConfiguration' of type [org.springframework.security.config.annotation.method.configuration.GlobalMethodSecurityConfiguration] is not eligible for getting processed by all BeanPostProcessors (for example: not eligible for auto-proxying)
2020-04-07 15:46:30,438 INFO org.springframework.context.support.PostProcessorRegistrationDelegate$BeanPostProcessorChecker [main] Bean 'methodSecurityMetadataSource' of type [org.springframework.security.access.method.DelegatingMethodSecurityMetadataSource] is not eligible for getting processed by all BeanPostProcessors (for example: not eligible for auto-proxying)
2020-04-07 15:46:31,928 INFO org.springframework.boot.web.embedded.tomcat.TomcatWebServer [main] Tomcat initialized with port(s): 8080 (http)
2020-04-07 15:46:31,972 INFO org.apache.juli.logging.DirectJDKLog [main] Initializing ProtocolHandler ["http-nio-8080"]
2020-04-07 15:46:31,975 INFO org.apache.juli.logging.DirectJDKLog [main] Starting service [Tomcat]
2020-04-07 15:46:31,977 INFO org.apache.juli.logging.DirectJDKLog [main] Starting Servlet engine: [Apache Tomcat/9.0.33]
2020-04-07 15:46:32,452 INFO org.apache.juli.logging.DirectJDKLog [main] Initializing Spring embedded WebApplicationContext
2020-04-07 15:46:32,457 DEBUG org.springframework.boot.web.servlet.context.ServletWebServerApplicationContext [main] Published root WebApplicationContext as ServletContext attribute with name [org.springframework.web.context.WebApplicationContext.ROOT]
2020-04-07 15:46:32,458 INFO org.springframework.boot.web.servlet.context.ServletWebServerApplicationContext [main] Root WebApplicationContext: initialization completed in 8810 ms
2020-04-07 15:46:34,035 INFO CacheConfig [main] Initializing cache.
2020-04-07 15:46:34,384 INFO org.hibernate.jpa.internal.util.LogHelper [main] HHH000204: Processing PersistenceUnitInfo [name: default]
2020-04-07 15:46:34,785 INFO org.hibernate.Version [main] HHH000412: Hibernate ORM core version 5.4.12.Final
2020-04-07 15:46:35,448 INFO org.hibernate.annotations.common.reflection.java.JavaReflectionManager [main] HCANN000001: Hibernate Commons Annotations {5.1.0.Final}
2020-04-07 15:46:36,020 INFO com.zaxxer.hikari.HikariDataSource [main] HikariPool-1 - Starting...
2020-04-07 15:46:36,498 INFO com.zaxxer.hikari.HikariDataSource [main] HikariPool-1 - Start completed.
2020-04-07 15:46:36,582 INFO org.hibernate.dialect.Dialect [main] HHH000400: Using dialect: org.hibernate.dialect.PostgreSQL10Dialect
2020-04-07 15:46:41,221 INFO org.hibernate.engine.transaction.jta.platform.internal.JtaPlatformInitiator [main] HHH000490: Using JtaPlatform implementation: [org.hibernate.engine.transaction.jta.platform.internal.NoJtaPlatform]
2020-04-07 15:46:41,773 INFO org.springframework.orm.jpa.AbstractEntityManagerFactoryBean [main] Initialized JPA EntityManagerFactory for persistence unit 'default'
2020-04-07 15:46:44,464 DEBUG org.springframework.web.filter.GenericFilterBean [main] Filter 'jwtFilter' configured for use
2020-04-07 15:46:44,633 WARN org.springframework.boot.autoconfigure.orm.jpa.JpaBaseConfiguration$JpaWebConfiguration [main] spring.jpa.open-in-view is enabled by default. Therefore, database queries may be performed during view rendering. Explicitly configure spring.jpa.open-in-view to disable this warning
2020-04-07 15:47:05,737 INFO org.springframework.security.web.DefaultSecurityFilterChain [main] Creating filter chain: Ant [pattern='/**', OPTIONS], []
2020-04-07 15:47:05,741 INFO org.springframework.security.web.DefaultSecurityFilterChain [main] Creating filter chain: Ant [pattern='/css/**'], []
2020-04-07 15:47:05,743 INFO org.springframework.security.web.DefaultSecurityFilterChain [main] Creating filter chain: Ant [pattern='/favicon.ico'], []
2020-04-07 15:47:05,745 INFO org.springframework.security.web.DefaultSecurityFilterChain [main] Creating filter chain: Ant [pattern='/js/**'], []
2020-04-07 15:47:05,746 INFO org.springframework.security.web.DefaultSecurityFilterChain [main] Creating filter chain: Ant [pattern='/img/**'], []
2020-04-07 15:47:05,748 INFO org.springframework.security.web.DefaultSecurityFilterChain [main] Creating filter chain: Ant [pattern='/fonts/**'], []
2020-04-07 15:47:06,013 INFO org.springframework.security.web.DefaultSecurityFilterChain [main] Creating filter chain: OrRequestMatcher [requestMatchers=[Ant [pattern='/oauth/token'], Ant [pattern='/oauth/token_key'], Ant [pattern='/oauth/check_token']]], [org.springframework.security.web.context.request.async.WebAsyncManagerIntegrationFilter@6f2e0945, org.springframework.security.web.context.SecurityContextPersistenceFilter@7f514dfe, org.springframework.security.web.header.HeaderWriterFilter@31d64d0f, org.springframework.security.web.authentication.logout.LogoutFilter@4cce421e, org.springframework.security.web.authentication.www.BasicAuthenticationFilter@78b888df, org.springframework.security.web.savedrequest.RequestCacheAwareFilter@3f33c5e4, org.springframework.security.web.servletapi.SecurityContextHolderAwareRequestFilter@31fc1b6e, org.springframework.security.web.authentication.AnonymousAuthenticationFilter@565fa7d2, org.springframework.security.web.session.SessionManagementFilter@47fb30ca, org.springframework.security.web.access.ExceptionTranslationFilter@8947a4b, org.springframework.security.web.access.intercept.FilterSecurityInterceptor@6f65b61d]
2020-04-07 15:47:06,038 INFO org.springframework.security.web.DefaultSecurityFilterChain [main] Creating filter chain: any request, [org.springframework.security.web.context.request.async.WebAsyncManagerIntegrationFilter@19e67cc2, org.springframework.security.web.context.SecurityContextPersistenceFilter@4708acc6, org.springframework.security.web.header.HeaderWriterFilter@6a28d987, org.springframework.security.web.authentication.logout.LogoutFilter@70a26eca, JwtFilter@55f4ec04, org.springframework.security.web.savedrequest.RequestCacheAwareFilter@59cc46a4, org.springframework.security.web.servletapi.SecurityContextHolderAwareRequestFilter@750448fb, org.springframework.security.web.authentication.AnonymousAuthenticationFilter@62525579, org.springframework.security.web.session.SessionManagementFilter@d41518b, org.springframework.security.web.access.ExceptionTranslationFilter@41dbf02b, org.springframework.security.web.access.intercept.FilterSecurityInterceptor@5fb392e]
2020-04-07 15:47:06,097 INFO org.springframework.security.web.DefaultSecurityFilterChain [main] Creating filter chain: ResourceServerConfig$$Lambda$951/0x00000008009af840@56d189d0, [org.springframework.security.web.context.request.async.WebAsyncManagerIntegrationFilter@14941b06, org.springframework.security.web.context.SecurityContextPersistenceFilter@2a8eed58, org.springframework.security.web.header.HeaderWriterFilter@7aac6d13, org.springframework.security.web.authentication.logout.LogoutFilter@2801ccb3, org.springframework.security.oauth2.provider.authentication.OAuth2AuthenticationProcessingFilter@7421213d, org.springframework.security.web.savedrequest.RequestCacheAwareFilter@352bea0e, org.springframework.security.web.servletapi.SecurityContextHolderAwareRequestFilter@2cf6dd4d, org.springframework.security.web.authentication.AnonymousAuthenticationFilter@7d776105, org.springframework.security.web.session.SessionManagementFilter@7e34e466, org.springframework.security.web.access.ExceptionTranslationFilter@45bb502f, org.springframework.security.web.access.intercept.FilterSecurityInterceptor@7f088b5c]
2020-04-07 15:47:06,134 INFO org.springframework.security.web.DefaultSecurityFilterChain [main] Creating filter chain: any request, [org.springframework.security.web.context.request.async.WebAsyncManagerIntegrationFilter@4c219c84, org.springframework.security.web.context.SecurityContextPersistenceFilter@331fe6d4, org.springframework.security.web.header.HeaderWriterFilter@47bcd95a, org.springframework.security.web.csrf.CsrfFilter@4c2812aa, org.springframework.security.web.authentication.logout.LogoutFilter@3b6098fd, org.springframework.security.web.authentication.UsernamePasswordAuthenticationFilter@4ce5013a, org.springframework.security.web.authentication.ui.DefaultLoginPageGeneratingFilter@1a4340f2, org.springframework.security.web.authentication.ui.DefaultLogoutPageGeneratingFilter@2b01be54, org.springframework.security.web.savedrequest.RequestCacheAwareFilter@74832504, org.springframework.security.web.servletapi.SecurityContextHolderAwareRequestFilter@555454c7, org.springframework.security.web.authentication.AnonymousAuthenticationFilter@14997cb9, org.springframework.security.web.session.SessionManagementFilter@3fae1ec9, org.springframework.security.web.access.ExceptionTranslationFilter@346e76ad]
2020-04-07 15:47:06,865 INFO org.springframework.scheduling.concurrent.ExecutorConfigurationSupport [main] Initializing ExecutorService 'applicationTaskExecutor'
2020-04-07 15:47:06,919 DEBUG org.springframework.web.servlet.mvc.method.annotation.RequestMappingHandlerAdapter [main] ControllerAdvice beans: 0 @ModelAttribute, 0 @InitBinder, 1 RequestBodyAdvice, 1 ResponseBodyAdvice
2020-04-07 15:47:07,089 DEBUG org.springframework.web.servlet.handler.AbstractHandlerMethodMapping [main] 12 mappings in 'requestMappingHandlerMapping'
2020-04-07 15:47:07,151 DEBUG org.springframework.web.servlet.handler.AbstractDetectingUrlHandlerMapping [main] Detected 1 mappings in 'beanNameHandlerMapping'
2020-04-07 15:47:07,236 DEBUG org.springframework.web.servlet.handler.SimpleUrlHandlerMapping [main] Patterns [/webjars/**, /**] in 'resourceHandlerMapping'
2020-04-07 15:47:07,285 DEBUG org.springframework.web.servlet.mvc.method.annotation.ExceptionHandlerExceptionResolver [main] ControllerAdvice beans: 1 @ExceptionHandler, 1 ResponseBodyAdvice
2020-04-07 15:47:08,128 INFO org.springframework.scheduling.concurrent.ExecutorConfigurationSupport [main] Initializing ExecutorService 'taskScheduler'
2020-04-07 15:47:08,299 INFO org.springframework.boot.actuate.endpoint.web.EndpointLinksResolver [main] Exposing 2 endpoint(s) beneath base path '/actuator'
2020-04-07 15:47:08,506 INFO CacheScheduler [scheduling-1] Clear user cache : START
2020-04-07 15:47:08,507 INFO CacheScheduler [scheduling-1] Clear user cache : END
2020-04-07 15:47:08,509 INFO org.apache.juli.logging.DirectJDKLog [main] Starting ProtocolHandler ["http-nio-8080"]
2020-04-07 15:47:08,656 INFO org.springframework.boot.web.embedded.tomcat.TomcatWebServer [main] Tomcat started on port(s): 8080 (http) with context path ''
2020-04-07 15:47:08,669 INFO org.springframework.boot.StartupInfoLogger [main] Started PandemicUnemploymentInsuranceApplication in 51.102 seconds (JVM running for 53.246)
2020-04-07 15:47:15,667 INFO org.apache.juli.logging.DirectJDKLog [http-nio-8080-exec-1] Initializing Spring DispatcherServlet 'dispatcherServlet'
2020-04-07 15:47:15,675 INFO org.springframework.web.servlet.FrameworkServlet [http-nio-8080-exec-1] Initializing Servlet 'dispatcherServlet'
2020-04-07 15:47:15,680 DEBUG org.springframework.web.servlet.DispatcherServlet [http-nio-8080-exec-1] Detected StandardServletMultipartResolver
2020-04-07 15:47:15,771 DEBUG org.springframework.web.servlet.FrameworkServlet [http-nio-8080-exec-1] enableLoggingRequestDetails='false': request parameters and headers will be masked to prevent unsafe logging of potentially sensitive data
2020-04-07 15:47:15,775 INFO org.springframework.web.servlet.FrameworkServlet [http-nio-8080-exec-1] Completed initialization in 95 ms
2020-04-07 15:49:37,261 INFO org.springframework.boot.SpringApplication [main] No active profile set, falling back to default profiles: default
2020-04-07 15:49:39,490 INFO org.springframework.data.repository.config.RepositoryConfigurationDelegate [main] Bootstrapping Spring Data JPA repositories in DEFAULT mode.
2020-04-07 15:49:39,720 INFO org.springframework.data.repository.config.RepositoryConfigurationDelegate [main] Finished Spring Data repository scanning in 201ms. Found 3 JPA repository interfaces.
2020-04-07 15:49:41,622 INFO org.springframework.cloud.context.scope.GenericScope [main] BeanFactory id=c5709eae-2322-374f-99ae-b16f85928662
2020-04-07 15:49:42,609 INFO org.springframework.context.support.PostProcessorRegistrationDelegate$BeanPostProcessorChecker [main] Bean 'org.springframework.security.config.annotation.configuration.ObjectPostProcessorConfiguration' of type [org.springframework.security.config.annotation.configuration.ObjectPostProcessorConfiguration] is not eligible for getting processed by all BeanPostProcessors (for example: not eligible for auto-proxying)
2020-04-07 15:49:42,630 INFO org.springframework.context.support.PostProcessorRegistrationDelegate$BeanPostProcessorChecker [main] Bean 'objectPostProcessor' of type [org.springframework.security.config.annotation.configuration.AutowireBeanFactoryObjectPostProcessor] is not eligible for getting processed by all BeanPostProcessors (for example: not eligible for auto-proxying)
2020-04-07 15:49:42,640 INFO org.springframework.context.support.PostProcessorRegistrationDelegate$BeanPostProcessorChecker [main] Bean 'org.springframework.security.access.expression.method.DefaultMethodSecurityExpressionHandler@747835f5' of type [org.springframework.security.oauth2.provider.expression.OAuth2MethodSecurityExpressionHandler] is not eligible for getting processed by all BeanPostProcessors (for example: not eligible for auto-proxying)
2020-04-07 15:49:42,647 INFO org.springframework.context.support.PostProcessorRegistrationDelegate$BeanPostProcessorChecker [main] Bean 'org.springframework.security.config.annotation.method.configuration.GlobalMethodSecurityConfiguration' of type [org.springframework.security.config.annotation.method.configuration.GlobalMethodSecurityConfiguration] is not eligible for getting processed by all BeanPostProcessors (for example: not eligible for auto-proxying)
2020-04-07 15:49:42,660 INFO org.springframework.context.support.PostProcessorRegistrationDelegate$BeanPostProcessorChecker [main] Bean 'methodSecurityMetadataSource' of type [org.springframework.security.access.method.DelegatingMethodSecurityMetadataSource] is not eligible for getting processed by all BeanPostProcessors (for example: not eligible for auto-proxying)
2020-04-07 15:49:43,993 INFO org.springframework.boot.web.embedded.tomcat.TomcatWebServer [main] Tomcat initialized with port(s): 8080 (http)
2020-04-07 15:49:44,034 INFO org.apache.juli.logging.DirectJDKLog [main] Initializing ProtocolHandler ["http-nio-8080"]
2020-04-07 15:49:44,036 INFO org.apache.juli.logging.DirectJDKLog [main] Starting service [Tomcat]
2020-04-07 15:49:44,037 INFO org.apache.juli.logging.DirectJDKLog [main] Starting Servlet engine: [Apache Tomcat/9.0.33]
2020-04-07 15:49:44,495 INFO org.apache.juli.logging.DirectJDKLog [main] Initializing Spring embedded WebApplicationContext
2020-04-07 15:49:44,496 DEBUG org.springframework.boot.web.servlet.context.ServletWebServerApplicationContext [main] Published root WebApplicationContext as ServletContext attribute with name [org.springframework.web.context.WebApplicationContext.ROOT]
2020-04-07 15:49:44,496 INFO org.springframework.boot.web.servlet.context.ServletWebServerApplicationContext [main] Root WebApplicationContext: initialization completed in 7101 ms
2020-04-07 15:49:45,588 INFO CacheConfig [main] Initializing cache.
2020-04-07 15:49:45,859 INFO org.hibernate.jpa.internal.util.LogHelper [main] HHH000204: Processing PersistenceUnitInfo [name: default]
2020-04-07 15:49:46,119 INFO org.hibernate.Version [main] HHH000412: Hibernate ORM core version 5.4.12.Final
2020-04-07 15:49:46,771 INFO org.hibernate.annotations.common.reflection.java.JavaReflectionManager [main] HCANN000001: Hibernate Commons Annotations {5.1.0.Final}
2020-04-07 15:49:47,174 INFO com.zaxxer.hikari.HikariDataSource [main] HikariPool-1 - Starting...
2020-04-07 15:49:47,477 INFO com.zaxxer.hikari.HikariDataSource [main] HikariPool-1 - Start completed.
2020-04-07 15:49:47,550 INFO org.hibernate.dialect.Dialect [main] HHH000400: Using dialect: org.hibernate.dialect.PostgreSQL10Dialect
2020-04-07 15:49:50,684 INFO org.hibernate.engine.transaction.jta.platform.internal.JtaPlatformInitiator [main] HHH000490: Using JtaPlatform implementation: [org.hibernate.engine.transaction.jta.platform.internal.NoJtaPlatform]
2020-04-07 15:49:51,071 INFO org.springframework.orm.jpa.AbstractEntityManagerFactoryBean [main] Initialized JPA EntityManagerFactory for persistence unit 'default'
2020-04-07 15:49:52,664 DEBUG org.springframework.web.filter.GenericFilterBean [main] Filter 'jwtFilter' configured for use
2020-04-07 15:49:52,817 WARN org.springframework.boot.autoconfigure.orm.jpa.JpaBaseConfiguration$JpaWebConfiguration [main] spring.jpa.open-in-view is enabled by default. Therefore, database queries may be performed during view rendering. Explicitly configure spring.jpa.open-in-view to disable this warning
2020-04-07 15:49:54,504 INFO org.springframework.security.web.DefaultSecurityFilterChain [main] Creating filter chain: Ant [pattern='/**', OPTIONS], []
2020-04-07 15:49:54,505 INFO org.springframework.security.web.DefaultSecurityFilterChain [main] Creating filter chain: Ant [pattern='/css/**'], []
2020-04-07 15:49:54,506 INFO org.springframework.security.web.DefaultSecurityFilterChain [main] Creating filter chain: Ant [pattern='/favicon.ico'], []
2020-04-07 15:49:54,507 INFO org.springframework.security.web.DefaultSecurityFilterChain [main] Creating filter chain: Ant [pattern='/js/**'], []
2020-04-07 15:49:54,508 INFO org.springframework.security.web.DefaultSecurityFilterChain [main] Creating filter chain: Ant [pattern='/img/**'], []
2020-04-07 15:49:54,508 INFO org.springframework.security.web.DefaultSecurityFilterChain [main] Creating filter chain: Ant [pattern='/fonts/**'], []
2020-04-07 15:49:54,705 INFO org.springframework.security.web.DefaultSecurityFilterChain [main] Creating filter chain: OrRequestMatcher [requestMatchers=[Ant [pattern='/oauth/token'], Ant [pattern='/oauth/token_key'], Ant [pattern='/oauth/check_token']]], [org.springframework.security.web.context.request.async.WebAsyncManagerIntegrationFilter@6cbb79c3, org.springframework.security.web.context.SecurityContextPersistenceFilter@5dc90de7, org.springframework.security.web.header.HeaderWriterFilter@6f87bc6c, org.springframework.security.web.authentication.logout.LogoutFilter@54151d07, org.springframework.security.web.authentication.www.BasicAuthenticationFilter@14acc33e, org.springframework.security.web.savedrequest.RequestCacheAwareFilter@20711b02, org.springframework.security.web.servletapi.SecurityContextHolderAwareRequestFilter@7d1b96b9, org.springframework.security.web.authentication.AnonymousAuthenticationFilter@7bc46dde, org.springframework.security.web.session.SessionManagementFilter@47baf547, org.springframework.security.web.access.ExceptionTranslationFilter@33ac7934, org.springframework.security.web.access.intercept.FilterSecurityInterceptor@40b7e68c]
2020-04-07 15:49:54,723 INFO org.springframework.security.web.DefaultSecurityFilterChain [main] Creating filter chain: any request, [org.springframework.security.web.context.request.async.WebAsyncManagerIntegrationFilter@1df8c7f4, org.springframework.security.web.context.SecurityContextPersistenceFilter@35e63d26, org.springframework.security.web.header.HeaderWriterFilter@55e75ce0, org.springframework.security.web.authentication.logout.LogoutFilter@276e5add, JwtFilter@2af1bf5a, org.springframework.security.web.savedrequest.RequestCacheAwareFilter@5d51203b, org.springframework.security.web.servletapi.SecurityContextHolderAwareRequestFilter@32be672d, org.springframework.security.web.authentication.AnonymousAuthenticationFilter@75a6cdb, org.springframework.security.web.session.SessionManagementFilter@3325f17, org.springframework.security.web.access.ExceptionTranslationFilter@b3c7c75, org.springframework.security.web.access.intercept.FilterSecurityInterceptor@77f1026e]
2020-04-07 15:49:54,765 INFO org.springframework.security.web.DefaultSecurityFilterChain [main] Creating filter chain: ResourceServerConfig$$Lambda$954/0x000000080095f440@5982255e, [org.springframework.security.web.context.request.async.WebAsyncManagerIntegrationFilter@7306836f, org.springframework.security.web.context.SecurityContextPersistenceFilter@69bdcfbc, org.springframework.security.web.header.HeaderWriterFilter@4d0b8b8b, org.springframework.security.web.authentication.logout.LogoutFilter@77228160, org.springframework.security.oauth2.provider.authentication.OAuth2AuthenticationProcessingFilter@236bb278, org.springframework.security.web.savedrequest.RequestCacheAwareFilter@4cb45048, org.springframework.security.web.servletapi.SecurityContextHolderAwareRequestFilter@5d72dd86, org.springframework.security.web.authentication.AnonymousAuthenticationFilter@e9c5db9, org.springframework.security.web.session.SessionManagementFilter@6f18445b, org.springframework.security.web.access.ExceptionTranslationFilter@7f9b46ed, org.springframework.security.web.access.intercept.FilterSecurityInterceptor@5e1d3188]
2020-04-07 15:49:54,810 INFO org.springframework.security.web.DefaultSecurityFilterChain [main] Creating filter chain: any request, [org.springframework.security.web.context.request.async.WebAsyncManagerIntegrationFilter@3e60be48, org.springframework.security.web.context.SecurityContextPersistenceFilter@6aeb769d, org.springframework.security.web.header.HeaderWriterFilter@77e42cbf, org.springframework.security.web.csrf.CsrfFilter@7aaf0f0a, org.springframework.security.web.authentication.logout.LogoutFilter@58e0f079, org.springframework.security.web.authentication.UsernamePasswordAuthenticationFilter@45b37003, org.springframework.security.web.authentication.ui.DefaultLoginPageGeneratingFilter@189c6683, org.springframework.security.web.authentication.ui.DefaultLogoutPageGeneratingFilter@20a533b, org.springframework.security.web.savedrequest.RequestCacheAwareFilter@51f412e6, org.springframework.security.web.servletapi.SecurityContextHolderAwareRequestFilter@7234db3, org.springframework.security.web.authentication.AnonymousAuthenticationFilter@5db6083b, org.springframework.security.web.session.SessionManagementFilter@68bef3df, org.springframework.security.web.access.ExceptionTranslationFilter@638b05fb]
2020-04-07 15:49:55,488 INFO org.springframework.scheduling.concurrent.ExecutorConfigurationSupport [main] Initializing ExecutorService 'applicationTaskExecutor'
2020-04-07 15:49:55,535 DEBUG org.springframework.web.servlet.mvc.method.annotation.RequestMappingHandlerAdapter [main] ControllerAdvice beans: 0 @ModelAttribute, 0 @InitBinder, 1 RequestBodyAdvice, 1 ResponseBodyAdvice
2020-04-07 15:49:55,703 DEBUG org.springframework.web.servlet.handler.AbstractHandlerMethodMapping [main] 12 mappings in 'requestMappingHandlerMapping'
2020-04-07 15:49:55,769 DEBUG org.springframework.web.servlet.handler.AbstractDetectingUrlHandlerMapping [main] Detected 1 mappings in 'beanNameHandlerMapping'
2020-04-07 15:49:55,846 DEBUG org.springframework.web.servlet.handler.SimpleUrlHandlerMapping [main] Patterns [/webjars/**, /**] in 'resourceHandlerMapping'
2020-04-07 15:49:55,900 DEBUG org.springframework.web.servlet.mvc.method.annotation.ExceptionHandlerExceptionResolver [main] ControllerAdvice beans: 1 @ExceptionHandler, 1 ResponseBodyAdvice
2020-04-07 15:49:56,414 INFO org.springframework.scheduling.concurrent.ExecutorConfigurationSupport [main] Initializing ExecutorService 'taskScheduler'
2020-04-07 15:49:56,625 INFO org.springframework.boot.actuate.endpoint.web.EndpointLinksResolver [main] Exposing 2 endpoint(s) beneath base path '/actuator'
2020-04-07 15:49:56,794 INFO CacheScheduler [scheduling-1] Clear user cache : START
2020-04-07 15:49:56,798 INFO CacheScheduler [scheduling-1] Clear user cache : END
2020-04-07 15:49:56,801 INFO org.apache.juli.logging.DirectJDKLog [main] Starting ProtocolHandler ["http-nio-8080"]
2020-04-07 15:49:56,919 INFO org.springframework.boot.web.embedded.tomcat.TomcatWebServer [main] Tomcat started on port(s): 8080 (http) with context path ''
2020-04-07 15:49:56,938 INFO org.springframework.boot.StartupInfoLogger [main] Started PandemicUnemploymentInsuranceApplication in 23.24 seconds (JVM running for 24.684)
2020-04-07 15:50:06,396 INFO org.apache.juli.logging.DirectJDKLog [http-nio-8080-exec-1] Initializing Spring DispatcherServlet 'dispatcherServlet'
2020-04-07 15:50:06,397 INFO org.springframework.web.servlet.FrameworkServlet [http-nio-8080-exec-1] Initializing Servlet 'dispatcherServlet'
2020-04-07 15:50:06,398 DEBUG org.springframework.web.servlet.DispatcherServlet [http-nio-8080-exec-1] Detected StandardServletMultipartResolver
2020-04-07 15:50:06,432 DEBUG org.springframework.web.servlet.FrameworkServlet [http-nio-8080-exec-1] enableLoggingRequestDetails='false': request parameters and headers will be masked to prevent unsafe logging of potentially sensitive data
2020-04-07 15:50:06,433 INFO org.springframework.web.servlet.FrameworkServlet [http-nio-8080-exec-1] Completed initialization in 35 ms
2020-04-07 15:58:35,913 INFO org.springframework.boot.SpringApplication [main] No active profile set, falling back to default profiles: default
2020-04-07 15:58:38,099 INFO org.springframework.data.repository.config.RepositoryConfigurationDelegate [main] Bootstrapping Spring Data JPA repositories in DEFAULT mode.
2020-04-07 15:58:38,341 INFO org.springframework.data.repository.config.RepositoryConfigurationDelegate [main] Finished Spring Data repository scanning in 209ms. Found 3 JPA repository interfaces.
2020-04-07 15:58:40,125 INFO org.springframework.cloud.context.scope.GenericScope [main] BeanFactory id=c5709eae-2322-374f-99ae-b16f85928662
2020-04-07 15:58:41,046 INFO org.springframework.context.support.PostProcessorRegistrationDelegate$BeanPostProcessorChecker [main] Bean 'org.springframework.security.config.annotation.configuration.ObjectPostProcessorConfiguration' of type [org.springframework.security.config.annotation.configuration.ObjectPostProcessorConfiguration] is not eligible for getting processed by all BeanPostProcessors (for example: not eligible for auto-proxying)
2020-04-07 15:58:41,072 INFO org.springframework.context.support.PostProcessorRegistrationDelegate$BeanPostProcessorChecker [main] Bean 'objectPostProcessor' of type [org.springframework.security.config.annotation.configuration.AutowireBeanFactoryObjectPostProcessor] is not eligible for getting processed by all BeanPostProcessors (for example: not eligible for auto-proxying)
2020-04-07 15:58:41,082 INFO org.springframework.context.support.PostProcessorRegistrationDelegate$BeanPostProcessorChecker [main] Bean 'org.springframework.security.access.expression.method.DefaultMethodSecurityExpressionHandler@30a7653e' of type [org.springframework.security.oauth2.provider.expression.OAuth2MethodSecurityExpressionHandler] is not eligible for getting processed by all BeanPostProcessors (for example: not eligible for auto-proxying)
2020-04-07 15:58:41,089 INFO org.springframework.context.support.PostProcessorRegistrationDelegate$BeanPostProcessorChecker [main] Bean 'org.springframework.security.config.annotation.method.configuration.GlobalMethodSecurityConfiguration' of type [org.springframework.security.config.annotation.method.configuration.GlobalMethodSecurityConfiguration] is not eligible for getting processed by all BeanPostProcessors (for example: not eligible for auto-proxying)
2020-04-07 15:58:41,101 INFO org.springframework.context.support.PostProcessorRegistrationDelegate$BeanPostProcessorChecker [main] Bean 'methodSecurityMetadataSource' of type [org.springframework.security.access.method.DelegatingMethodSecurityMetadataSource] is not eligible for getting processed by all BeanPostProcessors (for example: not eligible for auto-proxying)
2020-04-07 15:58:42,023 INFO org.springframework.boot.web.embedded.tomcat.TomcatWebServer [main] Tomcat initialized with port(s): 8080 (http)
2020-04-07 15:58:42,051 INFO org.apache.juli.logging.DirectJDKLog [main] Initializing ProtocolHandler ["http-nio-8080"]
2020-04-07 15:58:42,052 INFO org.apache.juli.logging.DirectJDKLog [main] Starting service [Tomcat]
2020-04-07 15:58:42,053 INFO org.apache.juli.logging.DirectJDKLog [main] Starting Servlet engine: [Apache Tomcat/9.0.33]
2020-04-07 15:58:42,459 INFO org.apache.juli.logging.DirectJDKLog [main] Initializing Spring embedded WebApplicationContext
2020-04-07 15:58:42,460 DEBUG org.springframework.boot.web.servlet.context.ServletWebServerApplicationContext [main] Published root WebApplicationContext as ServletContext attribute with name [org.springframework.web.context.WebApplicationContext.ROOT]
2020-04-07 15:58:42,460 INFO org.springframework.boot.web.servlet.context.ServletWebServerApplicationContext [main] Root WebApplicationContext: initialization completed in 6380 ms
2020-04-07 15:58:43,450 INFO CacheConfig [main] Initializing cache.
2020-04-07 15:58:43,708 INFO org.hibernate.jpa.internal.util.LogHelper [main] HHH000204: Processing PersistenceUnitInfo [name: default]
2020-04-07 15:58:43,972 INFO org.hibernate.Version [main] HHH000412: Hibernate ORM core version 5.4.12.Final
2020-04-07 15:58:44,798 INFO org.hibernate.annotations.common.reflection.java.JavaReflectionManager [main] HCANN000001: Hibernate Commons Annotations {5.1.0.Final}
2020-04-07 15:58:45,226 INFO com.zaxxer.hikari.HikariDataSource [main] HikariPool-1 - Starting...
2020-04-07 15:58:45,576 INFO com.zaxxer.hikari.HikariDataSource [main] HikariPool-1 - Start completed.
2020-04-07 15:58:45,640 INFO org.hibernate.dialect.Dialect [main] HHH000400: Using dialect: org.hibernate.dialect.PostgreSQL10Dialect
2020-04-07 15:58:49,061 INFO org.hibernate.engine.transaction.jta.platform.internal.JtaPlatformInitiator [main] HHH000490: Using JtaPlatform implementation: [org.hibernate.engine.transaction.jta.platform.internal.NoJtaPlatform]
2020-04-07 15:58:49,507 INFO org.springframework.orm.jpa.AbstractEntityManagerFactoryBean [main] Initialized JPA EntityManagerFactory for persistence unit 'default'
2020-04-07 15:58:50,972 DEBUG org.springframework.web.filter.GenericFilterBean [main] Filter 'jwtFilter' configured for use
2020-04-07 15:58:51,107 WARN org.springframework.boot.autoconfigure.orm.jpa.JpaBaseConfiguration$JpaWebConfiguration [main] spring.jpa.open-in-view is enabled by default. Therefore, database queries may be performed during view rendering. Explicitly configure spring.jpa.open-in-view to disable this warning
2020-04-07 15:58:52,718 INFO org.springframework.security.web.DefaultSecurityFilterChain [main] Creating filter chain: Ant [pattern='/**', OPTIONS], []
2020-04-07 15:58:52,719 INFO org.springframework.security.web.DefaultSecurityFilterChain [main] Creating filter chain: Ant [pattern='/css/**'], []
2020-04-07 15:58:52,720 INFO org.springframework.security.web.DefaultSecurityFilterChain [main] Creating filter chain: Ant [pattern='/favicon.ico'], []
2020-04-07 15:58:52,721 INFO org.springframework.security.web.DefaultSecurityFilterChain [main] Creating filter chain: Ant [pattern='/js/**'], []
2020-04-07 15:58:52,722 INFO org.springframework.security.web.DefaultSecurityFilterChain [main] Creating filter chain: Ant [pattern='/img/**'], []
2020-04-07 15:58:52,723 INFO org.springframework.security.web.DefaultSecurityFilterChain [main] Creating filter chain: Ant [pattern='/fonts/**'], []
2020-04-07 15:58:52,896 INFO org.springframework.security.web.DefaultSecurityFilterChain [main] Creating filter chain: OrRequestMatcher [requestMatchers=[Ant [pattern='/oauth/token'], Ant [pattern='/oauth/token_key'], Ant [pattern='/oauth/check_token']]], [org.springframework.security.web.context.request.async.WebAsyncManagerIntegrationFilter@723aa04, org.springframework.security.web.context.SecurityContextPersistenceFilter@3b09582d, org.springframework.security.web.header.HeaderWriterFilter@6c65a7fc, org.springframework.security.web.authentication.logout.LogoutFilter@63893cf6, org.springframework.security.web.authentication.www.BasicAuthenticationFilter@ef1080d, org.springframework.security.web.savedrequest.RequestCacheAwareFilter@4f8488ef, org.springframework.security.web.servletapi.SecurityContextHolderAwareRequestFilter@39d62e47, org.springframework.security.web.authentication.AnonymousAuthenticationFilter@12128849, org.springframework.security.web.session.SessionManagementFilter@5166fe7a, org.springframework.security.web.access.ExceptionTranslationFilter@2eef43f5, org.springframework.security.web.access.intercept.FilterSecurityInterceptor@14c1cba6]
2020-04-07 15:58:52,918 INFO org.springframework.security.web.DefaultSecurityFilterChain [main] Creating filter chain: any request, [org.springframework.security.web.context.request.async.WebAsyncManagerIntegrationFilter@5fc3dfc1, org.springframework.security.web.context.SecurityContextPersistenceFilter@44872224, org.springframework.security.web.header.HeaderWriterFilter@461c0572, org.springframework.security.web.authentication.logout.LogoutFilter@5ed1bc4f, JwtFilter@6edb093f, org.springframework.security.web.savedrequest.RequestCacheAwareFilter@4ebe6c24, org.springframework.security.web.servletapi.SecurityContextHolderAwareRequestFilter@682fc714, org.springframework.security.web.authentication.AnonymousAuthenticationFilter@67d6bb59, org.springframework.security.web.session.SessionManagementFilter@17db90a7, org.springframework.security.web.access.ExceptionTranslationFilter@48d84d75, org.springframework.security.web.access.intercept.FilterSecurityInterceptor@33671907]
2020-04-07 15:58:52,953 INFO org.springframework.security.web.DefaultSecurityFilterChain [main] Creating filter chain: ResourceServerConfig$$Lambda$953/0x000000080096f040@22858c21, [org.springframework.security.web.context.request.async.WebAsyncManagerIntegrationFilter@39a8c08f, org.springframework.security.web.context.SecurityContextPersistenceFilter@3f16a823, org.springframework.security.web.header.HeaderWriterFilter@272de8ab, org.springframework.security.web.authentication.logout.LogoutFilter@6f744b4e, org.springframework.security.oauth2.provider.authentication.OAuth2AuthenticationProcessingFilter@5713e35f, org.springframework.security.web.savedrequest.RequestCacheAwareFilter@3fb5809a, org.springframework.security.web.servletapi.SecurityContextHolderAwareRequestFilter@77954f77, org.springframework.security.web.authentication.AnonymousAuthenticationFilter@5c0d876c, org.springframework.security.web.session.SessionManagementFilter@c53dfb2, org.springframework.security.web.access.ExceptionTranslationFilter@2d85a4c7, org.springframework.security.web.access.intercept.FilterSecurityInterceptor@3803bc1a]
2020-04-07 15:58:52,987 INFO org.springframework.security.web.DefaultSecurityFilterChain [main] Creating filter chain: any request, [org.springframework.security.web.context.request.async.WebAsyncManagerIntegrationFilter@c925ae1, org.springframework.security.web.context.SecurityContextPersistenceFilter@7f514dfe, org.springframework.security.web.header.HeaderWriterFilter@47fb30ca, org.springframework.security.web.csrf.CsrfFilter@31d64d0f, org.springframework.security.web.authentication.logout.LogoutFilter@77d03738, org.springframework.security.web.authentication.UsernamePasswordAuthenticationFilter@566dc0c3, org.springframework.security.web.authentication.ui.DefaultLoginPageGeneratingFilter@258ff54a, org.springframework.security.web.authentication.ui.DefaultLogoutPageGeneratingFilter@7fb02869, org.springframework.security.web.savedrequest.RequestCacheAwareFilter@2150dc64, org.springframework.security.web.servletapi.SecurityContextHolderAwareRequestFilter@3f33c5e4, org.springframework.security.web.authentication.AnonymousAuthenticationFilter@92fa950, org.springframework.security.web.session.SessionManagementFilter@7cecd959, org.springframework.security.web.access.ExceptionTranslationFilter@6c165921]
2020-04-07 15:58:53,622 INFO org.springframework.scheduling.concurrent.ExecutorConfigurationSupport [main] Initializing ExecutorService 'applicationTaskExecutor'
2020-04-07 15:58:53,675 DEBUG org.springframework.web.servlet.mvc.method.annotation.RequestMappingHandlerAdapter [main] ControllerAdvice beans: 0 @ModelAttribute, 0 @InitBinder, 1 RequestBodyAdvice, 1 ResponseBodyAdvice
2020-04-07 15:58:53,884 DEBUG org.springframework.web.servlet.handler.AbstractHandlerMethodMapping [main] 12 mappings in 'requestMappingHandlerMapping'
2020-04-07 15:58:53,976 DEBUG org.springframework.web.servlet.handler.AbstractDetectingUrlHandlerMapping [main] Detected 1 mappings in 'beanNameHandlerMapping'
2020-04-07 15:58:54,049 DEBUG org.springframework.web.servlet.handler.SimpleUrlHandlerMapping [main] Patterns [/webjars/**, /**] in 'resourceHandlerMapping'
2020-04-07 15:58:54,115 DEBUG org.springframework.web.servlet.mvc.method.annotation.ExceptionHandlerExceptionResolver [main] ControllerAdvice beans: 1 @ExceptionHandler, 1 ResponseBodyAdvice
2020-04-07 15:58:54,626 INFO org.springframework.scheduling.concurrent.ExecutorConfigurationSupport [main] Initializing ExecutorService 'taskScheduler'
2020-04-07 15:58:54,762 INFO org.springframework.boot.actuate.endpoint.web.EndpointLinksResolver [main] Exposing 2 endpoint(s) beneath base path '/actuator'
2020-04-07 15:58:54,947 INFO CacheScheduler [scheduling-1] Clear user cache : START
2020-04-07 15:58:54,950 INFO CacheScheduler [scheduling-1] Clear user cache : END
2020-04-07 15:58:54,951 INFO org.apache.juli.logging.DirectJDKLog [main] Starting ProtocolHandler ["http-nio-8080"]
2020-04-07 15:58:55,064 INFO org.springframework.boot.web.embedded.tomcat.TomcatWebServer [main] Tomcat started on port(s): 8080 (http) with context path ''
2020-04-07 15:58:55,075 INFO org.springframework.boot.StartupInfoLogger [main] Started PandemicUnemploymentInsuranceApplication in 23.025 seconds (JVM running for 24.44)
2020-04-07 15:59:03,861 INFO org.apache.juli.logging.DirectJDKLog [http-nio-8080-exec-1] Initializing Spring DispatcherServlet 'dispatcherServlet'
2020-04-07 15:59:03,865 INFO org.springframework.web.servlet.FrameworkServlet [http-nio-8080-exec-1] Initializing Servlet 'dispatcherServlet'
2020-04-07 15:59:03,868 DEBUG org.springframework.web.servlet.DispatcherServlet [http-nio-8080-exec-1] Detected StandardServletMultipartResolver
2020-04-07 15:59:04,285 DEBUG org.springframework.web.servlet.FrameworkServlet [http-nio-8080-exec-1] enableLoggingRequestDetails='false': request parameters and headers will be masked to prevent unsafe logging of potentially sensitive data
2020-04-07 15:59:04,287 INFO org.springframework.web.servlet.FrameworkServlet [http-nio-8080-exec-1] Completed initialization in 420 ms
2020-04-07 15:59:18,337 DEBUG org.springframework.core.log.LogFormatUtils [http-nio-8080-exec-2] POST "/oauth/token", parameters={}
2020-04-07 15:59:18,473 DEBUG org.springframework.web.servlet.mvc.method.annotation.ExceptionHandlerExceptionResolver [http-nio-8080-exec-2] Using @ExceptionHandler org.springframework.security.oauth2.provider.endpoint.TokenEndpoint#handleException(OAuth2Exception)
2020-04-07 15:59:18,474 WARN org.springframework.security.oauth2.provider.endpoint.TokenEndpoint [http-nio-8080-exec-2] Handling error: InvalidRequestException, Missing grant type
2020-04-07 15:59:18,735 DEBUG org.springframework.web.servlet.mvc.method.annotation.AbstractMessageConverterMethodProcessor [http-nio-8080-exec-2] Using 'application/json', given [*/*] and supported [application/json, application/*+json, application/json, application/*+json]
2020-04-07 15:59:18,743 DEBUG org.springframework.core.log.LogFormatUtils [http-nio-8080-exec-2] Writing [error="invalid_request", error_description="Missing grant type"]
2020-04-07 15:59:18,812 DEBUG org.springframework.web.servlet.handler.AbstractHandlerExceptionResolver [http-nio-8080-exec-2] Resolved [error="invalid_request", error_description="Missing grant type"]
2020-04-07 15:59:18,814 DEBUG org.springframework.web.servlet.FrameworkServlet [http-nio-8080-exec-2] Completed 400 BAD_REQUEST
2020-04-07 15:59:53,195 DEBUG org.springframework.core.log.LogFormatUtils [http-nio-8080-exec-3] POST "/oauth/token", parameters={}
2020-04-07 15:59:53,209 DEBUG org.springframework.web.servlet.mvc.method.annotation.ExceptionHandlerExceptionResolver [http-nio-8080-exec-3] Using @ExceptionHandler org.springframework.security.oauth2.provider.endpoint.TokenEndpoint#handleException(OAuth2Exception)
2020-04-07 15:59:53,212 WARN org.springframework.security.oauth2.provider.endpoint.TokenEndpoint [http-nio-8080-exec-3] Handling error: InvalidRequestException, Missing grant type
2020-04-07 15:59:53,216 DEBUG org.springframework.web.servlet.mvc.method.annotation.AbstractMessageConverterMethodProcessor [http-nio-8080-exec-3] Using 'application/json', given [*/*] and supported [application/json, application/*+json, application/json, application/*+json]
2020-04-07 15:59:53,218 DEBUG org.springframework.core.log.LogFormatUtils [http-nio-8080-exec-3] Writing [error="invalid_request", error_description="Missing grant type"]
2020-04-07 15:59:53,222 DEBUG org.springframework.web.servlet.handler.AbstractHandlerExceptionResolver [http-nio-8080-exec-3] Resolved [error="invalid_request", error_description="Missing grant type"]
2020-04-07 15:59:53,224 DEBUG org.springframework.web.servlet.FrameworkServlet [http-nio-8080-exec-3] Completed 400 BAD_REQUEST
2020-04-07 16:00:13,841 DEBUG org.springframework.core.log.LogFormatUtils [http-nio-8080-exec-5] POST "/oauth/token", parameters={}
2020-04-07 16:00:13,855 DEBUG org.springframework.web.servlet.mvc.method.annotation.ExceptionHandlerExceptionResolver [http-nio-8080-exec-5] Using @ExceptionHandler org.springframework.security.oauth2.provider.endpoint.TokenEndpoint#handleException(OAuth2Exception)
2020-04-07 16:00:13,856 WARN org.springframework.security.oauth2.provider.endpoint.TokenEndpoint [http-nio-8080-exec-5] Handling error: InvalidRequestException, Missing grant type
2020-04-07 16:00:13,858 DEBUG org.springframework.web.servlet.mvc.method.annotation.AbstractMessageConverterMethodProcessor [http-nio-8080-exec-5] Using 'application/json', given [*/*] and supported [application/json, application/*+json, application/json, application/*+json]
2020-04-07 16:00:13,860 DEBUG org.springframework.core.log.LogFormatUtils [http-nio-8080-exec-5] Writing [error="invalid_request", error_description="Missing grant type"]
2020-04-07 16:00:13,862 DEBUG org.springframework.web.servlet.handler.AbstractHandlerExceptionResolver [http-nio-8080-exec-5] Resolved [error="invalid_request", error_description="Missing grant type"]
2020-04-07 16:00:13,864 DEBUG org.springframework.web.servlet.FrameworkServlet [http-nio-8080-exec-5] Completed 400 BAD_REQUEST
2020-04-07 16:01:13,722 DEBUG org.springframework.core.log.LogFormatUtils [http-nio-8080-exec-6] POST "/oauth/token", parameters={}
2020-04-07 16:01:13,736 DEBUG org.springframework.web.servlet.mvc.method.annotation.ExceptionHandlerExceptionResolver [http-nio-8080-exec-6] Using @ExceptionHandler org.springframework.security.oauth2.provider.endpoint.TokenEndpoint#handleException(OAuth2Exception)
2020-04-07 16:01:13,737 WARN org.springframework.security.oauth2.provider.endpoint.TokenEndpoint [http-nio-8080-exec-6] Handling error: InvalidRequestException, Missing grant type
2020-04-07 16:01:13,739 DEBUG org.springframework.web.servlet.mvc.method.annotation.AbstractMessageConverterMethodProcessor [http-nio-8080-exec-6] Using 'application/json', given [*/*] and supported [application/json, application/*+json, application/json, application/*+json]
2020-04-07 16:01:13,740 DEBUG org.springframework.core.log.LogFormatUtils [http-nio-8080-exec-6] Writing [error="invalid_request", error_description="Missing grant type"]
2020-04-07 16:01:13,744 DEBUG org.springframework.web.servlet.handler.AbstractHandlerExceptionResolver [http-nio-8080-exec-6] Resolved [error="invalid_request", error_description="Missing grant type"]
2020-04-07 16:01:13,745 DEBUG org.springframework.web.servlet.FrameworkServlet [http-nio-8080-exec-6] Completed 400 BAD_REQUEST
2020-04-07 16:05:11,860 INFO org.springframework.boot.SpringApplication [main] No active profile set, falling back to default profiles: default
2020-04-07 16:05:14,368 INFO org.springframework.data.repository.config.RepositoryConfigurationDelegate [main] Bootstrapping Spring Data JPA repositories in DEFAULT mode.
2020-04-07 16:05:14,652 INFO org.springframework.data.repository.config.RepositoryConfigurationDelegate [main] Finished Spring Data repository scanning in 244ms. Found 3 JPA repository interfaces.
2020-04-07 16:05:16,544 INFO org.springframework.cloud.context.scope.GenericScope [main] BeanFactory id=c5709eae-2322-374f-99ae-b16f85928662
2020-04-07 16:05:17,473 INFO org.springframework.context.support.PostProcessorRegistrationDelegate$BeanPostProcessorChecker [main] Bean 'org.springframework.security.config.annotation.configuration.ObjectPostProcessorConfiguration' of type [org.springframework.security.config.annotation.configuration.ObjectPostProcessorConfiguration] is not eligible for getting processed by all BeanPostProcessors (for example: not eligible for auto-proxying)
2020-04-07 16:05:17,496 INFO org.springframework.context.support.PostProcessorRegistrationDelegate$BeanPostProcessorChecker [main] Bean 'objectPostProcessor' of type [org.springframework.security.config.annotation.configuration.AutowireBeanFactoryObjectPostProcessor] is not eligible for getting processed by all BeanPostProcessors (for example: not eligible for auto-proxying)
2020-04-07 16:05:17,512 INFO org.springframework.context.support.PostProcessorRegistrationDelegate$BeanPostProcessorChecker [main] Bean 'org.springframework.security.access.expression.method.DefaultMethodSecurityExpressionHandler@619c93ca' of type [org.springframework.security.oauth2.provider.expression.OAuth2MethodSecurityExpressionHandler] is not eligible for getting processed by all BeanPostProcessors (for example: not eligible for auto-proxying)
2020-04-07 16:05:17,519 INFO org.springframework.context.support.PostProcessorRegistrationDelegate$BeanPostProcessorChecker [main] Bean 'org.springframework.security.config.annotation.method.configuration.GlobalMethodSecurityConfiguration' of type [org.springframework.security.config.annotation.method.configuration.GlobalMethodSecurityConfiguration] is not eligible for getting processed by all BeanPostProcessors (for example: not eligible for auto-proxying)
2020-04-07 16:05:17,535 INFO org.springframework.context.support.PostProcessorRegistrationDelegate$BeanPostProcessorChecker [main] Bean 'methodSecurityMetadataSource' of type [org.springframework.security.access.method.DelegatingMethodSecurityMetadataSource] is not eligible for getting processed by all BeanPostProcessors (for example: not eligible for auto-proxying)
2020-04-07 16:05:18,481 INFO org.springframework.boot.web.embedded.tomcat.TomcatWebServer [main] Tomcat initialized with port(s): 8080 (http)
2020-04-07 16:05:18,527 INFO org.apache.juli.logging.DirectJDKLog [main] Initializing ProtocolHandler ["http-nio-8080"]
2020-04-07 16:05:18,528 INFO org.apache.juli.logging.DirectJDKLog [main] Starting service [Tomcat]
2020-04-07 16:05:18,531 INFO org.apache.juli.logging.DirectJDKLog [main] Starting Servlet engine: [Apache Tomcat/9.0.33]
2020-04-07 16:05:18,939 INFO org.apache.juli.logging.DirectJDKLog [main] Initializing Spring embedded WebApplicationContext
2020-04-07 16:05:18,940 DEBUG org.springframework.boot.web.servlet.context.ServletWebServerApplicationContext [main] Published root WebApplicationContext as ServletContext attribute with name [org.springframework.web.context.WebApplicationContext.ROOT]
2020-04-07 16:05:18,941 INFO org.springframework.boot.web.servlet.context.ServletWebServerApplicationContext [main] Root WebApplicationContext: initialization completed in 6927 ms
2020-04-07 16:05:19,976 INFO CacheConfig [main] Initializing cache.
2020-04-07 16:05:20,290 INFO org.hibernate.jpa.internal.util.LogHelper [main] HHH000204: Processing PersistenceUnitInfo [name: default]
2020-04-07 16:05:20,690 INFO org.hibernate.Version [main] HHH000412: Hibernate ORM core version 5.4.12.Final
2020-04-07 16:05:21,267 INFO org.hibernate.annotations.common.reflection.java.JavaReflectionManager [main] HCANN000001: Hibernate Commons Annotations {5.1.0.Final}
2020-04-07 16:05:21,726 INFO com.zaxxer.hikari.HikariDataSource [main] HikariPool-1 - Starting...
2020-04-07 16:05:22,106 INFO com.zaxxer.hikari.HikariDataSource [main] HikariPool-1 - Start completed.
2020-04-07 16:05:22,163 INFO org.hibernate.dialect.Dialect [main] HHH000400: Using dialect: org.hibernate.dialect.PostgreSQL10Dialect
2020-04-07 16:05:25,675 INFO org.hibernate.engine.transaction.jta.platform.internal.JtaPlatformInitiator [main] HHH000490: Using JtaPlatform implementation: [org.hibernate.engine.transaction.jta.platform.internal.NoJtaPlatform]
2020-04-07 16:05:26,085 INFO org.springframework.orm.jpa.AbstractEntityManagerFactoryBean [main] Initialized JPA EntityManagerFactory for persistence unit 'default'
2020-04-07 16:05:27,634 DEBUG org.springframework.web.filter.GenericFilterBean [main] Filter 'jwtFilter' configured for use
2020-04-07 16:05:27,824 WARN org.springframework.boot.autoconfigure.orm.jpa.JpaBaseConfiguration$JpaWebConfiguration [main] spring.jpa.open-in-view is enabled by default. Therefore, database queries may be performed during view rendering. Explicitly configure spring.jpa.open-in-view to disable this warning
2020-04-07 16:05:29,495 INFO org.springframework.security.web.DefaultSecurityFilterChain [main] Creating filter chain: Ant [pattern='/**', OPTIONS], []
2020-04-07 16:05:29,495 INFO org.springframework.security.web.DefaultSecurityFilterChain [main] Creating filter chain: Ant [pattern='/css/**'], []
2020-04-07 16:05:29,496 INFO org.springframework.security.web.DefaultSecurityFilterChain [main] Creating filter chain: Ant [pattern='/favicon.ico'], []
2020-04-07 16:05:29,498 INFO org.springframework.security.web.DefaultSecurityFilterChain [main] Creating filter chain: Ant [pattern='/js/**'], []
2020-04-07 16:05:29,498 INFO org.springframework.security.web.DefaultSecurityFilterChain [main] Creating filter chain: Ant [pattern='/img/**'], []
2020-04-07 16:05:29,499 INFO org.springframework.security.web.DefaultSecurityFilterChain [main] Creating filter chain: Ant [pattern='/fonts/**'], []
2020-04-07 16:05:29,674 INFO org.springframework.security.web.DefaultSecurityFilterChain [main] Creating filter chain: OrRequestMatcher [requestMatchers=[Ant [pattern='/oauth/token'], Ant [pattern='/oauth/token_key'], Ant [pattern='/oauth/check_token']]], [org.springframework.security.web.context.request.async.WebAsyncManagerIntegrationFilter@8fd3eee, org.springframework.security.web.context.SecurityContextPersistenceFilter@3c2188b0, org.springframework.security.web.header.HeaderWriterFilter@701153c1, org.springframework.security.web.authentication.logout.LogoutFilter@81f9b01, org.springframework.security.web.authentication.www.BasicAuthenticationFilter@3bb186b, org.springframework.security.web.savedrequest.RequestCacheAwareFilter@c1bcea1, org.springframework.security.web.servletapi.SecurityContextHolderAwareRequestFilter@79177bc, org.springframework.security.web.authentication.AnonymousAuthenticationFilter@d9ff1cd, org.springframework.security.web.session.SessionManagementFilter@1641dfb3, org.springframework.security.web.access.ExceptionTranslationFilter@2b01be54, org.springframework.security.web.access.intercept.FilterSecurityInterceptor@4a723adf]
2020-04-07 16:05:29,690 INFO org.springframework.security.web.DefaultSecurityFilterChain [main] Creating filter chain: any request, [org.springframework.security.web.context.request.async.WebAsyncManagerIntegrationFilter@75051d05, org.springframework.security.web.context.SecurityContextPersistenceFilter@306a9cd8, org.springframework.security.web.header.HeaderWriterFilter@5a513627, org.springframework.security.web.authentication.logout.LogoutFilter@3e2a8fc, JwtFilter@5d2bfc9f, org.springframework.security.web.savedrequest.RequestCacheAwareFilter@7c52df60, org.springframework.security.web.servletapi.SecurityContextHolderAwareRequestFilter@2fe12ec3, org.springframework.security.web.authentication.AnonymousAuthenticationFilter@747b8f5c, org.springframework.security.web.session.SessionManagementFilter@41413c5a, org.springframework.security.web.access.ExceptionTranslationFilter@8788194, org.springframework.security.web.access.intercept.FilterSecurityInterceptor@1bff4b1f]
2020-04-07 16:05:29,733 INFO org.springframework.security.web.DefaultSecurityFilterChain [main] Creating filter chain: ResourceServerConfig$$Lambda$952/0x0000000800977c40@7b06dce0, [org.springframework.security.web.context.request.async.WebAsyncManagerIntegrationFilter@556a5e70, org.springframework.security.web.context.SecurityContextPersistenceFilter@17e7cc67, org.springframework.security.web.header.HeaderWriterFilter@6db160b4, org.springframework.security.web.authentication.logout.LogoutFilter@16021f6e, org.springframework.security.oauth2.provider.authentication.OAuth2AuthenticationProcessingFilter@64dc0a5f, org.springframework.security.web.savedrequest.RequestCacheAwareFilter@49976824, org.springframework.security.web.servletapi.SecurityContextHolderAwareRequestFilter@2fc51562, org.springframework.security.web.authentication.AnonymousAuthenticationFilter@47fca369, org.springframework.security.web.session.SessionManagementFilter@64ee9290, org.springframework.security.web.access.ExceptionTranslationFilter@7ab20a7, org.springframework.security.web.access.intercept.FilterSecurityInterceptor@40d0bff1]
2020-04-07 16:05:29,757 INFO org.springframework.security.web.DefaultSecurityFilterChain [main] Creating filter chain: any request, [org.springframework.security.web.context.request.async.WebAsyncManagerIntegrationFilter@44aaa987, org.springframework.security.web.context.SecurityContextPersistenceFilter@48c584c, org.springframework.security.web.header.HeaderWriterFilter@8c54f48, org.springframework.security.web.csrf.CsrfFilter@3fb54673, org.springframework.security.web.authentication.logout.LogoutFilter@2dbfcbe4, org.springframework.security.web.authentication.UsernamePasswordAuthenticationFilter@6f13ed1, org.springframework.security.web.authentication.ui.DefaultLoginPageGeneratingFilter@2fedae96, org.springframework.security.web.authentication.ui.DefaultLogoutPageGeneratingFilter@23e0b938, org.springframework.security.web.savedrequest.RequestCacheAwareFilter@641001c2, org.springframework.security.web.servletapi.SecurityContextHolderAwareRequestFilter@468dbd07, org.springframework.security.web.authentication.AnonymousAuthenticationFilter@7053b64b, org.springframework.security.web.session.SessionManagementFilter@119f02d2, org.springframework.security.web.access.ExceptionTranslationFilter@4b55652a]
2020-04-07 16:05:30,547 INFO org.springframework.scheduling.concurrent.ExecutorConfigurationSupport [main] Initializing ExecutorService 'applicationTaskExecutor'
2020-04-07 16:05:30,602 DEBUG org.springframework.web.servlet.mvc.method.annotation.RequestMappingHandlerAdapter [main] ControllerAdvice beans: 0 @ModelAttribute, 0 @InitBinder, 1 RequestBodyAdvice, 1 ResponseBodyAdvice
2020-04-07 16:05:30,794 DEBUG org.springframework.web.servlet.handler.AbstractHandlerMethodMapping [main] 12 mappings in 'requestMappingHandlerMapping'
2020-04-07 16:05:30,869 DEBUG org.springframework.web.servlet.handler.AbstractDetectingUrlHandlerMapping [main] Detected 1 mappings in 'beanNameHandlerMapping'
2020-04-07 16:05:30,929 DEBUG org.springframework.web.servlet.handler.SimpleUrlHandlerMapping [main] Patterns [/webjars/**, /**] in 'resourceHandlerMapping'
2020-04-07 16:05:30,987 DEBUG org.springframework.web.servlet.mvc.method.annotation.ExceptionHandlerExceptionResolver [main] ControllerAdvice beans: 1 @ExceptionHandler, 1 ResponseBodyAdvice
2020-04-07 16:05:31,506 INFO org.springframework.scheduling.concurrent.ExecutorConfigurationSupport [main] Initializing ExecutorService 'taskScheduler'
2020-04-07 16:05:31,640 INFO org.springframework.boot.actuate.endpoint.web.EndpointLinksResolver [main] Exposing 2 endpoint(s) beneath base path '/actuator'
2020-04-07 16:05:31,776 INFO CacheScheduler [scheduling-1] Clear user cache : START
2020-04-07 16:05:31,782 INFO CacheScheduler [scheduling-1] Clear user cache : END
2020-04-07 16:05:31,782 INFO org.apache.juli.logging.DirectJDKLog [main] Starting ProtocolHandler ["http-nio-8080"]
2020-04-07 16:05:31,906 INFO org.springframework.boot.web.embedded.tomcat.TomcatWebServer [main] Tomcat started on port(s): 8080 (http) with context path ''
2020-04-07 16:05:31,926 INFO org.springframework.boot.StartupInfoLogger [main] Started PandemicUnemploymentInsuranceApplication in 24.008 seconds (JVM running for 25.611)
2020-04-07 16:05:47,081 INFO org.apache.juli.logging.DirectJDKLog [http-nio-8080-exec-1] Initializing Spring DispatcherServlet 'dispatcherServlet'
2020-04-07 16:05:47,099 INFO org.springframework.web.servlet.FrameworkServlet [http-nio-8080-exec-1] Initializing Servlet 'dispatcherServlet'
2020-04-07 16:05:47,101 DEBUG org.springframework.web.servlet.DispatcherServlet [http-nio-8080-exec-1] Detected StandardServletMultipartResolver
2020-04-07 16:05:47,141 DEBUG org.springframework.web.servlet.FrameworkServlet [http-nio-8080-exec-1] enableLoggingRequestDetails='false': request parameters and headers will be masked to prevent unsafe logging of potentially sensitive data
2020-04-07 16:05:47,142 INFO org.springframework.web.servlet.FrameworkServlet [http-nio-8080-exec-1] Completed initialization in 42 ms
2020-04-07 16:05:47,298 DEBUG org.springframework.core.log.LogFormatUtils [http-nio-8080-exec-1] POST "/oauth/token", parameters={}
2020-04-07 16:05:47,382 DEBUG org.springframework.web.servlet.mvc.method.annotation.ExceptionHandlerExceptionResolver [http-nio-8080-exec-1] Using @ExceptionHandler org.springframework.security.oauth2.provider.endpoint.TokenEndpoint#handleException(OAuth2Exception)
2020-04-07 16:05:47,383 WARN org.springframework.security.oauth2.provider.endpoint.TokenEndpoint [http-nio-8080-exec-1] Handling error: InvalidRequestException, Missing grant type
2020-04-07 16:05:47,620 DEBUG org.springframework.web.servlet.mvc.method.annotation.AbstractMessageConverterMethodProcessor [http-nio-8080-exec-1] Using 'application/json', given [*/*] and supported [application/json, application/*+json, application/json, application/*+json]
2020-04-07 16:05:47,624 DEBUG org.springframework.core.log.LogFormatUtils [http-nio-8080-exec-1] Writing [error="invalid_request", error_description="Missing grant type"]
2020-04-07 16:05:47,710 DEBUG org.springframework.web.servlet.handler.AbstractHandlerExceptionResolver [http-nio-8080-exec-1] Resolved [error="invalid_request", error_description="Missing grant type"]
2020-04-07 16:05:47,712 DEBUG org.springframework.web.servlet.FrameworkServlet [http-nio-8080-exec-1] Completed 400 BAD_REQUEST
2020-04-07 16:14:05,948 INFO org.springframework.boot.SpringApplication [main] No active profile set, falling back to default profiles: default
2020-04-07 16:14:08,326 INFO org.springframework.data.repository.config.RepositoryConfigurationDelegate [main] Bootstrapping Spring Data JPA repositories in DEFAULT mode.
2020-04-07 16:14:08,584 INFO org.springframework.data.repository.config.RepositoryConfigurationDelegate [main] Finished Spring Data repository scanning in 223ms. Found 3 JPA repository interfaces.
2020-04-07 16:14:10,332 INFO org.springframework.cloud.context.scope.GenericScope [main] BeanFactory id=1b796cc2-c544-3dad-82b3-23dcf9ade759
2020-04-07 16:14:11,206 INFO org.springframework.context.support.PostProcessorRegistrationDelegate$BeanPostProcessorChecker [main] Bean 'org.springframework.security.config.annotation.configuration.ObjectPostProcessorConfiguration' of type [org.springframework.security.config.annotation.configuration.ObjectPostProcessorConfiguration] is not eligible for getting processed by all BeanPostProcessors (for example: not eligible for auto-proxying)
2020-04-07 16:14:11,226 INFO org.springframework.context.support.PostProcessorRegistrationDelegate$BeanPostProcessorChecker [main] Bean 'objectPostProcessor' of type [org.springframework.security.config.annotation.configuration.AutowireBeanFactoryObjectPostProcessor] is not eligible for getting processed by all BeanPostProcessors (for example: not eligible for auto-proxying)
2020-04-07 16:14:11,237 INFO org.springframework.context.support.PostProcessorRegistrationDelegate$BeanPostProcessorChecker [main] Bean 'org.springframework.security.access.expression.method.DefaultMethodSecurityExpressionHandler@1a531422' of type [org.springframework.security.oauth2.provider.expression.OAuth2MethodSecurityExpressionHandler] is not eligible for getting processed by all BeanPostProcessors (for example: not eligible for auto-proxying)
2020-04-07 16:14:11,240 INFO org.springframework.context.support.PostProcessorRegistrationDelegate$BeanPostProcessorChecker [main] Bean 'org.springframework.security.config.annotation.method.configuration.GlobalMethodSecurityConfiguration' of type [org.springframework.security.config.annotation.method.configuration.GlobalMethodSecurityConfiguration] is not eligible for getting processed by all BeanPostProcessors (for example: not eligible for auto-proxying)
2020-04-07 16:14:11,253 INFO org.springframework.context.support.PostProcessorRegistrationDelegate$BeanPostProcessorChecker [main] Bean 'methodSecurityMetadataSource' of type [org.springframework.security.access.method.DelegatingMethodSecurityMetadataSource] is not eligible for getting processed by all BeanPostProcessors (for example: not eligible for auto-proxying)
2020-04-07 16:14:12,226 INFO org.springframework.boot.web.embedded.tomcat.TomcatWebServer [main] Tomcat initialized with port(s): 8080 (http)
2020-04-07 16:14:12,258 INFO org.apache.juli.logging.DirectJDKLog [main] Initializing ProtocolHandler ["http-nio-8080"]
2020-04-07 16:14:12,259 INFO org.apache.juli.logging.DirectJDKLog [main] Starting service [Tomcat]
2020-04-07 16:14:12,260 INFO org.apache.juli.logging.DirectJDKLog [main] Starting Servlet engine: [Apache Tomcat/9.0.33]
2020-04-07 16:14:12,661 INFO org.apache.juli.logging.DirectJDKLog [main] Initializing Spring embedded WebApplicationContext
2020-04-07 16:14:12,662 DEBUG org.springframework.boot.web.servlet.context.ServletWebServerApplicationContext [main] Published root WebApplicationContext as ServletContext attribute with name [org.springframework.web.context.WebApplicationContext.ROOT]
2020-04-07 16:14:12,662 INFO org.springframework.boot.web.servlet.context.ServletWebServerApplicationContext [main] Root WebApplicationContext: initialization completed in 6555 ms
2020-04-07 16:14:13,746 INFO CacheConfig [main] Initializing cache.
2020-04-07 16:14:14,061 INFO org.hibernate.jpa.internal.util.LogHelper [main] HHH000204: Processing PersistenceUnitInfo [name: default]
2020-04-07 16:14:14,427 INFO org.hibernate.Version [main] HHH000412: Hibernate ORM core version 5.4.12.Final
2020-04-07 16:14:15,322 INFO org.hibernate.annotations.common.reflection.java.JavaReflectionManager [main] HCANN000001: Hibernate Commons Annotations {5.1.0.Final}
2020-04-07 16:14:15,782 INFO com.zaxxer.hikari.HikariDataSource [main] HikariPool-1 - Starting...
2020-04-07 16:14:16,113 INFO com.zaxxer.hikari.HikariDataSource [main] HikariPool-1 - Start completed.
2020-04-07 16:14:16,174 INFO org.hibernate.dialect.Dialect [main] HHH000400: Using dialect: org.hibernate.dialect.PostgreSQL10Dialect
2020-04-07 16:14:19,283 INFO org.hibernate.engine.transaction.jta.platform.internal.JtaPlatformInitiator [main] HHH000490: Using JtaPlatform implementation: [org.hibernate.engine.transaction.jta.platform.internal.NoJtaPlatform]
2020-04-07 16:14:19,676 INFO org.springframework.orm.jpa.AbstractEntityManagerFactoryBean [main] Initialized JPA EntityManagerFactory for persistence unit 'default'
2020-04-07 16:14:21,111 DEBUG org.springframework.web.filter.GenericFilterBean [main] Filter 'jwtFilter' configured for use
2020-04-07 16:14:21,247 WARN org.springframework.boot.autoconfigure.orm.jpa.JpaBaseConfiguration$JpaWebConfiguration [main] spring.jpa.open-in-view is enabled by default. Therefore, database queries may be performed during view rendering. Explicitly configure spring.jpa.open-in-view to disable this warning
2020-04-07 16:14:22,655 INFO org.springframework.security.web.DefaultSecurityFilterChain [main] Creating filter chain: Ant [pattern='/**', OPTIONS], []
2020-04-07 16:14:22,656 INFO org.springframework.security.web.DefaultSecurityFilterChain [main] Creating filter chain: Ant [pattern='/css/**'], []
2020-04-07 16:14:22,657 INFO org.springframework.security.web.DefaultSecurityFilterChain [main] Creating filter chain: Ant [pattern='/favicon.ico'], []
2020-04-07 16:14:22,658 INFO org.springframework.security.web.DefaultSecurityFilterChain [main] Creating filter chain: Ant [pattern='/js/**'], []
2020-04-07 16:14:22,659 INFO org.springframework.security.web.DefaultSecurityFilterChain [main] Creating filter chain: Ant [pattern='/img/**'], []
2020-04-07 16:14:22,660 INFO org.springframework.security.web.DefaultSecurityFilterChain [main] Creating filter chain: Ant [pattern='/fonts/**'], []
2020-04-07 16:14:22,818 INFO org.springframework.security.web.DefaultSecurityFilterChain [main] Creating filter chain: OrRequestMatcher [requestMatchers=[Ant [pattern='/oauth/token'], Ant [pattern='/oauth/token_key'], Ant [pattern='/oauth/check_token']]], [org.springframework.security.web.context.request.async.WebAsyncManagerIntegrationFilter@174da9a0, org.springframework.security.web.context.SecurityContextPersistenceFilter@489e1887, org.springframework.security.web.header.HeaderWriterFilter@2fb3c930, org.springframework.security.web.authentication.logout.LogoutFilter@4ce5013a, org.springframework.security.web.authentication.www.BasicAuthenticationFilter@5a438c0a, org.springframework.security.web.savedrequest.RequestCacheAwareFilter@6e98fd10, org.springframework.security.web.servletapi.SecurityContextHolderAwareRequestFilter@1cdbc986, org.springframework.security.web.authentication.AnonymousAuthenticationFilter@b42d1c8, org.springframework.security.web.session.SessionManagementFilter@772db1d8, org.springframework.security.web.access.ExceptionTranslationFilter@188500e9, org.springframework.security.web.access.intercept.FilterSecurityInterceptor@2fc7c36a]
2020-04-07 16:14:22,837 INFO org.springframework.security.web.DefaultSecurityFilterChain [main] Creating filter chain: any request, [org.springframework.security.web.context.request.async.WebAsyncManagerIntegrationFilter@7f289126, org.springframework.security.web.context.SecurityContextPersistenceFilter@f53db1a, org.springframework.security.web.header.HeaderWriterFilter@402d45c6, org.springframework.security.web.authentication.logout.LogoutFilter@2582e213, JwtFilter@63e4bbf9, org.springframework.security.web.savedrequest.RequestCacheAwareFilter@6870e039, org.springframework.security.web.servletapi.SecurityContextHolderAwareRequestFilter@42599b84, org.springframework.security.web.authentication.AnonymousAuthenticationFilter@22cbbe87, org.springframework.security.web.session.SessionManagementFilter@4b37b01e, org.springframework.security.web.access.ExceptionTranslationFilter@6971c6b7, org.springframework.security.web.access.intercept.FilterSecurityInterceptor@4a723adf]
2020-04-07 16:14:22,859 INFO org.springframework.security.web.DefaultSecurityFilterChain [main] Creating filter chain: ResourceServerConfig$$Lambda$951/0x00000008009b0840@2199e1a4, [org.springframework.security.web.context.request.async.WebAsyncManagerIntegrationFilter@1c63b39a, org.springframework.security.web.context.SecurityContextPersistenceFilter@8fd3eee, org.springframework.security.web.header.HeaderWriterFilter@6db99c79, org.springframework.security.web.authentication.logout.LogoutFilter@162c89ac, org.springframework.security.oauth2.provider.authentication.OAuth2AuthenticationProcessingFilter@5f171392, org.springframework.security.web.savedrequest.RequestCacheAwareFilter@d9ff1cd, org.springframework.security.web.servletapi.SecurityContextHolderAwareRequestFilter@2c64ee53, org.springframework.security.web.authentication.AnonymousAuthenticationFilter@7048d039, org.springframework.security.web.session.SessionManagementFilter@3bb186b, org.springframework.security.web.access.ExceptionTranslationFilter@79ef8115, org.springframework.security.web.access.intercept.FilterSecurityInterceptor@50177966]
2020-04-07 16:14:22,901 INFO org.springframework.security.web.DefaultSecurityFilterChain [main] Creating filter chain: any request, [org.springframework.security.web.context.request.async.WebAsyncManagerIntegrationFilter@17931cc0, org.springframework.security.web.context.SecurityContextPersistenceFilter@642693c2, org.springframework.security.web.header.HeaderWriterFilter@3f2f6818, org.springframework.security.web.csrf.CsrfFilter@49976824, org.springframework.security.web.authentication.logout.LogoutFilter@6d810e94, org.springframework.security.web.authentication.UsernamePasswordAuthenticationFilter@6b9ce7a3, org.springframework.security.web.authentication.ui.DefaultLoginPageGeneratingFilter@219bad15, org.springframework.security.web.authentication.ui.DefaultLogoutPageGeneratingFilter@7a9e44ff, org.springframework.security.web.savedrequest.RequestCacheAwareFilter@63cff421, org.springframework.security.web.servletapi.SecurityContextHolderAwareRequestFilter@27e42fe8, org.springframework.security.web.authentication.AnonymousAuthenticationFilter@1f8e1096, org.springframework.security.web.session.SessionManagementFilter@16021f6e, org.springframework.security.web.access.ExceptionTranslationFilter@2fc51562]
2020-04-07 16:14:23,485 INFO org.springframework.scheduling.concurrent.ExecutorConfigurationSupport [main] Initializing ExecutorService 'applicationTaskExecutor'
2020-04-07 16:14:23,526 DEBUG org.springframework.web.servlet.mvc.method.annotation.RequestMappingHandlerAdapter [main] ControllerAdvice beans: 0 @ModelAttribute, 0 @InitBinder, 1 RequestBodyAdvice, 1 ResponseBodyAdvice
2020-04-07 16:14:23,679 DEBUG org.springframework.web.servlet.handler.AbstractHandlerMethodMapping [main] 12 mappings in 'requestMappingHandlerMapping'
2020-04-07 16:14:23,729 DEBUG org.springframework.web.servlet.handler.AbstractDetectingUrlHandlerMapping [main] Detected 1 mappings in 'beanNameHandlerMapping'
2020-04-07 16:14:23,798 DEBUG org.springframework.web.servlet.handler.SimpleUrlHandlerMapping [main] Patterns [/webjars/**, /**] in 'resourceHandlerMapping'
2020-04-07 16:14:23,852 DEBUG org.springframework.web.servlet.mvc.method.annotation.ExceptionHandlerExceptionResolver [main] ControllerAdvice beans: 1 @ExceptionHandler, 1 ResponseBodyAdvice
2020-04-07 16:14:24,322 INFO org.springframework.scheduling.concurrent.ExecutorConfigurationSupport [main] Initializing ExecutorService 'taskScheduler'
2020-04-07 16:14:24,483 INFO org.springframework.boot.actuate.endpoint.web.EndpointLinksResolver [main] Exposing 2 endpoint(s) beneath base path '/actuator'
2020-04-07 16:14:24,615 INFO CacheScheduler [scheduling-1] Clear user cache : START
2020-04-07 16:14:24,617 INFO CacheScheduler [scheduling-1] Clear user cache : END
2020-04-07 16:14:24,618 INFO org.apache.juli.logging.DirectJDKLog [main] Starting ProtocolHandler ["http-nio-8080"]
2020-04-07 16:14:24,883 INFO org.springframework.boot.web.embedded.tomcat.TomcatWebServer [main] Tomcat started on port(s): 8080 (http) with context path ''
2020-04-07 16:14:24,897 INFO org.springframework.boot.StartupInfoLogger [main] Started PandemicUnemploymentInsuranceApplication in 22.549 seconds (JVM running for 23.921)
2020-04-07 16:14:33,783 INFO org.apache.juli.logging.DirectJDKLog [http-nio-8080-exec-1] Initializing Spring DispatcherServlet 'dispatcherServlet'
2020-04-07 16:14:33,784 INFO org.springframework.web.servlet.FrameworkServlet [http-nio-8080-exec-1] Initializing Servlet 'dispatcherServlet'
2020-04-07 16:14:33,786 DEBUG org.springframework.web.servlet.DispatcherServlet [http-nio-8080-exec-1] Detected StandardServletMultipartResolver
2020-04-07 16:14:33,856 DEBUG org.springframework.web.servlet.FrameworkServlet [http-nio-8080-exec-1] enableLoggingRequestDetails='false': request parameters and headers will be masked to prevent unsafe logging of potentially sensitive data
2020-04-07 16:14:33,856 INFO org.springframework.web.servlet.FrameworkServlet [http-nio-8080-exec-1] Completed initialization in 71 ms
2020-04-07 16:14:34,096 DEBUG org.springframework.core.log.LogFormatUtils [http-nio-8080-exec-1] POST "/oauth/token", parameters={}
2020-04-07 16:14:34,234 DEBUG org.springframework.web.servlet.mvc.method.annotation.ExceptionHandlerExceptionResolver [http-nio-8080-exec-1] Using @ExceptionHandler org.springframework.security.oauth2.provider.endpoint.TokenEndpoint#handleException(OAuth2Exception)
2020-04-07 16:14:34,236 WARN org.springframework.security.oauth2.provider.endpoint.TokenEndpoint [http-nio-8080-exec-1] Handling error: InvalidRequestException, Missing grant type
2020-04-07 16:14:34,490 DEBUG org.springframework.web.servlet.mvc.method.annotation.AbstractMessageConverterMethodProcessor [http-nio-8080-exec-1] Using 'application/json', given [*/*] and supported [application/json, application/*+json, application/json, application/*+json]
2020-04-07 16:14:34,497 DEBUG org.springframework.core.log.LogFormatUtils [http-nio-8080-exec-1] Writing [error="invalid_request", error_description="Missing grant type"]
2020-04-07 16:14:34,685 DEBUG org.springframework.web.servlet.handler.AbstractHandlerExceptionResolver [http-nio-8080-exec-1] Resolved [error="invalid_request", error_description="Missing grant type"]
2020-04-07 16:14:34,687 DEBUG org.springframework.web.servlet.FrameworkServlet [http-nio-8080-exec-1] Completed 400 BAD_REQUEST
2020-04-07 16:23:27,962 INFO org.springframework.boot.SpringApplication [main] No active profile set, falling back to default profiles: default
2020-04-07 16:23:30,213 INFO org.springframework.data.repository.config.RepositoryConfigurationDelegate [main] Bootstrapping Spring Data JPA repositories in DEFAULT mode.
2020-04-07 16:23:30,467 INFO org.springframework.data.repository.config.RepositoryConfigurationDelegate [main] Finished Spring Data repository scanning in 221ms. Found 3 JPA repository interfaces.
2020-04-07 16:23:32,201 INFO org.springframework.cloud.context.scope.GenericScope [main] BeanFactory id=a9bda903-0723-3a60-82b4-83034435a9bd
2020-04-07 16:23:34,025 INFO org.springframework.boot.web.embedded.tomcat.TomcatWebServer [main] Tomcat initialized with port(s): 8080 (http)
2020-04-07 16:23:34,062 INFO org.apache.juli.logging.DirectJDKLog [main] Initializing ProtocolHandler ["http-nio-8080"]
2020-04-07 16:23:34,064 INFO org.apache.juli.logging.DirectJDKLog [main] Starting service [Tomcat]
2020-04-07 16:23:34,065 INFO org.apache.juli.logging.DirectJDKLog [main] Starting Servlet engine: [Apache Tomcat/9.0.33]
2020-04-07 16:23:34,475 INFO org.apache.juli.logging.DirectJDKLog [main] Initializing Spring embedded WebApplicationContext
2020-04-07 16:23:34,476 DEBUG org.springframework.boot.web.servlet.context.ServletWebServerApplicationContext [main] Published root WebApplicationContext as ServletContext attribute with name [org.springframework.web.context.WebApplicationContext.ROOT]
2020-04-07 16:23:34,476 INFO org.springframework.boot.web.servlet.context.ServletWebServerApplicationContext [main] Root WebApplicationContext: initialization completed in 6408 ms
2020-04-07 16:23:35,587 INFO CacheConfig [main] Initializing cache.
2020-04-07 16:23:35,836 INFO org.hibernate.jpa.internal.util.LogHelper [main] HHH000204: Processing PersistenceUnitInfo [name: default]
2020-04-07 16:23:36,095 INFO org.hibernate.Version [main] HHH000412: Hibernate ORM core version 5.4.12.Final
2020-04-07 16:23:36,718 INFO org.hibernate.annotations.common.reflection.java.JavaReflectionManager [main] HCANN000001: Hibernate Commons Annotations {5.1.0.Final}
2020-04-07 16:23:37,095 INFO com.zaxxer.hikari.HikariDataSource [main] HikariPool-1 - Starting...
2020-04-07 16:23:37,456 INFO com.zaxxer.hikari.HikariDataSource [main] HikariPool-1 - Start completed.
2020-04-07 16:23:37,514 INFO org.hibernate.dialect.Dialect [main] HHH000400: Using dialect: org.hibernate.dialect.PostgreSQL10Dialect
2020-04-07 16:23:40,733 INFO org.hibernate.engine.transaction.jta.platform.internal.JtaPlatformInitiator [main] HHH000490: Using JtaPlatform implementation: [org.hibernate.engine.transaction.jta.platform.internal.NoJtaPlatform]
2020-04-07 16:23:41,070 INFO org.springframework.orm.jpa.AbstractEntityManagerFactoryBean [main] Initialized JPA EntityManagerFactory for persistence unit 'default'
2020-04-07 16:23:42,432 DEBUG org.springframework.web.filter.GenericFilterBean [main] Filter 'jwtFilter' configured for use
2020-04-07 16:23:42,572 WARN org.springframework.boot.autoconfigure.orm.jpa.JpaBaseConfiguration$JpaWebConfiguration [main] spring.jpa.open-in-view is enabled by default. Therefore, database queries may be performed during view rendering. Explicitly configure spring.jpa.open-in-view to disable this warning
2020-04-07 16:23:43,795 INFO org.springframework.scheduling.concurrent.ExecutorConfigurationSupport [main] Initializing ExecutorService 'applicationTaskExecutor'
2020-04-07 16:23:43,839 DEBUG org.springframework.web.servlet.mvc.method.annotation.RequestMappingHandlerAdapter [main] ControllerAdvice beans: 0 @ModelAttribute, 0 @InitBinder, 1 RequestBodyAdvice, 1 ResponseBodyAdvice
2020-04-07 16:23:43,994 DEBUG org.springframework.web.servlet.handler.AbstractHandlerMethodMapping [main] 12 mappings in 'requestMappingHandlerMapping'
2020-04-07 16:23:44,028 DEBUG org.springframework.web.servlet.handler.AbstractDetectingUrlHandlerMapping [main] Detected 1 mappings in 'beanNameHandlerMapping'
2020-04-07 16:23:44,108 DEBUG org.springframework.web.servlet.handler.SimpleUrlHandlerMapping [main] Patterns [/webjars/**, /**] in 'resourceHandlerMapping'
2020-04-07 16:23:44,152 DEBUG org.springframework.web.servlet.mvc.method.annotation.ExceptionHandlerExceptionResolver [main] ControllerAdvice beans: 1 @ExceptionHandler, 1 ResponseBodyAdvice
2020-04-07 16:23:53,069 INFO org.springframework.security.web.DefaultSecurityFilterChain [main] Creating filter chain: Ant [pattern='/**', OPTIONS], []
2020-04-07 16:23:53,070 INFO org.springframework.security.web.DefaultSecurityFilterChain [main] Creating filter chain: Ant [pattern='/css/**'], []
2020-04-07 16:23:53,071 INFO org.springframework.security.web.DefaultSecurityFilterChain [main] Creating filter chain: Ant [pattern='/favicon.ico'], []
2020-04-07 16:23:53,072 INFO org.springframework.security.web.DefaultSecurityFilterChain [main] Creating filter chain: Ant [pattern='/js/**'], []
2020-04-07 16:23:53,073 INFO org.springframework.security.web.DefaultSecurityFilterChain [main] Creating filter chain: Ant [pattern='/img/**'], []
2020-04-07 16:23:53,074 INFO org.springframework.security.web.DefaultSecurityFilterChain [main] Creating filter chain: Ant [pattern='/fonts/**'], []
2020-04-07 16:23:53,255 INFO org.springframework.security.web.DefaultSecurityFilterChain [main] Creating filter chain: OrRequestMatcher [requestMatchers=[Ant [pattern='/oauth/token'], Ant [pattern='/oauth/token_key'], Ant [pattern='/oauth/check_token']]], [org.springframework.security.web.context.request.async.WebAsyncManagerIntegrationFilter@5cd5e1b6, org.springframework.security.web.context.SecurityContextPersistenceFilter@66464f27, org.springframework.security.web.header.HeaderWriterFilter@1b5a3bba, org.springframework.security.web.authentication.logout.LogoutFilter@5f6dd89c, org.springframework.security.web.authentication.www.BasicAuthenticationFilter@eb65fc8, org.springframework.security.web.savedrequest.RequestCacheAwareFilter@13198b8e, org.springframework.security.web.servletapi.SecurityContextHolderAwareRequestFilter@69a14512, org.springframework.security.web.authentication.AnonymousAuthenticationFilter@220a7f95, org.springframework.security.web.session.SessionManagementFilter@67c020c8, org.springframework.security.web.access.ExceptionTranslationFilter@29422e61, org.springframework.security.web.access.intercept.FilterSecurityInterceptor@12b962b1]
2020-04-07 16:23:53,269 INFO org.springframework.security.web.DefaultSecurityFilterChain [main] Creating filter chain: any request, [org.springframework.security.web.context.request.async.WebAsyncManagerIntegrationFilter@349504d5, org.springframework.security.web.context.SecurityContextPersistenceFilter@57f31caf, org.springframework.security.web.header.HeaderWriterFilter@943d0c2, org.springframework.security.web.authentication.logout.LogoutFilter@ae49f31, JwtFilter@69cc3370, org.springframework.security.web.savedrequest.RequestCacheAwareFilter@5c088d72, org.springframework.security.web.servletapi.SecurityContextHolderAwareRequestFilter@4bda93f1, org.springframework.security.web.authentication.AnonymousAuthenticationFilter@347770a9, org.springframework.security.web.session.SessionManagementFilter@529b8e41, org.springframework.security.web.access.ExceptionTranslationFilter@5e2abb58, org.springframework.security.web.access.intercept.FilterSecurityInterceptor@3de507af]
2020-04-07 16:23:53,388 INFO org.springframework.scheduling.concurrent.ExecutorConfigurationSupport [main] Initializing ExecutorService 'taskScheduler'
2020-04-07 16:23:53,496 INFO org.springframework.boot.actuate.endpoint.web.EndpointLinksResolver [main] Exposing 2 endpoint(s) beneath base path '/actuator'
2020-04-07 16:23:53,696 INFO CacheScheduler [scheduling-1] Clear user cache : START
2020-04-07 16:23:53,700 INFO CacheScheduler [scheduling-1] Clear user cache : END
2020-04-07 16:23:53,701 INFO org.apache.juli.logging.DirectJDKLog [main] Starting ProtocolHandler ["http-nio-8080"]
2020-04-07 16:23:53,807 INFO org.springframework.boot.web.embedded.tomcat.TomcatWebServer [main] Tomcat started on port(s): 8080 (http) with context path ''
2020-04-07 16:23:53,820 INFO org.springframework.boot.StartupInfoLogger [main] Started PandemicUnemploymentInsuranceApplication in 29.358 seconds (JVM running for 30.846)
2020-04-07 16:24:07,987 INFO org.apache.juli.logging.DirectJDKLog [http-nio-8080-exec-1] Initializing Spring DispatcherServlet 'dispatcherServlet'
2020-04-07 16:24:07,989 INFO org.springframework.web.servlet.FrameworkServlet [http-nio-8080-exec-1] Initializing Servlet 'dispatcherServlet'
2020-04-07 16:24:07,991 DEBUG org.springframework.web.servlet.DispatcherServlet [http-nio-8080-exec-1] Detected StandardServletMultipartResolver
2020-04-07 16:24:08,028 DEBUG org.springframework.web.servlet.FrameworkServlet [http-nio-8080-exec-1] enableLoggingRequestDetails='false': request parameters and headers will be masked to prevent unsafe logging of potentially sensitive data
2020-04-07 16:24:08,029 INFO org.springframework.web.servlet.FrameworkServlet [http-nio-8080-exec-1] Completed initialization in 39 ms
2020-04-07 16:24:08,168 DEBUG org.springframework.core.log.LogFormatUtils [http-nio-8080-exec-1] POST "/oauth/token", parameters={}
2020-04-07 16:24:08,238 DEBUG org.springframework.web.servlet.mvc.method.annotation.ExceptionHandlerExceptionResolver [http-nio-8080-exec-1] Using @ExceptionHandler org.springframework.security.oauth2.provider.endpoint.TokenEndpoint#handleException(OAuth2Exception)
2020-04-07 16:24:08,242 WARN org.springframework.security.oauth2.provider.endpoint.TokenEndpoint [http-nio-8080-exec-1] Handling error: InvalidRequestException, Missing grant type
2020-04-07 16:24:08,366 DEBUG org.springframework.web.servlet.mvc.method.annotation.AbstractMessageConverterMethodProcessor [http-nio-8080-exec-1] Using 'application/json', given [*/*] and supported [application/json, application/*+json, application/json, application/*+json]
2020-04-07 16:24:08,373 DEBUG org.springframework.core.log.LogFormatUtils [http-nio-8080-exec-1] Writing [error="invalid_request", error_description="Missing grant type"]
2020-04-07 16:24:08,427 DEBUG org.springframework.web.servlet.handler.AbstractHandlerExceptionResolver [http-nio-8080-exec-1] Resolved [error="invalid_request", error_description="Missing grant type"]
2020-04-07 16:24:08,429 DEBUG org.springframework.web.servlet.FrameworkServlet [http-nio-8080-exec-1] Completed 400 BAD_REQUEST
2020-04-07 16:25:45,098 INFO org.springframework.boot.SpringApplication [main] No active profile set, falling back to default profiles: default
2020-04-07 16:25:47,190 INFO org.springframework.data.repository.config.RepositoryConfigurationDelegate [main] Bootstrapping Spring Data JPA repositories in DEFAULT mode.
2020-04-07 16:25:47,474 INFO org.springframework.data.repository.config.RepositoryConfigurationDelegate [main] Finished Spring Data repository scanning in 257ms. Found 3 JPA repository interfaces.
2020-04-07 16:25:49,188 INFO org.springframework.cloud.context.scope.GenericScope [main] BeanFactory id=a9bda903-0723-3a60-82b4-83034435a9bd
2020-04-07 16:25:50,836 INFO org.springframework.boot.web.embedded.tomcat.TomcatWebServer [main] Tomcat initialized with port(s): 8080 (http)
2020-04-07 16:25:50,900 INFO org.apache.juli.logging.DirectJDKLog [main] Initializing ProtocolHandler ["http-nio-8080"]
2020-04-07 16:25:50,901 INFO org.apache.juli.logging.DirectJDKLog [main] Starting service [Tomcat]
2020-04-07 16:25:50,902 INFO org.apache.juli.logging.DirectJDKLog [main] Starting Servlet engine: [Apache Tomcat/9.0.33]
2020-04-07 16:25:51,321 INFO org.apache.juli.logging.DirectJDKLog [main] Initializing Spring embedded WebApplicationContext
2020-04-07 16:25:51,322 DEBUG org.springframework.boot.web.servlet.context.ServletWebServerApplicationContext [main] Published root WebApplicationContext as ServletContext attribute with name [org.springframework.web.context.WebApplicationContext.ROOT]
2020-04-07 16:25:51,324 INFO org.springframework.boot.web.servlet.context.ServletWebServerApplicationContext [main] Root WebApplicationContext: initialization completed in 6080 ms
2020-04-07 16:25:52,264 INFO CacheConfig [main] Initializing cache.
2020-04-07 16:25:52,489 INFO org.hibernate.jpa.internal.util.LogHelper [main] HHH000204: Processing PersistenceUnitInfo [name: default]
2020-04-07 16:25:52,707 INFO org.hibernate.Version [main] HHH000412: Hibernate ORM core version 5.4.12.Final
2020-04-07 16:25:53,251 INFO org.hibernate.annotations.common.reflection.java.JavaReflectionManager [main] HCANN000001: Hibernate Commons Annotations {5.1.0.Final}
2020-04-07 16:25:53,579 INFO com.zaxxer.hikari.HikariDataSource [main] HikariPool-1 - Starting...
2020-04-07 16:25:53,858 INFO com.zaxxer.hikari.HikariDataSource [main] HikariPool-1 - Start completed.
2020-04-07 16:25:53,930 INFO org.hibernate.dialect.Dialect [main] HHH000400: Using dialect: org.hibernate.dialect.PostgreSQL10Dialect
2020-04-07 16:25:57,025 INFO org.hibernate.engine.transaction.jta.platform.internal.JtaPlatformInitiator [main] HHH000490: Using JtaPlatform implementation: [org.hibernate.engine.transaction.jta.platform.internal.NoJtaPlatform]
2020-04-07 16:25:57,362 INFO org.springframework.orm.jpa.AbstractEntityManagerFactoryBean [main] Initialized JPA EntityManagerFactory for persistence unit 'default'
2020-04-07 16:25:58,958 DEBUG org.springframework.web.filter.GenericFilterBean [main] Filter 'jwtFilter' configured for use
2020-04-07 16:25:59,183 WARN org.springframework.boot.autoconfigure.orm.jpa.JpaBaseConfiguration$JpaWebConfiguration [main] spring.jpa.open-in-view is enabled by default. Therefore, database queries may be performed during view rendering. Explicitly configure spring.jpa.open-in-view to disable this warning
2020-04-07 16:26:00,773 INFO org.springframework.scheduling.concurrent.ExecutorConfigurationSupport [main] Initializing ExecutorService 'applicationTaskExecutor'
2020-04-07 16:26:00,802 DEBUG org.springframework.web.servlet.mvc.method.annotation.RequestMappingHandlerAdapter [main] ControllerAdvice beans: 0 @ModelAttribute, 0 @InitBinder, 1 RequestBodyAdvice, 1 ResponseBodyAdvice
2020-04-07 16:26:00,957 DEBUG org.springframework.web.servlet.handler.AbstractHandlerMethodMapping [main] 12 mappings in 'requestMappingHandlerMapping'
2020-04-07 16:26:01,028 DEBUG org.springframework.web.servlet.handler.AbstractDetectingUrlHandlerMapping [main] Detected 1 mappings in 'beanNameHandlerMapping'
2020-04-07 16:26:01,112 DEBUG org.springframework.web.servlet.handler.SimpleUrlHandlerMapping [main] Patterns [/webjars/**, /**] in 'resourceHandlerMapping'
2020-04-07 16:26:01,163 DEBUG org.springframework.web.servlet.mvc.method.annotation.ExceptionHandlerExceptionResolver [main] ControllerAdvice beans: 1 @ExceptionHandler, 1 ResponseBodyAdvice
2020-04-07 16:26:02,270 INFO org.springframework.security.web.DefaultSecurityFilterChain [main] Creating filter chain: Ant [pattern='/**', OPTIONS], []
2020-04-07 16:26:02,273 INFO org.springframework.security.web.DefaultSecurityFilterChain [main] Creating filter chain: Ant [pattern='/css/**'], []
2020-04-07 16:26:02,274 INFO org.springframework.security.web.DefaultSecurityFilterChain [main] Creating filter chain: Ant [pattern='/favicon.ico'], []
2020-04-07 16:26:02,275 INFO org.springframework.security.web.DefaultSecurityFilterChain [main] Creating filter chain: Ant [pattern='/js/**'], []
2020-04-07 16:26:02,275 INFO org.springframework.security.web.DefaultSecurityFilterChain [main] Creating filter chain: Ant [pattern='/img/**'], []
2020-04-07 16:26:02,276 INFO org.springframework.security.web.DefaultSecurityFilterChain [main] Creating filter chain: Ant [pattern='/fonts/**'], []
2020-04-07 16:26:02,429 INFO org.springframework.security.web.DefaultSecurityFilterChain [main] Creating filter chain: OrRequestMatcher [requestMatchers=[Ant [pattern='/oauth/token'], Ant [pattern='/oauth/token_key'], Ant [pattern='/oauth/check_token']]], [org.springframework.security.web.context.request.async.WebAsyncManagerIntegrationFilter@5a004dd4, org.springframework.security.web.context.SecurityContextPersistenceFilter@76ac3ad0, org.springframework.security.web.header.HeaderWriterFilter@149bdb4e, org.springframework.security.web.authentication.logout.LogoutFilter@41dcfd0, org.springframework.security.web.authentication.www.BasicAuthenticationFilter@27879518, org.springframework.security.web.savedrequest.RequestCacheAwareFilter@4ff5711b, org.springframework.security.web.servletapi.SecurityContextHolderAwareRequestFilter@149e457, org.springframework.security.web.authentication.AnonymousAuthenticationFilter@5afbbf9b, org.springframework.security.web.session.SessionManagementFilter@37ecc472, org.springframework.security.web.access.ExceptionTranslationFilter@57596d71, org.springframework.security.web.access.intercept.FilterSecurityInterceptor@10c11e36]
2020-04-07 16:26:02,441 INFO org.springframework.security.web.DefaultSecurityFilterChain [main] Creating filter chain: any request, [org.springframework.security.web.context.request.async.WebAsyncManagerIntegrationFilter@5d18a787, org.springframework.security.web.context.SecurityContextPersistenceFilter@41030c21, org.springframework.security.web.header.HeaderWriterFilter@13515709, org.springframework.security.web.authentication.logout.LogoutFilter@371fdf43, JwtFilter@5a2297d7, org.springframework.security.web.savedrequest.RequestCacheAwareFilter@3c5797c6, org.springframework.security.web.servletapi.SecurityContextHolderAwareRequestFilter@2527765a, org.springframework.security.web.authentication.AnonymousAuthenticationFilter@3c48bbf3, org.springframework.security.web.session.SessionManagementFilter@1b3a1e42, org.springframework.security.web.access.ExceptionTranslationFilter@2b3ac26d, org.springframework.security.web.access.intercept.FilterSecurityInterceptor@399ac1a3]
2020-04-07 16:26:02,547 INFO org.springframework.scheduling.concurrent.ExecutorConfigurationSupport [main] Initializing ExecutorService 'taskScheduler'
2020-04-07 16:26:02,712 INFO org.springframework.boot.actuate.endpoint.web.EndpointLinksResolver [main] Exposing 2 endpoint(s) beneath base path '/actuator'
2020-04-07 16:26:02,840 INFO CacheScheduler [scheduling-1] Clear user cache : START
2020-04-07 16:26:02,843 INFO CacheScheduler [scheduling-1] Clear user cache : END
2020-04-07 16:26:02,844 INFO org.apache.juli.logging.DirectJDKLog [main] Starting ProtocolHandler ["http-nio-8080"]
2020-04-07 16:26:02,950 INFO org.springframework.boot.web.embedded.tomcat.TomcatWebServer [main] Tomcat started on port(s): 8080 (http) with context path ''
2020-04-07 16:26:02,962 INFO org.springframework.boot.StartupInfoLogger [main] Started PandemicUnemploymentInsuranceApplication in 21.491 seconds (JVM running for 23.194)
2020-04-07 16:26:17,513 INFO org.apache.juli.logging.DirectJDKLog [http-nio-8080-exec-1] Initializing Spring DispatcherServlet 'dispatcherServlet'
2020-04-07 16:26:17,515 INFO org.springframework.web.servlet.FrameworkServlet [http-nio-8080-exec-1] Initializing Servlet 'dispatcherServlet'
2020-04-07 16:26:17,517 DEBUG org.springframework.web.servlet.DispatcherServlet [http-nio-8080-exec-1] Detected StandardServletMultipartResolver
2020-04-07 16:26:17,553 DEBUG org.springframework.web.servlet.FrameworkServlet [http-nio-8080-exec-1] enableLoggingRequestDetails='false': request parameters and headers will be masked to prevent unsafe logging of potentially sensitive data
2020-04-07 16:26:17,554 INFO org.springframework.web.servlet.FrameworkServlet [http-nio-8080-exec-1] Completed initialization in 38 ms
2020-04-07 16:26:17,660 DEBUG org.springframework.core.log.LogFormatUtils [http-nio-8080-exec-1] POST "/oauth/token", parameters={}
2020-04-07 16:26:17,717 DEBUG org.springframework.web.servlet.mvc.method.annotation.ExceptionHandlerExceptionResolver [http-nio-8080-exec-1] Using @ExceptionHandler org.springframework.security.oauth2.provider.endpoint.TokenEndpoint#handleException(OAuth2Exception)
2020-04-07 16:26:17,718 WARN org.springframework.security.oauth2.provider.endpoint.TokenEndpoint [http-nio-8080-exec-1] Handling error: InvalidRequestException, Missing grant type
2020-04-07 16:26:17,827 DEBUG org.springframework.web.servlet.mvc.method.annotation.AbstractMessageConverterMethodProcessor [http-nio-8080-exec-1] Using 'application/json', given [*/*] and supported [application/json, application/*+json, application/json, application/*+json]
2020-04-07 16:26:17,832 DEBUG org.springframework.core.log.LogFormatUtils [http-nio-8080-exec-1] Writing [error="invalid_request", error_description="Missing grant type"]
2020-04-07 16:26:17,868 DEBUG org.springframework.web.servlet.handler.AbstractHandlerExceptionResolver [http-nio-8080-exec-1] Resolved [error="invalid_request", error_description="Missing grant type"]
2020-04-07 16:26:17,869 DEBUG org.springframework.web.servlet.FrameworkServlet [http-nio-8080-exec-1] Completed 400 BAD_REQUEST
2020-04-07 16:26:44,473 DEBUG org.springframework.core.log.LogFormatUtils [http-nio-8080-exec-2] POST "/oauth/token", parameters={}
2020-04-07 16:26:44,495 DEBUG org.springframework.web.servlet.mvc.method.annotation.ExceptionHandlerExceptionResolver [http-nio-8080-exec-2] Using @ExceptionHandler org.springframework.security.oauth2.provider.endpoint.TokenEndpoint#handleException(OAuth2Exception)
2020-04-07 16:26:44,496 WARN org.springframework.security.oauth2.provider.endpoint.TokenEndpoint [http-nio-8080-exec-2] Handling error: InvalidRequestException, Missing grant type
2020-04-07 16:26:44,500 DEBUG org.springframework.web.servlet.mvc.method.annotation.AbstractMessageConverterMethodProcessor [http-nio-8080-exec-2] Using 'application/json', given [*/*] and supported [application/json, application/*+json, application/json, application/*+json]
2020-04-07 16:26:44,501 DEBUG org.springframework.core.log.LogFormatUtils [http-nio-8080-exec-2] Writing [error="invalid_request", error_description="Missing grant type"]
2020-04-07 16:26:44,507 DEBUG org.springframework.web.servlet.handler.AbstractHandlerExceptionResolver [http-nio-8080-exec-2] Resolved [error="invalid_request", error_description="Missing grant type"]
2020-04-07 16:26:44,508 DEBUG org.springframework.web.servlet.FrameworkServlet [http-nio-8080-exec-2] Completed 400 BAD_REQUEST
2020-04-07 16:29:05,920 INFO org.springframework.boot.SpringApplication [main] No active profile set, falling back to default profiles: default
2020-04-07 16:29:08,471 INFO org.springframework.data.repository.config.RepositoryConfigurationDelegate [main] Bootstrapping Spring Data JPA repositories in DEFAULT mode.
2020-04-07 16:29:08,734 INFO org.springframework.data.repository.config.RepositoryConfigurationDelegate [main] Finished Spring Data repository scanning in 224ms. Found 3 JPA repository interfaces.
2020-04-07 16:29:10,769 INFO org.springframework.cloud.context.scope.GenericScope [main] BeanFactory id=eb877d82-ebc1-3005-816d-0016e7a6011d
2020-04-07 16:29:12,676 INFO org.springframework.boot.web.embedded.tomcat.TomcatWebServer [main] Tomcat initialized with port(s): 8080 (http)
2020-04-07 16:29:12,721 INFO org.apache.juli.logging.DirectJDKLog [main] Initializing ProtocolHandler ["http-nio-8080"]
2020-04-07 16:29:12,724 INFO org.apache.juli.logging.DirectJDKLog [main] Starting service [Tomcat]
2020-04-07 16:29:12,726 INFO org.apache.juli.logging.DirectJDKLog [main] Starting Servlet engine: [Apache Tomcat/9.0.33]
2020-04-07 16:29:13,153 INFO org.apache.juli.logging.DirectJDKLog [main] Initializing Spring embedded WebApplicationContext
2020-04-07 16:29:13,154 DEBUG org.springframework.boot.web.servlet.context.ServletWebServerApplicationContext [main] Published root WebApplicationContext as ServletContext attribute with name [org.springframework.web.context.WebApplicationContext.ROOT]
2020-04-07 16:29:13,156 INFO org.springframework.boot.web.servlet.context.ServletWebServerApplicationContext [main] Root WebApplicationContext: initialization completed in 7091 ms
2020-04-07 16:29:14,224 INFO CacheConfig [main] Initializing cache.
2020-04-07 16:29:14,492 INFO org.hibernate.jpa.internal.util.LogHelper [main] HHH000204: Processing PersistenceUnitInfo [name: default]
2020-04-07 16:29:14,730 INFO org.hibernate.Version [main] HHH000412: Hibernate ORM core version 5.4.12.Final
2020-04-07 16:29:15,381 INFO org.hibernate.annotations.common.reflection.java.JavaReflectionManager [main] HCANN000001: Hibernate Commons Annotations {5.1.0.Final}
2020-04-07 16:29:15,772 INFO com.zaxxer.hikari.HikariDataSource [main] HikariPool-1 - Starting...
2020-04-07 16:29:16,106 INFO com.zaxxer.hikari.HikariDataSource [main] HikariPool-1 - Start completed.
2020-04-07 16:29:16,185 INFO org.hibernate.dialect.Dialect [main] HHH000400: Using dialect: org.hibernate.dialect.PostgreSQL10Dialect
2020-04-07 16:29:19,140 INFO org.hibernate.engine.transaction.jta.platform.internal.JtaPlatformInitiator [main] HHH000490: Using JtaPlatform implementation: [org.hibernate.engine.transaction.jta.platform.internal.NoJtaPlatform]
2020-04-07 16:29:19,464 INFO org.springframework.orm.jpa.AbstractEntityManagerFactoryBean [main] Initialized JPA EntityManagerFactory for persistence unit 'default'
2020-04-07 16:29:20,907 DEBUG org.springframework.web.filter.GenericFilterBean [main] Filter 'jwtFilter' configured for use
2020-04-07 16:29:21,083 WARN org.springframework.boot.autoconfigure.orm.jpa.JpaBaseConfiguration$JpaWebConfiguration [main] spring.jpa.open-in-view is enabled by default. Therefore, database queries may be performed during view rendering. Explicitly configure spring.jpa.open-in-view to disable this warning
2020-04-07 16:29:22,374 INFO org.springframework.scheduling.concurrent.ExecutorConfigurationSupport [main] Initializing ExecutorService 'applicationTaskExecutor'
2020-04-07 16:29:22,417 DEBUG org.springframework.web.servlet.mvc.method.annotation.RequestMappingHandlerAdapter [main] ControllerAdvice beans: 0 @ModelAttribute, 0 @InitBinder, 1 RequestBodyAdvice, 1 ResponseBodyAdvice
2020-04-07 16:29:22,565 DEBUG org.springframework.web.servlet.handler.AbstractHandlerMethodMapping [main] 12 mappings in 'requestMappingHandlerMapping'
2020-04-07 16:29:22,631 DEBUG org.springframework.web.servlet.handler.AbstractDetectingUrlHandlerMapping [main] Detected 1 mappings in 'beanNameHandlerMapping'
2020-04-07 16:29:22,705 DEBUG org.springframework.web.servlet.handler.SimpleUrlHandlerMapping [main] Patterns [/webjars/**, /**] in 'resourceHandlerMapping'
2020-04-07 16:29:22,745 DEBUG org.springframework.web.servlet.mvc.method.annotation.ExceptionHandlerExceptionResolver [main] ControllerAdvice beans: 1 @ExceptionHandler, 1 ResponseBodyAdvice
2020-04-07 16:29:23,998 INFO org.springframework.security.web.DefaultSecurityFilterChain [main] Creating filter chain: Ant [pattern='/**', OPTIONS], []
2020-04-07 16:29:23,999 INFO org.springframework.security.web.DefaultSecurityFilterChain [main] Creating filter chain: Ant [pattern='/css/**'], []
2020-04-07 16:29:24,000 INFO org.springframework.security.web.DefaultSecurityFilterChain [main] Creating filter chain: Ant [pattern='/favicon.ico'], []
2020-04-07 16:29:24,002 INFO org.springframework.security.web.DefaultSecurityFilterChain [main] Creating filter chain: Ant [pattern='/js/**'], []
2020-04-07 16:29:24,004 INFO org.springframework.security.web.DefaultSecurityFilterChain [main] Creating filter chain: Ant [pattern='/img/**'], []
2020-04-07 16:29:24,008 INFO org.springframework.security.web.DefaultSecurityFilterChain [main] Creating filter chain: Ant [pattern='/fonts/**'], []
2020-04-07 16:29:24,174 INFO org.springframework.security.web.DefaultSecurityFilterChain [main] Creating filter chain: OrRequestMatcher [requestMatchers=[Ant [pattern='/oauth/token'], Ant [pattern='/oauth/token_key'], Ant [pattern='/oauth/check_token']]], [org.springframework.security.web.context.request.async.WebAsyncManagerIntegrationFilter@4fe87cb9, org.springframework.security.web.context.SecurityContextPersistenceFilter@24710e61, org.springframework.security.web.header.HeaderWriterFilter@70eced1f, org.springframework.security.web.authentication.logout.LogoutFilter@3285c141, org.springframework.security.web.authentication.www.BasicAuthenticationFilter@1277a6a1, org.springframework.security.web.savedrequest.RequestCacheAwareFilter@209ab1d7, org.springframework.security.web.servletapi.SecurityContextHolderAwareRequestFilter@5afbbf9b, org.springframework.security.web.authentication.AnonymousAuthenticationFilter@6e212f38, org.springframework.security.web.session.SessionManagementFilter@517d68b8, org.springframework.security.web.access.ExceptionTranslationFilter@73e0c775, org.springframework.security.web.access.intercept.FilterSecurityInterceptor@29f3ea39]
2020-04-07 16:29:24,193 INFO org.springframework.security.web.DefaultSecurityFilterChain [main] Creating filter chain: any request, [org.springframework.security.web.context.request.async.WebAsyncManagerIntegrationFilter@53741683, org.springframework.security.web.context.SecurityContextPersistenceFilter@4d609cc3, org.springframework.security.web.header.HeaderWriterFilter@4b548913, org.springframework.security.web.authentication.logout.LogoutFilter@267a0b6a, JwtFilter@eb66b47, org.springframework.security.web.savedrequest.RequestCacheAwareFilter@158e3a79, org.springframework.security.web.servletapi.SecurityContextHolderAwareRequestFilter@7a7d25ca, org.springframework.security.web.authentication.AnonymousAuthenticationFilter@36134f3, org.springframework.security.web.session.SessionManagementFilter@31048b3d, org.springframework.security.web.access.ExceptionTranslationFilter@f3ae18f, org.springframework.security.web.access.intercept.FilterSecurityInterceptor@3df79197]
2020-04-07 16:29:24,446 INFO org.springframework.scheduling.concurrent.ExecutorConfigurationSupport [main] Initializing ExecutorService 'taskScheduler'
2020-04-07 16:29:24,624 INFO org.springframework.boot.actuate.endpoint.web.EndpointLinksResolver [main] Exposing 2 endpoint(s) beneath base path '/actuator'
2020-04-07 16:29:24,778 INFO CacheScheduler [scheduling-1] Clear user cache : START
2020-04-07 16:29:24,781 INFO CacheScheduler [scheduling-1] Clear user cache : END
2020-04-07 16:29:24,785 INFO org.apache.juli.logging.DirectJDKLog [main] Starting ProtocolHandler ["http-nio-8080"]
2020-04-07 16:29:24,938 INFO org.springframework.boot.web.embedded.tomcat.TomcatWebServer [main] Tomcat started on port(s): 8080 (http) with context path ''
2020-04-07 16:29:24,953 INFO org.springframework.boot.StartupInfoLogger [main] Started PandemicUnemploymentInsuranceApplication in 22.802 seconds (JVM running for 24.572)
2020-04-07 16:29:42,290 INFO org.apache.juli.logging.DirectJDKLog [http-nio-8080-exec-1] Initializing Spring DispatcherServlet 'dispatcherServlet'
2020-04-07 16:29:42,292 INFO org.springframework.web.servlet.FrameworkServlet [http-nio-8080-exec-1] Initializing Servlet 'dispatcherServlet'
2020-04-07 16:29:42,293 DEBUG org.springframework.web.servlet.DispatcherServlet [http-nio-8080-exec-1] Detected StandardServletMultipartResolver
2020-04-07 16:29:42,330 DEBUG org.springframework.web.servlet.FrameworkServlet [http-nio-8080-exec-1] enableLoggingRequestDetails='false': request parameters and headers will be masked to prevent unsafe logging of potentially sensitive data
2020-04-07 16:29:42,331 INFO org.springframework.web.servlet.FrameworkServlet [http-nio-8080-exec-1] Completed initialization in 38 ms
2020-04-07 16:29:42,437 DEBUG org.springframework.core.log.LogFormatUtils [http-nio-8080-exec-1] POST "/oauth/token", parameters={}
2020-04-07 16:29:42,499 DEBUG org.springframework.web.servlet.mvc.method.annotation.ExceptionHandlerExceptionResolver [http-nio-8080-exec-1] Using @ExceptionHandler org.springframework.security.oauth2.provider.endpoint.TokenEndpoint#handleException(OAuth2Exception)
2020-04-07 16:29:42,501 WARN org.springframework.security.oauth2.provider.endpoint.TokenEndpoint [http-nio-8080-exec-1] Handling error: InvalidRequestException, Missing grant type
2020-04-07 16:29:42,743 DEBUG org.springframework.web.servlet.mvc.method.annotation.AbstractMessageConverterMethodProcessor [http-nio-8080-exec-1] Using 'application/json', given [*/*] and supported [application/json, application/*+json, application/json, application/*+json]
2020-04-07 16:29:42,746 DEBUG org.springframework.core.log.LogFormatUtils [http-nio-8080-exec-1] Writing [error="invalid_request", error_description="Missing grant type"]
2020-04-07 16:29:42,789 DEBUG org.springframework.web.servlet.handler.AbstractHandlerExceptionResolver [http-nio-8080-exec-1] Resolved [error="invalid_request", error_description="Missing grant type"]
2020-04-07 16:29:42,790 DEBUG org.springframework.web.servlet.FrameworkServlet [http-nio-8080-exec-1] Completed 400 BAD_REQUEST
2020-04-07 16:29:57,290 DEBUG org.springframework.core.log.LogFormatUtils [http-nio-8080-exec-2] POST "/oauth/token", parameters={}
2020-04-07 16:29:57,293 DEBUG org.springframework.web.servlet.mvc.method.annotation.ExceptionHandlerExceptionResolver [http-nio-8080-exec-2] Using @ExceptionHandler org.springframework.security.oauth2.provider.endpoint.TokenEndpoint#handleException(OAuth2Exception)
2020-04-07 16:29:57,295 WARN org.springframework.security.oauth2.provider.endpoint.TokenEndpoint [http-nio-8080-exec-2] Handling error: InvalidRequestException, Missing grant type
2020-04-07 16:29:57,297 DEBUG org.springframework.web.servlet.mvc.method.annotation.AbstractMessageConverterMethodProcessor [http-nio-8080-exec-2] Using 'application/json', given [*/*] and supported [application/json, application/*+json, application/json, application/*+json]
2020-04-07 16:29:57,299 DEBUG org.springframework.core.log.LogFormatUtils [http-nio-8080-exec-2] Writing [error="invalid_request", error_description="Missing grant type"]
2020-04-07 16:29:57,304 DEBUG org.springframework.web.servlet.handler.AbstractHandlerExceptionResolver [http-nio-8080-exec-2] Resolved [error="invalid_request", error_description="Missing grant type"]
2020-04-07 16:29:57,305 DEBUG org.springframework.web.servlet.FrameworkServlet [http-nio-8080-exec-2] Completed 400 BAD_REQUEST
2020-04-07 16:37:28,273 INFO org.springframework.boot.SpringApplication [main] No active profile set, falling back to default profiles: default
2020-04-07 16:37:30,663 WARN org.springframework.context.support.AbstractApplicationContext [main] Exception encountered during context initialization - cancelling refresh attempt: org.springframework.beans.factory.support.BeanDefinitionOverrideException: Invalid bean definition with name 'authenticationManagerBean' defined in class path resource [com/tcs/reemployment/config/WebSecurityConfig.class]: Cannot register bean definition [Root bean: class [null]; scope=; abstract=false; lazyInit=null; autowireMode=3; dependencyCheck=0; autowireCandidate=true; primary=false; factoryBeanName=webSecurityConfig; factoryMethodName=authenticationManagerBean; initMethodName=null; destroyMethodName=(inferred); defined in class path resource [com/tcs/reemployment/config/WebSecurityConfig.class]] for bean 'authenticationManagerBean': There is already [Root bean: class [null]; scope=; abstract=false; lazyInit=null; autowireMode=3; dependencyCheck=0; autowireCandidate=true; primary=false; factoryBeanName=authorizationServerConfig; factoryMethodName=authenticationManagerBean; initMethodName=null; destroyMethodName=(inferred); defined in class path resource [com/tcs/reemployment/config/AuthorizationServerConfig.class]] bound.
2020-04-07 16:37:30,703 INFO org.springframework.boot.autoconfigure.logging.ConditionEvaluationReportLoggingListener [main] 

Error starting ApplicationContext. To display the conditions report re-run your application with 'debug' enabled.
2020-04-07 16:37:30,721 ERROR org.springframework.boot.diagnostics.LoggingFailureAnalysisReporter [main] 

***************************
APPLICATION FAILED TO START
***************************

Description:

The bean 'authenticationManagerBean', defined in class path resource [com/tcs/reemployment/config/WebSecurityConfig.class], could not be registered. A bean with that name has already been defined in class path resource [com/tcs/reemployment/config/AuthorizationServerConfig.class] and overriding is disabled.

Action:

Consider renaming one of the beans or enabling overriding by setting spring.main.allow-bean-definition-overriding=true

2020-04-07 16:39:18,680 INFO org.springframework.boot.SpringApplication [main] No active profile set, falling back to default profiles: default
2020-04-07 16:39:20,786 INFO org.springframework.data.repository.config.RepositoryConfigurationDelegate [main] Bootstrapping Spring Data JPA repositories in DEFAULT mode.
2020-04-07 16:39:21,026 INFO org.springframework.data.repository.config.RepositoryConfigurationDelegate [main] Finished Spring Data repository scanning in 210ms. Found 3 JPA repository interfaces.
2020-04-07 16:39:22,643 INFO org.springframework.cloud.context.scope.GenericScope [main] BeanFactory id=eb877d82-ebc1-3005-816d-0016e7a6011d
2020-04-07 16:39:24,177 INFO org.springframework.boot.web.embedded.tomcat.TomcatWebServer [main] Tomcat initialized with port(s): 8080 (http)
2020-04-07 16:39:24,210 INFO org.apache.juli.logging.DirectJDKLog [main] Initializing ProtocolHandler ["http-nio-8080"]
2020-04-07 16:39:24,213 INFO org.apache.juli.logging.DirectJDKLog [main] Starting service [Tomcat]
2020-04-07 16:39:24,214 INFO org.apache.juli.logging.DirectJDKLog [main] Starting Servlet engine: [Apache Tomcat/9.0.33]
2020-04-07 16:39:24,599 INFO org.apache.juli.logging.DirectJDKLog [main] Initializing Spring embedded WebApplicationContext
2020-04-07 16:39:24,600 DEBUG org.springframework.boot.web.servlet.context.ServletWebServerApplicationContext [main] Published root WebApplicationContext as ServletContext attribute with name [org.springframework.web.context.WebApplicationContext.ROOT]
2020-04-07 16:39:24,602 INFO org.springframework.boot.web.servlet.context.ServletWebServerApplicationContext [main] Root WebApplicationContext: initialization completed in 5810 ms
2020-04-07 16:39:25,499 INFO CacheConfig [main] Initializing cache.
2020-04-07 16:39:25,746 INFO org.hibernate.jpa.internal.util.LogHelper [main] HHH000204: Processing PersistenceUnitInfo [name: default]
2020-04-07 16:39:26,002 INFO org.hibernate.Version [main] HHH000412: Hibernate ORM core version 5.4.12.Final
2020-04-07 16:39:26,538 INFO org.hibernate.annotations.common.reflection.java.JavaReflectionManager [main] HCANN000001: Hibernate Commons Annotations {5.1.0.Final}
2020-04-07 16:39:26,908 INFO com.zaxxer.hikari.HikariDataSource [main] HikariPool-1 - Starting...
2020-04-07 16:39:27,285 INFO com.zaxxer.hikari.HikariDataSource [main] HikariPool-1 - Start completed.
2020-04-07 16:39:27,372 INFO org.hibernate.dialect.Dialect [main] HHH000400: Using dialect: org.hibernate.dialect.PostgreSQL10Dialect
2020-04-07 16:39:30,775 INFO org.hibernate.engine.transaction.jta.platform.internal.JtaPlatformInitiator [main] HHH000490: Using JtaPlatform implementation: [org.hibernate.engine.transaction.jta.platform.internal.NoJtaPlatform]
2020-04-07 16:39:31,118 INFO org.springframework.orm.jpa.AbstractEntityManagerFactoryBean [main] Initialized JPA EntityManagerFactory for persistence unit 'default'
2020-04-07 16:39:32,555 DEBUG org.springframework.web.filter.GenericFilterBean [main] Filter 'jwtFilter' configured for use
2020-04-07 16:39:32,739 WARN org.springframework.boot.autoconfigure.orm.jpa.JpaBaseConfiguration$JpaWebConfiguration [main] spring.jpa.open-in-view is enabled by default. Therefore, database queries may be performed during view rendering. Explicitly configure spring.jpa.open-in-view to disable this warning
2020-04-07 16:39:34,074 INFO org.springframework.scheduling.concurrent.ExecutorConfigurationSupport [main] Initializing ExecutorService 'applicationTaskExecutor'
2020-04-07 16:39:34,108 DEBUG org.springframework.web.servlet.mvc.method.annotation.RequestMappingHandlerAdapter [main] ControllerAdvice beans: 0 @ModelAttribute, 0 @InitBinder, 1 RequestBodyAdvice, 1 ResponseBodyAdvice
2020-04-07 16:39:34,249 DEBUG org.springframework.web.servlet.handler.AbstractHandlerMethodMapping [main] 12 mappings in 'requestMappingHandlerMapping'
2020-04-07 16:39:34,313 DEBUG org.springframework.web.servlet.handler.AbstractDetectingUrlHandlerMapping [main] Detected 1 mappings in 'beanNameHandlerMapping'
2020-04-07 16:39:34,378 DEBUG org.springframework.web.servlet.handler.SimpleUrlHandlerMapping [main] Patterns [/webjars/**, /**] in 'resourceHandlerMapping'
2020-04-07 16:39:34,427 DEBUG org.springframework.web.servlet.mvc.method.annotation.ExceptionHandlerExceptionResolver [main] ControllerAdvice beans: 1 @ExceptionHandler, 1 ResponseBodyAdvice
2020-04-07 16:39:35,647 INFO org.springframework.security.web.DefaultSecurityFilterChain [main] Creating filter chain: OrRequestMatcher [requestMatchers=[Ant [pattern='/oauth/token'], Ant [pattern='/oauth/token_key'], Ant [pattern='/oauth/check_token']]], [org.springframework.security.web.context.request.async.WebAsyncManagerIntegrationFilter@37ecc472, org.springframework.security.web.context.SecurityContextPersistenceFilter@64e6cdad, org.springframework.security.web.header.HeaderWriterFilter@e50e308, org.springframework.security.web.authentication.logout.LogoutFilter@519e0814, org.springframework.security.web.authentication.www.BasicAuthenticationFilter@81198ed, org.springframework.security.web.savedrequest.RequestCacheAwareFilter@2c5e2a44, org.springframework.security.web.servletapi.SecurityContextHolderAwareRequestFilter@58f259bd, org.springframework.security.web.authentication.AnonymousAuthenticationFilter@27311c99, org.springframework.security.web.session.SessionManagementFilter@4ec78008, org.springframework.security.web.access.ExceptionTranslationFilter@51c7d472, org.springframework.security.web.access.intercept.FilterSecurityInterceptor@1da40ae8]
2020-04-07 16:39:35,663 INFO org.springframework.security.web.DefaultSecurityFilterChain [main] Creating filter chain: any request, [org.springframework.security.web.context.request.async.WebAsyncManagerIntegrationFilter@1fcb01f8, org.springframework.security.web.context.SecurityContextPersistenceFilter@14b4caba, org.springframework.security.web.header.HeaderWriterFilter@149e457, org.springframework.security.web.authentication.logout.LogoutFilter@53a3ccc, JwtFilter@31428f76, org.springframework.security.web.savedrequest.RequestCacheAwareFilter@20305c45, org.springframework.security.web.servletapi.SecurityContextHolderAwareRequestFilter@6e157f48, org.springframework.security.web.authentication.AnonymousAuthenticationFilter@59845cb3, org.springframework.security.web.session.SessionManagementFilter@72557e0d, org.springframework.security.web.access.ExceptionTranslationFilter@2252dc5d, org.springframework.security.web.access.intercept.FilterSecurityInterceptor@41dcfd0]
2020-04-07 16:39:35,764 INFO org.springframework.scheduling.concurrent.ExecutorConfigurationSupport [main] Initializing ExecutorService 'taskScheduler'
2020-04-07 16:39:35,863 INFO org.springframework.boot.actuate.endpoint.web.EndpointLinksResolver [main] Exposing 2 endpoint(s) beneath base path '/actuator'
2020-04-07 16:39:36,050 INFO CacheScheduler [scheduling-1] Clear user cache : START
2020-04-07 16:39:36,054 INFO CacheScheduler [scheduling-1] Clear user cache : END
2020-04-07 16:39:36,056 INFO org.apache.juli.logging.DirectJDKLog [main] Starting ProtocolHandler ["http-nio-8080"]
2020-04-07 16:39:36,161 INFO org.springframework.boot.web.embedded.tomcat.TomcatWebServer [main] Tomcat started on port(s): 8080 (http) with context path ''
2020-04-07 16:39:36,179 INFO org.springframework.boot.StartupInfoLogger [main] Started PandemicUnemploymentInsuranceApplication in 20.943 seconds (JVM running for 22.633)
2020-04-07 16:39:45,815 INFO org.apache.juli.logging.DirectJDKLog [http-nio-8080-exec-1] Initializing Spring DispatcherServlet 'dispatcherServlet'
2020-04-07 16:39:45,817 INFO org.springframework.web.servlet.FrameworkServlet [http-nio-8080-exec-1] Initializing Servlet 'dispatcherServlet'
2020-04-07 16:39:45,820 DEBUG org.springframework.web.servlet.DispatcherServlet [http-nio-8080-exec-1] Detected StandardServletMultipartResolver
2020-04-07 16:39:45,864 DEBUG org.springframework.web.servlet.FrameworkServlet [http-nio-8080-exec-1] enableLoggingRequestDetails='false': request parameters and headers will be masked to prevent unsafe logging of potentially sensitive data
2020-04-07 16:39:45,866 INFO org.springframework.web.servlet.FrameworkServlet [http-nio-8080-exec-1] Completed initialization in 46 ms
2020-04-07 16:42:40,394 INFO org.springframework.boot.SpringApplication [main] No active profile set, falling back to default profiles: default
2020-04-07 16:42:42,351 INFO org.springframework.data.repository.config.RepositoryConfigurationDelegate [main] Bootstrapping Spring Data JPA repositories in DEFAULT mode.
2020-04-07 16:42:42,582 INFO org.springframework.data.repository.config.RepositoryConfigurationDelegate [main] Finished Spring Data repository scanning in 204ms. Found 3 JPA repository interfaces.
2020-04-07 16:42:44,356 INFO org.springframework.cloud.context.scope.GenericScope [main] BeanFactory id=2e0c2407-9e46-31b9-8b8b-47ae0d6a9333
2020-04-07 16:42:46,026 INFO org.springframework.boot.web.embedded.tomcat.TomcatWebServer [main] Tomcat initialized with port(s): 8080 (http)
2020-04-07 16:42:46,061 INFO org.apache.juli.logging.DirectJDKLog [main] Initializing ProtocolHandler ["http-nio-8080"]
2020-04-07 16:42:46,063 INFO org.apache.juli.logging.DirectJDKLog [main] Starting service [Tomcat]
2020-04-07 16:42:46,064 INFO org.apache.juli.logging.DirectJDKLog [main] Starting Servlet engine: [Apache Tomcat/9.0.33]
2020-04-07 16:42:46,526 INFO org.apache.juli.logging.DirectJDKLog [main] Initializing Spring embedded WebApplicationContext
2020-04-07 16:42:46,528 DEBUG org.springframework.boot.web.servlet.context.ServletWebServerApplicationContext [main] Published root WebApplicationContext as ServletContext attribute with name [org.springframework.web.context.WebApplicationContext.ROOT]
2020-04-07 16:42:46,531 INFO org.springframework.boot.web.servlet.context.ServletWebServerApplicationContext [main] Root WebApplicationContext: initialization completed in 6027 ms
2020-04-07 16:42:47,468 INFO CacheConfig [main] Initializing cache.
2020-04-07 16:42:47,747 INFO org.hibernate.jpa.internal.util.LogHelper [main] HHH000204: Processing PersistenceUnitInfo [name: default]
2020-04-07 16:42:47,970 INFO org.hibernate.Version [main] HHH000412: Hibernate ORM core version 5.4.12.Final
2020-04-07 16:42:48,511 INFO org.hibernate.annotations.common.reflection.java.JavaReflectionManager [main] HCANN000001: Hibernate Commons Annotations {5.1.0.Final}
2020-04-07 16:42:48,873 INFO com.zaxxer.hikari.HikariDataSource [main] HikariPool-1 - Starting...
2020-04-07 16:42:49,237 INFO com.zaxxer.hikari.HikariDataSource [main] HikariPool-1 - Start completed.
2020-04-07 16:42:49,318 INFO org.hibernate.dialect.Dialect [main] HHH000400: Using dialect: org.hibernate.dialect.PostgreSQL10Dialect
2020-04-07 16:42:52,301 INFO org.hibernate.engine.transaction.jta.platform.internal.JtaPlatformInitiator [main] HHH000490: Using JtaPlatform implementation: [org.hibernate.engine.transaction.jta.platform.internal.NoJtaPlatform]
2020-04-07 16:42:52,624 INFO org.springframework.orm.jpa.AbstractEntityManagerFactoryBean [main] Initialized JPA EntityManagerFactory for persistence unit 'default'
2020-04-07 16:42:54,067 DEBUG org.springframework.web.filter.GenericFilterBean [main] Filter 'jwtFilter' configured for use
2020-04-07 16:42:54,244 WARN org.springframework.boot.autoconfigure.orm.jpa.JpaBaseConfiguration$JpaWebConfiguration [main] spring.jpa.open-in-view is enabled by default. Therefore, database queries may be performed during view rendering. Explicitly configure spring.jpa.open-in-view to disable this warning
2020-04-07 16:43:11,394 INFO org.springframework.scheduling.concurrent.ExecutorConfigurationSupport [main] Initializing ExecutorService 'applicationTaskExecutor'
2020-04-07 16:43:11,426 DEBUG org.springframework.web.servlet.mvc.method.annotation.RequestMappingHandlerAdapter [main] ControllerAdvice beans: 0 @ModelAttribute, 0 @InitBinder, 1 RequestBodyAdvice, 1 ResponseBodyAdvice
2020-04-07 16:43:11,578 DEBUG org.springframework.web.servlet.handler.AbstractHandlerMethodMapping [main] 12 mappings in 'requestMappingHandlerMapping'
2020-04-07 16:43:11,628 DEBUG org.springframework.web.servlet.handler.AbstractDetectingUrlHandlerMapping [main] Detected 1 mappings in 'beanNameHandlerMapping'
2020-04-07 16:43:11,704 DEBUG org.springframework.web.servlet.handler.SimpleUrlHandlerMapping [main] Patterns [/webjars/**, /**] in 'resourceHandlerMapping'
2020-04-07 16:43:11,758 DEBUG org.springframework.web.servlet.mvc.method.annotation.ExceptionHandlerExceptionResolver [main] ControllerAdvice beans: 1 @ExceptionHandler, 1 ResponseBodyAdvice
2020-04-07 16:43:19,535 INFO org.springframework.security.web.DefaultSecurityFilterChain [main] Creating filter chain: OrRequestMatcher [requestMatchers=[Ant [pattern='/oauth/token'], Ant [pattern='/oauth/token_key'], Ant [pattern='/oauth/check_token']]], [org.springframework.security.web.context.request.async.WebAsyncManagerIntegrationFilter@1007954a, org.springframework.security.web.context.SecurityContextPersistenceFilter@72f5fb36, org.springframework.security.web.header.HeaderWriterFilter@3d94b49d, org.springframework.security.web.authentication.logout.LogoutFilter@5a63de07, org.springframework.security.web.authentication.www.BasicAuthenticationFilter@2e5dea22, org.springframework.security.web.savedrequest.RequestCacheAwareFilter@352288bc, org.springframework.security.web.servletapi.SecurityContextHolderAwareRequestFilter@64648af1, org.springframework.security.web.authentication.AnonymousAuthenticationFilter@10770c1, org.springframework.security.web.session.SessionManagementFilter@4203190, org.springframework.security.web.access.ExceptionTranslationFilter@326320bb, org.springframework.security.web.access.intercept.FilterSecurityInterceptor@24c94e95]
2020-04-07 16:43:19,561 INFO org.springframework.security.web.DefaultSecurityFilterChain [main] Creating filter chain: any request, [org.springframework.security.web.context.request.async.WebAsyncManagerIntegrationFilter@3bbc8c82, org.springframework.security.web.context.SecurityContextPersistenceFilter@35ab83a7, org.springframework.security.web.header.HeaderWriterFilter@5ed6a36a, org.springframework.security.web.csrf.CsrfFilter@378456cb, org.springframework.security.web.authentication.logout.LogoutFilter@73625632, org.springframework.security.web.authentication.UsernamePasswordAuthenticationFilter@bda4cbe, org.springframework.security.web.authentication.ui.DefaultLoginPageGeneratingFilter@54c2cfc9, org.springframework.security.web.authentication.ui.DefaultLogoutPageGeneratingFilter@5545137d, org.springframework.security.web.authentication.www.BasicAuthenticationFilter@24df4805, org.springframework.security.web.savedrequest.RequestCacheAwareFilter@7a7698f4, org.springframework.security.web.servletapi.SecurityContextHolderAwareRequestFilter@1150b923, org.springframework.security.web.authentication.AnonymousAuthenticationFilter@ca31ad7, org.springframework.security.web.session.SessionManagementFilter@200cbb63, org.springframework.security.web.access.ExceptionTranslationFilter@5295779, org.springframework.security.web.access.intercept.FilterSecurityInterceptor@172f2717]
2020-04-07 16:43:19,666 INFO org.springframework.scheduling.concurrent.ExecutorConfigurationSupport [main] Initializing ExecutorService 'taskScheduler'
2020-04-07 16:43:19,796 INFO org.springframework.boot.actuate.endpoint.web.EndpointLinksResolver [main] Exposing 2 endpoint(s) beneath base path '/actuator'
2020-04-07 16:43:19,908 INFO CacheScheduler [scheduling-1] Clear user cache : START
2020-04-07 16:43:19,911 INFO CacheScheduler [scheduling-1] Clear user cache : END
2020-04-07 16:43:19,914 INFO org.apache.juli.logging.DirectJDKLog [main] Starting ProtocolHandler ["http-nio-8080"]
2020-04-07 16:43:20,024 INFO org.springframework.boot.web.embedded.tomcat.TomcatWebServer [main] Tomcat started on port(s): 8080 (http) with context path ''
2020-04-07 16:43:20,037 INFO org.springframework.boot.StartupInfoLogger [main] Started PandemicUnemploymentInsuranceApplication in 43.039 seconds (JVM running for 44.719)
2020-04-07 16:43:27,065 INFO org.apache.juli.logging.DirectJDKLog [http-nio-8080-exec-1] Initializing Spring DispatcherServlet 'dispatcherServlet'
2020-04-07 16:43:27,066 INFO org.springframework.web.servlet.FrameworkServlet [http-nio-8080-exec-1] Initializing Servlet 'dispatcherServlet'
2020-04-07 16:43:27,068 DEBUG org.springframework.web.servlet.DispatcherServlet [http-nio-8080-exec-1] Detected StandardServletMultipartResolver
2020-04-07 16:43:27,112 DEBUG org.springframework.web.servlet.FrameworkServlet [http-nio-8080-exec-1] enableLoggingRequestDetails='false': request parameters and headers will be masked to prevent unsafe logging of potentially sensitive data
2020-04-07 16:43:27,113 INFO org.springframework.web.servlet.FrameworkServlet [http-nio-8080-exec-1] Completed initialization in 46 ms
2020-04-07 16:43:33,559 DEBUG org.springframework.core.log.LogFormatUtils [http-nio-8080-exec-2] POST "/oauth/token", parameters={}
2020-04-07 16:43:33,633 DEBUG org.springframework.web.servlet.mvc.method.annotation.ExceptionHandlerExceptionResolver [http-nio-8080-exec-2] Using @ExceptionHandler org.springframework.security.oauth2.provider.endpoint.TokenEndpoint#handleException(OAuth2Exception)
2020-04-07 16:43:33,634 WARN org.springframework.security.oauth2.provider.endpoint.TokenEndpoint [http-nio-8080-exec-2] Handling error: InvalidRequestException, Missing grant type
2020-04-07 16:43:33,731 DEBUG org.springframework.web.servlet.mvc.method.annotation.AbstractMessageConverterMethodProcessor [http-nio-8080-exec-2] Using 'application/json', given [*/*] and supported [application/json, application/*+json, application/json, application/*+json]
2020-04-07 16:43:33,735 DEBUG org.springframework.core.log.LogFormatUtils [http-nio-8080-exec-2] Writing [error="invalid_request", error_description="Missing grant type"]
2020-04-07 16:43:33,774 DEBUG org.springframework.web.servlet.handler.AbstractHandlerExceptionResolver [http-nio-8080-exec-2] Resolved [error="invalid_request", error_description="Missing grant type"]
2020-04-07 16:43:33,776 DEBUG org.springframework.web.servlet.FrameworkServlet [http-nio-8080-exec-2] Completed 400 BAD_REQUEST
2020-04-07 16:44:46,911 DEBUG org.springframework.core.log.LogFormatUtils [http-nio-8080-exec-3] POST "/oauth/token", parameters={}
2020-04-07 16:44:46,916 DEBUG org.springframework.web.servlet.mvc.method.annotation.ExceptionHandlerExceptionResolver [http-nio-8080-exec-3] Using @ExceptionHandler org.springframework.security.oauth2.provider.endpoint.TokenEndpoint#handleException(OAuth2Exception)
2020-04-07 16:44:46,916 WARN org.springframework.security.oauth2.provider.endpoint.TokenEndpoint [http-nio-8080-exec-3] Handling error: InvalidRequestException, Missing grant type
2020-04-07 16:44:46,920 DEBUG org.springframework.web.servlet.mvc.method.annotation.AbstractMessageConverterMethodProcessor [http-nio-8080-exec-3] Using 'application/json', given [*/*] and supported [application/json, application/*+json, application/json, application/*+json]
2020-04-07 16:44:46,922 DEBUG org.springframework.core.log.LogFormatUtils [http-nio-8080-exec-3] Writing [error="invalid_request", error_description="Missing grant type"]
2020-04-07 16:44:46,924 DEBUG org.springframework.web.servlet.handler.AbstractHandlerExceptionResolver [http-nio-8080-exec-3] Resolved [error="invalid_request", error_description="Missing grant type"]
2020-04-07 16:44:46,925 DEBUG org.springframework.web.servlet.FrameworkServlet [http-nio-8080-exec-3] Completed 400 BAD_REQUEST
2020-04-07 16:53:19,937 INFO CacheScheduler [scheduling-1] Clear user cache : START
2020-04-07 16:53:19,945 INFO CacheScheduler [scheduling-1] Clear user cache : END
2020-04-07 16:55:40,170 INFO org.springframework.boot.SpringApplication [main] No active profile set, falling back to default profiles: default
2020-04-07 16:55:42,445 INFO org.springframework.data.repository.config.RepositoryConfigurationDelegate [main] Bootstrapping Spring Data JPA repositories in DEFAULT mode.
2020-04-07 16:55:42,712 INFO org.springframework.data.repository.config.RepositoryConfigurationDelegate [main] Finished Spring Data repository scanning in 232ms. Found 3 JPA repository interfaces.
2020-04-07 16:55:44,614 INFO org.springframework.cloud.context.scope.GenericScope [main] BeanFactory id=31f2f92b-c3f1-3382-b924-b500c6056c81
2020-04-07 16:55:46,328 INFO org.springframework.boot.web.embedded.tomcat.TomcatWebServer [main] Tomcat initialized with port(s): 8080 (http)
2020-04-07 16:55:46,370 INFO org.apache.juli.logging.DirectJDKLog [main] Initializing ProtocolHandler ["http-nio-8080"]
2020-04-07 16:55:46,373 INFO org.apache.juli.logging.DirectJDKLog [main] Starting service [Tomcat]
2020-04-07 16:55:46,375 INFO org.apache.juli.logging.DirectJDKLog [main] Starting Servlet engine: [Apache Tomcat/9.0.33]
2020-04-07 16:55:46,791 INFO org.apache.juli.logging.DirectJDKLog [main] Initializing Spring embedded WebApplicationContext
2020-04-07 16:55:46,792 DEBUG org.springframework.boot.web.servlet.context.ServletWebServerApplicationContext [main] Published root WebApplicationContext as ServletContext attribute with name [org.springframework.web.context.WebApplicationContext.ROOT]
2020-04-07 16:55:46,794 INFO org.springframework.boot.web.servlet.context.ServletWebServerApplicationContext [main] Root WebApplicationContext: initialization completed in 6473 ms
2020-04-07 16:55:47,765 INFO CacheConfig [main] Initializing cache.
2020-04-07 16:55:48,031 INFO org.hibernate.jpa.internal.util.LogHelper [main] HHH000204: Processing PersistenceUnitInfo [name: default]
2020-04-07 16:55:48,268 INFO org.hibernate.Version [main] HHH000412: Hibernate ORM core version 5.4.12.Final
2020-04-07 16:55:48,924 INFO org.hibernate.annotations.common.reflection.java.JavaReflectionManager [main] HCANN000001: Hibernate Commons Annotations {5.1.0.Final}
2020-04-07 16:55:49,304 INFO com.zaxxer.hikari.HikariDataSource [main] HikariPool-1 - Starting...
2020-04-07 16:55:49,642 INFO com.zaxxer.hikari.HikariDataSource [main] HikariPool-1 - Start completed.
2020-04-07 16:55:49,702 INFO org.hibernate.dialect.Dialect [main] HHH000400: Using dialect: org.hibernate.dialect.PostgreSQL10Dialect
2020-04-07 16:55:52,991 INFO org.hibernate.engine.transaction.jta.platform.internal.JtaPlatformInitiator [main] HHH000490: Using JtaPlatform implementation: [org.hibernate.engine.transaction.jta.platform.internal.NoJtaPlatform]
2020-04-07 16:55:53,339 INFO org.springframework.orm.jpa.AbstractEntityManagerFactoryBean [main] Initialized JPA EntityManagerFactory for persistence unit 'default'
2020-04-07 16:55:54,754 DEBUG org.springframework.web.filter.GenericFilterBean [main] Filter 'jwtFilter' configured for use
2020-04-07 16:55:54,939 WARN org.springframework.boot.autoconfigure.orm.jpa.JpaBaseConfiguration$JpaWebConfiguration [main] spring.jpa.open-in-view is enabled by default. Therefore, database queries may be performed during view rendering. Explicitly configure spring.jpa.open-in-view to disable this warning
2020-04-07 16:56:16,277 INFO org.springframework.scheduling.concurrent.ExecutorConfigurationSupport [main] Initializing ExecutorService 'applicationTaskExecutor'
2020-04-07 16:56:16,336 DEBUG org.springframework.web.servlet.mvc.method.annotation.RequestMappingHandlerAdapter [main] ControllerAdvice beans: 0 @ModelAttribute, 0 @InitBinder, 1 RequestBodyAdvice, 1 ResponseBodyAdvice
2020-04-07 16:56:16,573 DEBUG org.springframework.web.servlet.handler.AbstractHandlerMethodMapping [main] 12 mappings in 'requestMappingHandlerMapping'
2020-04-07 16:56:16,664 DEBUG org.springframework.web.servlet.handler.AbstractDetectingUrlHandlerMapping [main] Detected 1 mappings in 'beanNameHandlerMapping'
2020-04-07 16:56:16,753 DEBUG org.springframework.web.servlet.handler.SimpleUrlHandlerMapping [main] Patterns [/webjars/**, /**] in 'resourceHandlerMapping'
2020-04-07 16:56:16,824 DEBUG org.springframework.web.servlet.mvc.method.annotation.ExceptionHandlerExceptionResolver [main] ControllerAdvice beans: 1 @ExceptionHandler, 1 ResponseBodyAdvice
2020-04-07 16:56:38,317 WARN com.zaxxer.hikari.pool.HikariPool$HouseKeeper [HikariPool-1 housekeeper] HikariPool-1 - Thread starvation or clock leap detected (housekeeper delta=48s572ms).
2020-04-07 16:56:39,044 INFO org.springframework.security.web.DefaultSecurityFilterChain [main] Creating filter chain: OrRequestMatcher [requestMatchers=[Ant [pattern='/oauth/token'], Ant [pattern='/oauth/token_key'], Ant [pattern='/oauth/check_token']]], [org.springframework.security.web.context.request.async.WebAsyncManagerIntegrationFilter@373c367, org.springframework.security.web.context.SecurityContextPersistenceFilter@306a9cd8, org.springframework.security.web.header.HeaderWriterFilter@3448a248, org.springframework.security.web.authentication.logout.LogoutFilter@6db160b4, org.springframework.security.web.authentication.www.BasicAuthenticationFilter@2bcaec2e, org.springframework.security.web.savedrequest.RequestCacheAwareFilter@2fe12ec3, org.springframework.security.web.servletapi.SecurityContextHolderAwareRequestFilter@46c5747f, org.springframework.security.web.authentication.AnonymousAuthenticationFilter@79690a0a, org.springframework.security.web.session.SessionManagementFilter@5a513627, org.springframework.security.web.access.ExceptionTranslationFilter@54d0d561, org.springframework.security.web.access.intercept.FilterSecurityInterceptor@e10809f]
2020-04-07 16:56:39,077 INFO org.springframework.security.web.DefaultSecurityFilterChain [main] Creating filter chain: any request, [org.springframework.security.web.context.request.async.WebAsyncManagerIntegrationFilter@3152d449, org.springframework.security.web.context.SecurityContextPersistenceFilter@647468a7, org.springframework.security.web.header.HeaderWriterFilter@564e0a6c, org.springframework.security.web.csrf.CsrfFilter@672ba9cc, org.springframework.security.web.authentication.logout.LogoutFilter@4dc23273, org.springframework.security.web.authentication.UsernamePasswordAuthenticationFilter@557abb68, org.springframework.security.web.authentication.ui.DefaultLoginPageGeneratingFilter@f1e5f85, org.springframework.security.web.authentication.ui.DefaultLogoutPageGeneratingFilter@2f95ce11, org.springframework.security.web.authentication.www.BasicAuthenticationFilter@1cb4cad0, org.springframework.security.web.savedrequest.RequestCacheAwareFilter@29f58b44, org.springframework.security.web.servletapi.SecurityContextHolderAwareRequestFilter@fcee97c, org.springframework.security.web.authentication.AnonymousAuthenticationFilter@2f349170, org.springframework.security.web.session.SessionManagementFilter@5eabcf77, org.springframework.security.web.access.ExceptionTranslationFilter@7bd6c35e, org.springframework.security.web.access.intercept.FilterSecurityInterceptor@1d306d27]
2020-04-07 16:56:39,201 INFO org.springframework.scheduling.concurrent.ExecutorConfigurationSupport [main] Initializing ExecutorService 'taskScheduler'
2020-04-07 16:56:39,342 INFO org.springframework.boot.actuate.endpoint.web.EndpointLinksResolver [main] Exposing 2 endpoint(s) beneath base path '/actuator'
2020-04-07 16:56:39,693 INFO CacheScheduler [scheduling-1] Clear user cache : START
2020-04-07 16:56:39,695 INFO CacheScheduler [scheduling-1] Clear user cache : END
2020-04-07 16:56:39,699 INFO org.apache.juli.logging.DirectJDKLog [main] Starting ProtocolHandler ["http-nio-8080"]
2020-04-07 16:56:39,878 INFO org.springframework.boot.web.embedded.tomcat.TomcatWebServer [main] Tomcat started on port(s): 8080 (http) with context path ''
2020-04-07 16:56:39,898 INFO org.springframework.boot.StartupInfoLogger [main] Started PandemicUnemploymentInsuranceApplication in 63.639 seconds (JVM running for 65.06)
2020-04-07 16:56:58,914 INFO org.apache.juli.logging.DirectJDKLog [http-nio-8080-exec-1] Initializing Spring DispatcherServlet 'dispatcherServlet'
2020-04-07 16:56:58,916 INFO org.springframework.web.servlet.FrameworkServlet [http-nio-8080-exec-1] Initializing Servlet 'dispatcherServlet'
2020-04-07 16:56:58,919 DEBUG org.springframework.web.servlet.DispatcherServlet [http-nio-8080-exec-1] Detected StandardServletMultipartResolver
2020-04-07 16:56:58,956 DEBUG org.springframework.web.servlet.FrameworkServlet [http-nio-8080-exec-1] enableLoggingRequestDetails='false': request parameters and headers will be masked to prevent unsafe logging of potentially sensitive data
2020-04-07 16:56:58,959 INFO org.springframework.web.servlet.FrameworkServlet [http-nio-8080-exec-1] Completed initialization in 41 ms
2020-04-07 16:56:59,440 DEBUG org.springframework.core.log.LogFormatUtils [http-nio-8080-exec-1] POST "/oauth/token", parameters={}
2020-04-07 16:56:59,546 DEBUG org.springframework.web.servlet.mvc.method.annotation.ExceptionHandlerExceptionResolver [http-nio-8080-exec-1] Using @ExceptionHandler org.springframework.security.oauth2.provider.endpoint.TokenEndpoint#handleException(OAuth2Exception)
2020-04-07 16:56:59,547 WARN org.springframework.security.oauth2.provider.endpoint.TokenEndpoint [http-nio-8080-exec-1] Handling error: InvalidRequestException, Missing grant type
2020-04-07 16:56:59,682 DEBUG org.springframework.web.servlet.mvc.method.annotation.AbstractMessageConverterMethodProcessor [http-nio-8080-exec-1] Using 'application/json', given [*/*] and supported [application/json, application/*+json, application/json, application/*+json]
2020-04-07 16:56:59,685 DEBUG org.springframework.core.log.LogFormatUtils [http-nio-8080-exec-1] Writing [error="invalid_request", error_description="Missing grant type"]
2020-04-07 16:56:59,743 DEBUG org.springframework.web.servlet.handler.AbstractHandlerExceptionResolver [http-nio-8080-exec-1] Resolved [error="invalid_request", error_description="Missing grant type"]
2020-04-07 16:56:59,744 DEBUG org.springframework.web.servlet.FrameworkServlet [http-nio-8080-exec-1] Completed 400 BAD_REQUEST
2020-04-07 17:06:39,717 INFO CacheScheduler [scheduling-1] Clear user cache : START
2020-04-07 17:06:39,719 INFO CacheScheduler [scheduling-1] Clear user cache : END
2020-04-07 17:26:46,255 WARN com.zaxxer.hikari.pool.HikariPool$HouseKeeper [HikariPool-1 housekeeper] HikariPool-1 - Thread starvation or clock leap detected (housekeeper delta=18m37s805ms).
2020-04-07 17:27:16,058 WARN com.zaxxer.hikari.pool.HikariPool$HouseKeeper [HikariPool-1 housekeeper] HikariPool-1 - Retrograde clock change detected (housekeeper delta=29s804ms), soft-evicting connections from pool.
2020-04-07 17:33:07,111 WARN com.zaxxer.hikari.pool.HikariPool$HouseKeeper [HikariPool-1 housekeeper] HikariPool-1 - Thread starvation or clock leap detected (housekeeper delta=5m51s53ms).
2020-04-07 17:40:08,367 INFO CacheScheduler [scheduling-1] Clear user cache : START
2020-04-07 17:40:08,378 INFO CacheScheduler [scheduling-1] Clear user cache : END
2020-04-07 18:18:02,721 WARN com.zaxxer.hikari.pool.HikariPool$HouseKeeper [HikariPool-1 housekeeper] HikariPool-1 - Thread starvation or clock leap detected (housekeeper delta=33m55s503ms).
2020-04-07 18:21:46,755 WARN com.zaxxer.hikari.pool.HikariPool$HouseKeeper [HikariPool-1 housekeeper] HikariPool-1 - Thread starvation or clock leap detected (housekeeper delta=3m14s22ms).
2020-04-07 18:27:36,511 INFO org.springframework.boot.SpringApplication [main] No active profile set, falling back to default profiles: default
2020-04-07 18:27:41,910 INFO org.springframework.data.repository.config.RepositoryConfigurationDelegate [main] Bootstrapping Spring Data JPA repositories in DEFAULT mode.
2020-04-07 18:27:42,303 INFO org.springframework.data.repository.config.RepositoryConfigurationDelegate [main] Finished Spring Data repository scanning in 363ms. Found 3 JPA repository interfaces.
2020-04-07 18:27:47,784 INFO org.springframework.cloud.context.scope.GenericScope [main] BeanFactory id=31f2f92b-c3f1-3382-b924-b500c6056c81
2020-04-07 18:27:51,488 INFO org.springframework.boot.web.embedded.tomcat.TomcatWebServer [main] Tomcat initialized with port(s): 8080 (http)
2020-04-07 18:27:51,714 INFO org.apache.juli.logging.DirectJDKLog [main] Initializing ProtocolHandler ["http-nio-8080"]
2020-04-07 18:27:51,725 INFO org.apache.juli.logging.DirectJDKLog [main] Starting service [Tomcat]
2020-04-07 18:27:51,726 INFO org.apache.juli.logging.DirectJDKLog [main] Starting Servlet engine: [Apache Tomcat/9.0.33]
2020-04-07 18:27:52,520 INFO org.apache.juli.logging.DirectJDKLog [main] Initializing Spring embedded WebApplicationContext
2020-04-07 18:27:52,522 DEBUG org.springframework.boot.web.servlet.context.ServletWebServerApplicationContext [main] Published root WebApplicationContext as ServletContext attribute with name [org.springframework.web.context.WebApplicationContext.ROOT]
2020-04-07 18:27:52,523 INFO org.springframework.boot.web.servlet.context.ServletWebServerApplicationContext [main] Root WebApplicationContext: initialization completed in 15390 ms
2020-04-07 18:27:53,815 INFO CacheConfig [main] Initializing cache.
2020-04-07 18:27:54,237 INFO org.hibernate.jpa.internal.util.LogHelper [main] HHH000204: Processing PersistenceUnitInfo [name: default]
2020-04-07 18:27:54,673 INFO org.hibernate.Version [main] HHH000412: Hibernate ORM core version 5.4.12.Final
2020-04-07 18:27:56,291 INFO org.hibernate.annotations.common.reflection.java.JavaReflectionManager [main] HCANN000001: Hibernate Commons Annotations {5.1.0.Final}
2020-04-07 18:27:56,821 INFO com.zaxxer.hikari.HikariDataSource [main] HikariPool-1 - Starting...
2020-04-07 18:27:57,629 INFO com.zaxxer.hikari.HikariDataSource [main] HikariPool-1 - Start completed.
2020-04-07 18:27:57,816 INFO org.hibernate.dialect.Dialect [main] HHH000400: Using dialect: org.hibernate.dialect.PostgreSQL10Dialect
2020-04-07 18:28:01,890 INFO org.hibernate.engine.transaction.jta.platform.internal.JtaPlatformInitiator [main] HHH000490: Using JtaPlatform implementation: [org.hibernate.engine.transaction.jta.platform.internal.NoJtaPlatform]
2020-04-07 18:28:02,474 INFO org.springframework.orm.jpa.AbstractEntityManagerFactoryBean [main] Initialized JPA EntityManagerFactory for persistence unit 'default'
2020-04-07 18:28:05,427 DEBUG org.springframework.web.filter.GenericFilterBean [main] Filter 'jwtFilter' configured for use
2020-04-07 18:28:05,854 WARN org.springframework.boot.autoconfigure.orm.jpa.JpaBaseConfiguration$JpaWebConfiguration [main] spring.jpa.open-in-view is enabled by default. Therefore, database queries may be performed during view rendering. Explicitly configure spring.jpa.open-in-view to disable this warning
2020-04-07 18:28:13,746 INFO org.springframework.scheduling.concurrent.ExecutorConfigurationSupport [main] Initializing ExecutorService 'applicationTaskExecutor'
2020-04-07 18:28:13,793 DEBUG org.springframework.web.servlet.mvc.method.annotation.RequestMappingHandlerAdapter [main] ControllerAdvice beans: 0 @ModelAttribute, 0 @InitBinder, 1 RequestBodyAdvice, 1 ResponseBodyAdvice
2020-04-07 18:28:13,970 DEBUG org.springframework.web.servlet.handler.AbstractHandlerMethodMapping [main] 12 mappings in 'requestMappingHandlerMapping'
2020-04-07 18:28:14,019 DEBUG org.springframework.web.servlet.handler.AbstractDetectingUrlHandlerMapping [main] Detected 1 mappings in 'beanNameHandlerMapping'
2020-04-07 18:28:14,090 DEBUG org.springframework.web.servlet.handler.SimpleUrlHandlerMapping [main] Patterns [/webjars/**, /**] in 'resourceHandlerMapping'
2020-04-07 18:28:14,139 DEBUG org.springframework.web.servlet.mvc.method.annotation.ExceptionHandlerExceptionResolver [main] ControllerAdvice beans: 1 @ExceptionHandler, 1 ResponseBodyAdvice
2020-04-07 18:28:17,159 INFO org.springframework.security.web.DefaultSecurityFilterChain [main] Creating filter chain: OrRequestMatcher [requestMatchers=[Ant [pattern='/oauth/token'], Ant [pattern='/oauth/token_key'], Ant [pattern='/oauth/check_token']]], [org.springframework.security.web.context.request.async.WebAsyncManagerIntegrationFilter@1cd93693, org.springframework.security.web.context.SecurityContextPersistenceFilter@3723de42, org.springframework.security.web.header.HeaderWriterFilter@6d8cbd1a, org.springframework.security.web.authentication.logout.LogoutFilter@42599b84, org.springframework.security.web.authentication.www.BasicAuthenticationFilter@71739267, org.springframework.security.web.savedrequest.RequestCacheAwareFilter@47b72d3b, org.springframework.security.web.servletapi.SecurityContextHolderAwareRequestFilter@225d93aa, org.springframework.security.web.authentication.AnonymousAuthenticationFilter@14e8304b, org.springframework.security.web.session.SessionManagementFilter@6860c000, org.springframework.security.web.access.ExceptionTranslationFilter@20dfe8b2, org.springframework.security.web.access.intercept.FilterSecurityInterceptor@7ab20a7]
2020-04-07 18:28:17,184 INFO org.springframework.security.web.DefaultSecurityFilterChain [main] Creating filter chain: any request, [org.springframework.security.web.context.request.async.WebAsyncManagerIntegrationFilter@4b55652a, org.springframework.security.web.context.SecurityContextPersistenceFilter@4f3a8e3e, org.springframework.security.web.header.HeaderWriterFilter@47fca369, org.springframework.security.web.csrf.CsrfFilter@7b06dce0, org.springframework.security.web.authentication.logout.LogoutFilter@28c38eeb, org.springframework.security.web.authentication.UsernamePasswordAuthenticationFilter@627f678d, org.springframework.security.web.authentication.ui.DefaultLoginPageGeneratingFilter@5d5a77de, org.springframework.security.web.authentication.ui.DefaultLogoutPageGeneratingFilter@8c54f48, org.springframework.security.web.authentication.www.BasicAuthenticationFilter@3fb54673, org.springframework.security.web.savedrequest.RequestCacheAwareFilter@4824d077, org.springframework.security.web.servletapi.SecurityContextHolderAwareRequestFilter@6ae1d5f1, org.springframework.security.web.authentication.AnonymousAuthenticationFilter@119f02d2, org.springframework.security.web.session.SessionManagementFilter@296a350, org.springframework.security.web.access.ExceptionTranslationFilter@556a5e70, org.springframework.security.web.access.intercept.FilterSecurityInterceptor@625430f8]
2020-04-07 18:28:17,286 INFO org.springframework.scheduling.concurrent.ExecutorConfigurationSupport [main] Initializing ExecutorService 'taskScheduler'
2020-04-07 18:28:17,416 INFO org.springframework.boot.actuate.endpoint.web.EndpointLinksResolver [main] Exposing 2 endpoint(s) beneath base path '/actuator'
2020-04-07 18:28:17,550 INFO CacheScheduler [scheduling-1] Clear user cache : START
2020-04-07 18:28:17,552 INFO CacheScheduler [scheduling-1] Clear user cache : END
2020-04-07 18:28:17,553 INFO org.apache.juli.logging.DirectJDKLog [main] Starting ProtocolHandler ["http-nio-8080"]
2020-04-07 18:28:17,660 INFO org.springframework.boot.web.embedded.tomcat.TomcatWebServer [main] Tomcat started on port(s): 8080 (http) with context path ''
2020-04-07 18:28:17,676 INFO org.springframework.boot.StartupInfoLogger [main] Started PandemicUnemploymentInsuranceApplication in 46.741 seconds (JVM running for 48.143)
2020-04-07 18:28:22,970 INFO org.apache.juli.logging.DirectJDKLog [http-nio-8080-exec-1] Initializing Spring DispatcherServlet 'dispatcherServlet'
2020-04-07 18:28:22,972 INFO org.springframework.web.servlet.FrameworkServlet [http-nio-8080-exec-1] Initializing Servlet 'dispatcherServlet'
2020-04-07 18:28:22,973 DEBUG org.springframework.web.servlet.DispatcherServlet [http-nio-8080-exec-1] Detected StandardServletMultipartResolver
2020-04-07 18:28:23,011 DEBUG org.springframework.web.servlet.FrameworkServlet [http-nio-8080-exec-1] enableLoggingRequestDetails='false': request parameters and headers will be masked to prevent unsafe logging of potentially sensitive data
2020-04-07 18:28:23,012 INFO org.springframework.web.servlet.FrameworkServlet [http-nio-8080-exec-1] Completed initialization in 39 ms
2020-04-07 18:28:23,422 DEBUG org.springframework.core.log.LogFormatUtils [http-nio-8080-exec-1] POST "/oauth/token", parameters={}
2020-04-07 18:28:23,502 DEBUG org.springframework.web.servlet.mvc.method.annotation.ExceptionHandlerExceptionResolver [http-nio-8080-exec-1] Using @ExceptionHandler org.springframework.security.oauth2.provider.endpoint.TokenEndpoint#handleException(OAuth2Exception)
2020-04-07 18:28:23,504 WARN org.springframework.security.oauth2.provider.endpoint.TokenEndpoint [http-nio-8080-exec-1] Handling error: InvalidRequestException, Missing grant type
2020-04-07 18:28:23,664 DEBUG org.springframework.web.servlet.mvc.method.annotation.AbstractMessageConverterMethodProcessor [http-nio-8080-exec-1] Using 'application/json', given [*/*] and supported [application/json, application/*+json, application/json, application/*+json]
2020-04-07 18:28:23,667 DEBUG org.springframework.core.log.LogFormatUtils [http-nio-8080-exec-1] Writing [error="invalid_request", error_description="Missing grant type"]
2020-04-07 18:28:23,903 DEBUG org.springframework.web.servlet.handler.AbstractHandlerExceptionResolver [http-nio-8080-exec-1] Resolved [error="invalid_request", error_description="Missing grant type"]
2020-04-07 18:28:23,906 DEBUG org.springframework.web.servlet.FrameworkServlet [http-nio-8080-exec-1] Completed 400 BAD_REQUEST
2020-04-07 18:28:48,123 DEBUG org.springframework.core.log.LogFormatUtils [http-nio-8080-exec-2] POST "/oauth/token", parameters={}
2020-04-07 18:28:48,129 DEBUG org.springframework.web.servlet.mvc.method.annotation.ExceptionHandlerExceptionResolver [http-nio-8080-exec-2] Using @ExceptionHandler org.springframework.security.oauth2.provider.endpoint.TokenEndpoint#handleException(OAuth2Exception)
2020-04-07 18:28:48,132 WARN org.springframework.security.oauth2.provider.endpoint.TokenEndpoint [http-nio-8080-exec-2] Handling error: InvalidRequestException, Missing grant type
2020-04-07 18:28:48,136 DEBUG org.springframework.web.servlet.mvc.method.annotation.AbstractMessageConverterMethodProcessor [http-nio-8080-exec-2] Using 'application/json', given [*/*] and supported [application/json, application/*+json, application/json, application/*+json]
2020-04-07 18:28:48,137 DEBUG org.springframework.core.log.LogFormatUtils [http-nio-8080-exec-2] Writing [error="invalid_request", error_description="Missing grant type"]
2020-04-07 18:28:48,141 DEBUG org.springframework.web.servlet.handler.AbstractHandlerExceptionResolver [http-nio-8080-exec-2] Resolved [error="invalid_request", error_description="Missing grant type"]
2020-04-07 18:28:48,143 DEBUG org.springframework.web.servlet.FrameworkServlet [http-nio-8080-exec-2] Completed 400 BAD_REQUEST
2020-04-07 18:37:09,717 DEBUG org.springframework.core.log.LogFormatUtils [http-nio-8080-exec-3] POST "/oauth/token", parameters={masked}
2020-04-07 18:37:10,287 DEBUG org.springframework.web.servlet.mvc.method.annotation.AbstractMessageConverterMethodProcessor [http-nio-8080-exec-3] Found 'Content-Type:application/json;charset=UTF-8' in response
2020-04-07 18:37:10,338 DEBUG org.springframework.core.log.LogFormatUtils [http-nio-8080-exec-3] Writing [a02f26df-060b-4f3d-8fbb-3f51107decf3]
2020-04-07 18:37:10,365 DEBUG org.springframework.web.servlet.FrameworkServlet [http-nio-8080-exec-3] Completed 200 OK
2020-04-07 18:37:26,992 DEBUG org.springframework.core.log.LogFormatUtils [http-nio-8080-exec-4] POST "/oauth/token", parameters={masked}
2020-04-07 18:37:27,002 DEBUG org.springframework.web.servlet.mvc.method.annotation.ExceptionHandlerExceptionResolver [http-nio-8080-exec-4] Using @ExceptionHandler org.springframework.security.oauth2.provider.endpoint.TokenEndpoint#handleException(OAuth2Exception)
2020-04-07 18:37:27,006 WARN org.springframework.security.oauth2.provider.endpoint.TokenEndpoint [http-nio-8080-exec-4] Handling error: InvalidRequestException, Missing grant type
2020-04-07 18:37:27,009 DEBUG org.springframework.web.servlet.mvc.method.annotation.AbstractMessageConverterMethodProcessor [http-nio-8080-exec-4] Using 'application/json', given [*/*] and supported [application/json, application/*+json, application/json, application/*+json]
2020-04-07 18:37:27,012 DEBUG org.springframework.core.log.LogFormatUtils [http-nio-8080-exec-4] Writing [error="invalid_request", error_description="Missing grant type"]
2020-04-07 18:37:27,017 DEBUG org.springframework.web.servlet.handler.AbstractHandlerExceptionResolver [http-nio-8080-exec-4] Resolved [error="invalid_request", error_description="Missing grant type"]
2020-04-07 18:37:27,019 DEBUG org.springframework.web.servlet.FrameworkServlet [http-nio-8080-exec-4] Completed 400 BAD_REQUEST
2020-04-07 18:37:35,689 DEBUG org.springframework.core.log.LogFormatUtils [http-nio-8080-exec-5] POST "/oauth/token", parameters={masked}
2020-04-07 18:37:35,825 DEBUG org.springframework.web.servlet.mvc.method.annotation.ExceptionHandlerExceptionResolver [http-nio-8080-exec-5] Using @ExceptionHandler org.springframework.security.oauth2.provider.endpoint.TokenEndpoint#handleException(OAuth2Exception)
2020-04-07 18:37:35,827 WARN org.springframework.security.oauth2.provider.endpoint.TokenEndpoint [http-nio-8080-exec-5] Handling error: InvalidGrantException, Bad credentials
2020-04-07 18:37:35,830 DEBUG org.springframework.web.servlet.mvc.method.annotation.AbstractMessageConverterMethodProcessor [http-nio-8080-exec-5] Using 'application/json', given [*/*] and supported [application/json, application/*+json, application/json, application/*+json]
2020-04-07 18:37:35,832 DEBUG org.springframework.core.log.LogFormatUtils [http-nio-8080-exec-5] Writing [error="invalid_grant", error_description="Bad credentials"]
2020-04-07 18:37:35,845 DEBUG org.springframework.web.servlet.handler.AbstractHandlerExceptionResolver [http-nio-8080-exec-5] Resolved [error="invalid_grant", error_description="Bad credentials"]
2020-04-07 18:37:35,847 DEBUG org.springframework.web.servlet.FrameworkServlet [http-nio-8080-exec-5] Completed 400 BAD_REQUEST
2020-04-07 18:37:40,560 DEBUG org.springframework.core.log.LogFormatUtils [http-nio-8080-exec-6] POST "/oauth/token", parameters={masked}
2020-04-07 18:37:40,678 DEBUG org.springframework.web.servlet.mvc.method.annotation.AbstractMessageConverterMethodProcessor [http-nio-8080-exec-6] Found 'Content-Type:application/json;charset=UTF-8' in response
2020-04-07 18:37:40,679 DEBUG org.springframework.core.log.LogFormatUtils [http-nio-8080-exec-6] Writing [a02f26df-060b-4f3d-8fbb-3f51107decf3]
2020-04-07 18:37:40,683 DEBUG org.springframework.web.servlet.FrameworkServlet [http-nio-8080-exec-6] Completed 200 OK
2020-04-07 18:38:17,580 INFO CacheScheduler [scheduling-1] Clear user cache : START
2020-04-07 18:38:17,603 INFO CacheScheduler [scheduling-1] Clear user cache : END
2020-04-07 18:40:25,198 INFO org.springframework.boot.SpringApplication [main] No active profile set, falling back to default profiles: default
2020-04-07 18:40:27,661 INFO org.springframework.data.repository.config.RepositoryConfigurationDelegate [main] Bootstrapping Spring Data JPA repositories in DEFAULT mode.
2020-04-07 18:40:27,926 INFO org.springframework.data.repository.config.RepositoryConfigurationDelegate [main] Finished Spring Data repository scanning in 233ms. Found 3 JPA repository interfaces.
2020-04-07 18:40:29,765 INFO org.springframework.cloud.context.scope.GenericScope [main] BeanFactory id=31f2f92b-c3f1-3382-b924-b500c6056c81
2020-04-07 18:40:31,684 INFO org.springframework.boot.web.embedded.tomcat.TomcatWebServer [main] Tomcat initialized with port(s): 8080 (http)
2020-04-07 18:40:31,731 INFO org.apache.juli.logging.DirectJDKLog [main] Initializing ProtocolHandler ["http-nio-8080"]
2020-04-07 18:40:31,734 INFO org.apache.juli.logging.DirectJDKLog [main] Starting service [Tomcat]
2020-04-07 18:40:31,736 INFO org.apache.juli.logging.DirectJDKLog [main] Starting Servlet engine: [Apache Tomcat/9.0.33]
2020-04-07 18:40:32,150 INFO org.apache.juli.logging.DirectJDKLog [main] Initializing Spring embedded WebApplicationContext
2020-04-07 18:40:32,151 DEBUG org.springframework.boot.web.servlet.context.ServletWebServerApplicationContext [main] Published root WebApplicationContext as ServletContext attribute with name [org.springframework.web.context.WebApplicationContext.ROOT]
2020-04-07 18:40:32,151 INFO org.springframework.boot.web.servlet.context.ServletWebServerApplicationContext [main] Root WebApplicationContext: initialization completed in 6818 ms
2020-04-07 18:40:33,141 INFO CacheConfig [main] Initializing cache.
2020-04-07 18:40:33,421 INFO org.hibernate.jpa.internal.util.LogHelper [main] HHH000204: Processing PersistenceUnitInfo [name: default]
2020-04-07 18:40:33,703 INFO org.hibernate.Version [main] HHH000412: Hibernate ORM core version 5.4.12.Final
2020-04-07 18:40:34,478 INFO org.hibernate.annotations.common.reflection.java.JavaReflectionManager [main] HCANN000001: Hibernate Commons Annotations {5.1.0.Final}
2020-04-07 18:40:34,962 INFO com.zaxxer.hikari.HikariDataSource [main] HikariPool-1 - Starting...
2020-04-07 18:40:35,291 INFO com.zaxxer.hikari.HikariDataSource [main] HikariPool-1 - Start completed.
2020-04-07 18:40:35,351 INFO org.hibernate.dialect.Dialect [main] HHH000400: Using dialect: org.hibernate.dialect.PostgreSQL10Dialect
2020-04-07 18:40:38,362 INFO org.hibernate.engine.transaction.jta.platform.internal.JtaPlatformInitiator [main] HHH000490: Using JtaPlatform implementation: [org.hibernate.engine.transaction.jta.platform.internal.NoJtaPlatform]
2020-04-07 18:40:39,642 INFO org.springframework.orm.jpa.AbstractEntityManagerFactoryBean [main] Initialized JPA EntityManagerFactory for persistence unit 'default'
2020-04-07 18:40:42,289 DEBUG org.springframework.web.filter.GenericFilterBean [main] Filter 'jwtFilter' configured for use
2020-04-07 18:40:42,543 WARN org.springframework.boot.autoconfigure.orm.jpa.JpaBaseConfiguration$JpaWebConfiguration [main] spring.jpa.open-in-view is enabled by default. Therefore, database queries may be performed during view rendering. Explicitly configure spring.jpa.open-in-view to disable this warning
2020-04-07 18:40:54,991 INFO org.springframework.scheduling.concurrent.ExecutorConfigurationSupport [main] Initializing ExecutorService 'applicationTaskExecutor'
2020-04-07 18:40:55,035 DEBUG org.springframework.web.servlet.mvc.method.annotation.RequestMappingHandlerAdapter [main] ControllerAdvice beans: 0 @ModelAttribute, 0 @InitBinder, 1 RequestBodyAdvice, 1 ResponseBodyAdvice
2020-04-07 18:40:55,352 DEBUG org.springframework.web.servlet.handler.AbstractHandlerMethodMapping [main] 12 mappings in 'requestMappingHandlerMapping'
2020-04-07 18:40:55,439 DEBUG org.springframework.web.servlet.handler.AbstractDetectingUrlHandlerMapping [main] Detected 1 mappings in 'beanNameHandlerMapping'
2020-04-07 18:40:55,576 DEBUG org.springframework.web.servlet.handler.SimpleUrlHandlerMapping [main] Patterns [/webjars/**, /**] in 'resourceHandlerMapping'
2020-04-07 18:40:55,624 DEBUG org.springframework.web.servlet.mvc.method.annotation.ExceptionHandlerExceptionResolver [main] ControllerAdvice beans: 1 @ExceptionHandler, 1 ResponseBodyAdvice
2020-04-07 18:40:57,490 INFO org.springframework.security.web.DefaultSecurityFilterChain [main] Creating filter chain: OrRequestMatcher [requestMatchers=[Ant [pattern='/oauth/token'], Ant [pattern='/oauth/token_key'], Ant [pattern='/oauth/check_token']]], [org.springframework.security.web.context.request.async.WebAsyncManagerIntegrationFilter@37e7e089, org.springframework.security.web.context.SecurityContextPersistenceFilter@14b4caba, org.springframework.security.web.header.HeaderWriterFilter@2be9add0, org.springframework.security.web.authentication.logout.LogoutFilter@783a35d8, org.springframework.security.web.authentication.www.BasicAuthenticationFilter@4f7bc9a3, org.springframework.security.web.savedrequest.RequestCacheAwareFilter@6e157f48, org.springframework.security.web.servletapi.SecurityContextHolderAwareRequestFilter@5ce9c9e8, org.springframework.security.web.authentication.AnonymousAuthenticationFilter@58f05266, org.springframework.security.web.session.SessionManagementFilter@149e457, org.springframework.security.web.access.ExceptionTranslationFilter@521e34d4, org.springframework.security.web.access.intercept.FilterSecurityInterceptor@58b03882]
2020-04-07 18:40:57,520 INFO org.springframework.security.web.DefaultSecurityFilterChain [main] Creating filter chain: any request, [org.springframework.security.web.context.request.async.WebAsyncManagerIntegrationFilter@446dc997, org.springframework.security.web.context.SecurityContextPersistenceFilter@4ca50bb9, org.springframework.security.web.header.HeaderWriterFilter@7e3b101b, org.springframework.security.web.csrf.CsrfFilter@440d45c5, org.springframework.security.web.authentication.logout.LogoutFilter@6903ef57, org.springframework.security.web.authentication.UsernamePasswordAuthenticationFilter@25bfc558, org.springframework.security.web.authentication.ui.DefaultLoginPageGeneratingFilter@105e8710, org.springframework.security.web.authentication.ui.DefaultLogoutPageGeneratingFilter@32cfd722, org.springframework.security.web.authentication.www.BasicAuthenticationFilter@3d837af7, org.springframework.security.web.savedrequest.RequestCacheAwareFilter@16817bad, org.springframework.security.web.servletapi.SecurityContextHolderAwareRequestFilter@301c0aae, org.springframework.security.web.authentication.AnonymousAuthenticationFilter@69815126, org.springframework.security.web.session.SessionManagementFilter@62284954, org.springframework.security.web.access.ExceptionTranslationFilter@6b862f17, org.springframework.security.web.access.intercept.FilterSecurityInterceptor@4ac7927a]
2020-04-07 18:40:57,667 INFO org.springframework.scheduling.concurrent.ExecutorConfigurationSupport [main] Initializing ExecutorService 'taskScheduler'
2020-04-07 18:40:57,851 INFO org.springframework.boot.actuate.endpoint.web.EndpointLinksResolver [main] Exposing 2 endpoint(s) beneath base path '/actuator'
2020-04-07 18:40:57,987 INFO CacheScheduler [scheduling-1] Clear user cache : START
2020-04-07 18:40:57,990 INFO CacheScheduler [scheduling-1] Clear user cache : END
2020-04-07 18:40:58,059 INFO org.apache.juli.logging.DirectJDKLog [main] Starting ProtocolHandler ["http-nio-8080"]
2020-04-07 18:40:58,242 INFO org.springframework.boot.web.embedded.tomcat.TomcatWebServer [main] Tomcat started on port(s): 8080 (http) with context path ''
2020-04-07 18:40:58,255 INFO org.springframework.boot.StartupInfoLogger [main] Started PandemicUnemploymentInsuranceApplication in 36.923 seconds (JVM running for 38.524)
2020-04-07 18:41:11,897 INFO org.apache.juli.logging.DirectJDKLog [http-nio-8080-exec-1] Initializing Spring DispatcherServlet 'dispatcherServlet'
2020-04-07 18:41:11,898 INFO org.springframework.web.servlet.FrameworkServlet [http-nio-8080-exec-1] Initializing Servlet 'dispatcherServlet'
2020-04-07 18:41:11,899 DEBUG org.springframework.web.servlet.DispatcherServlet [http-nio-8080-exec-1] Detected StandardServletMultipartResolver
2020-04-07 18:41:11,927 DEBUG org.springframework.web.servlet.FrameworkServlet [http-nio-8080-exec-1] enableLoggingRequestDetails='false': request parameters and headers will be masked to prevent unsafe logging of potentially sensitive data
2020-04-07 18:41:11,928 INFO org.springframework.web.servlet.FrameworkServlet [http-nio-8080-exec-1] Completed initialization in 29 ms
2020-04-07 18:41:12,414 DEBUG org.springframework.core.log.LogFormatUtils [http-nio-8080-exec-1] POST "/oauth/token", parameters={masked}
2020-04-07 18:41:20,341 INFO CustomUserDetailsService [http-nio-8080-exec-1] Granted Authorities --> ROLE_ADMN
2020-04-07 18:41:38,024 DEBUG org.springframework.web.servlet.mvc.method.annotation.AbstractMessageConverterMethodProcessor [http-nio-8080-exec-1] Found 'Content-Type:application/json;charset=UTF-8' in response
2020-04-07 18:41:38,117 DEBUG org.springframework.core.log.LogFormatUtils [http-nio-8080-exec-1] Writing [6d42a483-56f0-454f-ab6b-c4bd55301b1f]
2020-04-07 18:41:38,166 DEBUG org.springframework.web.servlet.FrameworkServlet [http-nio-8080-exec-1] Completed 200 OK
2020-04-07 18:41:58,774 DEBUG org.springframework.core.log.LogFormatUtils [http-nio-8080-exec-2] POST "/oauth/token", parameters={masked}
2020-04-07 18:41:58,781 INFO CustomUserDetailsService [http-nio-8080-exec-2] Granted Authorities --> ROLE_ADMN
2020-04-07 18:41:58,785 DEBUG org.springframework.web.servlet.mvc.method.annotation.AbstractMessageConverterMethodProcessor [http-nio-8080-exec-2] Found 'Content-Type:application/json;charset=UTF-8' in response
2020-04-07 18:41:58,787 DEBUG org.springframework.core.log.LogFormatUtils [http-nio-8080-exec-2] Writing [6d42a483-56f0-454f-ab6b-c4bd55301b1f]
2020-04-07 18:41:58,792 DEBUG org.springframework.web.servlet.FrameworkServlet [http-nio-8080-exec-2] Completed 200 OK
2020-04-07 18:44:50,997 INFO org.springframework.boot.SpringApplication [main] No active profile set, falling back to default profiles: default
2020-04-07 18:44:53,369 INFO org.springframework.data.repository.config.RepositoryConfigurationDelegate [main] Bootstrapping Spring Data JPA repositories in DEFAULT mode.
2020-04-07 18:44:53,646 INFO org.springframework.data.repository.config.RepositoryConfigurationDelegate [main] Finished Spring Data repository scanning in 245ms. Found 3 JPA repository interfaces.
2020-04-07 18:44:55,315 INFO org.springframework.cloud.context.scope.GenericScope [main] BeanFactory id=31f2f92b-c3f1-3382-b924-b500c6056c81
2020-04-07 18:44:57,093 INFO org.springframework.boot.web.embedded.tomcat.TomcatWebServer [main] Tomcat initialized with port(s): 8080 (http)
2020-04-07 18:44:57,126 INFO org.apache.juli.logging.DirectJDKLog [main] Initializing ProtocolHandler ["http-nio-8080"]
2020-04-07 18:44:57,127 INFO org.apache.juli.logging.DirectJDKLog [main] Starting service [Tomcat]
2020-04-07 18:44:57,129 INFO org.apache.juli.logging.DirectJDKLog [main] Starting Servlet engine: [Apache Tomcat/9.0.33]
2020-04-07 18:44:57,550 INFO org.apache.juli.logging.DirectJDKLog [main] Initializing Spring embedded WebApplicationContext
2020-04-07 18:44:57,551 DEBUG org.springframework.boot.web.servlet.context.ServletWebServerApplicationContext [main] Published root WebApplicationContext as ServletContext attribute with name [org.springframework.web.context.WebApplicationContext.ROOT]
2020-04-07 18:44:57,552 INFO org.springframework.boot.web.servlet.context.ServletWebServerApplicationContext [main] Root WebApplicationContext: initialization completed in 6395 ms
2020-04-07 18:44:58,475 INFO CacheConfig [main] Initializing cache.
2020-04-07 18:44:58,710 INFO org.hibernate.jpa.internal.util.LogHelper [main] HHH000204: Processing PersistenceUnitInfo [name: default]
2020-04-07 18:44:58,934 INFO org.hibernate.Version [main] HHH000412: Hibernate ORM core version 5.4.12.Final
2020-04-07 18:44:59,547 INFO org.hibernate.annotations.common.reflection.java.JavaReflectionManager [main] HCANN000001: Hibernate Commons Annotations {5.1.0.Final}
2020-04-07 18:44:59,975 INFO com.zaxxer.hikari.HikariDataSource [main] HikariPool-1 - Starting...
2020-04-07 18:45:00,325 INFO com.zaxxer.hikari.HikariDataSource [main] HikariPool-1 - Start completed.
2020-04-07 18:45:00,381 INFO org.hibernate.dialect.Dialect [main] HHH000400: Using dialect: org.hibernate.dialect.PostgreSQL10Dialect
2020-04-07 18:45:03,289 INFO org.hibernate.engine.transaction.jta.platform.internal.JtaPlatformInitiator [main] HHH000490: Using JtaPlatform implementation: [org.hibernate.engine.transaction.jta.platform.internal.NoJtaPlatform]
2020-04-07 18:45:03,627 INFO org.springframework.orm.jpa.AbstractEntityManagerFactoryBean [main] Initialized JPA EntityManagerFactory for persistence unit 'default'
2020-04-07 18:45:05,006 DEBUG org.springframework.web.filter.GenericFilterBean [main] Filter 'jwtFilter' configured for use
2020-04-07 18:45:05,176 WARN org.springframework.boot.autoconfigure.orm.jpa.JpaBaseConfiguration$JpaWebConfiguration [main] spring.jpa.open-in-view is enabled by default. Therefore, database queries may be performed during view rendering. Explicitly configure spring.jpa.open-in-view to disable this warning
2020-04-07 18:45:06,584 INFO org.springframework.scheduling.concurrent.ExecutorConfigurationSupport [main] Initializing ExecutorService 'applicationTaskExecutor'
2020-04-07 18:45:06,624 DEBUG org.springframework.web.servlet.mvc.method.annotation.RequestMappingHandlerAdapter [main] ControllerAdvice beans: 0 @ModelAttribute, 0 @InitBinder, 1 RequestBodyAdvice, 1 ResponseBodyAdvice
2020-04-07 18:45:06,784 DEBUG org.springframework.web.servlet.handler.AbstractHandlerMethodMapping [main] 12 mappings in 'requestMappingHandlerMapping'
2020-04-07 18:45:06,847 DEBUG org.springframework.web.servlet.handler.AbstractDetectingUrlHandlerMapping [main] Detected 1 mappings in 'beanNameHandlerMapping'
2020-04-07 18:45:06,915 DEBUG org.springframework.web.servlet.handler.SimpleUrlHandlerMapping [main] Patterns [/webjars/**, /**] in 'resourceHandlerMapping'
2020-04-07 18:45:06,952 DEBUG org.springframework.web.servlet.mvc.method.annotation.ExceptionHandlerExceptionResolver [main] ControllerAdvice beans: 1 @ExceptionHandler, 1 ResponseBodyAdvice
2020-04-07 18:45:08,132 INFO org.springframework.security.web.DefaultSecurityFilterChain [main] Creating filter chain: OrRequestMatcher [requestMatchers=[Ant [pattern='/oauth/token'], Ant [pattern='/oauth/token_key'], Ant [pattern='/oauth/check_token']]], [org.springframework.security.web.context.request.async.WebAsyncManagerIntegrationFilter@6c7f3af6, org.springframework.security.web.context.SecurityContextPersistenceFilter@42626e86, org.springframework.security.web.header.HeaderWriterFilter@249fa2cb, org.springframework.security.web.authentication.logout.LogoutFilter@7aa44fa2, org.springframework.security.web.authentication.www.BasicAuthenticationFilter@6ea4b4b2, org.springframework.security.web.savedrequest.RequestCacheAwareFilter@435848de, org.springframework.security.web.servletapi.SecurityContextHolderAwareRequestFilter@63ee2891, org.springframework.security.web.authentication.AnonymousAuthenticationFilter@3285c141, org.springframework.security.web.session.SessionManagementFilter@9063080, org.springframework.security.web.access.ExceptionTranslationFilter@3c1f2651, org.springframework.security.web.access.intercept.FilterSecurityInterceptor@b7952d2]
2020-04-07 18:45:08,160 INFO org.springframework.security.web.DefaultSecurityFilterChain [main] Creating filter chain: any request, [org.springframework.security.web.context.request.async.WebAsyncManagerIntegrationFilter@1912ba29, org.springframework.security.web.context.SecurityContextPersistenceFilter@4ff3ca23, org.springframework.security.web.header.HeaderWriterFilter@32cfd722, org.springframework.security.web.csrf.CsrfFilter@3d837af7, org.springframework.security.web.authentication.logout.LogoutFilter@3a9a12a1, org.springframework.security.web.authentication.UsernamePasswordAuthenticationFilter@381ed137, org.springframework.security.web.authentication.ui.DefaultLoginPageGeneratingFilter@4a29520e, org.springframework.security.web.authentication.ui.DefaultLogoutPageGeneratingFilter@2c6ed95a, org.springframework.security.web.authentication.www.BasicAuthenticationFilter@6eacf3be, org.springframework.security.web.savedrequest.RequestCacheAwareFilter@65f8933b, org.springframework.security.web.servletapi.SecurityContextHolderAwareRequestFilter@29422e61, org.springframework.security.web.authentication.AnonymousAuthenticationFilter@62b72289, org.springframework.security.web.session.SessionManagementFilter@69815126, org.springframework.security.web.access.ExceptionTranslationFilter@446dc997, org.springframework.security.web.access.intercept.FilterSecurityInterceptor@2202e978]
2020-04-07 18:45:08,287 INFO org.springframework.scheduling.concurrent.ExecutorConfigurationSupport [main] Initializing ExecutorService 'taskScheduler'
2020-04-07 18:45:08,409 INFO org.springframework.boot.actuate.endpoint.web.EndpointLinksResolver [main] Exposing 2 endpoint(s) beneath base path '/actuator'
2020-04-07 18:45:08,598 INFO CacheScheduler [scheduling-1] Clear user cache : START
2020-04-07 18:45:08,601 INFO CacheScheduler [scheduling-1] Clear user cache : END
2020-04-07 18:45:08,602 INFO org.apache.juli.logging.DirectJDKLog [main] Starting ProtocolHandler ["http-nio-8080"]
2020-04-07 18:45:08,692 INFO org.springframework.boot.web.embedded.tomcat.TomcatWebServer [main] Tomcat started on port(s): 8080 (http) with context path ''
2020-04-07 18:45:08,704 INFO org.springframework.boot.StartupInfoLogger [main] Started PandemicUnemploymentInsuranceApplication in 21.662 seconds (JVM running for 23.556)
2020-04-07 18:45:19,430 INFO org.apache.juli.logging.DirectJDKLog [http-nio-8080-exec-1] Initializing Spring DispatcherServlet 'dispatcherServlet'
2020-04-07 18:45:19,431 INFO org.springframework.web.servlet.FrameworkServlet [http-nio-8080-exec-1] Initializing Servlet 'dispatcherServlet'
2020-04-07 18:45:19,433 DEBUG org.springframework.web.servlet.DispatcherServlet [http-nio-8080-exec-1] Detected StandardServletMultipartResolver
2020-04-07 18:45:19,461 DEBUG org.springframework.web.servlet.FrameworkServlet [http-nio-8080-exec-1] enableLoggingRequestDetails='false': request parameters and headers will be masked to prevent unsafe logging of potentially sensitive data
2020-04-07 18:45:19,462 INFO org.springframework.web.servlet.FrameworkServlet [http-nio-8080-exec-1] Completed initialization in 30 ms
2020-04-07 18:45:19,997 DEBUG org.springframework.core.log.LogFormatUtils [http-nio-8080-exec-1] POST "/oauth/token", parameters={masked}
2020-04-07 18:45:20,721 INFO CustomUserDetailsService [http-nio-8080-exec-1] Granted Authorities --> ROLE_ADMN
2020-04-07 18:45:20,808 DEBUG org.springframework.web.servlet.mvc.method.annotation.ExceptionHandlerExceptionResolver [http-nio-8080-exec-1] Using @ExceptionHandler org.springframework.security.oauth2.provider.endpoint.TokenEndpoint#handleException(OAuth2Exception)
2020-04-07 18:45:20,814 WARN org.springframework.security.oauth2.provider.endpoint.TokenEndpoint [http-nio-8080-exec-1] Handling error: InvalidGrantException, Invalid Username and/or Password.
2020-04-07 18:45:20,986 DEBUG org.springframework.web.servlet.mvc.method.annotation.AbstractMessageConverterMethodProcessor [http-nio-8080-exec-1] Using 'application/json', given [*/*] and supported [application/json, application/*+json, application/json, application/*+json]
2020-04-07 18:45:20,992 DEBUG org.springframework.core.log.LogFormatUtils [http-nio-8080-exec-1] Writing [error="invalid_grant", error_description="Invalid Username and/or Password."]
2020-04-07 18:45:21,103 DEBUG org.springframework.web.servlet.handler.AbstractHandlerExceptionResolver [http-nio-8080-exec-1] Resolved [error="invalid_grant", error_description="Invalid Username and/or Password."]
2020-04-07 18:45:21,131 DEBUG org.springframework.web.servlet.FrameworkServlet [http-nio-8080-exec-1] Completed 400 BAD_REQUEST
2020-04-07 18:45:27,797 DEBUG org.springframework.core.log.LogFormatUtils [http-nio-8080-exec-2] POST "/oauth/token", parameters={masked}
2020-04-07 18:45:27,806 INFO CustomUserDetailsService [http-nio-8080-exec-2] Granted Authorities --> ROLE_ADMN
2020-04-07 18:45:27,819 DEBUG org.springframework.web.servlet.mvc.method.annotation.AbstractMessageConverterMethodProcessor [http-nio-8080-exec-2] Found 'Content-Type:application/json;charset=UTF-8' in response
2020-04-07 18:45:27,835 DEBUG org.springframework.core.log.LogFormatUtils [http-nio-8080-exec-2] Writing [4d274126-7a97-43c6-afc4-25d23056b96f]
2020-04-07 18:45:27,847 DEBUG org.springframework.web.servlet.FrameworkServlet [http-nio-8080-exec-2] Completed 200 OK
2020-04-07 18:45:37,530 DEBUG org.springframework.core.log.LogFormatUtils [http-nio-8080-exec-3] POST "/oauth/token", parameters={masked}
2020-04-07 18:45:37,536 INFO CustomUserDetailsService [http-nio-8080-exec-3] Granted Authorities --> ROLE_ADMN
2020-04-07 18:45:37,538 DEBUG org.springframework.web.servlet.mvc.method.annotation.ExceptionHandlerExceptionResolver [http-nio-8080-exec-3] Using @ExceptionHandler org.springframework.security.oauth2.provider.endpoint.TokenEndpoint#handleException(OAuth2Exception)
2020-04-07 18:45:37,540 WARN org.springframework.security.oauth2.provider.endpoint.TokenEndpoint [http-nio-8080-exec-3] Handling error: InvalidGrantException, Invalid Username and/or Password.
2020-04-07 18:45:37,542 DEBUG org.springframework.web.servlet.mvc.method.annotation.AbstractMessageConverterMethodProcessor [http-nio-8080-exec-3] Using 'application/json', given [*/*] and supported [application/json, application/*+json, application/json, application/*+json]
2020-04-07 18:45:37,544 DEBUG org.springframework.core.log.LogFormatUtils [http-nio-8080-exec-3] Writing [error="invalid_grant", error_description="Invalid Username and/or Password."]
2020-04-07 18:45:37,548 DEBUG org.springframework.web.servlet.handler.AbstractHandlerExceptionResolver [http-nio-8080-exec-3] Resolved [error="invalid_grant", error_description="Invalid Username and/or Password."]
2020-04-07 18:45:37,550 DEBUG org.springframework.web.servlet.FrameworkServlet [http-nio-8080-exec-3] Completed 400 BAD_REQUEST
2020-04-07 18:45:42,847 DEBUG org.springframework.core.log.LogFormatUtils [http-nio-8080-exec-4] POST "/oauth/token", parameters={masked}
2020-04-07 18:45:42,854 INFO CustomUserDetailsService [http-nio-8080-exec-4] Granted Authorities --> ROLE_ADMN
2020-04-07 18:45:42,860 DEBUG org.springframework.web.servlet.mvc.method.annotation.AbstractMessageConverterMethodProcessor [http-nio-8080-exec-4] Found 'Content-Type:application/json;charset=UTF-8' in response
2020-04-07 18:45:42,862 DEBUG org.springframework.core.log.LogFormatUtils [http-nio-8080-exec-4] Writing [4d274126-7a97-43c6-afc4-25d23056b96f]
2020-04-07 18:45:42,866 DEBUG org.springframework.web.servlet.FrameworkServlet [http-nio-8080-exec-4] Completed 200 OK
2020-04-07 18:46:04,343 DEBUG org.springframework.core.log.LogFormatUtils [http-nio-8080-exec-5] POST "/oauth/token", parameters={masked}
2020-04-07 18:46:04,362 INFO CustomUserDetailsService [http-nio-8080-exec-5] Granted Authorities --> ROLE_ADMN
2020-04-07 18:46:04,365 DEBUG org.springframework.web.servlet.mvc.method.annotation.AbstractMessageConverterMethodProcessor [http-nio-8080-exec-5] Found 'Content-Type:application/json;charset=UTF-8' in response
2020-04-07 18:46:04,366 DEBUG org.springframework.core.log.LogFormatUtils [http-nio-8080-exec-5] Writing [4d274126-7a97-43c6-afc4-25d23056b96f]
2020-04-07 18:46:04,368 DEBUG org.springframework.web.servlet.FrameworkServlet [http-nio-8080-exec-5] Completed 200 OK
2020-04-07 18:46:16,911 DEBUG org.springframework.core.log.LogFormatUtils [http-nio-8080-exec-6] POST "/oauth/token", parameters={masked}
2020-04-07 18:46:24,990 INFO CustomUserDetailsService [http-nio-8080-exec-6] Granted Authorities --> ROLE_ADMN
2020-04-07 18:46:24,995 DEBUG org.springframework.web.servlet.mvc.method.annotation.AbstractMessageConverterMethodProcessor [http-nio-8080-exec-6] Found 'Content-Type:application/json;charset=UTF-8' in response
2020-04-07 18:46:25,005 DEBUG org.springframework.core.log.LogFormatUtils [http-nio-8080-exec-6] Writing [4d274126-7a97-43c6-afc4-25d23056b96f]
2020-04-07 18:46:25,013 DEBUG org.springframework.web.servlet.FrameworkServlet [http-nio-8080-exec-6] Completed 200 OK
2020-04-07 18:48:10,143 DEBUG org.springframework.core.log.LogFormatUtils [http-nio-8080-exec-8] GET "/oauth/check_token?token=4d274126-7a97-43c6-afc4-25d23056b96f", parameters={masked}
2020-04-07 18:48:10,284 DEBUG org.springframework.web.servlet.mvc.method.annotation.AbstractMessageConverterMethodProcessor [http-nio-8080-exec-8] Using 'application/json', given [*/*] and supported [application/json, application/*+json, application/json, application/*+json]
2020-04-07 18:48:10,286 DEBUG org.springframework.core.log.LogFormatUtils [http-nio-8080-exec-8] Writing [{active=true, exp=1586308527, user_name=user, authorities=[ROLE_ADMN], client_id=web, scope=[READ, W (truncated)...]
2020-04-07 18:48:10,451 DEBUG org.springframework.web.servlet.FrameworkServlet [http-nio-8080-exec-8] Completed 200 OK
2020-04-07 18:55:08,615 INFO CacheScheduler [scheduling-1] Clear user cache : START
2020-04-07 18:55:08,632 INFO CacheScheduler [scheduling-1] Clear user cache : END
2020-04-07 19:05:08,654 INFO CacheScheduler [scheduling-1] Clear user cache : START
2020-04-07 19:05:08,671 INFO CacheScheduler [scheduling-1] Clear user cache : END
2020-04-07 19:09:52,895 INFO org.springframework.boot.SpringApplication [main] No active profile set, falling back to default profiles: default
2020-04-07 19:09:55,384 INFO org.springframework.data.repository.config.RepositoryConfigurationDelegate [main] Bootstrapping Spring Data JPA repositories in DEFAULT mode.
2020-04-07 19:09:55,630 INFO org.springframework.data.repository.config.RepositoryConfigurationDelegate [main] Finished Spring Data repository scanning in 213ms. Found 3 JPA repository interfaces.
2020-04-07 19:09:57,310 INFO org.springframework.cloud.context.scope.GenericScope [main] BeanFactory id=31f2f92b-c3f1-3382-b924-b500c6056c81
2020-04-07 19:09:59,081 INFO org.springframework.boot.web.embedded.tomcat.TomcatWebServer [main] Tomcat initialized with port(s): 8080 (http)
2020-04-07 19:09:59,119 INFO org.apache.juli.logging.DirectJDKLog [main] Initializing ProtocolHandler ["http-nio-8080"]
2020-04-07 19:09:59,122 INFO org.apache.juli.logging.DirectJDKLog [main] Starting service [Tomcat]
2020-04-07 19:09:59,123 INFO org.apache.juli.logging.DirectJDKLog [main] Starting Servlet engine: [Apache Tomcat/9.0.33]
2020-04-07 19:09:59,520 INFO org.apache.juli.logging.DirectJDKLog [main] Initializing Spring embedded WebApplicationContext
2020-04-07 19:09:59,522 DEBUG org.springframework.boot.web.servlet.context.ServletWebServerApplicationContext [main] Published root WebApplicationContext as ServletContext attribute with name [org.springframework.web.context.WebApplicationContext.ROOT]
2020-04-07 19:09:59,527 INFO org.springframework.boot.web.servlet.context.ServletWebServerApplicationContext [main] Root WebApplicationContext: initialization completed in 6500 ms
2020-04-07 19:10:00,457 INFO CacheConfig [main] Initializing cache.
2020-04-07 19:10:00,690 INFO org.hibernate.jpa.internal.util.LogHelper [main] HHH000204: Processing PersistenceUnitInfo [name: default]
2020-04-07 19:10:00,954 INFO org.hibernate.Version [main] HHH000412: Hibernate ORM core version 5.4.12.Final
2020-04-07 19:10:01,622 INFO org.hibernate.annotations.common.reflection.java.JavaReflectionManager [main] HCANN000001: Hibernate Commons Annotations {5.1.0.Final}
2020-04-07 19:10:02,002 INFO com.zaxxer.hikari.HikariDataSource [main] HikariPool-1 - Starting...
2020-04-07 19:10:02,347 INFO com.zaxxer.hikari.HikariDataSource [main] HikariPool-1 - Start completed.
2020-04-07 19:10:02,416 INFO org.hibernate.dialect.Dialect [main] HHH000400: Using dialect: org.hibernate.dialect.PostgreSQL10Dialect
2020-04-07 19:10:05,590 INFO org.hibernate.engine.transaction.jta.platform.internal.JtaPlatformInitiator [main] HHH000490: Using JtaPlatform implementation: [org.hibernate.engine.transaction.jta.platform.internal.NoJtaPlatform]
2020-04-07 19:10:05,963 INFO org.springframework.orm.jpa.AbstractEntityManagerFactoryBean [main] Initialized JPA EntityManagerFactory for persistence unit 'default'
2020-04-07 19:10:07,560 DEBUG org.springframework.web.filter.GenericFilterBean [main] Filter 'jwtFilter' configured for use
2020-04-07 19:10:07,723 WARN org.springframework.boot.autoconfigure.orm.jpa.JpaBaseConfiguration$JpaWebConfiguration [main] spring.jpa.open-in-view is enabled by default. Therefore, database queries may be performed during view rendering. Explicitly configure spring.jpa.open-in-view to disable this warning
2020-04-07 19:10:08,927 INFO org.springframework.scheduling.concurrent.ExecutorConfigurationSupport [main] Initializing ExecutorService 'applicationTaskExecutor'
2020-04-07 19:10:08,966 DEBUG org.springframework.web.servlet.mvc.method.annotation.RequestMappingHandlerAdapter [main] ControllerAdvice beans: 0 @ModelAttribute, 0 @InitBinder, 1 RequestBodyAdvice, 1 ResponseBodyAdvice
2020-04-07 19:10:09,119 DEBUG org.springframework.web.servlet.handler.AbstractHandlerMethodMapping [main] 12 mappings in 'requestMappingHandlerMapping'
2020-04-07 19:10:09,161 DEBUG org.springframework.web.servlet.handler.AbstractDetectingUrlHandlerMapping [main] Detected 1 mappings in 'beanNameHandlerMapping'
2020-04-07 19:10:09,251 DEBUG org.springframework.web.servlet.handler.SimpleUrlHandlerMapping [main] Patterns [/webjars/**, /**] in 'resourceHandlerMapping'
2020-04-07 19:10:09,307 DEBUG org.springframework.web.servlet.mvc.method.annotation.ExceptionHandlerExceptionResolver [main] ControllerAdvice beans: 1 @ExceptionHandler, 1 ResponseBodyAdvice
2020-04-07 19:10:10,707 INFO org.springframework.security.web.DefaultSecurityFilterChain [main] Creating filter chain: OrRequestMatcher [requestMatchers=[Ant [pattern='/oauth/token'], Ant [pattern='/oauth/token_key'], Ant [pattern='/oauth/check_token']]], [org.springframework.security.web.context.request.async.WebAsyncManagerIntegrationFilter@8850865, org.springframework.security.web.context.SecurityContextPersistenceFilter@39068df9, org.springframework.security.web.header.HeaderWriterFilter@3a4e6da6, org.springframework.security.web.authentication.logout.LogoutFilter@37e7e089, org.springframework.security.web.authentication.www.BasicAuthenticationFilter@53ec379a, org.springframework.security.web.savedrequest.RequestCacheAwareFilter@7d29fc6, org.springframework.security.web.servletapi.SecurityContextHolderAwareRequestFilter@402fcf14, org.springframework.security.web.authentication.AnonymousAuthenticationFilter@3e11996e, org.springframework.security.web.session.SessionManagementFilter@213d5189, org.springframework.security.web.access.ExceptionTranslationFilter@4ff3af97, org.springframework.security.web.access.intercept.FilterSecurityInterceptor@53d3d604]
2020-04-07 19:10:10,737 INFO org.springframework.security.web.DefaultSecurityFilterChain [main] Creating filter chain: any request, [org.springframework.security.web.context.request.async.WebAsyncManagerIntegrationFilter@6fb514db, org.springframework.security.web.context.SecurityContextPersistenceFilter@c105912, org.springframework.security.web.header.HeaderWriterFilter@672e4658, org.springframework.security.web.csrf.CsrfFilter@6e212f38, org.springframework.security.web.authentication.logout.LogoutFilter@6992a147, org.springframework.security.web.authentication.UsernamePasswordAuthenticationFilter@158e3a79, org.springframework.security.web.authentication.ui.DefaultLoginPageGeneratingFilter@58338338, org.springframework.security.web.authentication.ui.DefaultLogoutPageGeneratingFilter@267a0b6a, org.springframework.security.web.authentication.www.BasicAuthenticationFilter@7a7d25ca, org.springframework.security.web.savedrequest.RequestCacheAwareFilter@591cda84, org.springframework.security.web.servletapi.SecurityContextHolderAwareRequestFilter@4c954b79, org.springframework.security.web.authentication.AnonymousAuthenticationFilter@42c3b02e, org.springframework.security.web.session.SessionManagementFilter@6bafe3b0, org.springframework.security.web.access.ExceptionTranslationFilter@4843b35f, org.springframework.security.web.access.intercept.FilterSecurityInterceptor@4d609cc3]
2020-04-07 19:10:10,850 INFO org.springframework.scheduling.concurrent.ExecutorConfigurationSupport [main] Initializing ExecutorService 'taskScheduler'
2020-04-07 19:10:10,987 INFO org.springframework.boot.actuate.endpoint.web.EndpointLinksResolver [main] Exposing 2 endpoint(s) beneath base path '/actuator'
2020-04-07 19:10:11,142 INFO CacheScheduler [scheduling-1] Clear user cache : START
2020-04-07 19:10:11,144 INFO CacheScheduler [scheduling-1] Clear user cache : END
2020-04-07 19:10:11,146 INFO org.apache.juli.logging.DirectJDKLog [main] Starting ProtocolHandler ["http-nio-8080"]
2020-04-07 19:10:11,261 INFO org.springframework.boot.web.embedded.tomcat.TomcatWebServer [main] Tomcat started on port(s): 8080 (http) with context path ''
2020-04-07 19:10:11,273 INFO org.springframework.boot.StartupInfoLogger [main] Started PandemicUnemploymentInsuranceApplication in 22.31 seconds (JVM running for 23.813)
2020-04-07 19:12:15,406 INFO org.apache.juli.logging.DirectJDKLog [http-nio-8080-exec-1] Initializing Spring DispatcherServlet 'dispatcherServlet'
2020-04-07 19:12:15,408 INFO org.springframework.web.servlet.FrameworkServlet [http-nio-8080-exec-1] Initializing Servlet 'dispatcherServlet'
2020-04-07 19:12:15,410 DEBUG org.springframework.web.servlet.DispatcherServlet [http-nio-8080-exec-1] Detected StandardServletMultipartResolver
2020-04-07 19:12:15,468 DEBUG org.springframework.web.servlet.FrameworkServlet [http-nio-8080-exec-1] enableLoggingRequestDetails='false': request parameters and headers will be masked to prevent unsafe logging of potentially sensitive data
2020-04-07 19:12:15,468 INFO org.springframework.web.servlet.FrameworkServlet [http-nio-8080-exec-1] Completed initialization in 59 ms
2020-04-07 19:12:16,654 ERROR org.apache.juli.logging.DirectJDKLog [http-nio-8080-exec-1] Servlet.service() for servlet [dispatcherServlet] in context with path [] threw exception
java.lang.IllegalArgumentException: There is no PasswordEncoder mapped for the id "null"
	at org.springframework.security.crypto.password.DelegatingPasswordEncoder$UnmappedIdPasswordEncoder.matches(DelegatingPasswordEncoder.java:250)
	at org.springframework.security.crypto.password.DelegatingPasswordEncoder.matches(DelegatingPasswordEncoder.java:198)
	at org.springframework.security.config.annotation.web.configuration.WebSecurityConfigurerAdapter$LazyPasswordEncoder.matches(WebSecurityConfigurerAdapter.java:592)
	at org.springframework.security.authentication.dao.DaoAuthenticationProvider.additionalAuthenticationChecks(DaoAuthenticationProvider.java:90)
	at org.springframework.security.authentication.dao.AbstractUserDetailsAuthenticationProvider.authenticate(AbstractUserDetailsAuthenticationProvider.java:166)
	at org.springframework.security.authentication.ProviderManager.authenticate(ProviderManager.java:175)
	at org.springframework.security.web.authentication.www.BasicAuthenticationFilter.doFilterInternal(BasicAuthenticationFilter.java:169)
	at org.springframework.web.filter.OncePerRequestFilter.doFilter(OncePerRequestFilter.java:119)
	at org.springframework.security.web.FilterChainProxy$VirtualFilterChain.doFilter(FilterChainProxy.java:334)
	at org.springframework.security.web.authentication.logout.LogoutFilter.doFilter(LogoutFilter.java:116)
	at org.springframework.security.web.FilterChainProxy$VirtualFilterChain.doFilter(FilterChainProxy.java:334)
	at org.springframework.security.web.header.HeaderWriterFilter.doHeadersAfter(HeaderWriterFilter.java:92)
	at org.springframework.security.web.header.HeaderWriterFilter.doFilterInternal(HeaderWriterFilter.java:77)
	at org.springframework.web.filter.OncePerRequestFilter.doFilter(OncePerRequestFilter.java:119)
	at org.springframework.security.web.FilterChainProxy$VirtualFilterChain.doFilter(FilterChainProxy.java:334)
	at org.springframework.security.web.context.SecurityContextPersistenceFilter.doFilter(SecurityContextPersistenceFilter.java:105)
	at org.springframework.security.web.FilterChainProxy$VirtualFilterChain.doFilter(FilterChainProxy.java:334)
	at org.springframework.security.web.context.request.async.WebAsyncManagerIntegrationFilter.doFilterInternal(WebAsyncManagerIntegrationFilter.java:56)
	at org.springframework.web.filter.OncePerRequestFilter.doFilter(OncePerRequestFilter.java:119)
	at org.springframework.security.web.FilterChainProxy$VirtualFilterChain.doFilter(FilterChainProxy.java:334)
	at org.springframework.security.web.FilterChainProxy.doFilterInternal(FilterChainProxy.java:215)
	at org.springframework.security.web.FilterChainProxy.doFilter(FilterChainProxy.java:178)
	at org.springframework.web.filter.DelegatingFilterProxy.invokeDelegate(DelegatingFilterProxy.java:358)
	at org.springframework.web.filter.DelegatingFilterProxy.doFilter(DelegatingFilterProxy.java:271)
	at org.apache.catalina.core.ApplicationFilterChain.internalDoFilter(ApplicationFilterChain.java:193)
	at org.apache.catalina.core.ApplicationFilterChain.doFilter(ApplicationFilterChain.java:166)
	at org.springframework.web.filter.RequestContextFilter.doFilterInternal(RequestContextFilter.java:100)
	at org.springframework.web.filter.OncePerRequestFilter.doFilter(OncePerRequestFilter.java:119)
	at org.apache.catalina.core.ApplicationFilterChain.internalDoFilter(ApplicationFilterChain.java:193)
	at org.apache.catalina.core.ApplicationFilterChain.doFilter(ApplicationFilterChain.java:166)
	at org.springframework.web.filter.FormContentFilter.doFilterInternal(FormContentFilter.java:93)
	at org.springframework.web.filter.OncePerRequestFilter.doFilter(OncePerRequestFilter.java:119)
	at org.apache.catalina.core.ApplicationFilterChain.internalDoFilter(ApplicationFilterChain.java:193)
	at org.apache.catalina.core.ApplicationFilterChain.doFilter(ApplicationFilterChain.java:166)
	at org.springframework.boot.actuate.metrics.web.servlet.WebMvcMetricsFilter.doFilterInternal(WebMvcMetricsFilter.java:109)
	at org.springframework.web.filter.OncePerRequestFilter.doFilter(OncePerRequestFilter.java:119)
	at org.apache.catalina.core.ApplicationFilterChain.internalDoFilter(ApplicationFilterChain.java:193)
	at org.apache.catalina.core.ApplicationFilterChain.doFilter(ApplicationFilterChain.java:166)
	at org.springframework.web.filter.CharacterEncodingFilter.doFilterInternal(CharacterEncodingFilter.java:201)
	at org.springframework.web.filter.OncePerRequestFilter.doFilter(OncePerRequestFilter.java:119)
	at org.apache.catalina.core.ApplicationFilterChain.internalDoFilter(ApplicationFilterChain.java:193)
	at org.apache.catalina.core.ApplicationFilterChain.doFilter(ApplicationFilterChain.java:166)
	at org.apache.catalina.core.StandardWrapperValve.invoke(StandardWrapperValve.java:202)
	at org.apache.catalina.core.StandardContextValve.invoke(StandardContextValve.java:96)
	at org.apache.catalina.authenticator.AuthenticatorBase.invoke(AuthenticatorBase.java:541)
	at org.apache.catalina.core.StandardHostValve.invoke(StandardHostValve.java:139)
	at org.apache.catalina.valves.ErrorReportValve.invoke(ErrorReportValve.java:92)
	at org.apache.catalina.core.StandardEngineValve.invoke(StandardEngineValve.java:74)
	at org.apache.catalina.connector.CoyoteAdapter.service(CoyoteAdapter.java:343)
	at org.apache.coyote.http11.Http11Processor.service(Http11Processor.java:373)
	at org.apache.coyote.AbstractProcessorLight.process(AbstractProcessorLight.java:65)
	at org.apache.coyote.AbstractProtocol$ConnectionHandler.process(AbstractProtocol.java:868)
	at org.apache.tomcat.util.net.NioEndpoint$SocketProcessor.doRun(NioEndpoint.java:1594)
	at org.apache.tomcat.util.net.SocketProcessorBase.run(SocketProcessorBase.java:49)
	at java.base/java.util.concurrent.ThreadPoolExecutor.runWorker(ThreadPoolExecutor.java:1128)
	at java.base/java.util.concurrent.ThreadPoolExecutor$Worker.run(ThreadPoolExecutor.java:628)
	at org.apache.tomcat.util.threads.TaskThread$WrappingRunnable.run(TaskThread.java:61)
	at java.base/java.lang.Thread.run(Thread.java:834)
2020-04-07 19:15:08,298 INFO org.springframework.boot.SpringApplication [main] No active profile set, falling back to default profiles: default
2020-04-07 19:15:11,652 INFO org.springframework.data.repository.config.RepositoryConfigurationDelegate [main] Bootstrapping Spring Data JPA repositories in DEFAULT mode.
2020-04-07 19:15:12,071 INFO org.springframework.data.repository.config.RepositoryConfigurationDelegate [main] Finished Spring Data repository scanning in 376ms. Found 3 JPA repository interfaces.
2020-04-07 19:15:14,469 INFO org.springframework.cloud.context.scope.GenericScope [main] BeanFactory id=d3364361-472c-366d-97e6-8e5328201305
2020-04-07 19:15:16,858 INFO org.springframework.boot.web.embedded.tomcat.TomcatWebServer [main] Tomcat initialized with port(s): 8080 (http)
2020-04-07 19:15:16,898 INFO org.apache.juli.logging.DirectJDKLog [main] Initializing ProtocolHandler ["http-nio-8080"]
2020-04-07 19:15:16,900 INFO org.apache.juli.logging.DirectJDKLog [main] Starting service [Tomcat]
2020-04-07 19:15:16,902 INFO org.apache.juli.logging.DirectJDKLog [main] Starting Servlet engine: [Apache Tomcat/9.0.33]
2020-04-07 19:15:17,389 INFO org.apache.juli.logging.DirectJDKLog [main] Initializing Spring embedded WebApplicationContext
2020-04-07 19:15:17,390 DEBUG org.springframework.boot.web.servlet.context.ServletWebServerApplicationContext [main] Published root WebApplicationContext as ServletContext attribute with name [org.springframework.web.context.WebApplicationContext.ROOT]
2020-04-07 19:15:17,391 INFO org.springframework.boot.web.servlet.context.ServletWebServerApplicationContext [main] Root WebApplicationContext: initialization completed in 8878 ms
2020-04-07 19:15:18,629 INFO CacheConfig [main] Initializing cache.
2020-04-07 19:15:18,982 INFO org.hibernate.jpa.internal.util.LogHelper [main] HHH000204: Processing PersistenceUnitInfo [name: default]
2020-04-07 19:15:19,494 INFO org.hibernate.Version [main] HHH000412: Hibernate ORM core version 5.4.12.Final
2020-04-07 19:15:20,412 INFO org.hibernate.annotations.common.reflection.java.JavaReflectionManager [main] HCANN000001: Hibernate Commons Annotations {5.1.0.Final}
2020-04-07 19:15:20,980 INFO com.zaxxer.hikari.HikariDataSource [main] HikariPool-1 - Starting...
2020-04-07 19:15:21,453 INFO com.zaxxer.hikari.HikariDataSource [main] HikariPool-1 - Start completed.
2020-04-07 19:15:21,589 INFO org.hibernate.dialect.Dialect [main] HHH000400: Using dialect: org.hibernate.dialect.PostgreSQL10Dialect
2020-04-07 19:15:25,993 INFO org.hibernate.engine.transaction.jta.platform.internal.JtaPlatformInitiator [main] HHH000490: Using JtaPlatform implementation: [org.hibernate.engine.transaction.jta.platform.internal.NoJtaPlatform]
2020-04-07 19:15:26,478 INFO org.springframework.orm.jpa.AbstractEntityManagerFactoryBean [main] Initialized JPA EntityManagerFactory for persistence unit 'default'
2020-04-07 19:15:28,240 DEBUG org.springframework.web.filter.GenericFilterBean [main] Filter 'jwtFilter' configured for use
2020-04-07 19:15:28,440 WARN org.springframework.boot.autoconfigure.orm.jpa.JpaBaseConfiguration$JpaWebConfiguration [main] spring.jpa.open-in-view is enabled by default. Therefore, database queries may be performed during view rendering. Explicitly configure spring.jpa.open-in-view to disable this warning
2020-04-07 19:15:29,863 INFO org.springframework.scheduling.concurrent.ExecutorConfigurationSupport [main] Initializing ExecutorService 'applicationTaskExecutor'
2020-04-07 19:15:29,918 DEBUG org.springframework.web.servlet.mvc.method.annotation.RequestMappingHandlerAdapter [main] ControllerAdvice beans: 0 @ModelAttribute, 0 @InitBinder, 1 RequestBodyAdvice, 1 ResponseBodyAdvice
2020-04-07 19:15:30,112 DEBUG org.springframework.web.servlet.handler.AbstractHandlerMethodMapping [main] 12 mappings in 'requestMappingHandlerMapping'
2020-04-07 19:15:30,187 DEBUG org.springframework.web.servlet.handler.AbstractDetectingUrlHandlerMapping [main] Detected 1 mappings in 'beanNameHandlerMapping'
2020-04-07 19:15:30,265 DEBUG org.springframework.web.servlet.handler.SimpleUrlHandlerMapping [main] Patterns [/webjars/**, /**] in 'resourceHandlerMapping'
2020-04-07 19:15:30,315 DEBUG org.springframework.web.servlet.mvc.method.annotation.ExceptionHandlerExceptionResolver [main] ControllerAdvice beans: 1 @ExceptionHandler, 1 ResponseBodyAdvice
2020-04-07 19:15:31,853 INFO org.springframework.security.web.DefaultSecurityFilterChain [main] Creating filter chain: OrRequestMatcher [requestMatchers=[Ant [pattern='/oauth/token'], Ant [pattern='/oauth/token_key'], Ant [pattern='/oauth/check_token']]], [org.springframework.security.web.context.request.async.WebAsyncManagerIntegrationFilter@42e14655, org.springframework.security.web.context.SecurityContextPersistenceFilter@5e6b2641, org.springframework.security.web.header.HeaderWriterFilter@283240b0, org.springframework.security.web.authentication.logout.LogoutFilter@7671922b, org.springframework.security.web.authentication.www.BasicAuthenticationFilter@4b1ef6a, org.springframework.security.web.savedrequest.RequestCacheAwareFilter@1ef585bb, org.springframework.security.web.servletapi.SecurityContextHolderAwareRequestFilter@362109d0, org.springframework.security.web.authentication.AnonymousAuthenticationFilter@81198ed, org.springframework.security.web.session.SessionManagementFilter@ac71bd7, org.springframework.security.web.access.ExceptionTranslationFilter@5232cec1, org.springframework.security.web.access.intercept.FilterSecurityInterceptor@486480e2]
2020-04-07 19:15:31,888 INFO org.springframework.security.web.DefaultSecurityFilterChain [main] Creating filter chain: any request, [org.springframework.security.web.context.request.async.WebAsyncManagerIntegrationFilter@249fa2cb, org.springframework.security.web.context.SecurityContextPersistenceFilter@72557e0d, org.springframework.security.web.header.HeaderWriterFilter@2252dc5d, org.springframework.security.web.csrf.CsrfFilter@49c74506, org.springframework.security.web.authentication.logout.LogoutFilter@53a3ccc, org.springframework.security.web.authentication.UsernamePasswordAuthenticationFilter@3c1f2651, org.springframework.security.web.authentication.ui.DefaultLoginPageGeneratingFilter@6e157f48, org.springframework.security.web.authentication.ui.DefaultLogoutPageGeneratingFilter@4c6ebaf2, org.springframework.security.web.authentication.www.BasicAuthenticationFilter@5ce9c9e8, org.springframework.security.web.savedrequest.RequestCacheAwareFilter@14b4caba, org.springframework.security.web.servletapi.SecurityContextHolderAwareRequestFilter@20305c45, org.springframework.security.web.authentication.AnonymousAuthenticationFilter@9063080, org.springframework.security.web.session.SessionManagementFilter@149e457, org.springframework.security.web.access.ExceptionTranslationFilter@2be9add0, org.springframework.security.web.access.intercept.FilterSecurityInterceptor@4f74edbf]
2020-04-07 19:15:32,047 INFO org.springframework.scheduling.concurrent.ExecutorConfigurationSupport [main] Initializing ExecutorService 'taskScheduler'
2020-04-07 19:15:32,234 INFO org.springframework.boot.actuate.endpoint.web.EndpointLinksResolver [main] Exposing 2 endpoint(s) beneath base path '/actuator'
2020-04-07 19:15:32,425 INFO CacheScheduler [scheduling-1] Clear user cache : START
2020-04-07 19:15:32,428 INFO CacheScheduler [scheduling-1] Clear user cache : END
2020-04-07 19:15:32,429 INFO org.apache.juli.logging.DirectJDKLog [main] Starting ProtocolHandler ["http-nio-8080"]
2020-04-07 19:15:32,574 INFO org.springframework.boot.web.embedded.tomcat.TomcatWebServer [main] Tomcat started on port(s): 8080 (http) with context path ''
2020-04-07 19:15:32,590 INFO org.springframework.boot.StartupInfoLogger [main] Started PandemicUnemploymentInsuranceApplication in 29.72 seconds (JVM running for 31.706)
2020-04-07 19:17:19,453 INFO org.apache.juli.logging.DirectJDKLog [http-nio-8080-exec-1] Initializing Spring DispatcherServlet 'dispatcherServlet'
2020-04-07 19:17:19,455 INFO org.springframework.web.servlet.FrameworkServlet [http-nio-8080-exec-1] Initializing Servlet 'dispatcherServlet'
2020-04-07 19:17:19,456 DEBUG org.springframework.web.servlet.DispatcherServlet [http-nio-8080-exec-1] Detected StandardServletMultipartResolver
2020-04-07 19:17:19,518 DEBUG org.springframework.web.servlet.FrameworkServlet [http-nio-8080-exec-1] enableLoggingRequestDetails='false': request parameters and headers will be masked to prevent unsafe logging of potentially sensitive data
2020-04-07 19:17:19,518 INFO org.springframework.web.servlet.FrameworkServlet [http-nio-8080-exec-1] Completed initialization in 62 ms
2020-04-07 19:17:20,995 DEBUG org.springframework.core.log.LogFormatUtils [http-nio-8080-exec-1] POST "/oauth/token", parameters={masked}
2020-04-07 19:17:21,634 INFO CustomUserDetailsService [http-nio-8080-exec-1] Granted Authorities --> ROLE_ADMN
2020-04-07 19:17:21,962 DEBUG org.springframework.web.servlet.mvc.method.annotation.AbstractMessageConverterMethodProcessor [http-nio-8080-exec-1] Found 'Content-Type:application/json;charset=UTF-8' in response
2020-04-07 19:17:22,058 DEBUG org.springframework.core.log.LogFormatUtils [http-nio-8080-exec-1] Writing [3b08d6f6-c3be-41a3-bc4f-be5ee4102d4b]
2020-04-07 19:17:22,121 DEBUG org.springframework.web.servlet.FrameworkServlet [http-nio-8080-exec-1] Completed 200 OK
2020-04-07 19:17:37,739 DEBUG org.springframework.core.log.LogFormatUtils [http-nio-8080-exec-3] POST "/oauth/token", parameters={masked}
2020-04-07 19:17:37,770 INFO CustomUserDetailsService [http-nio-8080-exec-3] Granted Authorities --> ROLE_ADMN
2020-04-07 19:17:37,776 DEBUG org.springframework.web.servlet.mvc.method.annotation.AbstractMessageConverterMethodProcessor [http-nio-8080-exec-3] Found 'Content-Type:application/json;charset=UTF-8' in response
2020-04-07 19:17:37,778 DEBUG org.springframework.core.log.LogFormatUtils [http-nio-8080-exec-3] Writing [3b08d6f6-c3be-41a3-bc4f-be5ee4102d4b]
2020-04-07 19:17:37,784 DEBUG org.springframework.web.servlet.FrameworkServlet [http-nio-8080-exec-3] Completed 200 OK
2020-04-07 19:17:42,074 DEBUG org.springframework.core.log.LogFormatUtils [http-nio-8080-exec-4] POST "/oauth/token", parameters={masked}
2020-04-07 19:17:42,137 INFO CustomUserDetailsService [http-nio-8080-exec-4] Granted Authorities --> ROLE_ADMN
2020-04-07 19:17:42,145 DEBUG org.springframework.web.servlet.mvc.method.annotation.AbstractMessageConverterMethodProcessor [http-nio-8080-exec-4] Found 'Content-Type:application/json;charset=UTF-8' in response
2020-04-07 19:17:42,146 DEBUG org.springframework.core.log.LogFormatUtils [http-nio-8080-exec-4] Writing [3b08d6f6-c3be-41a3-bc4f-be5ee4102d4b]
2020-04-07 19:17:42,156 DEBUG org.springframework.web.servlet.FrameworkServlet [http-nio-8080-exec-4] Completed 200 OK
2020-04-07 19:17:43,913 DEBUG org.springframework.core.log.LogFormatUtils [http-nio-8080-exec-5] POST "/oauth/token", parameters={masked}
2020-04-07 19:17:43,947 INFO CustomUserDetailsService [http-nio-8080-exec-5] Granted Authorities --> ROLE_ADMN
2020-04-07 19:17:43,964 DEBUG org.springframework.web.servlet.mvc.method.annotation.AbstractMessageConverterMethodProcessor [http-nio-8080-exec-5] Found 'Content-Type:application/json;charset=UTF-8' in response
2020-04-07 19:17:43,965 DEBUG org.springframework.core.log.LogFormatUtils [http-nio-8080-exec-5] Writing [3b08d6f6-c3be-41a3-bc4f-be5ee4102d4b]
2020-04-07 19:17:43,977 DEBUG org.springframework.web.servlet.FrameworkServlet [http-nio-8080-exec-5] Completed 200 OK
2020-04-07 19:18:28,500 DEBUG org.springframework.core.log.LogFormatUtils [http-nio-8080-exec-6] "ERROR" dispatch for GET "/error?token=3b08d6f6-c3be-41a3-bc4f-be5ee4102d4b", parameters={masked}
2020-04-07 19:18:28,516 DEBUG org.springframework.web.servlet.handler.AbstractHandlerMapping [http-nio-8080-exec-6] Mapped to org.springframework.boot.autoconfigure.web.servlet.error.BasicErrorController#error(HttpServletRequest)
2020-04-07 19:18:28,584 DEBUG org.springframework.web.servlet.mvc.method.annotation.AbstractMessageConverterMethodProcessor [http-nio-8080-exec-6] Using 'application/json', given [*/*] and supported [application/json, application/*+json, application/json, application/*+json]
2020-04-07 19:18:28,586 DEBUG org.springframework.core.log.LogFormatUtils [http-nio-8080-exec-6] Writing [{timestamp=Tue Apr 07 19:18:28 IST 2020, status=401, error=Unauthorized, message=Unauthorized, path= (truncated)...]
2020-04-07 19:18:28,888 DEBUG org.springframework.web.servlet.FrameworkServlet [http-nio-8080-exec-6] Exiting from "ERROR" dispatch, status 401
2020-04-07 19:18:52,609 DEBUG org.springframework.core.log.LogFormatUtils [http-nio-8080-exec-7] "ERROR" dispatch for GET "/error?token=3b08d6f6-c3be-41a3-bc4f-be5ee4102d4b", parameters={masked}
2020-04-07 19:18:52,614 DEBUG org.springframework.web.servlet.handler.AbstractHandlerMapping [http-nio-8080-exec-7] Mapped to org.springframework.boot.autoconfigure.web.servlet.error.BasicErrorController#error(HttpServletRequest)
2020-04-07 19:18:52,618 DEBUG org.springframework.web.servlet.mvc.method.annotation.AbstractMessageConverterMethodProcessor [http-nio-8080-exec-7] Using 'application/json', given [*/*] and supported [application/json, application/*+json, application/json, application/*+json]
2020-04-07 19:18:52,619 DEBUG org.springframework.core.log.LogFormatUtils [http-nio-8080-exec-7] Writing [{timestamp=Tue Apr 07 19:18:52 IST 2020, status=401, error=Unauthorized, message=Unauthorized, path= (truncated)...]
2020-04-07 19:18:52,627 DEBUG org.springframework.web.servlet.FrameworkServlet [http-nio-8080-exec-7] Exiting from "ERROR" dispatch, status 401
2020-04-07 19:19:30,946 DEBUG org.springframework.core.log.LogFormatUtils [http-nio-8080-exec-8] "ERROR" dispatch for GET "/error?token=3b08d6f6-c3be-41a3-bc4f-be5ee4102d4b", parameters={masked}
2020-04-07 19:19:30,956 DEBUG org.springframework.web.servlet.handler.AbstractHandlerMapping [http-nio-8080-exec-8] Mapped to org.springframework.boot.autoconfigure.web.servlet.error.BasicErrorController#error(HttpServletRequest)
2020-04-07 19:19:30,958 DEBUG org.springframework.web.servlet.mvc.method.annotation.AbstractMessageConverterMethodProcessor [http-nio-8080-exec-8] Using 'application/json', given [*/*] and supported [application/json, application/*+json, application/json, application/*+json]
2020-04-07 19:19:30,962 DEBUG org.springframework.core.log.LogFormatUtils [http-nio-8080-exec-8] Writing [{timestamp=Tue Apr 07 19:19:30 IST 2020, status=401, error=Unauthorized, message=Unauthorized, path= (truncated)...]
2020-04-07 19:19:30,969 DEBUG org.springframework.web.servlet.FrameworkServlet [http-nio-8080-exec-8] Exiting from "ERROR" dispatch, status 401
2020-04-07 19:25:32,465 INFO CacheScheduler [scheduling-1] Clear user cache : START
2020-04-07 19:25:32,477 INFO CacheScheduler [scheduling-1] Clear user cache : END
2020-04-07 19:35:32,500 INFO CacheScheduler [scheduling-1] Clear user cache : START
2020-04-07 19:35:32,521 INFO CacheScheduler [scheduling-1] Clear user cache : END
2020-04-07 19:45:32,548 INFO CacheScheduler [scheduling-1] Clear user cache : START
2020-04-07 19:45:32,560 INFO CacheScheduler [scheduling-1] Clear user cache : END
2020-04-07 19:55:32,585 INFO CacheScheduler [scheduling-1] Clear user cache : START
2020-04-07 19:55:32,606 INFO CacheScheduler [scheduling-1] Clear user cache : END
2020-04-07 19:57:07,601 DEBUG org.springframework.core.log.LogFormatUtils [http-nio-8080-exec-10] "ERROR" dispatch for GET "/error?token=3b08d6f6-c3be-41a3-bc4f-be5ee4102d4b", parameters={masked}
2020-04-07 19:57:07,619 DEBUG org.springframework.web.servlet.handler.AbstractHandlerMapping [http-nio-8080-exec-10] Mapped to org.springframework.boot.autoconfigure.web.servlet.error.BasicErrorController#error(HttpServletRequest)
2020-04-07 19:57:07,648 DEBUG org.springframework.web.servlet.mvc.method.annotation.AbstractMessageConverterMethodProcessor [http-nio-8080-exec-10] Using 'application/json', given [*/*] and supported [application/json, application/*+json, application/json, application/*+json]
2020-04-07 19:57:07,659 DEBUG org.springframework.core.log.LogFormatUtils [http-nio-8080-exec-10] Writing [{timestamp=Tue Apr 07 19:57:07 IST 2020, status=401, error=Unauthorized, message=Unauthorized, path= (truncated)...]
2020-04-07 19:57:07,713 DEBUG org.springframework.web.servlet.FrameworkServlet [http-nio-8080-exec-10] Exiting from "ERROR" dispatch, status 401
2020-04-07 19:59:16,105 DEBUG org.springframework.core.log.LogFormatUtils [http-nio-8080-exec-2] GET "/oauth/check_token?token=3b08d6f6-c3be-41a3-bc4f-be5ee4102d4b", parameters={masked}
2020-04-07 19:59:16,341 DEBUG org.springframework.web.servlet.mvc.method.annotation.AbstractMessageConverterMethodProcessor [http-nio-8080-exec-2] Using 'application/json', given [*/*] and supported [application/json, application/*+json, application/json, application/*+json]
2020-04-07 19:59:16,349 DEBUG org.springframework.core.log.LogFormatUtils [http-nio-8080-exec-2] Writing [{aud=[all], user_name=user, scope=[READ, WRITE], active=true, exp=1586270841, authorities=[ROLE_ADMN (truncated)...]
2020-04-07 19:59:16,533 DEBUG org.springframework.web.servlet.FrameworkServlet [http-nio-8080-exec-2] Completed 200 OK
2020-04-07 20:05:38,607 INFO org.springframework.boot.SpringApplication [main] No active profile set, falling back to default profiles: default
2020-04-07 20:05:42,589 WARN org.springframework.context.support.AbstractApplicationContext [main] Exception encountered during context initialization - cancelling refresh attempt: org.springframework.beans.factory.parsing.BeanDefinitionParsingException: Configuration problem: @Bean method 'getJdbcTokenStore' must not be private or final; change the method's modifiers to continue
Offending resource: class path resource [com/tcs/reemployment/config/AuthorizationServerConfig.class]
2020-04-07 20:05:42,614 INFO org.springframework.boot.autoconfigure.logging.ConditionEvaluationReportLoggingListener [main] 

Error starting ApplicationContext. To display the conditions report re-run your application with 'debug' enabled.
2020-04-07 20:05:42,633 ERROR org.springframework.boot.SpringApplication [main] Application run failed
org.springframework.beans.factory.parsing.BeanDefinitionParsingException: Configuration problem: @Bean method 'getJdbcTokenStore' must not be private or final; change the method's modifiers to continue
Offending resource: class path resource [com/tcs/reemployment/config/AuthorizationServerConfig.class]
	at org.springframework.beans.factory.parsing.FailFastProblemReporter.error(FailFastProblemReporter.java:72)
	at org.springframework.context.annotation.BeanMethod.validate(BeanMethod.java:50)
	at org.springframework.context.annotation.ConfigurationClass.validate(ConfigurationClass.java:220)
	at org.springframework.context.annotation.ConfigurationClassParser.validate(ConfigurationClassParser.java:215)
	at org.springframework.context.annotation.ConfigurationClassPostProcessor.processConfigBeanDefinitions(ConfigurationClassPostProcessor.java:320)
	at org.springframework.context.annotation.ConfigurationClassPostProcessor.postProcessBeanDefinitionRegistry(ConfigurationClassPostProcessor.java:236)
	at org.springframework.context.support.PostProcessorRegistrationDelegate.invokeBeanDefinitionRegistryPostProcessors(PostProcessorRegistrationDelegate.java:275)
	at org.springframework.context.support.PostProcessorRegistrationDelegate.invokeBeanFactoryPostProcessors(PostProcessorRegistrationDelegate.java:95)
	at org.springframework.context.support.AbstractApplicationContext.invokeBeanFactoryPostProcessors(AbstractApplicationContext.java:706)
	at org.springframework.context.support.AbstractApplicationContext.refresh(AbstractApplicationContext.java:532)
	at org.springframework.boot.web.servlet.context.ServletWebServerApplicationContext.refresh(ServletWebServerApplicationContext.java:141)
	at org.springframework.boot.SpringApplication.refresh(SpringApplication.java:747)
	at org.springframework.boot.SpringApplication.refreshContext(SpringApplication.java:397)
	at org.springframework.boot.SpringApplication.run(SpringApplication.java:315)
	at org.springframework.boot.SpringApplication.run(SpringApplication.java:1226)
	at org.springframework.boot.SpringApplication.run(SpringApplication.java:1215)
	at PandemicUnemploymentInsuranceApplication.main(PandemicUnemploymentInsuranceApplication.java:20)
2020-04-07 20:07:34,887 INFO org.springframework.boot.SpringApplication [main] No active profile set, falling back to default profiles: default
2020-04-07 20:07:37,255 INFO org.springframework.data.repository.config.RepositoryConfigurationDelegate [main] Bootstrapping Spring Data JPA repositories in DEFAULT mode.
2020-04-07 20:07:37,522 INFO org.springframework.data.repository.config.RepositoryConfigurationDelegate [main] Finished Spring Data repository scanning in 238ms. Found 3 JPA repository interfaces.
2020-04-07 20:07:39,272 INFO org.springframework.cloud.context.scope.GenericScope [main] BeanFactory id=31424807-0d6d-351d-8250-a536cfddb1d8
2020-04-07 20:07:41,083 INFO org.springframework.boot.web.embedded.tomcat.TomcatWebServer [main] Tomcat initialized with port(s): 8080 (http)
2020-04-07 20:07:41,136 INFO org.apache.juli.logging.DirectJDKLog [main] Initializing ProtocolHandler ["http-nio-8080"]
2020-04-07 20:07:41,138 INFO org.apache.juli.logging.DirectJDKLog [main] Starting service [Tomcat]
2020-04-07 20:07:41,141 INFO org.apache.juli.logging.DirectJDKLog [main] Starting Servlet engine: [Apache Tomcat/9.0.33]
2020-04-07 20:07:41,761 INFO org.apache.juli.logging.DirectJDKLog [main] Initializing Spring embedded WebApplicationContext
2020-04-07 20:07:41,763 DEBUG org.springframework.boot.web.servlet.context.ServletWebServerApplicationContext [main] Published root WebApplicationContext as ServletContext attribute with name [org.springframework.web.context.WebApplicationContext.ROOT]
2020-04-07 20:07:41,764 INFO org.springframework.boot.web.servlet.context.ServletWebServerApplicationContext [main] Root WebApplicationContext: initialization completed in 6739 ms
2020-04-07 20:07:42,726 INFO CacheConfig [main] Initializing cache.
2020-04-07 20:07:42,981 INFO org.hibernate.jpa.internal.util.LogHelper [main] HHH000204: Processing PersistenceUnitInfo [name: default]
2020-04-07 20:07:43,240 INFO org.hibernate.Version [main] HHH000412: Hibernate ORM core version 5.4.12.Final
2020-04-07 20:07:43,928 INFO org.hibernate.annotations.common.reflection.java.JavaReflectionManager [main] HCANN000001: Hibernate Commons Annotations {5.1.0.Final}
2020-04-07 20:07:44,353 INFO com.zaxxer.hikari.HikariDataSource [main] HikariPool-1 - Starting...
2020-04-07 20:07:44,700 INFO com.zaxxer.hikari.HikariDataSource [main] HikariPool-1 - Start completed.
2020-04-07 20:07:44,776 INFO org.hibernate.dialect.Dialect [main] HHH000400: Using dialect: org.hibernate.dialect.PostgreSQL10Dialect
2020-04-07 20:07:47,819 INFO org.hibernate.engine.transaction.jta.platform.internal.JtaPlatformInitiator [main] HHH000490: Using JtaPlatform implementation: [org.hibernate.engine.transaction.jta.platform.internal.NoJtaPlatform]
2020-04-07 20:07:48,243 INFO org.springframework.orm.jpa.AbstractEntityManagerFactoryBean [main] Initialized JPA EntityManagerFactory for persistence unit 'default'
2020-04-07 20:07:49,629 DEBUG org.springframework.web.filter.GenericFilterBean [main] Filter 'jwtFilter' configured for use
2020-04-07 20:07:49,774 WARN org.springframework.boot.autoconfigure.orm.jpa.JpaBaseConfiguration$JpaWebConfiguration [main] spring.jpa.open-in-view is enabled by default. Therefore, database queries may be performed during view rendering. Explicitly configure spring.jpa.open-in-view to disable this warning
2020-04-07 20:07:50,954 INFO org.springframework.scheduling.concurrent.ExecutorConfigurationSupport [main] Initializing ExecutorService 'applicationTaskExecutor'
2020-04-07 20:07:50,992 DEBUG org.springframework.web.servlet.mvc.method.annotation.RequestMappingHandlerAdapter [main] ControllerAdvice beans: 0 @ModelAttribute, 0 @InitBinder, 1 RequestBodyAdvice, 1 ResponseBodyAdvice
2020-04-07 20:07:51,161 DEBUG org.springframework.web.servlet.handler.AbstractHandlerMethodMapping [main] 12 mappings in 'requestMappingHandlerMapping'
2020-04-07 20:07:51,208 DEBUG org.springframework.web.servlet.handler.AbstractDetectingUrlHandlerMapping [main] Detected 1 mappings in 'beanNameHandlerMapping'
2020-04-07 20:07:51,307 DEBUG org.springframework.web.servlet.handler.SimpleUrlHandlerMapping [main] Patterns [/webjars/**, /**] in 'resourceHandlerMapping'
2020-04-07 20:07:51,373 DEBUG org.springframework.web.servlet.mvc.method.annotation.ExceptionHandlerExceptionResolver [main] ControllerAdvice beans: 1 @ExceptionHandler, 1 ResponseBodyAdvice
2020-04-07 20:07:52,737 INFO org.springframework.security.web.DefaultSecurityFilterChain [main] Creating filter chain: OrRequestMatcher [requestMatchers=[Ant [pattern='/oauth/token'], Ant [pattern='/oauth/token_key'], Ant [pattern='/oauth/check_token']]], [org.springframework.security.web.context.request.async.WebAsyncManagerIntegrationFilter@1eff74f2, org.springframework.security.web.context.SecurityContextPersistenceFilter@2c64ee53, org.springframework.security.web.header.HeaderWriterFilter@6db99c79, org.springframework.security.web.authentication.logout.LogoutFilter@2199e1a4, org.springframework.security.web.authentication.www.BasicAuthenticationFilter@e10809f, org.springframework.security.web.savedrequest.RequestCacheAwareFilter@162c89ac, org.springframework.security.web.servletapi.SecurityContextHolderAwareRequestFilter@5a513627, org.springframework.security.web.authentication.AnonymousAuthenticationFilter@2b57dc2, org.springframework.security.web.session.SessionManagementFilter@8fd3eee, org.springframework.security.web.access.ExceptionTranslationFilter@651a399, org.springframework.security.web.access.intercept.FilterSecurityInterceptor@7053b64b]
2020-04-07 20:07:52,771 INFO org.springframework.security.web.DefaultSecurityFilterChain [main] Creating filter chain: any request, [org.springframework.security.web.context.request.async.WebAsyncManagerIntegrationFilter@647468a7, org.springframework.security.web.context.SecurityContextPersistenceFilter@50e7d8ba, org.springframework.security.web.header.HeaderWriterFilter@2298d741, org.springframework.security.web.csrf.CsrfFilter@2ee949d4, org.springframework.security.web.authentication.logout.LogoutFilter@685e97e0, org.springframework.security.web.authentication.UsernamePasswordAuthenticationFilter@564e0a6c, org.springframework.security.web.authentication.ui.DefaultLoginPageGeneratingFilter@557c0b65, org.springframework.security.web.authentication.ui.DefaultLogoutPageGeneratingFilter@29f58b44, org.springframework.security.web.authentication.www.BasicAuthenticationFilter@5eabcf77, org.springframework.security.web.savedrequest.RequestCacheAwareFilter@210e4678, org.springframework.security.web.servletapi.SecurityContextHolderAwareRequestFilter@4548bfc7, org.springframework.security.web.authentication.AnonymousAuthenticationFilter@fcee97c, org.springframework.security.web.session.SessionManagementFilter@34a48013, org.springframework.security.web.access.ExceptionTranslationFilter@57e9cd2, org.springframework.security.web.access.intercept.FilterSecurityInterceptor@7bd6c35e]
2020-04-07 20:07:52,862 INFO org.springframework.scheduling.concurrent.ExecutorConfigurationSupport [main] Initializing ExecutorService 'taskScheduler'
2020-04-07 20:07:52,973 INFO org.springframework.boot.actuate.endpoint.web.EndpointLinksResolver [main] Exposing 2 endpoint(s) beneath base path '/actuator'
2020-04-07 20:07:53,142 INFO CacheScheduler [scheduling-1] Clear user cache : START
2020-04-07 20:07:53,145 INFO CacheScheduler [scheduling-1] Clear user cache : END
2020-04-07 20:07:53,148 INFO org.apache.juli.logging.DirectJDKLog [main] Starting ProtocolHandler ["http-nio-8080"]
2020-04-07 20:07:53,241 INFO org.springframework.boot.web.embedded.tomcat.TomcatWebServer [main] Tomcat started on port(s): 8080 (http) with context path ''
2020-04-07 20:07:53,277 INFO org.springframework.boot.StartupInfoLogger [main] Started PandemicUnemploymentInsuranceApplication in 22.054 seconds (JVM running for 23.465)
2020-04-07 20:08:14,325 INFO org.apache.juli.logging.DirectJDKLog [http-nio-8080-exec-1] Initializing Spring DispatcherServlet 'dispatcherServlet'
2020-04-07 20:08:14,326 INFO org.springframework.web.servlet.FrameworkServlet [http-nio-8080-exec-1] Initializing Servlet 'dispatcherServlet'
2020-04-07 20:08:14,326 DEBUG org.springframework.web.servlet.DispatcherServlet [http-nio-8080-exec-1] Detected StandardServletMultipartResolver
2020-04-07 20:08:14,352 DEBUG org.springframework.web.servlet.FrameworkServlet [http-nio-8080-exec-1] enableLoggingRequestDetails='false': request parameters and headers will be masked to prevent unsafe logging of potentially sensitive data
2020-04-07 20:08:14,353 INFO org.springframework.web.servlet.FrameworkServlet [http-nio-8080-exec-1] Completed initialization in 27 ms
2020-04-07 20:08:15,333 DEBUG org.springframework.core.log.LogFormatUtils [http-nio-8080-exec-1] POST "/oauth/token", parameters={masked}
2020-04-07 20:08:15,840 INFO CustomUserDetailsService [http-nio-8080-exec-1] Granted Authorities --> ROLE_ADMN
2020-04-07 20:08:16,206 INFO org.springframework.security.oauth2.provider.token.store.JdbcTokenStore [http-nio-8080-exec-1] Failed to find access token for token fa80ceba-7310-485c-a4d5-8be10487d489
2020-04-07 20:08:16,409 DEBUG org.springframework.web.servlet.mvc.method.annotation.AbstractMessageConverterMethodProcessor [http-nio-8080-exec-1] Found 'Content-Type:application/json;charset=UTF-8' in response
2020-04-07 20:08:16,480 DEBUG org.springframework.core.log.LogFormatUtils [http-nio-8080-exec-1] Writing [fa80ceba-7310-485c-a4d5-8be10487d489]
2020-04-07 20:08:16,567 DEBUG org.springframework.web.servlet.FrameworkServlet [http-nio-8080-exec-1] Completed 200 OK
2020-04-07 20:09:56,822 DEBUG org.springframework.core.log.LogFormatUtils [http-nio-8080-exec-3] GET "/oauth/check_token?token=fa80ceba-7310-485c-a4d5-8be10487d489", parameters={masked}
2020-04-07 20:09:56,952 DEBUG org.springframework.web.servlet.mvc.method.annotation.AbstractMessageConverterMethodProcessor [http-nio-8080-exec-3] Using 'application/json', given [*/*] and supported [application/json, application/*+json, application/json, application/*+json]
2020-04-07 20:09:56,954 DEBUG org.springframework.core.log.LogFormatUtils [http-nio-8080-exec-3] Writing [{aud=[all], user_name=user, scope=[READ, WRITE], active=true, exp=1586273896, authorities=[ROLE_ADMN (truncated)...]
2020-04-07 20:09:57,082 DEBUG org.springframework.web.servlet.FrameworkServlet [http-nio-8080-exec-3] Completed 200 OK
2020-04-07 20:24:51,246 WARN com.zaxxer.hikari.pool.HikariPool$HouseKeeper [HikariPool-1 housekeeper] HikariPool-1 - Thread starvation or clock leap detected (housekeeper delta=14m6s403ms).
2020-04-07 20:26:14,096 WARN com.zaxxer.hikari.pool.HikariPool$HouseKeeper [HikariPool-1 housekeeper] HikariPool-1 - Thread starvation or clock leap detected (housekeeper delta=52s142ms).
2020-04-07 21:41:36,758 WARN com.zaxxer.hikari.pool.HikariPool$HouseKeeper [HikariPool-1 housekeeper] HikariPool-1 - Thread starvation or clock leap detected (housekeeper delta=1h12m52s629ms).
