2020-05-03 11:15:08,587 WARN com.zaxxer.hikari.pool.HikariPool$HouseKeeper [HikariPool-1 housekeeper] HikariPool-1 - Thread starvation or clock leap detected (housekeeper delta=14h2m4s698ms).
2020-05-03 11:15:37,132 WARN com.zaxxer.hikari.pool.HikariPool$HouseKeeper [HikariPool-1 housekeeper] HikariPool-1 - Retrograde clock change detected (housekeeper delta=28s542ms), soft-evicting connections from pool.
2020-05-03 11:19:14,956 INFO com.surshree.app.scheduling.CacheScheduler [scheduling-1] Clear user cache : START
2020-05-03 11:19:14,967 INFO com.surshree.app.scheduling.CacheScheduler [scheduling-1] Clear user cache : END
2020-05-03 11:29:14,958 INFO com.surshree.app.scheduling.CacheScheduler [scheduling-1] Clear user cache : START
2020-05-03 11:29:14,971 INFO com.surshree.app.scheduling.CacheScheduler [scheduling-1] Clear user cache : END
2020-05-03 11:31:32,425 WARN com.zaxxer.hikari.pool.HikariPool$HouseKeeper [HikariPool-1 housekeeper] HikariPool-1 - Retrograde clock change detected (housekeeper delta=25s189ms), soft-evicting connections from pool.
2020-05-03 11:39:10,142 INFO com.surshree.app.scheduling.CacheScheduler [scheduling-1] Clear user cache : START
2020-05-03 11:39:10,165 INFO com.surshree.app.scheduling.CacheScheduler [scheduling-1] Clear user cache : END
2020-05-03 11:49:10,144 INFO com.surshree.app.scheduling.CacheScheduler [scheduling-1] Clear user cache : START
2020-05-03 11:49:10,148 INFO com.surshree.app.scheduling.CacheScheduler [scheduling-1] Clear user cache : END
2020-05-03 11:59:10,128 INFO com.surshree.app.scheduling.CacheScheduler [scheduling-1] Clear user cache : START
2020-05-03 11:59:10,142 INFO com.surshree.app.scheduling.CacheScheduler [scheduling-1] Clear user cache : END
2020-05-03 12:09:10,121 INFO com.surshree.app.scheduling.CacheScheduler [scheduling-1] Clear user cache : START
2020-05-03 12:09:10,139 INFO com.surshree.app.scheduling.CacheScheduler [scheduling-1] Clear user cache : END
2020-05-03 12:19:10,120 INFO com.surshree.app.scheduling.CacheScheduler [scheduling-1] Clear user cache : START
2020-05-03 12:19:10,137 INFO com.surshree.app.scheduling.CacheScheduler [scheduling-1] Clear user cache : END
2020-05-03 12:29:10,116 INFO com.surshree.app.scheduling.CacheScheduler [scheduling-1] Clear user cache : START
2020-05-03 12:29:10,123 INFO com.surshree.app.scheduling.CacheScheduler [scheduling-1] Clear user cache : END
2020-05-03 12:39:10,100 INFO com.surshree.app.scheduling.CacheScheduler [scheduling-1] Clear user cache : START
2020-05-03 12:39:10,121 INFO com.surshree.app.scheduling.CacheScheduler [scheduling-1] Clear user cache : END
2020-05-03 12:49:10,151 INFO com.surshree.app.scheduling.CacheScheduler [scheduling-1] Clear user cache : START
2020-05-03 12:49:10,160 INFO com.surshree.app.scheduling.CacheScheduler [scheduling-1] Clear user cache : END
2020-05-03 12:59:10,138 INFO com.surshree.app.scheduling.CacheScheduler [scheduling-1] Clear user cache : START
2020-05-03 12:59:10,153 INFO com.surshree.app.scheduling.CacheScheduler [scheduling-1] Clear user cache : END
2020-05-03 13:28:36,863 WARN com.zaxxer.hikari.pool.HikariPool$HouseKeeper [HikariPool-1 housekeeper] HikariPool-1 - Thread starvation or clock leap detected (housekeeper delta=29m34s157ms).
2020-05-03 13:29:03,637 WARN com.zaxxer.hikari.pool.HikariPool$HouseKeeper [HikariPool-1 housekeeper] HikariPool-1 - Retrograde clock change detected (housekeeper delta=26s775ms), soft-evicting connections from pool.
2020-05-03 13:42:31,707 WARN com.zaxxer.hikari.pool.HikariPool$HouseKeeper [HikariPool-1 housekeeper] HikariPool-1 - Thread starvation or clock leap detected (housekeeper delta=11m28s31ms).
2020-05-03 14:21:20,527 WARN com.zaxxer.hikari.pool.HikariPool$HouseKeeper [HikariPool-1 housekeeper] HikariPool-1 - Thread starvation or clock leap detected (housekeeper delta=38m48s819ms).
2020-05-03 16:22:20,626 WARN com.zaxxer.hikari.pool.HikariPool$HouseKeeper [HikariPool-1 housekeeper] HikariPool-1 - Thread starvation or clock leap detected (housekeeper delta=2h30s98ms).
2020-05-03 16:22:50,200 WARN com.zaxxer.hikari.pool.HikariPool$HouseKeeper [HikariPool-1 housekeeper] HikariPool-1 - Retrograde clock change detected (housekeeper delta=29s574ms), soft-evicting connections from pool.
2020-05-03 17:21:30,232 WARN com.zaxxer.hikari.pool.HikariPool$HouseKeeper [HikariPool-1 housekeeper] HikariPool-1 - Thread starvation or clock leap detected (housekeeper delta=57m40s26ms).
2020-05-03 17:22:00,033 WARN com.zaxxer.hikari.pool.HikariPool$HouseKeeper [HikariPool-1 housekeeper] HikariPool-1 - Retrograde clock change detected (housekeeper delta=29s803ms), soft-evicting connections from pool.
2020-05-03 17:22:25,613 WARN com.zaxxer.hikari.pool.HikariPool$HouseKeeper [HikariPool-1 housekeeper] HikariPool-1 - Retrograde clock change detected (housekeeper delta=25s580ms), soft-evicting connections from pool.
2020-05-03 17:24:32,939 INFO com.surshree.app.scheduling.CacheScheduler [scheduling-1] Clear user cache : START
2020-05-03 17:24:32,942 INFO com.surshree.app.scheduling.CacheScheduler [scheduling-1] Clear user cache : END
2020-05-03 17:34:32,907 INFO com.surshree.app.scheduling.CacheScheduler [scheduling-1] Clear user cache : START
2020-05-03 17:34:32,921 INFO com.surshree.app.scheduling.CacheScheduler [scheduling-1] Clear user cache : END
2020-05-03 17:44:32,846 INFO com.surshree.app.scheduling.CacheScheduler [scheduling-1] Clear user cache : START
2020-05-03 17:44:32,860 INFO com.surshree.app.scheduling.CacheScheduler [scheduling-1] Clear user cache : END
2020-05-03 17:54:32,893 INFO com.surshree.app.scheduling.CacheScheduler [scheduling-1] Clear user cache : START
2020-05-03 17:54:32,898 INFO com.surshree.app.scheduling.CacheScheduler [scheduling-1] Clear user cache : END
2020-05-03 18:04:32,878 INFO com.surshree.app.scheduling.CacheScheduler [scheduling-1] Clear user cache : START
2020-05-03 18:04:32,888 INFO com.surshree.app.scheduling.CacheScheduler [scheduling-1] Clear user cache : END
2020-05-03 18:14:32,887 INFO com.surshree.app.scheduling.CacheScheduler [scheduling-1] Clear user cache : START
2020-05-03 18:14:32,909 INFO com.surshree.app.scheduling.CacheScheduler [scheduling-1] Clear user cache : END
2020-05-03 18:17:26,990 DEBUG org.springframework.security.web.util.matcher.OrRequestMatcher [http-nio-8080-exec-10] Trying to match using Ant [pattern='/oauth/token']
2020-05-03 18:17:27,043 DEBUG org.springframework.security.web.util.matcher.AntPathRequestMatcher [http-nio-8080-exec-10] Checking match of request : '/oauth/token'; against '/oauth/token'
2020-05-03 18:17:27,050 DEBUG org.springframework.security.web.util.matcher.OrRequestMatcher [http-nio-8080-exec-10] matched
2020-05-03 18:17:27,061 DEBUG org.springframework.security.web.FilterChainProxy$VirtualFilterChain [http-nio-8080-exec-10] /oauth/token at position 1 of 12 in additional filter chain; firing Filter: 'WebAsyncManagerIntegrationFilter'
2020-05-03 18:17:27,067 DEBUG org.springframework.security.web.FilterChainProxy$VirtualFilterChain [http-nio-8080-exec-10] /oauth/token at position 2 of 12 in additional filter chain; firing Filter: 'SecurityContextPersistenceFilter'
2020-05-03 18:17:27,078 DEBUG org.springframework.security.web.FilterChainProxy$VirtualFilterChain [http-nio-8080-exec-10] /oauth/token at position 3 of 12 in additional filter chain; firing Filter: 'HeaderWriterFilter'
2020-05-03 18:17:27,083 DEBUG org.springframework.security.web.FilterChainProxy$VirtualFilterChain [http-nio-8080-exec-10] /oauth/token at position 4 of 12 in additional filter chain; firing Filter: 'LogoutFilter'
2020-05-03 18:17:27,096 DEBUG org.springframework.security.web.util.matcher.OrRequestMatcher [http-nio-8080-exec-10] Trying to match using Ant [pattern='/logout', GET]
2020-05-03 18:17:27,102 DEBUG org.springframework.security.web.util.matcher.AntPathRequestMatcher [http-nio-8080-exec-10] Request 'OPTIONS /oauth/token' doesn't match 'GET /logout'
2020-05-03 18:17:27,104 DEBUG org.springframework.security.web.util.matcher.OrRequestMatcher [http-nio-8080-exec-10] Trying to match using Ant [pattern='/logout', POST]
2020-05-03 18:17:27,105 DEBUG org.springframework.security.web.util.matcher.AntPathRequestMatcher [http-nio-8080-exec-10] Request 'OPTIONS /oauth/token' doesn't match 'POST /logout'
2020-05-03 18:17:27,105 DEBUG org.springframework.security.web.util.matcher.OrRequestMatcher [http-nio-8080-exec-10] Trying to match using Ant [pattern='/logout', PUT]
2020-05-03 18:17:27,106 DEBUG org.springframework.security.web.util.matcher.AntPathRequestMatcher [http-nio-8080-exec-10] Request 'OPTIONS /oauth/token' doesn't match 'PUT /logout'
2020-05-03 18:17:27,106 DEBUG org.springframework.security.web.util.matcher.OrRequestMatcher [http-nio-8080-exec-10] Trying to match using Ant [pattern='/logout', DELETE]
2020-05-03 18:17:27,106 DEBUG org.springframework.security.web.util.matcher.AntPathRequestMatcher [http-nio-8080-exec-10] Request 'OPTIONS /oauth/token' doesn't match 'DELETE /logout'
2020-05-03 18:17:27,106 DEBUG org.springframework.security.web.util.matcher.OrRequestMatcher [http-nio-8080-exec-10] No matches found
2020-05-03 18:17:27,106 DEBUG org.springframework.security.web.FilterChainProxy$VirtualFilterChain [http-nio-8080-exec-10] /oauth/token at position 5 of 12 in additional filter chain; firing Filter: 'CorsFilter'
2020-05-03 18:17:27,235 DEBUG org.springframework.security.web.header.writers.HstsHeaderWriter [http-nio-8080-exec-10] Not injecting HSTS header since it did not match the requestMatcher org.springframework.security.web.header.writers.HstsHeaderWriter$SecureRequestMatcher@6adac470
2020-05-03 18:17:27,242 DEBUG org.springframework.security.web.context.SecurityContextPersistenceFilter [http-nio-8080-exec-10] SecurityContextHolder now cleared, as request processing completed
2020-05-03 18:17:27,360 DEBUG org.springframework.security.web.util.matcher.OrRequestMatcher [http-nio-8080-exec-1] Trying to match using Ant [pattern='/oauth/token']
2020-05-03 18:17:27,390 DEBUG org.springframework.security.web.util.matcher.AntPathRequestMatcher [http-nio-8080-exec-1] Checking match of request : '/oauth/token'; against '/oauth/token'
2020-05-03 18:17:27,391 DEBUG org.springframework.security.web.util.matcher.OrRequestMatcher [http-nio-8080-exec-1] matched
2020-05-03 18:17:27,395 DEBUG org.springframework.security.web.FilterChainProxy$VirtualFilterChain [http-nio-8080-exec-1] /oauth/token at position 1 of 12 in additional filter chain; firing Filter: 'WebAsyncManagerIntegrationFilter'
2020-05-03 18:17:27,395 DEBUG org.springframework.security.web.FilterChainProxy$VirtualFilterChain [http-nio-8080-exec-1] /oauth/token at position 2 of 12 in additional filter chain; firing Filter: 'SecurityContextPersistenceFilter'
2020-05-03 18:17:27,395 DEBUG org.springframework.security.web.FilterChainProxy$VirtualFilterChain [http-nio-8080-exec-1] /oauth/token at position 3 of 12 in additional filter chain; firing Filter: 'HeaderWriterFilter'
2020-05-03 18:17:27,396 DEBUG org.springframework.security.web.FilterChainProxy$VirtualFilterChain [http-nio-8080-exec-1] /oauth/token at position 4 of 12 in additional filter chain; firing Filter: 'LogoutFilter'
2020-05-03 18:17:27,398 DEBUG org.springframework.security.web.util.matcher.OrRequestMatcher [http-nio-8080-exec-1] Trying to match using Ant [pattern='/logout', GET]
2020-05-03 18:17:27,399 DEBUG org.springframework.security.web.util.matcher.AntPathRequestMatcher [http-nio-8080-exec-1] Request 'POST /oauth/token' doesn't match 'GET /logout'
2020-05-03 18:17:27,405 DEBUG org.springframework.security.web.util.matcher.OrRequestMatcher [http-nio-8080-exec-1] Trying to match using Ant [pattern='/logout', POST]
2020-05-03 18:17:27,405 DEBUG org.springframework.security.web.util.matcher.AntPathRequestMatcher [http-nio-8080-exec-1] Checking match of request : '/oauth/token'; against '/logout'
2020-05-03 18:17:27,406 DEBUG org.springframework.security.web.util.matcher.OrRequestMatcher [http-nio-8080-exec-1] Trying to match using Ant [pattern='/logout', PUT]
2020-05-03 18:17:27,408 DEBUG org.springframework.security.web.util.matcher.AntPathRequestMatcher [http-nio-8080-exec-1] Request 'POST /oauth/token' doesn't match 'PUT /logout'
2020-05-03 18:17:27,412 DEBUG org.springframework.security.web.util.matcher.OrRequestMatcher [http-nio-8080-exec-1] Trying to match using Ant [pattern='/logout', DELETE]
2020-05-03 18:17:27,412 DEBUG org.springframework.security.web.util.matcher.AntPathRequestMatcher [http-nio-8080-exec-1] Request 'POST /oauth/token' doesn't match 'DELETE /logout'
2020-05-03 18:17:27,412 DEBUG org.springframework.security.web.util.matcher.OrRequestMatcher [http-nio-8080-exec-1] No matches found
2020-05-03 18:17:27,412 DEBUG org.springframework.security.web.FilterChainProxy$VirtualFilterChain [http-nio-8080-exec-1] /oauth/token at position 5 of 12 in additional filter chain; firing Filter: 'CorsFilter'
2020-05-03 18:17:27,432 DEBUG org.springframework.security.web.FilterChainProxy$VirtualFilterChain [http-nio-8080-exec-1] /oauth/token at position 6 of 12 in additional filter chain; firing Filter: 'BasicAuthenticationFilter'
2020-05-03 18:17:27,447 DEBUG org.springframework.security.web.authentication.www.BasicAuthenticationFilter [http-nio-8080-exec-1] Basic Authentication Authorization header found for user 'mobile'
2020-05-03 18:17:27,453 DEBUG org.springframework.security.authentication.ProviderManager [http-nio-8080-exec-1] Authentication attempt using org.springframework.security.authentication.dao.DaoAuthenticationProvider
2020-05-03 18:17:27,608 DEBUG org.springframework.jdbc.core.JdbcTemplate [http-nio-8080-exec-1] Executing prepared SQL query
2020-05-03 18:17:27,616 DEBUG org.springframework.jdbc.core.JdbcTemplate [http-nio-8080-exec-1] Executing prepared SQL statement [select client_id, client_secret, resource_ids, scope, authorized_grant_types, web_server_redirect_uri, authorities, access_token_validity, refresh_token_validity, additional_information, autoapprove from oauth_client_details where client_id = ?]
2020-05-03 18:17:27,622 DEBUG org.springframework.jdbc.datasource.DataSourceUtils [http-nio-8080-exec-1] Fetching JDBC Connection from DataSource
2020-05-03 18:17:28,532 DEBUG org.springframework.security.web.authentication.www.BasicAuthenticationFilter [http-nio-8080-exec-1] Authentication success: org.springframework.security.authentication.UsernamePasswordAuthenticationToken@c04ac928: Principal: org.springframework.security.core.userdetails.User@c04a90a2: Username: mobile; Password: [PROTECTED]; Enabled: true; AccountNonExpired: true; credentialsNonExpired: true; AccountNonLocked: true; Not granted any authorities; Credentials: [PROTECTED]; Authenticated: true; Details: org.springframework.security.web.authentication.WebAuthenticationDetails@ffffa64e: RemoteIpAddress: 192.168.43.52; SessionId: null; Not granted any authorities
2020-05-03 18:17:28,534 DEBUG org.springframework.security.web.FilterChainProxy$VirtualFilterChain [http-nio-8080-exec-1] /oauth/token at position 7 of 12 in additional filter chain; firing Filter: 'RequestCacheAwareFilter'
2020-05-03 18:17:28,537 DEBUG org.springframework.security.web.savedrequest.HttpSessionRequestCache [http-nio-8080-exec-1] saved request doesn't match
2020-05-03 18:17:28,540 DEBUG org.springframework.security.web.FilterChainProxy$VirtualFilterChain [http-nio-8080-exec-1] /oauth/token at position 8 of 12 in additional filter chain; firing Filter: 'SecurityContextHolderAwareRequestFilter'
2020-05-03 18:17:28,542 DEBUG org.springframework.security.web.FilterChainProxy$VirtualFilterChain [http-nio-8080-exec-1] /oauth/token at position 9 of 12 in additional filter chain; firing Filter: 'AnonymousAuthenticationFilter'
2020-05-03 18:17:28,547 DEBUG org.springframework.security.web.authentication.AnonymousAuthenticationFilter [http-nio-8080-exec-1] SecurityContextHolder not populated with anonymous token, as it already contained: 'org.springframework.security.authentication.UsernamePasswordAuthenticationToken@c04ac928: Principal: org.springframework.security.core.userdetails.User@c04a90a2: Username: mobile; Password: [PROTECTED]; Enabled: true; AccountNonExpired: true; credentialsNonExpired: true; AccountNonLocked: true; Not granted any authorities; Credentials: [PROTECTED]; Authenticated: true; Details: org.springframework.security.web.authentication.WebAuthenticationDetails@ffffa64e: RemoteIpAddress: 192.168.43.52; SessionId: null; Not granted any authorities'
2020-05-03 18:17:28,551 DEBUG org.springframework.security.web.FilterChainProxy$VirtualFilterChain [http-nio-8080-exec-1] /oauth/token at position 10 of 12 in additional filter chain; firing Filter: 'SessionManagementFilter'
2020-05-03 18:17:28,555 DEBUG org.springframework.security.web.authentication.session.CompositeSessionAuthenticationStrategy [http-nio-8080-exec-1] Delegating to org.springframework.security.web.authentication.session.ChangeSessionIdAuthenticationStrategy@33c5cc0
2020-05-03 18:17:28,558 DEBUG org.springframework.security.web.FilterChainProxy$VirtualFilterChain [http-nio-8080-exec-1] /oauth/token at position 11 of 12 in additional filter chain; firing Filter: 'ExceptionTranslationFilter'
2020-05-03 18:17:28,565 DEBUG org.springframework.security.web.FilterChainProxy$VirtualFilterChain [http-nio-8080-exec-1] /oauth/token at position 12 of 12 in additional filter chain; firing Filter: 'FilterSecurityInterceptor'
2020-05-03 18:17:28,574 DEBUG org.springframework.security.web.util.matcher.AntPathRequestMatcher [http-nio-8080-exec-1] Checking match of request : '/oauth/token'; against '/oauth/token'
2020-05-03 18:17:28,598 DEBUG org.springframework.security.access.intercept.AbstractSecurityInterceptor [http-nio-8080-exec-1] Secure object: FilterInvocation: URL: /oauth/token; Attributes: [fullyAuthenticated]
2020-05-03 18:17:28,599 DEBUG org.springframework.security.access.intercept.AbstractSecurityInterceptor [http-nio-8080-exec-1] Previously Authenticated: org.springframework.security.authentication.UsernamePasswordAuthenticationToken@c04ac928: Principal: org.springframework.security.core.userdetails.User@c04a90a2: Username: mobile; Password: [PROTECTED]; Enabled: true; AccountNonExpired: true; credentialsNonExpired: true; AccountNonLocked: true; Not granted any authorities; Credentials: [PROTECTED]; Authenticated: true; Details: org.springframework.security.web.authentication.WebAuthenticationDetails@ffffa64e: RemoteIpAddress: 192.168.43.52; SessionId: null; Not granted any authorities
2020-05-03 18:17:28,690 DEBUG org.springframework.security.access.vote.AffirmativeBased [http-nio-8080-exec-1] Voter: org.springframework.security.web.access.expression.WebExpressionVoter@4f9986b3, returned: 1
2020-05-03 18:17:28,691 DEBUG org.springframework.security.access.intercept.AbstractSecurityInterceptor [http-nio-8080-exec-1] Authorization successful
2020-05-03 18:17:28,693 DEBUG org.springframework.security.access.intercept.AbstractSecurityInterceptor [http-nio-8080-exec-1] RunAsManager did not change Authentication object
2020-05-03 18:17:28,694 DEBUG org.springframework.security.web.FilterChainProxy$VirtualFilterChain [http-nio-8080-exec-1] /oauth/token reached end of additional filter chain; proceeding with original chain
2020-05-03 18:17:28,734 DEBUG org.springframework.core.log.LogFormatUtils [http-nio-8080-exec-1] POST "/oauth/token", parameters={masked}
2020-05-03 18:17:28,923 DEBUG org.springframework.web.servlet.handler.AbstractHandlerMapping [http-nio-8080-exec-1] Mapped to org.springframework.security.oauth2.provider.endpoint.TokenEndpoint#postAccessToken(Principal, Map)
2020-05-03 18:17:28,987 DEBUG org.springframework.jdbc.core.JdbcTemplate [http-nio-8080-exec-1] Executing prepared SQL query
2020-05-03 18:17:28,997 DEBUG org.springframework.jdbc.core.JdbcTemplate [http-nio-8080-exec-1] Executing prepared SQL statement [select client_id, client_secret, resource_ids, scope, authorized_grant_types, web_server_redirect_uri, authorities, access_token_validity, refresh_token_validity, additional_information, autoapprove from oauth_client_details where client_id = ?]
2020-05-03 18:17:28,998 DEBUG org.springframework.jdbc.datasource.DataSourceUtils [http-nio-8080-exec-1] Fetching JDBC Connection from DataSource
2020-05-03 18:17:29,047 DEBUG org.springframework.jdbc.core.JdbcTemplate [http-nio-8080-exec-1] Executing prepared SQL query
2020-05-03 18:17:29,053 DEBUG org.springframework.jdbc.core.JdbcTemplate [http-nio-8080-exec-1] Executing prepared SQL statement [select client_id, client_secret, resource_ids, scope, authorized_grant_types, web_server_redirect_uri, authorities, access_token_validity, refresh_token_validity, additional_information, autoapprove from oauth_client_details where client_id = ?]
2020-05-03 18:17:29,054 DEBUG org.springframework.jdbc.datasource.DataSourceUtils [http-nio-8080-exec-1] Fetching JDBC Connection from DataSource
2020-05-03 18:17:29,076 DEBUG org.springframework.jdbc.core.JdbcTemplate [http-nio-8080-exec-1] Executing prepared SQL query
2020-05-03 18:17:29,079 DEBUG org.springframework.jdbc.core.JdbcTemplate [http-nio-8080-exec-1] Executing prepared SQL statement [select client_id, client_secret, resource_ids, scope, authorized_grant_types, web_server_redirect_uri, authorities, access_token_validity, refresh_token_validity, additional_information, autoapprove from oauth_client_details where client_id = ?]
2020-05-03 18:17:29,080 DEBUG org.springframework.jdbc.datasource.DataSourceUtils [http-nio-8080-exec-1] Fetching JDBC Connection from DataSource
2020-05-03 18:17:29,116 DEBUG org.springframework.security.oauth2.provider.token.AbstractTokenGranter [http-nio-8080-exec-1] Getting access token for: mobile
2020-05-03 18:17:29,121 DEBUG org.springframework.security.authentication.ProviderManager [http-nio-8080-exec-1] Authentication attempt using com.surshree.app.config.CustomAuthenticationProvider
2020-05-03 18:17:29,173 DEBUG org.springframework.transaction.support.AbstractPlatformTransactionManager [http-nio-8080-exec-1] Creating new transaction with name [com.surshree.app.services.CustomUserDetailsService.loadUserByUsername]: PROPAGATION_REQUIRED,ISOLATION_DEFAULT
2020-05-03 18:17:29,219 DEBUG org.springframework.orm.jpa.JpaTransactionManager [http-nio-8080-exec-1] Opened new EntityManager [SessionImpl(729714286<open>)] for JPA transaction
2020-05-03 18:17:29,237 DEBUG org.springframework.orm.jpa.JpaTransactionManager [http-nio-8080-exec-1] Exposing JPA transaction as JDBC [org.springframework.orm.jpa.vendor.HibernateJpaDialect$HibernateConnectionHandle@6a4ce777]
2020-05-03 18:17:29,851 INFO com.surshree.app.services.CustomUserDetailsService [http-nio-8080-exec-1] Granted Authorities --> ROLE_ADMN
2020-05-03 18:17:29,853 INFO com.surshree.app.services.CustomUserDetailsService [http-nio-8080-exec-1] Granted Authorities --> ROLE_CONT
2020-05-03 18:17:29,854 INFO com.surshree.app.services.CustomUserDetailsService [http-nio-8080-exec-1] Granted Authorities --> FUNC_VIEW_ADMIN_MENU
2020-05-03 18:17:29,855 INFO com.surshree.app.services.CustomUserDetailsService [http-nio-8080-exec-1] Granted Authorities --> FUNC_CONT_MENU
2020-05-03 18:17:29,855 INFO com.surshree.app.services.CustomUserDetailsService [http-nio-8080-exec-1] Granted Authorities --> FUNC_CONT_MENU
2020-05-03 18:17:29,855 DEBUG org.springframework.transaction.support.AbstractPlatformTransactionManager [http-nio-8080-exec-1] Initiating transaction commit
2020-05-03 18:17:29,856 DEBUG org.springframework.orm.jpa.JpaTransactionManager [http-nio-8080-exec-1] Committing JPA transaction on EntityManager [SessionImpl(729714286<open>)]
2020-05-03 18:17:29,877 DEBUG org.springframework.orm.jpa.JpaTransactionManager [http-nio-8080-exec-1] Closing JPA EntityManager [SessionImpl(729714286<open>)] after transaction
2020-05-03 18:17:29,906 DEBUG org.springframework.jdbc.core.JdbcTemplate [http-nio-8080-exec-1] Executing prepared SQL query
2020-05-03 18:17:29,907 DEBUG org.springframework.jdbc.core.JdbcTemplate [http-nio-8080-exec-1] Executing prepared SQL statement [select token_id, token from oauth_access_token where authentication_id = ?]
2020-05-03 18:17:29,908 DEBUG org.springframework.jdbc.datasource.DataSourceUtils [http-nio-8080-exec-1] Fetching JDBC Connection from DataSource
2020-05-03 18:17:30,042 DEBUG org.springframework.jdbc.core.JdbcTemplate [http-nio-8080-exec-1] Executing prepared SQL query
2020-05-03 18:17:30,042 DEBUG org.springframework.jdbc.core.JdbcTemplate [http-nio-8080-exec-1] Executing prepared SQL statement [select token_id, authentication from oauth_access_token where token_id = ?]
2020-05-03 18:17:30,043 DEBUG org.springframework.jdbc.datasource.DataSourceUtils [http-nio-8080-exec-1] Fetching JDBC Connection from DataSource
2020-05-03 18:17:30,285 DEBUG org.springframework.jdbc.core.JdbcTemplate [http-nio-8080-exec-1] Executing prepared SQL update
2020-05-03 18:17:30,285 DEBUG org.springframework.jdbc.core.JdbcTemplate [http-nio-8080-exec-1] Executing prepared SQL statement [delete from oauth_refresh_token where token_id = ?]
2020-05-03 18:17:30,286 DEBUG org.springframework.jdbc.datasource.DataSourceUtils [http-nio-8080-exec-1] Fetching JDBC Connection from DataSource
2020-05-03 18:17:30,338 DEBUG org.springframework.jdbc.core.JdbcTemplate [http-nio-8080-exec-1] Executing prepared SQL update
2020-05-03 18:17:30,338 DEBUG org.springframework.jdbc.core.JdbcTemplate [http-nio-8080-exec-1] Executing prepared SQL statement [delete from oauth_access_token where token_id = ?]
2020-05-03 18:17:30,338 DEBUG org.springframework.jdbc.datasource.DataSourceUtils [http-nio-8080-exec-1] Fetching JDBC Connection from DataSource
2020-05-03 18:17:30,357 DEBUG org.springframework.jdbc.core.JdbcTemplate [http-nio-8080-exec-1] Executing prepared SQL query
2020-05-03 18:17:30,359 DEBUG org.springframework.jdbc.core.JdbcTemplate [http-nio-8080-exec-1] Executing prepared SQL statement [select client_id, client_secret, resource_ids, scope, authorized_grant_types, web_server_redirect_uri, authorities, access_token_validity, refresh_token_validity, additional_information, autoapprove from oauth_client_details where client_id = ?]
2020-05-03 18:17:30,361 DEBUG org.springframework.jdbc.datasource.DataSourceUtils [http-nio-8080-exec-1] Fetching JDBC Connection from DataSource
2020-05-03 18:17:30,374 DEBUG org.springframework.jdbc.core.JdbcTemplate [http-nio-8080-exec-1] Executing prepared SQL query
2020-05-03 18:17:30,376 DEBUG org.springframework.jdbc.core.JdbcTemplate [http-nio-8080-exec-1] Executing prepared SQL statement [select client_id, client_secret, resource_ids, scope, authorized_grant_types, web_server_redirect_uri, authorities, access_token_validity, refresh_token_validity, additional_information, autoapprove from oauth_client_details where client_id = ?]
2020-05-03 18:17:30,377 DEBUG org.springframework.jdbc.datasource.DataSourceUtils [http-nio-8080-exec-1] Fetching JDBC Connection from DataSource
2020-05-03 18:17:30,397 DEBUG org.springframework.jdbc.core.JdbcTemplate [http-nio-8080-exec-1] Executing prepared SQL query
2020-05-03 18:17:30,398 DEBUG org.springframework.jdbc.core.JdbcTemplate [http-nio-8080-exec-1] Executing prepared SQL statement [select client_id, client_secret, resource_ids, scope, authorized_grant_types, web_server_redirect_uri, authorities, access_token_validity, refresh_token_validity, additional_information, autoapprove from oauth_client_details where client_id = ?]
2020-05-03 18:17:30,398 DEBUG org.springframework.jdbc.datasource.DataSourceUtils [http-nio-8080-exec-1] Fetching JDBC Connection from DataSource
2020-05-03 18:17:30,408 DEBUG org.springframework.jdbc.core.JdbcTemplate [http-nio-8080-exec-1] Executing prepared SQL query
2020-05-03 18:17:30,409 DEBUG org.springframework.jdbc.core.JdbcTemplate [http-nio-8080-exec-1] Executing prepared SQL statement [select token_id, token from oauth_access_token where token_id = ?]
2020-05-03 18:17:30,410 DEBUG org.springframework.jdbc.datasource.DataSourceUtils [http-nio-8080-exec-1] Fetching JDBC Connection from DataSource
2020-05-03 18:17:30,436 INFO org.springframework.security.oauth2.provider.token.store.JdbcTokenStore [http-nio-8080-exec-1] Failed to find access token for token cc79897c-4d27-460e-8703-0cbf5849db27
2020-05-03 18:17:30,482 DEBUG org.springframework.jdbc.core.JdbcTemplate [http-nio-8080-exec-1] Executing prepared SQL update
2020-05-03 18:17:30,482 DEBUG org.springframework.jdbc.core.JdbcTemplate [http-nio-8080-exec-1] Executing prepared SQL statement [insert into oauth_access_token (token_id, token, authentication_id, user_name, client_id, authentication, refresh_token) values (?, ?, ?, ?, ?, ?, ?)]
2020-05-03 18:17:30,482 DEBUG org.springframework.jdbc.datasource.DataSourceUtils [http-nio-8080-exec-1] Fetching JDBC Connection from DataSource
2020-05-03 18:17:30,483 DEBUG org.springframework.jdbc.support.lob.DefaultLobHandler$DefaultLobCreator [http-nio-8080-exec-1] Set bytes for BLOB with length 959
2020-05-03 18:17:30,483 DEBUG org.springframework.jdbc.support.lob.DefaultLobHandler$DefaultLobCreator [http-nio-8080-exec-1] Set bytes for BLOB with length 1977
2020-05-03 18:17:30,553 DEBUG org.springframework.jdbc.core.JdbcTemplate [http-nio-8080-exec-1] Executing prepared SQL update
2020-05-03 18:17:30,554 DEBUG org.springframework.jdbc.core.JdbcTemplate [http-nio-8080-exec-1] Executing prepared SQL statement [insert into oauth_refresh_token (token_id, token, authentication) values (?, ?, ?)]
2020-05-03 18:17:30,581 DEBUG org.springframework.jdbc.datasource.DataSourceUtils [http-nio-8080-exec-1] Fetching JDBC Connection from DataSource
2020-05-03 18:17:30,582 DEBUG org.springframework.jdbc.support.lob.DefaultLobHandler$DefaultLobCreator [http-nio-8080-exec-1] Set bytes for BLOB with length 322
2020-05-03 18:17:30,582 DEBUG org.springframework.jdbc.support.lob.DefaultLobHandler$DefaultLobCreator [http-nio-8080-exec-1] Set bytes for BLOB with length 1977
2020-05-03 18:17:30,612 DEBUG org.springframework.web.servlet.mvc.method.annotation.AbstractMessageConverterMethodProcessor [http-nio-8080-exec-1] Found 'Content-Type:application/json;charset=UTF-8' in response
2020-05-03 18:17:30,649 DEBUG org.springframework.core.log.LogFormatUtils [http-nio-8080-exec-1] Writing [cc79897c-4d27-460e-8703-0cbf5849db27]
2020-05-03 18:17:30,682 DEBUG org.springframework.security.web.header.writers.HstsHeaderWriter [http-nio-8080-exec-1] Not injecting HSTS header since it did not match the requestMatcher org.springframework.security.web.header.writers.HstsHeaderWriter$SecureRequestMatcher@6adac470
2020-05-03 18:17:30,688 DEBUG org.springframework.web.servlet.FrameworkServlet [http-nio-8080-exec-1] Completed 200 OK
2020-05-03 18:17:30,692 DEBUG org.springframework.security.web.access.ExceptionTranslationFilter [http-nio-8080-exec-1] Chain processed normally
2020-05-03 18:17:30,694 DEBUG org.springframework.security.web.context.SecurityContextPersistenceFilter [http-nio-8080-exec-1] SecurityContextHolder now cleared, as request processing completed
2020-05-03 18:17:30,821 DEBUG org.springframework.security.web.util.matcher.OrRequestMatcher [http-nio-8080-exec-2] Trying to match using Ant [pattern='/oauth/token']
2020-05-03 18:17:30,823 DEBUG org.springframework.security.web.util.matcher.AntPathRequestMatcher [http-nio-8080-exec-2] Checking match of request : '/oauth/check_token'; against '/oauth/token'
2020-05-03 18:17:30,825 DEBUG org.springframework.security.web.util.matcher.OrRequestMatcher [http-nio-8080-exec-2] Trying to match using Ant [pattern='/oauth/token_key']
2020-05-03 18:17:30,826 DEBUG org.springframework.security.web.util.matcher.AntPathRequestMatcher [http-nio-8080-exec-2] Checking match of request : '/oauth/check_token'; against '/oauth/token_key'
2020-05-03 18:17:30,827 DEBUG org.springframework.security.web.util.matcher.OrRequestMatcher [http-nio-8080-exec-2] Trying to match using Ant [pattern='/oauth/check_token']
2020-05-03 18:17:30,827 DEBUG org.springframework.security.web.util.matcher.AntPathRequestMatcher [http-nio-8080-exec-2] Checking match of request : '/oauth/check_token'; against '/oauth/check_token'
2020-05-03 18:17:30,828 DEBUG org.springframework.security.web.util.matcher.OrRequestMatcher [http-nio-8080-exec-2] matched
2020-05-03 18:17:30,829 DEBUG org.springframework.security.web.FilterChainProxy$VirtualFilterChain [http-nio-8080-exec-2] /oauth/check_token?token=cc79897c-4d27-460e-8703-0cbf5849db27 at position 1 of 12 in additional filter chain; firing Filter: 'WebAsyncManagerIntegrationFilter'
2020-05-03 18:17:30,829 DEBUG org.springframework.security.web.FilterChainProxy$VirtualFilterChain [http-nio-8080-exec-2] /oauth/check_token?token=cc79897c-4d27-460e-8703-0cbf5849db27 at position 2 of 12 in additional filter chain; firing Filter: 'SecurityContextPersistenceFilter'
2020-05-03 18:17:30,830 DEBUG org.springframework.security.web.FilterChainProxy$VirtualFilterChain [http-nio-8080-exec-2] /oauth/check_token?token=cc79897c-4d27-460e-8703-0cbf5849db27 at position 3 of 12 in additional filter chain; firing Filter: 'HeaderWriterFilter'
2020-05-03 18:17:30,830 DEBUG org.springframework.security.web.FilterChainProxy$VirtualFilterChain [http-nio-8080-exec-2] /oauth/check_token?token=cc79897c-4d27-460e-8703-0cbf5849db27 at position 4 of 12 in additional filter chain; firing Filter: 'LogoutFilter'
2020-05-03 18:17:30,830 DEBUG org.springframework.security.web.util.matcher.OrRequestMatcher [http-nio-8080-exec-2] Trying to match using Ant [pattern='/logout', GET]
2020-05-03 18:17:30,830 DEBUG org.springframework.security.web.util.matcher.AntPathRequestMatcher [http-nio-8080-exec-2] Request 'OPTIONS /oauth/check_token' doesn't match 'GET /logout'
2020-05-03 18:17:30,831 DEBUG org.springframework.security.web.util.matcher.OrRequestMatcher [http-nio-8080-exec-2] Trying to match using Ant [pattern='/logout', POST]
2020-05-03 18:17:30,834 DEBUG org.springframework.security.web.util.matcher.AntPathRequestMatcher [http-nio-8080-exec-2] Request 'OPTIONS /oauth/check_token' doesn't match 'POST /logout'
2020-05-03 18:17:30,835 DEBUG org.springframework.security.web.util.matcher.OrRequestMatcher [http-nio-8080-exec-2] Trying to match using Ant [pattern='/logout', PUT]
2020-05-03 18:17:30,837 DEBUG org.springframework.security.web.util.matcher.AntPathRequestMatcher [http-nio-8080-exec-2] Request 'OPTIONS /oauth/check_token' doesn't match 'PUT /logout'
2020-05-03 18:17:30,838 DEBUG org.springframework.security.web.util.matcher.OrRequestMatcher [http-nio-8080-exec-2] Trying to match using Ant [pattern='/logout', DELETE]
2020-05-03 18:17:30,838 DEBUG org.springframework.security.web.util.matcher.AntPathRequestMatcher [http-nio-8080-exec-2] Request 'OPTIONS /oauth/check_token' doesn't match 'DELETE /logout'
2020-05-03 18:17:30,838 DEBUG org.springframework.security.web.util.matcher.OrRequestMatcher [http-nio-8080-exec-2] No matches found
2020-05-03 18:17:30,839 DEBUG org.springframework.security.web.FilterChainProxy$VirtualFilterChain [http-nio-8080-exec-2] /oauth/check_token?token=cc79897c-4d27-460e-8703-0cbf5849db27 at position 5 of 12 in additional filter chain; firing Filter: 'CorsFilter'
2020-05-03 18:17:30,842 DEBUG org.springframework.security.web.header.writers.HstsHeaderWriter [http-nio-8080-exec-2] Not injecting HSTS header since it did not match the requestMatcher org.springframework.security.web.header.writers.HstsHeaderWriter$SecureRequestMatcher@6adac470
2020-05-03 18:17:30,843 DEBUG org.springframework.security.web.context.SecurityContextPersistenceFilter [http-nio-8080-exec-2] SecurityContextHolder now cleared, as request processing completed
2020-05-03 18:17:30,874 DEBUG org.springframework.security.web.util.matcher.OrRequestMatcher [http-nio-8080-exec-3] Trying to match using Ant [pattern='/oauth/token']
2020-05-03 18:17:30,875 DEBUG org.springframework.security.web.util.matcher.AntPathRequestMatcher [http-nio-8080-exec-3] Checking match of request : '/oauth/check_token'; against '/oauth/token'
2020-05-03 18:17:30,876 DEBUG org.springframework.security.web.util.matcher.OrRequestMatcher [http-nio-8080-exec-3] Trying to match using Ant [pattern='/oauth/token_key']
2020-05-03 18:17:30,877 DEBUG org.springframework.security.web.util.matcher.AntPathRequestMatcher [http-nio-8080-exec-3] Checking match of request : '/oauth/check_token'; against '/oauth/token_key'
2020-05-03 18:17:30,878 DEBUG org.springframework.security.web.util.matcher.OrRequestMatcher [http-nio-8080-exec-3] Trying to match using Ant [pattern='/oauth/check_token']
2020-05-03 18:17:30,878 DEBUG org.springframework.security.web.util.matcher.AntPathRequestMatcher [http-nio-8080-exec-3] Checking match of request : '/oauth/check_token'; against '/oauth/check_token'
2020-05-03 18:17:30,878 DEBUG org.springframework.security.web.util.matcher.OrRequestMatcher [http-nio-8080-exec-3] matched
2020-05-03 18:17:30,878 DEBUG org.springframework.security.web.FilterChainProxy$VirtualFilterChain [http-nio-8080-exec-3] /oauth/check_token?token=cc79897c-4d27-460e-8703-0cbf5849db27 at position 1 of 12 in additional filter chain; firing Filter: 'WebAsyncManagerIntegrationFilter'
2020-05-03 18:17:30,879 DEBUG org.springframework.security.web.FilterChainProxy$VirtualFilterChain [http-nio-8080-exec-3] /oauth/check_token?token=cc79897c-4d27-460e-8703-0cbf5849db27 at position 2 of 12 in additional filter chain; firing Filter: 'SecurityContextPersistenceFilter'
2020-05-03 18:17:30,879 DEBUG org.springframework.security.web.FilterChainProxy$VirtualFilterChain [http-nio-8080-exec-3] /oauth/check_token?token=cc79897c-4d27-460e-8703-0cbf5849db27 at position 3 of 12 in additional filter chain; firing Filter: 'HeaderWriterFilter'
2020-05-03 18:17:30,879 DEBUG org.springframework.security.web.FilterChainProxy$VirtualFilterChain [http-nio-8080-exec-3] /oauth/check_token?token=cc79897c-4d27-460e-8703-0cbf5849db27 at position 4 of 12 in additional filter chain; firing Filter: 'LogoutFilter'
2020-05-03 18:17:30,879 DEBUG org.springframework.security.web.util.matcher.OrRequestMatcher [http-nio-8080-exec-3] Trying to match using Ant [pattern='/logout', GET]
2020-05-03 18:17:30,879 DEBUG org.springframework.security.web.util.matcher.AntPathRequestMatcher [http-nio-8080-exec-3] Checking match of request : '/oauth/check_token'; against '/logout'
2020-05-03 18:17:30,880 DEBUG org.springframework.security.web.util.matcher.OrRequestMatcher [http-nio-8080-exec-3] Trying to match using Ant [pattern='/logout', POST]
2020-05-03 18:17:30,880 DEBUG org.springframework.security.web.util.matcher.AntPathRequestMatcher [http-nio-8080-exec-3] Request 'GET /oauth/check_token' doesn't match 'POST /logout'
2020-05-03 18:17:30,880 DEBUG org.springframework.security.web.util.matcher.OrRequestMatcher [http-nio-8080-exec-3] Trying to match using Ant [pattern='/logout', PUT]
2020-05-03 18:17:30,881 DEBUG org.springframework.security.web.util.matcher.AntPathRequestMatcher [http-nio-8080-exec-3] Request 'GET /oauth/check_token' doesn't match 'PUT /logout'
2020-05-03 18:17:30,881 DEBUG org.springframework.security.web.util.matcher.OrRequestMatcher [http-nio-8080-exec-3] Trying to match using Ant [pattern='/logout', DELETE]
2020-05-03 18:17:30,883 DEBUG org.springframework.security.web.util.matcher.AntPathRequestMatcher [http-nio-8080-exec-3] Request 'GET /oauth/check_token' doesn't match 'DELETE /logout'
2020-05-03 18:17:30,883 DEBUG org.springframework.security.web.util.matcher.OrRequestMatcher [http-nio-8080-exec-3] No matches found
2020-05-03 18:17:30,884 DEBUG org.springframework.security.web.FilterChainProxy$VirtualFilterChain [http-nio-8080-exec-3] /oauth/check_token?token=cc79897c-4d27-460e-8703-0cbf5849db27 at position 5 of 12 in additional filter chain; firing Filter: 'CorsFilter'
2020-05-03 18:17:30,884 DEBUG org.springframework.security.web.FilterChainProxy$VirtualFilterChain [http-nio-8080-exec-3] /oauth/check_token?token=cc79897c-4d27-460e-8703-0cbf5849db27 at position 6 of 12 in additional filter chain; firing Filter: 'BasicAuthenticationFilter'
2020-05-03 18:17:30,885 DEBUG org.springframework.security.web.authentication.www.BasicAuthenticationFilter [http-nio-8080-exec-3] Basic Authentication Authorization header found for user 'mobile'
2020-05-03 18:17:30,887 DEBUG org.springframework.security.authentication.ProviderManager [http-nio-8080-exec-3] Authentication attempt using org.springframework.security.authentication.dao.DaoAuthenticationProvider
2020-05-03 18:17:30,887 DEBUG org.springframework.jdbc.core.JdbcTemplate [http-nio-8080-exec-3] Executing prepared SQL query
2020-05-03 18:17:30,888 DEBUG org.springframework.jdbc.core.JdbcTemplate [http-nio-8080-exec-3] Executing prepared SQL statement [select client_id, client_secret, resource_ids, scope, authorized_grant_types, web_server_redirect_uri, authorities, access_token_validity, refresh_token_validity, additional_information, autoapprove from oauth_client_details where client_id = ?]
2020-05-03 18:17:30,888 DEBUG org.springframework.jdbc.datasource.DataSourceUtils [http-nio-8080-exec-3] Fetching JDBC Connection from DataSource
2020-05-03 18:17:30,953 DEBUG org.springframework.security.web.authentication.www.BasicAuthenticationFilter [http-nio-8080-exec-3] Authentication success: org.springframework.security.authentication.UsernamePasswordAuthenticationToken@c04ac928: Principal: org.springframework.security.core.userdetails.User@c04a90a2: Username: mobile; Password: [PROTECTED]; Enabled: true; AccountNonExpired: true; credentialsNonExpired: true; AccountNonLocked: true; Not granted any authorities; Credentials: [PROTECTED]; Authenticated: true; Details: org.springframework.security.web.authentication.WebAuthenticationDetails@ffffa64e: RemoteIpAddress: 192.168.43.52; SessionId: null; Not granted any authorities
2020-05-03 18:17:30,953 DEBUG org.springframework.security.web.FilterChainProxy$VirtualFilterChain [http-nio-8080-exec-3] /oauth/check_token?token=cc79897c-4d27-460e-8703-0cbf5849db27 at position 7 of 12 in additional filter chain; firing Filter: 'RequestCacheAwareFilter'
2020-05-03 18:17:30,954 DEBUG org.springframework.security.web.savedrequest.HttpSessionRequestCache [http-nio-8080-exec-3] saved request doesn't match
2020-05-03 18:17:30,954 DEBUG org.springframework.security.web.FilterChainProxy$VirtualFilterChain [http-nio-8080-exec-3] /oauth/check_token?token=cc79897c-4d27-460e-8703-0cbf5849db27 at position 8 of 12 in additional filter chain; firing Filter: 'SecurityContextHolderAwareRequestFilter'
2020-05-03 18:17:30,954 DEBUG org.springframework.security.web.FilterChainProxy$VirtualFilterChain [http-nio-8080-exec-3] /oauth/check_token?token=cc79897c-4d27-460e-8703-0cbf5849db27 at position 9 of 12 in additional filter chain; firing Filter: 'AnonymousAuthenticationFilter'
2020-05-03 18:17:30,956 DEBUG org.springframework.security.web.authentication.AnonymousAuthenticationFilter [http-nio-8080-exec-3] SecurityContextHolder not populated with anonymous token, as it already contained: 'org.springframework.security.authentication.UsernamePasswordAuthenticationToken@c04ac928: Principal: org.springframework.security.core.userdetails.User@c04a90a2: Username: mobile; Password: [PROTECTED]; Enabled: true; AccountNonExpired: true; credentialsNonExpired: true; AccountNonLocked: true; Not granted any authorities; Credentials: [PROTECTED]; Authenticated: true; Details: org.springframework.security.web.authentication.WebAuthenticationDetails@ffffa64e: RemoteIpAddress: 192.168.43.52; SessionId: null; Not granted any authorities'
2020-05-03 18:17:30,957 DEBUG org.springframework.security.web.FilterChainProxy$VirtualFilterChain [http-nio-8080-exec-3] /oauth/check_token?token=cc79897c-4d27-460e-8703-0cbf5849db27 at position 10 of 12 in additional filter chain; firing Filter: 'SessionManagementFilter'
2020-05-03 18:17:30,960 DEBUG org.springframework.security.web.authentication.session.CompositeSessionAuthenticationStrategy [http-nio-8080-exec-3] Delegating to org.springframework.security.web.authentication.session.ChangeSessionIdAuthenticationStrategy@33c5cc0
2020-05-03 18:17:30,961 DEBUG org.springframework.security.web.FilterChainProxy$VirtualFilterChain [http-nio-8080-exec-3] /oauth/check_token?token=cc79897c-4d27-460e-8703-0cbf5849db27 at position 11 of 12 in additional filter chain; firing Filter: 'ExceptionTranslationFilter'
2020-05-03 18:17:30,962 DEBUG org.springframework.security.web.FilterChainProxy$VirtualFilterChain [http-nio-8080-exec-3] /oauth/check_token?token=cc79897c-4d27-460e-8703-0cbf5849db27 at position 12 of 12 in additional filter chain; firing Filter: 'FilterSecurityInterceptor'
2020-05-03 18:17:30,963 DEBUG org.springframework.security.web.util.matcher.AntPathRequestMatcher [http-nio-8080-exec-3] Checking match of request : '/oauth/check_token'; against '/oauth/token'
2020-05-03 18:17:30,963 DEBUG org.springframework.security.web.util.matcher.AntPathRequestMatcher [http-nio-8080-exec-3] Checking match of request : '/oauth/check_token'; against '/oauth/token_key'
2020-05-03 18:17:30,964 DEBUG org.springframework.security.web.util.matcher.AntPathRequestMatcher [http-nio-8080-exec-3] Checking match of request : '/oauth/check_token'; against '/oauth/check_token'
2020-05-03 18:17:30,966 DEBUG org.springframework.security.access.intercept.AbstractSecurityInterceptor [http-nio-8080-exec-3] Secure object: FilterInvocation: URL: /oauth/check_token?token=cc79897c-4d27-460e-8703-0cbf5849db27; Attributes: [isAuthenticated()]
2020-05-03 18:17:30,969 DEBUG org.springframework.security.access.intercept.AbstractSecurityInterceptor [http-nio-8080-exec-3] Previously Authenticated: org.springframework.security.authentication.UsernamePasswordAuthenticationToken@c04ac928: Principal: org.springframework.security.core.userdetails.User@c04a90a2: Username: mobile; Password: [PROTECTED]; Enabled: true; AccountNonExpired: true; credentialsNonExpired: true; AccountNonLocked: true; Not granted any authorities; Credentials: [PROTECTED]; Authenticated: true; Details: org.springframework.security.web.authentication.WebAuthenticationDetails@ffffa64e: RemoteIpAddress: 192.168.43.52; SessionId: null; Not granted any authorities
2020-05-03 18:17:30,972 DEBUG org.springframework.security.access.vote.AffirmativeBased [http-nio-8080-exec-3] Voter: org.springframework.security.web.access.expression.WebExpressionVoter@4f9986b3, returned: 1
2020-05-03 18:17:30,973 DEBUG org.springframework.security.access.intercept.AbstractSecurityInterceptor [http-nio-8080-exec-3] Authorization successful
2020-05-03 18:17:30,974 DEBUG org.springframework.security.access.intercept.AbstractSecurityInterceptor [http-nio-8080-exec-3] RunAsManager did not change Authentication object
2020-05-03 18:17:30,976 DEBUG org.springframework.security.web.FilterChainProxy$VirtualFilterChain [http-nio-8080-exec-3] /oauth/check_token?token=cc79897c-4d27-460e-8703-0cbf5849db27 reached end of additional filter chain; proceeding with original chain
2020-05-03 18:17:31,033 DEBUG org.springframework.core.log.LogFormatUtils [http-nio-8080-exec-3] GET "/oauth/check_token?token=cc79897c-4d27-460e-8703-0cbf5849db27", parameters={masked}
2020-05-03 18:17:31,034 DEBUG org.springframework.web.servlet.handler.AbstractHandlerMapping [http-nio-8080-exec-3] Mapped to org.springframework.security.oauth2.provider.endpoint.CheckTokenEndpoint#checkToken(String)
2020-05-03 18:17:31,058 DEBUG org.springframework.jdbc.core.JdbcTemplate [http-nio-8080-exec-3] Executing prepared SQL query
2020-05-03 18:17:31,058 DEBUG org.springframework.jdbc.core.JdbcTemplate [http-nio-8080-exec-3] Executing prepared SQL statement [select token_id, token from oauth_access_token where token_id = ?]
2020-05-03 18:17:31,059 DEBUG org.springframework.jdbc.datasource.DataSourceUtils [http-nio-8080-exec-3] Fetching JDBC Connection from DataSource
2020-05-03 18:17:31,066 DEBUG org.springframework.jdbc.core.JdbcTemplate [http-nio-8080-exec-3] Executing prepared SQL query
2020-05-03 18:17:31,077 DEBUG org.springframework.jdbc.core.JdbcTemplate [http-nio-8080-exec-3] Executing prepared SQL statement [select token_id, token from oauth_access_token where token_id = ?]
2020-05-03 18:17:31,079 DEBUG org.springframework.jdbc.datasource.DataSourceUtils [http-nio-8080-exec-3] Fetching JDBC Connection from DataSource
2020-05-03 18:17:31,090 DEBUG org.springframework.jdbc.core.JdbcTemplate [http-nio-8080-exec-3] Executing prepared SQL query
2020-05-03 18:17:31,091 DEBUG org.springframework.jdbc.core.JdbcTemplate [http-nio-8080-exec-3] Executing prepared SQL statement [select token_id, authentication from oauth_access_token where token_id = ?]
2020-05-03 18:17:31,092 DEBUG org.springframework.jdbc.datasource.DataSourceUtils [http-nio-8080-exec-3] Fetching JDBC Connection from DataSource
2020-05-03 18:17:31,099 DEBUG org.springframework.jdbc.core.JdbcTemplate [http-nio-8080-exec-3] Executing prepared SQL query
2020-05-03 18:17:31,103 DEBUG org.springframework.jdbc.core.JdbcTemplate [http-nio-8080-exec-3] Executing prepared SQL statement [select client_id, client_secret, resource_ids, scope, authorized_grant_types, web_server_redirect_uri, authorities, access_token_validity, refresh_token_validity, additional_information, autoapprove from oauth_client_details where client_id = ?]
2020-05-03 18:17:31,108 DEBUG org.springframework.jdbc.datasource.DataSourceUtils [http-nio-8080-exec-3] Fetching JDBC Connection from DataSource
2020-05-03 18:17:31,154 DEBUG org.springframework.web.servlet.mvc.method.annotation.AbstractMessageConverterMethodProcessor [http-nio-8080-exec-3] Using 'application/json', given [application/json] and supported [application/json, application/*+json, application/json, application/*+json]
2020-05-03 18:17:31,154 DEBUG org.springframework.transaction.support.AbstractPlatformTransactionManager [http-nio-8080-exec-3] Creating new transaction with name [com.surshree.app.services.CustomUserDetailsService.loadUserByUsername]: PROPAGATION_REQUIRED,ISOLATION_DEFAULT
2020-05-03 18:17:31,155 DEBUG org.springframework.orm.jpa.JpaTransactionManager [http-nio-8080-exec-3] Opened new EntityManager [SessionImpl(395036074<open>)] for JPA transaction
2020-05-03 18:17:31,156 DEBUG org.springframework.orm.jpa.JpaTransactionManager [http-nio-8080-exec-3] Exposing JPA transaction as JDBC [org.springframework.orm.jpa.vendor.HibernateJpaDialect$HibernateConnectionHandle@1e04df2]
2020-05-03 18:17:31,165 INFO com.surshree.app.services.CustomUserDetailsService [http-nio-8080-exec-3] Granted Authorities --> ROLE_ADMN
2020-05-03 18:17:31,166 INFO com.surshree.app.services.CustomUserDetailsService [http-nio-8080-exec-3] Granted Authorities --> ROLE_CONT
2020-05-03 18:17:31,189 INFO com.surshree.app.services.CustomUserDetailsService [http-nio-8080-exec-3] Granted Authorities --> FUNC_VIEW_ADMIN_MENU
2020-05-03 18:17:31,193 INFO com.surshree.app.services.CustomUserDetailsService [http-nio-8080-exec-3] Granted Authorities --> FUNC_CONT_MENU
2020-05-03 18:17:31,195 INFO com.surshree.app.services.CustomUserDetailsService [http-nio-8080-exec-3] Granted Authorities --> FUNC_CONT_MENU
2020-05-03 18:17:31,197 DEBUG org.springframework.transaction.support.AbstractPlatformTransactionManager [http-nio-8080-exec-3] Initiating transaction commit
2020-05-03 18:17:31,198 DEBUG org.springframework.orm.jpa.JpaTransactionManager [http-nio-8080-exec-3] Committing JPA transaction on EntityManager [SessionImpl(395036074<open>)]
2020-05-03 18:17:31,200 DEBUG org.springframework.orm.jpa.JpaTransactionManager [http-nio-8080-exec-3] Closing JPA EntityManager [SessionImpl(395036074<open>)] after transaction
2020-05-03 18:17:31,202 DEBUG org.springframework.core.log.LogFormatUtils [http-nio-8080-exec-3] Writing [{aud=[all], firstName=Admin, lastName=User, user_name=admin, dob=1990-01-01 00:00:00.0, scope=[READ, (truncated)...]
2020-05-03 18:17:31,227 DEBUG org.springframework.security.web.header.writers.HstsHeaderWriter [http-nio-8080-exec-3] Not injecting HSTS header since it did not match the requestMatcher org.springframework.security.web.header.writers.HstsHeaderWriter$SecureRequestMatcher@6adac470
2020-05-03 18:17:31,228 DEBUG org.springframework.web.servlet.FrameworkServlet [http-nio-8080-exec-3] Completed 200 OK
2020-05-03 18:17:31,230 DEBUG org.springframework.security.web.access.ExceptionTranslationFilter [http-nio-8080-exec-3] Chain processed normally
2020-05-03 18:17:31,230 DEBUG org.springframework.security.web.context.SecurityContextPersistenceFilter [http-nio-8080-exec-3] SecurityContextHolder now cleared, as request processing completed
2020-05-03 18:17:31,255 DEBUG org.springframework.security.web.util.matcher.OrRequestMatcher [http-nio-8080-exec-4] Trying to match using Ant [pattern='/oauth/token']
2020-05-03 18:17:31,255 DEBUG org.springframework.security.web.util.matcher.AntPathRequestMatcher [http-nio-8080-exec-4] Checking match of request : '/competitions/active'; against '/oauth/token'
2020-05-03 18:17:31,256 DEBUG org.springframework.security.web.util.matcher.OrRequestMatcher [http-nio-8080-exec-4] Trying to match using Ant [pattern='/oauth/token_key']
2020-05-03 18:17:31,259 DEBUG org.springframework.security.web.util.matcher.AntPathRequestMatcher [http-nio-8080-exec-4] Checking match of request : '/competitions/active'; against '/oauth/token_key'
2020-05-03 18:17:31,259 DEBUG org.springframework.security.web.util.matcher.OrRequestMatcher [http-nio-8080-exec-4] Trying to match using Ant [pattern='/oauth/check_token']
2020-05-03 18:17:31,260 DEBUG org.springframework.security.web.util.matcher.AntPathRequestMatcher [http-nio-8080-exec-4] Checking match of request : '/competitions/active'; against '/oauth/check_token'
2020-05-03 18:17:31,260 DEBUG org.springframework.security.web.util.matcher.OrRequestMatcher [http-nio-8080-exec-4] No matches found
2020-05-03 18:17:31,262 DEBUG org.springframework.security.web.util.matcher.AntPathRequestMatcher [http-nio-8080-exec-4] Request '/competitions/active' matched by universal pattern '/**'
2020-05-03 18:17:31,262 DEBUG org.springframework.security.web.FilterChainProxy$VirtualFilterChain [http-nio-8080-exec-4] /competitions/active at position 1 of 13 in additional filter chain; firing Filter: 'WebAsyncManagerIntegrationFilter'
2020-05-03 18:17:31,263 DEBUG org.springframework.security.web.FilterChainProxy$VirtualFilterChain [http-nio-8080-exec-4] /competitions/active at position 2 of 13 in additional filter chain; firing Filter: 'SecurityContextPersistenceFilter'
2020-05-03 18:17:31,263 DEBUG org.springframework.security.web.context.HttpSessionSecurityContextRepository [http-nio-8080-exec-4] No HttpSession currently exists
2020-05-03 18:17:31,263 DEBUG org.springframework.security.web.context.HttpSessionSecurityContextRepository [http-nio-8080-exec-4] No SecurityContext was available from the HttpSession: null. A new one will be created.
2020-05-03 18:17:31,264 DEBUG org.springframework.security.web.FilterChainProxy$VirtualFilterChain [http-nio-8080-exec-4] /competitions/active at position 3 of 13 in additional filter chain; firing Filter: 'HeaderWriterFilter'
2020-05-03 18:17:31,264 DEBUG org.springframework.security.web.FilterChainProxy$VirtualFilterChain [http-nio-8080-exec-4] /competitions/active at position 4 of 13 in additional filter chain; firing Filter: 'CorsFilter'
2020-05-03 18:17:31,275 DEBUG org.springframework.web.servlet.handler.AbstractHandlerMapping [http-nio-8080-exec-4] Mapped to com.surshree.app.controllers.CompetitionController#getActiveCompetitions()
2020-05-03 18:17:31,279 DEBUG org.springframework.security.web.header.writers.HstsHeaderWriter [http-nio-8080-exec-4] Not injecting HSTS header since it did not match the requestMatcher org.springframework.security.web.header.writers.HstsHeaderWriter$SecureRequestMatcher@287b04d4
2020-05-03 18:17:31,280 DEBUG org.springframework.security.web.context.HttpSessionSecurityContextRepository$SaveToSessionResponseWrapper [http-nio-8080-exec-4] SecurityContext is empty or contents are anonymous - context will not be stored in HttpSession.
2020-05-03 18:17:31,280 DEBUG org.springframework.security.web.context.SecurityContextPersistenceFilter [http-nio-8080-exec-4] SecurityContextHolder now cleared, as request processing completed
2020-05-03 18:17:31,296 DEBUG org.springframework.security.web.util.matcher.OrRequestMatcher [http-nio-8080-exec-5] Trying to match using Ant [pattern='/oauth/token']
2020-05-03 18:17:31,296 DEBUG org.springframework.security.web.util.matcher.AntPathRequestMatcher [http-nio-8080-exec-5] Checking match of request : '/competitions/active'; against '/oauth/token'
2020-05-03 18:17:31,297 DEBUG org.springframework.security.web.util.matcher.OrRequestMatcher [http-nio-8080-exec-5] Trying to match using Ant [pattern='/oauth/token_key']
2020-05-03 18:17:31,298 DEBUG org.springframework.security.web.util.matcher.AntPathRequestMatcher [http-nio-8080-exec-5] Checking match of request : '/competitions/active'; against '/oauth/token_key'
2020-05-03 18:17:31,299 DEBUG org.springframework.security.web.util.matcher.OrRequestMatcher [http-nio-8080-exec-5] Trying to match using Ant [pattern='/oauth/check_token']
2020-05-03 18:17:31,299 DEBUG org.springframework.security.web.util.matcher.AntPathRequestMatcher [http-nio-8080-exec-5] Checking match of request : '/competitions/active'; against '/oauth/check_token'
2020-05-03 18:17:31,302 DEBUG org.springframework.security.web.util.matcher.OrRequestMatcher [http-nio-8080-exec-5] No matches found
2020-05-03 18:17:31,303 DEBUG org.springframework.security.web.FilterChainProxy$VirtualFilterChain [http-nio-8080-exec-5] /competitions/active at position 1 of 11 in additional filter chain; firing Filter: 'WebAsyncManagerIntegrationFilter'
2020-05-03 18:17:31,304 DEBUG org.springframework.security.web.FilterChainProxy$VirtualFilterChain [http-nio-8080-exec-5] /competitions/active at position 2 of 11 in additional filter chain; firing Filter: 'SecurityContextPersistenceFilter'
2020-05-03 18:17:31,305 DEBUG org.springframework.security.web.FilterChainProxy$VirtualFilterChain [http-nio-8080-exec-5] /competitions/active at position 3 of 11 in additional filter chain; firing Filter: 'HeaderWriterFilter'
2020-05-03 18:17:31,306 DEBUG org.springframework.security.web.FilterChainProxy$VirtualFilterChain [http-nio-8080-exec-5] /competitions/active at position 4 of 11 in additional filter chain; firing Filter: 'LogoutFilter'
2020-05-03 18:17:31,307 DEBUG org.springframework.security.web.util.matcher.OrRequestMatcher [http-nio-8080-exec-5] Trying to match using Ant [pattern='/logout', GET]
2020-05-03 18:17:31,308 DEBUG org.springframework.security.web.util.matcher.AntPathRequestMatcher [http-nio-8080-exec-5] Checking match of request : '/competitions/active'; against '/logout'
2020-05-03 18:17:31,308 DEBUG org.springframework.security.web.util.matcher.OrRequestMatcher [http-nio-8080-exec-5] Trying to match using Ant [pattern='/logout', POST]
2020-05-03 18:17:31,309 DEBUG org.springframework.security.web.util.matcher.AntPathRequestMatcher [http-nio-8080-exec-5] Request 'GET /competitions/active' doesn't match 'POST /logout'
2020-05-03 18:17:31,309 DEBUG org.springframework.security.web.util.matcher.OrRequestMatcher [http-nio-8080-exec-5] Trying to match using Ant [pattern='/logout', PUT]
2020-05-03 18:17:31,310 DEBUG org.springframework.security.web.util.matcher.AntPathRequestMatcher [http-nio-8080-exec-5] Request 'GET /competitions/active' doesn't match 'PUT /logout'
2020-05-03 18:17:31,310 DEBUG org.springframework.security.web.util.matcher.OrRequestMatcher [http-nio-8080-exec-5] Trying to match using Ant [pattern='/logout', DELETE]
2020-05-03 18:17:31,311 DEBUG org.springframework.security.web.util.matcher.AntPathRequestMatcher [http-nio-8080-exec-5] Request 'GET /competitions/active' doesn't match 'DELETE /logout'
2020-05-03 18:17:31,312 DEBUG org.springframework.security.web.util.matcher.OrRequestMatcher [http-nio-8080-exec-5] No matches found
2020-05-03 18:17:31,313 DEBUG org.springframework.security.web.FilterChainProxy$VirtualFilterChain [http-nio-8080-exec-5] /competitions/active at position 5 of 11 in additional filter chain; firing Filter: 'OAuth2AuthenticationProcessingFilter'
2020-05-03 18:17:31,316 DEBUG org.springframework.jdbc.core.JdbcTemplate [http-nio-8080-exec-5] Executing prepared SQL query
2020-05-03 18:17:31,316 DEBUG org.springframework.jdbc.core.JdbcTemplate [http-nio-8080-exec-5] Executing prepared SQL statement [select token_id, token from oauth_access_token where token_id = ?]
2020-05-03 18:17:31,317 DEBUG org.springframework.jdbc.datasource.DataSourceUtils [http-nio-8080-exec-5] Fetching JDBC Connection from DataSource
2020-05-03 18:17:31,359 DEBUG org.springframework.jdbc.core.JdbcTemplate [http-nio-8080-exec-5] Executing prepared SQL query
2020-05-03 18:17:31,360 DEBUG org.springframework.jdbc.core.JdbcTemplate [http-nio-8080-exec-5] Executing prepared SQL statement [select token_id, authentication from oauth_access_token where token_id = ?]
2020-05-03 18:17:31,360 DEBUG org.springframework.jdbc.datasource.DataSourceUtils [http-nio-8080-exec-5] Fetching JDBC Connection from DataSource
2020-05-03 18:17:31,370 DEBUG org.springframework.security.oauth2.provider.authentication.OAuth2AuthenticationProcessingFilter [http-nio-8080-exec-5] Authentication success: org.springframework.security.oauth2.provider.OAuth2Authentication@e2f94861: Principal: admin; Credentials: [PROTECTED]; Authenticated: true; Details: remoteAddress=192.168.43.52, tokenType=BearertokenValue=<TOKEN>; Granted Authorities: ROLE_ADMN, ROLE_CONT, FUNC_VIEW_ADMIN_MENU, FUNC_CONT_MENU, FUNC_CONT_MENU
2020-05-03 18:17:31,370 DEBUG org.springframework.security.web.FilterChainProxy$VirtualFilterChain [http-nio-8080-exec-5] /competitions/active at position 6 of 11 in additional filter chain; firing Filter: 'RequestCacheAwareFilter'
2020-05-03 18:17:31,371 DEBUG org.springframework.security.web.FilterChainProxy$VirtualFilterChain [http-nio-8080-exec-5] /competitions/active at position 7 of 11 in additional filter chain; firing Filter: 'SecurityContextHolderAwareRequestFilter'
2020-05-03 18:17:31,371 DEBUG org.springframework.security.web.FilterChainProxy$VirtualFilterChain [http-nio-8080-exec-5] /competitions/active at position 8 of 11 in additional filter chain; firing Filter: 'AnonymousAuthenticationFilter'
2020-05-03 18:17:31,373 DEBUG org.springframework.security.web.authentication.AnonymousAuthenticationFilter [http-nio-8080-exec-5] SecurityContextHolder not populated with anonymous token, as it already contained: 'org.springframework.security.oauth2.provider.OAuth2Authentication@e2f94861: Principal: admin; Credentials: [PROTECTED]; Authenticated: true; Details: remoteAddress=192.168.43.52, tokenType=BearertokenValue=<TOKEN>; Granted Authorities: ROLE_ADMN, ROLE_CONT, FUNC_VIEW_ADMIN_MENU, FUNC_CONT_MENU, FUNC_CONT_MENU'
2020-05-03 18:17:31,374 DEBUG org.springframework.security.web.FilterChainProxy$VirtualFilterChain [http-nio-8080-exec-5] /competitions/active at position 9 of 11 in additional filter chain; firing Filter: 'SessionManagementFilter'
2020-05-03 18:17:31,375 DEBUG org.springframework.security.web.authentication.session.CompositeSessionAuthenticationStrategy [http-nio-8080-exec-5] Delegating to org.springframework.security.web.authentication.session.ChangeSessionIdAuthenticationStrategy@2be89ba5
2020-05-03 18:17:31,375 DEBUG org.springframework.security.web.FilterChainProxy$VirtualFilterChain [http-nio-8080-exec-5] /competitions/active at position 10 of 11 in additional filter chain; firing Filter: 'ExceptionTranslationFilter'
2020-05-03 18:17:31,377 DEBUG org.springframework.security.web.FilterChainProxy$VirtualFilterChain [http-nio-8080-exec-5] /competitions/active at position 11 of 11 in additional filter chain; firing Filter: 'FilterSecurityInterceptor'
2020-05-03 18:17:31,379 DEBUG org.springframework.security.access.intercept.AbstractSecurityInterceptor [http-nio-8080-exec-5] Secure object: FilterInvocation: URL: /competitions/active; Attributes: [#oauth2.throwOnError(authenticated)]
2020-05-03 18:17:31,380 DEBUG org.springframework.security.access.intercept.AbstractSecurityInterceptor [http-nio-8080-exec-5] Previously Authenticated: org.springframework.security.oauth2.provider.OAuth2Authentication@e2f94861: Principal: admin; Credentials: [PROTECTED]; Authenticated: true; Details: remoteAddress=192.168.43.52, tokenType=BearertokenValue=<TOKEN>; Granted Authorities: ROLE_ADMN, ROLE_CONT, FUNC_VIEW_ADMIN_MENU, FUNC_CONT_MENU, FUNC_CONT_MENU
2020-05-03 18:17:31,386 DEBUG org.springframework.security.access.vote.AffirmativeBased [http-nio-8080-exec-5] Voter: org.springframework.security.web.access.expression.WebExpressionVoter@56f71341, returned: 1
2020-05-03 18:17:31,387 DEBUG org.springframework.security.access.intercept.AbstractSecurityInterceptor [http-nio-8080-exec-5] Authorization successful
2020-05-03 18:17:31,388 DEBUG org.springframework.security.access.intercept.AbstractSecurityInterceptor [http-nio-8080-exec-5] RunAsManager did not change Authentication object
2020-05-03 18:17:31,390 DEBUG org.springframework.security.web.FilterChainProxy$VirtualFilterChain [http-nio-8080-exec-5] /competitions/active reached end of additional filter chain; proceeding with original chain
2020-05-03 18:17:31,390 DEBUG org.springframework.core.log.LogFormatUtils [http-nio-8080-exec-5] GET "/competitions/active", parameters={}
2020-05-03 18:17:31,392 DEBUG org.springframework.web.servlet.handler.AbstractHandlerMapping [http-nio-8080-exec-5] Mapped to com.surshree.app.controllers.CompetitionController#getActiveCompetitions()
2020-05-03 18:17:31,395 DEBUG org.springframework.orm.jpa.support.OpenEntityManagerInViewInterceptor [http-nio-8080-exec-5] Opening JPA EntityManager in OpenEntityManagerInViewInterceptor
2020-05-03 18:17:31,504 DEBUG org.springframework.web.servlet.mvc.method.annotation.AbstractMessageConverterMethodProcessor [http-nio-8080-exec-5] Using 'application/json', given [application/json] and supported [application/json, application/*+json, application/json, application/*+json]
2020-05-03 18:17:31,504 DEBUG org.springframework.core.log.LogFormatUtils [http-nio-8080-exec-5] Writing [[com.surshree.app.models.comp.CompetitionRequestResponseModel@27d2b8a1, com.surshree.app.models.comp (truncated)...]
2020-05-03 18:17:31,595 DEBUG org.springframework.security.web.header.writers.HstsHeaderWriter [http-nio-8080-exec-5] Not injecting HSTS header since it did not match the requestMatcher org.springframework.security.web.header.writers.HstsHeaderWriter$SecureRequestMatcher@6f31b89b
2020-05-03 18:17:31,661 DEBUG org.springframework.orm.jpa.support.OpenEntityManagerInViewInterceptor [http-nio-8080-exec-5] Closing JPA EntityManager in OpenEntityManagerInViewInterceptor
2020-05-03 18:17:31,685 DEBUG org.springframework.security.web.util.matcher.OrRequestMatcher [http-nio-8080-exec-6] Trying to match using Ant [pattern='/oauth/token']
2020-05-03 18:17:31,686 DEBUG org.springframework.security.web.util.matcher.AntPathRequestMatcher [http-nio-8080-exec-6] Checking match of request : '/competitions/active'; against '/oauth/token'
2020-05-03 18:17:31,686 DEBUG org.springframework.security.web.util.matcher.OrRequestMatcher [http-nio-8080-exec-6] Trying to match using Ant [pattern='/oauth/token_key']
2020-05-03 18:17:31,685 DEBUG org.springframework.web.servlet.FrameworkServlet [http-nio-8080-exec-5] Completed 200 OK
2020-05-03 18:17:31,686 DEBUG org.springframework.security.web.util.matcher.AntPathRequestMatcher [http-nio-8080-exec-6] Checking match of request : '/competitions/active'; against '/oauth/token_key'
2020-05-03 18:17:31,686 DEBUG org.springframework.security.web.util.matcher.OrRequestMatcher [http-nio-8080-exec-6] Trying to match using Ant [pattern='/oauth/check_token']
2020-05-03 18:17:31,687 DEBUG org.springframework.security.web.util.matcher.AntPathRequestMatcher [http-nio-8080-exec-6] Checking match of request : '/competitions/active'; against '/oauth/check_token'
2020-05-03 18:17:31,687 DEBUG org.springframework.security.web.access.ExceptionTranslationFilter [http-nio-8080-exec-5] Chain processed normally
2020-05-03 18:17:31,688 DEBUG org.springframework.security.web.context.SecurityContextPersistenceFilter [http-nio-8080-exec-5] SecurityContextHolder now cleared, as request processing completed
2020-05-03 18:17:31,687 DEBUG org.springframework.security.web.util.matcher.OrRequestMatcher [http-nio-8080-exec-6] No matches found
2020-05-03 18:17:31,690 DEBUG org.springframework.security.web.FilterChainProxy$VirtualFilterChain [http-nio-8080-exec-6] /competitions/active at position 1 of 11 in additional filter chain; firing Filter: 'WebAsyncManagerIntegrationFilter'
2020-05-03 18:17:31,691 DEBUG org.springframework.security.web.FilterChainProxy$VirtualFilterChain [http-nio-8080-exec-6] /competitions/active at position 2 of 11 in additional filter chain; firing Filter: 'SecurityContextPersistenceFilter'
2020-05-03 18:17:31,691 DEBUG org.springframework.security.web.FilterChainProxy$VirtualFilterChain [http-nio-8080-exec-6] /competitions/active at position 3 of 11 in additional filter chain; firing Filter: 'HeaderWriterFilter'
2020-05-03 18:17:31,692 DEBUG org.springframework.security.web.FilterChainProxy$VirtualFilterChain [http-nio-8080-exec-6] /competitions/active at position 4 of 11 in additional filter chain; firing Filter: 'LogoutFilter'
2020-05-03 18:17:31,697 DEBUG org.springframework.security.web.util.matcher.OrRequestMatcher [http-nio-8080-exec-6] Trying to match using Ant [pattern='/logout', GET]
2020-05-03 18:17:31,698 DEBUG org.springframework.security.web.util.matcher.AntPathRequestMatcher [http-nio-8080-exec-6] Checking match of request : '/competitions/active'; against '/logout'
2020-05-03 18:17:31,699 DEBUG org.springframework.security.web.util.matcher.OrRequestMatcher [http-nio-8080-exec-6] Trying to match using Ant [pattern='/logout', POST]
2020-05-03 18:17:31,700 DEBUG org.springframework.security.web.util.matcher.AntPathRequestMatcher [http-nio-8080-exec-6] Request 'GET /competitions/active' doesn't match 'POST /logout'
2020-05-03 18:17:31,700 DEBUG org.springframework.security.web.util.matcher.OrRequestMatcher [http-nio-8080-exec-6] Trying to match using Ant [pattern='/logout', PUT]
2020-05-03 18:17:31,700 DEBUG org.springframework.security.web.util.matcher.AntPathRequestMatcher [http-nio-8080-exec-6] Request 'GET /competitions/active' doesn't match 'PUT /logout'
2020-05-03 18:17:31,701 DEBUG org.springframework.security.web.util.matcher.OrRequestMatcher [http-nio-8080-exec-6] Trying to match using Ant [pattern='/logout', DELETE]
2020-05-03 18:17:31,701 DEBUG org.springframework.security.web.util.matcher.AntPathRequestMatcher [http-nio-8080-exec-6] Request 'GET /competitions/active' doesn't match 'DELETE /logout'
2020-05-03 18:17:31,702 DEBUG org.springframework.security.web.util.matcher.OrRequestMatcher [http-nio-8080-exec-6] No matches found
2020-05-03 18:17:31,702 DEBUG org.springframework.security.web.FilterChainProxy$VirtualFilterChain [http-nio-8080-exec-6] /competitions/active at position 5 of 11 in additional filter chain; firing Filter: 'OAuth2AuthenticationProcessingFilter'
2020-05-03 18:17:31,703 DEBUG org.springframework.jdbc.core.JdbcTemplate [http-nio-8080-exec-6] Executing prepared SQL query
2020-05-03 18:17:31,704 DEBUG org.springframework.jdbc.core.JdbcTemplate [http-nio-8080-exec-6] Executing prepared SQL statement [select token_id, token from oauth_access_token where token_id = ?]
2020-05-03 18:17:31,704 DEBUG org.springframework.jdbc.datasource.DataSourceUtils [http-nio-8080-exec-6] Fetching JDBC Connection from DataSource
2020-05-03 18:17:31,726 DEBUG org.springframework.jdbc.core.JdbcTemplate [http-nio-8080-exec-6] Executing prepared SQL query
2020-05-03 18:17:31,726 DEBUG org.springframework.jdbc.core.JdbcTemplate [http-nio-8080-exec-6] Executing prepared SQL statement [select token_id, authentication from oauth_access_token where token_id = ?]
2020-05-03 18:17:31,727 DEBUG org.springframework.jdbc.datasource.DataSourceUtils [http-nio-8080-exec-6] Fetching JDBC Connection from DataSource
2020-05-03 18:17:31,738 DEBUG org.springframework.security.oauth2.provider.authentication.OAuth2AuthenticationProcessingFilter [http-nio-8080-exec-6] Authentication success: org.springframework.security.oauth2.provider.OAuth2Authentication@e2f94861: Principal: admin; Credentials: [PROTECTED]; Authenticated: true; Details: remoteAddress=192.168.43.52, tokenType=BearertokenValue=<TOKEN>; Granted Authorities: ROLE_ADMN, ROLE_CONT, FUNC_VIEW_ADMIN_MENU, FUNC_CONT_MENU, FUNC_CONT_MENU
2020-05-03 18:17:31,739 DEBUG org.springframework.security.web.FilterChainProxy$VirtualFilterChain [http-nio-8080-exec-6] /competitions/active at position 6 of 11 in additional filter chain; firing Filter: 'RequestCacheAwareFilter'
2020-05-03 18:17:31,739 DEBUG org.springframework.security.web.FilterChainProxy$VirtualFilterChain [http-nio-8080-exec-6] /competitions/active at position 7 of 11 in additional filter chain; firing Filter: 'SecurityContextHolderAwareRequestFilter'
2020-05-03 18:17:31,740 DEBUG org.springframework.security.web.FilterChainProxy$VirtualFilterChain [http-nio-8080-exec-6] /competitions/active at position 8 of 11 in additional filter chain; firing Filter: 'AnonymousAuthenticationFilter'
2020-05-03 18:17:31,741 DEBUG org.springframework.security.web.authentication.AnonymousAuthenticationFilter [http-nio-8080-exec-6] SecurityContextHolder not populated with anonymous token, as it already contained: 'org.springframework.security.oauth2.provider.OAuth2Authentication@e2f94861: Principal: admin; Credentials: [PROTECTED]; Authenticated: true; Details: remoteAddress=192.168.43.52, tokenType=BearertokenValue=<TOKEN>; Granted Authorities: ROLE_ADMN, ROLE_CONT, FUNC_VIEW_ADMIN_MENU, FUNC_CONT_MENU, FUNC_CONT_MENU'
2020-05-03 18:17:31,742 DEBUG org.springframework.security.web.FilterChainProxy$VirtualFilterChain [http-nio-8080-exec-6] /competitions/active at position 9 of 11 in additional filter chain; firing Filter: 'SessionManagementFilter'
2020-05-03 18:17:31,743 DEBUG org.springframework.security.web.authentication.session.CompositeSessionAuthenticationStrategy [http-nio-8080-exec-6] Delegating to org.springframework.security.web.authentication.session.ChangeSessionIdAuthenticationStrategy@2be89ba5
2020-05-03 18:17:31,743 DEBUG org.springframework.security.web.FilterChainProxy$VirtualFilterChain [http-nio-8080-exec-6] /competitions/active at position 10 of 11 in additional filter chain; firing Filter: 'ExceptionTranslationFilter'
2020-05-03 18:17:31,744 DEBUG org.springframework.security.web.FilterChainProxy$VirtualFilterChain [http-nio-8080-exec-6] /competitions/active at position 11 of 11 in additional filter chain; firing Filter: 'FilterSecurityInterceptor'
2020-05-03 18:17:31,747 DEBUG org.springframework.security.access.intercept.AbstractSecurityInterceptor [http-nio-8080-exec-6] Secure object: FilterInvocation: URL: /competitions/active; Attributes: [#oauth2.throwOnError(authenticated)]
2020-05-03 18:17:31,747 DEBUG org.springframework.security.access.intercept.AbstractSecurityInterceptor [http-nio-8080-exec-6] Previously Authenticated: org.springframework.security.oauth2.provider.OAuth2Authentication@e2f94861: Principal: admin; Credentials: [PROTECTED]; Authenticated: true; Details: remoteAddress=192.168.43.52, tokenType=BearertokenValue=<TOKEN>; Granted Authorities: ROLE_ADMN, ROLE_CONT, FUNC_VIEW_ADMIN_MENU, FUNC_CONT_MENU, FUNC_CONT_MENU
2020-05-03 18:17:31,755 DEBUG org.springframework.security.access.vote.AffirmativeBased [http-nio-8080-exec-6] Voter: org.springframework.security.web.access.expression.WebExpressionVoter@56f71341, returned: 1
2020-05-03 18:17:31,757 DEBUG org.springframework.security.access.intercept.AbstractSecurityInterceptor [http-nio-8080-exec-6] Authorization successful
2020-05-03 18:17:31,757 DEBUG org.springframework.security.access.intercept.AbstractSecurityInterceptor [http-nio-8080-exec-6] RunAsManager did not change Authentication object
2020-05-03 18:17:31,759 DEBUG org.springframework.security.web.FilterChainProxy$VirtualFilterChain [http-nio-8080-exec-6] /competitions/active reached end of additional filter chain; proceeding with original chain
2020-05-03 18:17:31,759 DEBUG org.springframework.core.log.LogFormatUtils [http-nio-8080-exec-6] GET "/competitions/active", parameters={}
2020-05-03 18:17:31,762 DEBUG org.springframework.web.servlet.handler.AbstractHandlerMapping [http-nio-8080-exec-6] Mapped to com.surshree.app.controllers.CompetitionController#getActiveCompetitions()
2020-05-03 18:17:31,765 DEBUG org.springframework.orm.jpa.support.OpenEntityManagerInViewInterceptor [http-nio-8080-exec-6] Opening JPA EntityManager in OpenEntityManagerInViewInterceptor
2020-05-03 18:17:31,776 DEBUG org.springframework.web.servlet.mvc.method.annotation.AbstractMessageConverterMethodProcessor [http-nio-8080-exec-6] Using 'application/json', given [application/json] and supported [application/json, application/*+json, application/json, application/*+json]
2020-05-03 18:17:31,777 DEBUG org.springframework.core.log.LogFormatUtils [http-nio-8080-exec-6] Writing [[com.surshree.app.models.comp.CompetitionRequestResponseModel@d98f373, com.surshree.app.models.comp. (truncated)...]
2020-05-03 18:17:31,787 DEBUG org.springframework.security.web.header.writers.HstsHeaderWriter [http-nio-8080-exec-6] Not injecting HSTS header since it did not match the requestMatcher org.springframework.security.web.header.writers.HstsHeaderWriter$SecureRequestMatcher@6f31b89b
2020-05-03 18:17:31,795 DEBUG org.springframework.orm.jpa.support.OpenEntityManagerInViewInterceptor [http-nio-8080-exec-6] Closing JPA EntityManager in OpenEntityManagerInViewInterceptor
2020-05-03 18:17:31,796 DEBUG org.springframework.web.servlet.FrameworkServlet [http-nio-8080-exec-6] Completed 200 OK
2020-05-03 18:17:31,797 DEBUG org.springframework.security.web.access.ExceptionTranslationFilter [http-nio-8080-exec-6] Chain processed normally
2020-05-03 18:17:31,797 DEBUG org.springframework.security.web.context.SecurityContextPersistenceFilter [http-nio-8080-exec-6] SecurityContextHolder now cleared, as request processing completed
2020-05-03 18:17:31,813 DEBUG org.springframework.security.web.util.matcher.OrRequestMatcher [http-nio-8080-exec-7] Trying to match using Ant [pattern='/oauth/token']
2020-05-03 18:17:31,813 DEBUG org.springframework.security.web.util.matcher.AntPathRequestMatcher [http-nio-8080-exec-7] Checking match of request : '/competitions/enrollment'; against '/oauth/token'
2020-05-03 18:17:31,813 DEBUG org.springframework.security.web.util.matcher.OrRequestMatcher [http-nio-8080-exec-7] Trying to match using Ant [pattern='/oauth/token_key']
2020-05-03 18:17:31,815 DEBUG org.springframework.security.web.util.matcher.AntPathRequestMatcher [http-nio-8080-exec-7] Checking match of request : '/competitions/enrollment'; against '/oauth/token_key'
2020-05-03 18:17:31,816 DEBUG org.springframework.security.web.util.matcher.OrRequestMatcher [http-nio-8080-exec-7] Trying to match using Ant [pattern='/oauth/check_token']
2020-05-03 18:17:31,817 DEBUG org.springframework.security.web.util.matcher.AntPathRequestMatcher [http-nio-8080-exec-7] Checking match of request : '/competitions/enrollment'; against '/oauth/check_token'
2020-05-03 18:17:31,818 DEBUG org.springframework.security.web.util.matcher.OrRequestMatcher [http-nio-8080-exec-7] No matches found
2020-05-03 18:17:31,818 DEBUG org.springframework.security.web.util.matcher.AntPathRequestMatcher [http-nio-8080-exec-7] Request '/competitions/enrollment' matched by universal pattern '/**'
2020-05-03 18:17:31,818 DEBUG org.springframework.security.web.FilterChainProxy$VirtualFilterChain [http-nio-8080-exec-7] /competitions/enrollment at position 1 of 13 in additional filter chain; firing Filter: 'WebAsyncManagerIntegrationFilter'
2020-05-03 18:17:31,818 DEBUG org.springframework.security.web.FilterChainProxy$VirtualFilterChain [http-nio-8080-exec-7] /competitions/enrollment at position 2 of 13 in additional filter chain; firing Filter: 'SecurityContextPersistenceFilter'
2020-05-03 18:17:31,819 DEBUG org.springframework.security.web.context.HttpSessionSecurityContextRepository [http-nio-8080-exec-7] No HttpSession currently exists
2020-05-03 18:17:31,819 DEBUG org.springframework.security.web.context.HttpSessionSecurityContextRepository [http-nio-8080-exec-7] No SecurityContext was available from the HttpSession: null. A new one will be created.
2020-05-03 18:17:31,819 DEBUG org.springframework.security.web.FilterChainProxy$VirtualFilterChain [http-nio-8080-exec-7] /competitions/enrollment at position 3 of 13 in additional filter chain; firing Filter: 'HeaderWriterFilter'
2020-05-03 18:17:31,819 DEBUG org.springframework.security.web.FilterChainProxy$VirtualFilterChain [http-nio-8080-exec-7] /competitions/enrollment at position 4 of 13 in additional filter chain; firing Filter: 'CorsFilter'
2020-05-03 18:17:31,820 DEBUG org.springframework.web.servlet.handler.AbstractHandlerMapping [http-nio-8080-exec-7] Mapped to com.surshree.app.controllers.CompetitionController#getEnrolledCompetition()
2020-05-03 18:17:31,822 DEBUG org.springframework.security.web.header.writers.HstsHeaderWriter [http-nio-8080-exec-7] Not injecting HSTS header since it did not match the requestMatcher org.springframework.security.web.header.writers.HstsHeaderWriter$SecureRequestMatcher@287b04d4
2020-05-03 18:17:31,823 DEBUG org.springframework.security.web.context.HttpSessionSecurityContextRepository$SaveToSessionResponseWrapper [http-nio-8080-exec-7] SecurityContext is empty or contents are anonymous - context will not be stored in HttpSession.
2020-05-03 18:17:31,823 DEBUG org.springframework.security.web.context.SecurityContextPersistenceFilter [http-nio-8080-exec-7] SecurityContextHolder now cleared, as request processing completed
2020-05-03 18:17:31,867 DEBUG org.springframework.security.web.util.matcher.OrRequestMatcher [http-nio-8080-exec-8] Trying to match using Ant [pattern='/oauth/token']
2020-05-03 18:17:31,867 DEBUG org.springframework.security.web.util.matcher.AntPathRequestMatcher [http-nio-8080-exec-8] Checking match of request : '/competitions/enrollment'; against '/oauth/token'
2020-05-03 18:17:31,867 DEBUG org.springframework.security.web.util.matcher.OrRequestMatcher [http-nio-8080-exec-8] Trying to match using Ant [pattern='/oauth/token_key']
2020-05-03 18:17:31,868 DEBUG org.springframework.security.web.util.matcher.AntPathRequestMatcher [http-nio-8080-exec-8] Checking match of request : '/competitions/enrollment'; against '/oauth/token_key'
2020-05-03 18:17:31,868 DEBUG org.springframework.security.web.util.matcher.OrRequestMatcher [http-nio-8080-exec-8] Trying to match using Ant [pattern='/oauth/check_token']
2020-05-03 18:17:31,868 DEBUG org.springframework.security.web.util.matcher.AntPathRequestMatcher [http-nio-8080-exec-8] Checking match of request : '/competitions/enrollment'; against '/oauth/check_token'
2020-05-03 18:17:31,868 DEBUG org.springframework.security.web.util.matcher.OrRequestMatcher [http-nio-8080-exec-8] No matches found
2020-05-03 18:17:31,869 DEBUG org.springframework.security.web.FilterChainProxy$VirtualFilterChain [http-nio-8080-exec-8] /competitions/enrollment at position 1 of 11 in additional filter chain; firing Filter: 'WebAsyncManagerIntegrationFilter'
2020-05-03 18:17:31,869 DEBUG org.springframework.security.web.FilterChainProxy$VirtualFilterChain [http-nio-8080-exec-8] /competitions/enrollment at position 2 of 11 in additional filter chain; firing Filter: 'SecurityContextPersistenceFilter'
2020-05-03 18:17:31,869 DEBUG org.springframework.security.web.FilterChainProxy$VirtualFilterChain [http-nio-8080-exec-8] /competitions/enrollment at position 3 of 11 in additional filter chain; firing Filter: 'HeaderWriterFilter'
2020-05-03 18:17:31,872 DEBUG org.springframework.security.web.FilterChainProxy$VirtualFilterChain [http-nio-8080-exec-8] /competitions/enrollment at position 4 of 11 in additional filter chain; firing Filter: 'LogoutFilter'
2020-05-03 18:17:31,872 DEBUG org.springframework.security.web.util.matcher.OrRequestMatcher [http-nio-8080-exec-8] Trying to match using Ant [pattern='/logout', GET]
2020-05-03 18:17:31,872 DEBUG org.springframework.security.web.util.matcher.AntPathRequestMatcher [http-nio-8080-exec-8] Checking match of request : '/competitions/enrollment'; against '/logout'
2020-05-03 18:17:31,875 DEBUG org.springframework.security.web.util.matcher.OrRequestMatcher [http-nio-8080-exec-8] Trying to match using Ant [pattern='/logout', POST]
2020-05-03 18:17:31,877 DEBUG org.springframework.security.web.util.matcher.AntPathRequestMatcher [http-nio-8080-exec-8] Request 'GET /competitions/enrollment' doesn't match 'POST /logout'
2020-05-03 18:17:31,877 DEBUG org.springframework.security.web.util.matcher.OrRequestMatcher [http-nio-8080-exec-8] Trying to match using Ant [pattern='/logout', PUT]
2020-05-03 18:17:31,877 DEBUG org.springframework.security.web.util.matcher.AntPathRequestMatcher [http-nio-8080-exec-8] Request 'GET /competitions/enrollment' doesn't match 'PUT /logout'
2020-05-03 18:17:31,878 DEBUG org.springframework.security.web.util.matcher.OrRequestMatcher [http-nio-8080-exec-8] Trying to match using Ant [pattern='/logout', DELETE]
2020-05-03 18:17:31,878 DEBUG org.springframework.security.web.util.matcher.AntPathRequestMatcher [http-nio-8080-exec-8] Request 'GET /competitions/enrollment' doesn't match 'DELETE /logout'
2020-05-03 18:17:31,878 DEBUG org.springframework.security.web.util.matcher.OrRequestMatcher [http-nio-8080-exec-8] No matches found
2020-05-03 18:17:31,878 DEBUG org.springframework.security.web.FilterChainProxy$VirtualFilterChain [http-nio-8080-exec-8] /competitions/enrollment at position 5 of 11 in additional filter chain; firing Filter: 'OAuth2AuthenticationProcessingFilter'
2020-05-03 18:17:31,880 DEBUG org.springframework.jdbc.core.JdbcTemplate [http-nio-8080-exec-8] Executing prepared SQL query
2020-05-03 18:17:31,881 DEBUG org.springframework.jdbc.core.JdbcTemplate [http-nio-8080-exec-8] Executing prepared SQL statement [select token_id, token from oauth_access_token where token_id = ?]
2020-05-03 18:17:31,881 DEBUG org.springframework.jdbc.datasource.DataSourceUtils [http-nio-8080-exec-8] Fetching JDBC Connection from DataSource
2020-05-03 18:17:31,916 DEBUG org.springframework.jdbc.core.JdbcTemplate [http-nio-8080-exec-8] Executing prepared SQL query
2020-05-03 18:17:31,916 DEBUG org.springframework.jdbc.core.JdbcTemplate [http-nio-8080-exec-8] Executing prepared SQL statement [select token_id, authentication from oauth_access_token where token_id = ?]
2020-05-03 18:17:31,917 DEBUG org.springframework.jdbc.datasource.DataSourceUtils [http-nio-8080-exec-8] Fetching JDBC Connection from DataSource
2020-05-03 18:17:31,936 DEBUG org.springframework.security.oauth2.provider.authentication.OAuth2AuthenticationProcessingFilter [http-nio-8080-exec-8] Authentication success: org.springframework.security.oauth2.provider.OAuth2Authentication@e2f94861: Principal: admin; Credentials: [PROTECTED]; Authenticated: true; Details: remoteAddress=192.168.43.52, tokenType=BearertokenValue=<TOKEN>; Granted Authorities: ROLE_ADMN, ROLE_CONT, FUNC_VIEW_ADMIN_MENU, FUNC_CONT_MENU, FUNC_CONT_MENU
2020-05-03 18:17:31,937 DEBUG org.springframework.security.web.FilterChainProxy$VirtualFilterChain [http-nio-8080-exec-8] /competitions/enrollment at position 6 of 11 in additional filter chain; firing Filter: 'RequestCacheAwareFilter'
2020-05-03 18:17:31,937 DEBUG org.springframework.security.web.FilterChainProxy$VirtualFilterChain [http-nio-8080-exec-8] /competitions/enrollment at position 7 of 11 in additional filter chain; firing Filter: 'SecurityContextHolderAwareRequestFilter'
2020-05-03 18:17:31,938 DEBUG org.springframework.security.web.FilterChainProxy$VirtualFilterChain [http-nio-8080-exec-8] /competitions/enrollment at position 8 of 11 in additional filter chain; firing Filter: 'AnonymousAuthenticationFilter'
2020-05-03 18:17:31,938 DEBUG org.springframework.security.web.authentication.AnonymousAuthenticationFilter [http-nio-8080-exec-8] SecurityContextHolder not populated with anonymous token, as it already contained: 'org.springframework.security.oauth2.provider.OAuth2Authentication@e2f94861: Principal: admin; Credentials: [PROTECTED]; Authenticated: true; Details: remoteAddress=192.168.43.52, tokenType=BearertokenValue=<TOKEN>; Granted Authorities: ROLE_ADMN, ROLE_CONT, FUNC_VIEW_ADMIN_MENU, FUNC_CONT_MENU, FUNC_CONT_MENU'
2020-05-03 18:17:31,938 DEBUG org.springframework.security.web.FilterChainProxy$VirtualFilterChain [http-nio-8080-exec-8] /competitions/enrollment at position 9 of 11 in additional filter chain; firing Filter: 'SessionManagementFilter'
2020-05-03 18:17:31,939 DEBUG org.springframework.security.web.authentication.session.CompositeSessionAuthenticationStrategy [http-nio-8080-exec-8] Delegating to org.springframework.security.web.authentication.session.ChangeSessionIdAuthenticationStrategy@2be89ba5
2020-05-03 18:17:31,939 DEBUG org.springframework.security.web.FilterChainProxy$VirtualFilterChain [http-nio-8080-exec-8] /competitions/enrollment at position 10 of 11 in additional filter chain; firing Filter: 'ExceptionTranslationFilter'
2020-05-03 18:17:31,939 DEBUG org.springframework.security.web.FilterChainProxy$VirtualFilterChain [http-nio-8080-exec-8] /competitions/enrollment at position 11 of 11 in additional filter chain; firing Filter: 'FilterSecurityInterceptor'
2020-05-03 18:17:31,939 DEBUG org.springframework.security.access.intercept.AbstractSecurityInterceptor [http-nio-8080-exec-8] Secure object: FilterInvocation: URL: /competitions/enrollment; Attributes: [#oauth2.throwOnError(authenticated)]
2020-05-03 18:17:31,942 DEBUG org.springframework.security.access.intercept.AbstractSecurityInterceptor [http-nio-8080-exec-8] Previously Authenticated: org.springframework.security.oauth2.provider.OAuth2Authentication@e2f94861: Principal: admin; Credentials: [PROTECTED]; Authenticated: true; Details: remoteAddress=192.168.43.52, tokenType=BearertokenValue=<TOKEN>; Granted Authorities: ROLE_ADMN, ROLE_CONT, FUNC_VIEW_ADMIN_MENU, FUNC_CONT_MENU, FUNC_CONT_MENU
2020-05-03 18:17:31,958 DEBUG org.springframework.security.access.vote.AffirmativeBased [http-nio-8080-exec-8] Voter: org.springframework.security.web.access.expression.WebExpressionVoter@56f71341, returned: 1
2020-05-03 18:17:31,960 DEBUG org.springframework.security.access.intercept.AbstractSecurityInterceptor [http-nio-8080-exec-8] Authorization successful
2020-05-03 18:17:31,963 DEBUG org.springframework.security.access.intercept.AbstractSecurityInterceptor [http-nio-8080-exec-8] RunAsManager did not change Authentication object
2020-05-03 18:17:31,964 DEBUG org.springframework.security.web.FilterChainProxy$VirtualFilterChain [http-nio-8080-exec-8] /competitions/enrollment reached end of additional filter chain; proceeding with original chain
2020-05-03 18:17:31,964 DEBUG org.springframework.core.log.LogFormatUtils [http-nio-8080-exec-8] GET "/competitions/enrollment", parameters={}
2020-05-03 18:17:31,968 DEBUG org.springframework.web.servlet.handler.AbstractHandlerMapping [http-nio-8080-exec-8] Mapped to com.surshree.app.controllers.CompetitionController#getEnrolledCompetition()
2020-05-03 18:17:31,969 DEBUG org.springframework.orm.jpa.support.OpenEntityManagerInViewInterceptor [http-nio-8080-exec-8] Opening JPA EntityManager in OpenEntityManagerInViewInterceptor
2020-05-03 18:17:31,974 DEBUG org.springframework.orm.jpa.JpaTransactionManager [http-nio-8080-exec-8] Found thread-bound EntityManager [SessionImpl(633526175<open>)] for JPA transaction
2020-05-03 18:17:31,974 DEBUG org.springframework.transaction.support.AbstractPlatformTransactionManager [http-nio-8080-exec-8] Creating new transaction with name [com.surshree.app.services.CustomUserDetailsService.loadUserByUsername]: PROPAGATION_REQUIRED,ISOLATION_DEFAULT
2020-05-03 18:17:31,979 DEBUG org.springframework.orm.jpa.JpaTransactionManager [http-nio-8080-exec-8] Exposing JPA transaction as JDBC [org.springframework.orm.jpa.vendor.HibernateJpaDialect$HibernateConnectionHandle@3372817b]
2020-05-03 18:17:31,982 INFO com.surshree.app.services.CustomUserDetailsService [http-nio-8080-exec-8] Granted Authorities --> ROLE_ADMN
2020-05-03 18:17:31,983 INFO com.surshree.app.services.CustomUserDetailsService [http-nio-8080-exec-8] Granted Authorities --> ROLE_CONT
2020-05-03 18:17:31,986 INFO com.surshree.app.services.CustomUserDetailsService [http-nio-8080-exec-8] Granted Authorities --> FUNC_VIEW_ADMIN_MENU
2020-05-03 18:17:31,987 INFO com.surshree.app.services.CustomUserDetailsService [http-nio-8080-exec-8] Granted Authorities --> FUNC_CONT_MENU
2020-05-03 18:17:31,987 INFO com.surshree.app.services.CustomUserDetailsService [http-nio-8080-exec-8] Granted Authorities --> FUNC_CONT_MENU
2020-05-03 18:17:31,990 DEBUG org.springframework.transaction.support.AbstractPlatformTransactionManager [http-nio-8080-exec-8] Initiating transaction commit
2020-05-03 18:17:31,993 DEBUG org.springframework.orm.jpa.JpaTransactionManager [http-nio-8080-exec-8] Committing JPA transaction on EntityManager [SessionImpl(633526175<open>)]
2020-05-03 18:17:31,994 DEBUG org.springframework.orm.jpa.JpaTransactionManager [http-nio-8080-exec-8] Not closing pre-bound JPA EntityManager after transaction
2020-05-03 18:17:32,131 DEBUG org.springframework.web.servlet.mvc.method.annotation.AbstractMessageConverterMethodProcessor [http-nio-8080-exec-8] Using 'application/json', given [application/json] and supported [application/json, application/*+json, application/json, application/*+json]
2020-05-03 18:17:32,133 DEBUG org.springframework.core.log.LogFormatUtils [http-nio-8080-exec-8] Writing [[com.surshree.app.models.comp.EnrollmentResponse@538ff709, com.surshree.app.models.comp.EnrollmentRe (truncated)...]
2020-05-03 18:17:32,137 DEBUG org.springframework.security.web.header.writers.HstsHeaderWriter [http-nio-8080-exec-8] Not injecting HSTS header since it did not match the requestMatcher org.springframework.security.web.header.writers.HstsHeaderWriter$SecureRequestMatcher@6f31b89b
2020-05-03 18:17:32,141 DEBUG org.springframework.orm.jpa.support.OpenEntityManagerInViewInterceptor [http-nio-8080-exec-8] Closing JPA EntityManager in OpenEntityManagerInViewInterceptor
2020-05-03 18:17:32,145 DEBUG org.springframework.web.servlet.FrameworkServlet [http-nio-8080-exec-8] Completed 200 OK
2020-05-03 18:17:32,148 DEBUG org.springframework.security.web.access.ExceptionTranslationFilter [http-nio-8080-exec-8] Chain processed normally
2020-05-03 18:17:32,148 DEBUG org.springframework.security.web.context.SecurityContextPersistenceFilter [http-nio-8080-exec-8] SecurityContextHolder now cleared, as request processing completed
2020-05-03 18:17:32,153 DEBUG org.springframework.security.web.util.matcher.OrRequestMatcher [http-nio-8080-exec-9] Trying to match using Ant [pattern='/oauth/token']
2020-05-03 18:17:32,154 DEBUG org.springframework.security.web.util.matcher.AntPathRequestMatcher [http-nio-8080-exec-9] Checking match of request : '/competitions/enrollment'; against '/oauth/token'
2020-05-03 18:17:32,154 DEBUG org.springframework.security.web.util.matcher.OrRequestMatcher [http-nio-8080-exec-9] Trying to match using Ant [pattern='/oauth/token_key']
2020-05-03 18:17:32,154 DEBUG org.springframework.security.web.util.matcher.AntPathRequestMatcher [http-nio-8080-exec-9] Checking match of request : '/competitions/enrollment'; against '/oauth/token_key'
2020-05-03 18:17:32,155 DEBUG org.springframework.security.web.util.matcher.OrRequestMatcher [http-nio-8080-exec-9] Trying to match using Ant [pattern='/oauth/check_token']
2020-05-03 18:17:32,155 DEBUG org.springframework.security.web.util.matcher.AntPathRequestMatcher [http-nio-8080-exec-9] Checking match of request : '/competitions/enrollment'; against '/oauth/check_token'
2020-05-03 18:17:32,155 DEBUG org.springframework.security.web.util.matcher.OrRequestMatcher [http-nio-8080-exec-9] No matches found
2020-05-03 18:17:32,155 DEBUG org.springframework.security.web.FilterChainProxy$VirtualFilterChain [http-nio-8080-exec-9] /competitions/enrollment at position 1 of 11 in additional filter chain; firing Filter: 'WebAsyncManagerIntegrationFilter'
2020-05-03 18:17:32,157 DEBUG org.springframework.security.web.FilterChainProxy$VirtualFilterChain [http-nio-8080-exec-9] /competitions/enrollment at position 2 of 11 in additional filter chain; firing Filter: 'SecurityContextPersistenceFilter'
2020-05-03 18:17:32,158 DEBUG org.springframework.security.web.FilterChainProxy$VirtualFilterChain [http-nio-8080-exec-9] /competitions/enrollment at position 3 of 11 in additional filter chain; firing Filter: 'HeaderWriterFilter'
2020-05-03 18:17:32,158 DEBUG org.springframework.security.web.FilterChainProxy$VirtualFilterChain [http-nio-8080-exec-9] /competitions/enrollment at position 4 of 11 in additional filter chain; firing Filter: 'LogoutFilter'
2020-05-03 18:17:32,159 DEBUG org.springframework.security.web.util.matcher.OrRequestMatcher [http-nio-8080-exec-9] Trying to match using Ant [pattern='/logout', GET]
2020-05-03 18:17:32,159 DEBUG org.springframework.security.web.util.matcher.AntPathRequestMatcher [http-nio-8080-exec-9] Checking match of request : '/competitions/enrollment'; against '/logout'
2020-05-03 18:17:32,159 DEBUG org.springframework.security.web.util.matcher.OrRequestMatcher [http-nio-8080-exec-9] Trying to match using Ant [pattern='/logout', POST]
2020-05-03 18:17:32,161 DEBUG org.springframework.security.web.util.matcher.AntPathRequestMatcher [http-nio-8080-exec-9] Request 'GET /competitions/enrollment' doesn't match 'POST /logout'
2020-05-03 18:17:32,162 DEBUG org.springframework.security.web.util.matcher.OrRequestMatcher [http-nio-8080-exec-9] Trying to match using Ant [pattern='/logout', PUT]
2020-05-03 18:17:32,163 DEBUG org.springframework.security.web.util.matcher.AntPathRequestMatcher [http-nio-8080-exec-9] Request 'GET /competitions/enrollment' doesn't match 'PUT /logout'
2020-05-03 18:17:32,163 DEBUG org.springframework.security.web.util.matcher.OrRequestMatcher [http-nio-8080-exec-9] Trying to match using Ant [pattern='/logout', DELETE]
2020-05-03 18:17:32,164 DEBUG org.springframework.security.web.util.matcher.AntPathRequestMatcher [http-nio-8080-exec-9] Request 'GET /competitions/enrollment' doesn't match 'DELETE /logout'
2020-05-03 18:17:32,166 DEBUG org.springframework.security.web.util.matcher.OrRequestMatcher [http-nio-8080-exec-9] No matches found
2020-05-03 18:17:32,170 DEBUG org.springframework.security.web.FilterChainProxy$VirtualFilterChain [http-nio-8080-exec-9] /competitions/enrollment at position 5 of 11 in additional filter chain; firing Filter: 'OAuth2AuthenticationProcessingFilter'
2020-05-03 18:17:32,171 DEBUG org.springframework.jdbc.core.JdbcTemplate [http-nio-8080-exec-9] Executing prepared SQL query
2020-05-03 18:17:32,171 DEBUG org.springframework.jdbc.core.JdbcTemplate [http-nio-8080-exec-9] Executing prepared SQL statement [select token_id, token from oauth_access_token where token_id = ?]
2020-05-03 18:17:32,171 DEBUG org.springframework.jdbc.datasource.DataSourceUtils [http-nio-8080-exec-9] Fetching JDBC Connection from DataSource
2020-05-03 18:17:32,226 DEBUG org.springframework.jdbc.core.JdbcTemplate [http-nio-8080-exec-9] Executing prepared SQL query
2020-05-03 18:17:32,226 DEBUG org.springframework.jdbc.core.JdbcTemplate [http-nio-8080-exec-9] Executing prepared SQL statement [select token_id, authentication from oauth_access_token where token_id = ?]
2020-05-03 18:17:32,226 DEBUG org.springframework.jdbc.datasource.DataSourceUtils [http-nio-8080-exec-9] Fetching JDBC Connection from DataSource
2020-05-03 18:17:32,254 DEBUG org.springframework.security.oauth2.provider.authentication.OAuth2AuthenticationProcessingFilter [http-nio-8080-exec-9] Authentication success: org.springframework.security.oauth2.provider.OAuth2Authentication@e2f94861: Principal: admin; Credentials: [PROTECTED]; Authenticated: true; Details: remoteAddress=192.168.43.52, tokenType=BearertokenValue=<TOKEN>; Granted Authorities: ROLE_ADMN, ROLE_CONT, FUNC_VIEW_ADMIN_MENU, FUNC_CONT_MENU, FUNC_CONT_MENU
2020-05-03 18:17:32,254 DEBUG org.springframework.security.web.FilterChainProxy$VirtualFilterChain [http-nio-8080-exec-9] /competitions/enrollment at position 6 of 11 in additional filter chain; firing Filter: 'RequestCacheAwareFilter'
2020-05-03 18:17:32,255 DEBUG org.springframework.security.web.FilterChainProxy$VirtualFilterChain [http-nio-8080-exec-9] /competitions/enrollment at position 7 of 11 in additional filter chain; firing Filter: 'SecurityContextHolderAwareRequestFilter'
2020-05-03 18:17:32,255 DEBUG org.springframework.security.web.FilterChainProxy$VirtualFilterChain [http-nio-8080-exec-9] /competitions/enrollment at position 8 of 11 in additional filter chain; firing Filter: 'AnonymousAuthenticationFilter'
2020-05-03 18:17:32,257 DEBUG org.springframework.security.web.authentication.AnonymousAuthenticationFilter [http-nio-8080-exec-9] SecurityContextHolder not populated with anonymous token, as it already contained: 'org.springframework.security.oauth2.provider.OAuth2Authentication@e2f94861: Principal: admin; Credentials: [PROTECTED]; Authenticated: true; Details: remoteAddress=192.168.43.52, tokenType=BearertokenValue=<TOKEN>; Granted Authorities: ROLE_ADMN, ROLE_CONT, FUNC_VIEW_ADMIN_MENU, FUNC_CONT_MENU, FUNC_CONT_MENU'
2020-05-03 18:17:32,257 DEBUG org.springframework.security.web.FilterChainProxy$VirtualFilterChain [http-nio-8080-exec-9] /competitions/enrollment at position 9 of 11 in additional filter chain; firing Filter: 'SessionManagementFilter'
2020-05-03 18:17:32,257 DEBUG org.springframework.security.web.authentication.session.CompositeSessionAuthenticationStrategy [http-nio-8080-exec-9] Delegating to org.springframework.security.web.authentication.session.ChangeSessionIdAuthenticationStrategy@2be89ba5
2020-05-03 18:17:32,258 DEBUG org.springframework.security.web.FilterChainProxy$VirtualFilterChain [http-nio-8080-exec-9] /competitions/enrollment at position 10 of 11 in additional filter chain; firing Filter: 'ExceptionTranslationFilter'
2020-05-03 18:17:32,258 DEBUG org.springframework.security.web.FilterChainProxy$VirtualFilterChain [http-nio-8080-exec-9] /competitions/enrollment at position 11 of 11 in additional filter chain; firing Filter: 'FilterSecurityInterceptor'
2020-05-03 18:17:32,258 DEBUG org.springframework.security.access.intercept.AbstractSecurityInterceptor [http-nio-8080-exec-9] Secure object: FilterInvocation: URL: /competitions/enrollment; Attributes: [#oauth2.throwOnError(authenticated)]
2020-05-03 18:17:32,258 DEBUG org.springframework.security.access.intercept.AbstractSecurityInterceptor [http-nio-8080-exec-9] Previously Authenticated: org.springframework.security.oauth2.provider.OAuth2Authentication@e2f94861: Principal: admin; Credentials: [PROTECTED]; Authenticated: true; Details: remoteAddress=192.168.43.52, tokenType=BearertokenValue=<TOKEN>; Granted Authorities: ROLE_ADMN, ROLE_CONT, FUNC_VIEW_ADMIN_MENU, FUNC_CONT_MENU, FUNC_CONT_MENU
2020-05-03 18:17:32,259 DEBUG org.springframework.security.access.vote.AffirmativeBased [http-nio-8080-exec-9] Voter: org.springframework.security.web.access.expression.WebExpressionVoter@56f71341, returned: 1
2020-05-03 18:17:32,260 DEBUG org.springframework.security.access.intercept.AbstractSecurityInterceptor [http-nio-8080-exec-9] Authorization successful
2020-05-03 18:17:32,260 DEBUG org.springframework.security.access.intercept.AbstractSecurityInterceptor [http-nio-8080-exec-9] RunAsManager did not change Authentication object
2020-05-03 18:17:32,260 DEBUG org.springframework.security.web.FilterChainProxy$VirtualFilterChain [http-nio-8080-exec-9] /competitions/enrollment reached end of additional filter chain; proceeding with original chain
2020-05-03 18:17:32,261 DEBUG org.springframework.core.log.LogFormatUtils [http-nio-8080-exec-9] GET "/competitions/enrollment", parameters={}
2020-05-03 18:17:32,264 DEBUG org.springframework.web.servlet.handler.AbstractHandlerMapping [http-nio-8080-exec-9] Mapped to com.surshree.app.controllers.CompetitionController#getEnrolledCompetition()
2020-05-03 18:17:32,266 DEBUG org.springframework.orm.jpa.support.OpenEntityManagerInViewInterceptor [http-nio-8080-exec-9] Opening JPA EntityManager in OpenEntityManagerInViewInterceptor
2020-05-03 18:17:32,270 DEBUG org.springframework.orm.jpa.JpaTransactionManager [http-nio-8080-exec-9] Found thread-bound EntityManager [SessionImpl(151124513<open>)] for JPA transaction
2020-05-03 18:17:32,270 DEBUG org.springframework.transaction.support.AbstractPlatformTransactionManager [http-nio-8080-exec-9] Creating new transaction with name [com.surshree.app.services.CustomUserDetailsService.loadUserByUsername]: PROPAGATION_REQUIRED,ISOLATION_DEFAULT
2020-05-03 18:17:32,273 DEBUG org.springframework.orm.jpa.JpaTransactionManager [http-nio-8080-exec-9] Exposing JPA transaction as JDBC [org.springframework.orm.jpa.vendor.HibernateJpaDialect$HibernateConnectionHandle@112c4cb2]
2020-05-03 18:17:32,275 INFO com.surshree.app.services.CustomUserDetailsService [http-nio-8080-exec-9] Granted Authorities --> ROLE_ADMN
2020-05-03 18:17:32,275 INFO com.surshree.app.services.CustomUserDetailsService [http-nio-8080-exec-9] Granted Authorities --> ROLE_CONT
2020-05-03 18:17:32,275 INFO com.surshree.app.services.CustomUserDetailsService [http-nio-8080-exec-9] Granted Authorities --> FUNC_VIEW_ADMIN_MENU
2020-05-03 18:17:32,276 INFO com.surshree.app.services.CustomUserDetailsService [http-nio-8080-exec-9] Granted Authorities --> FUNC_CONT_MENU
2020-05-03 18:17:32,276 INFO com.surshree.app.services.CustomUserDetailsService [http-nio-8080-exec-9] Granted Authorities --> FUNC_CONT_MENU
2020-05-03 18:17:32,276 DEBUG org.springframework.transaction.support.AbstractPlatformTransactionManager [http-nio-8080-exec-9] Initiating transaction commit
2020-05-03 18:17:32,277 DEBUG org.springframework.orm.jpa.JpaTransactionManager [http-nio-8080-exec-9] Committing JPA transaction on EntityManager [SessionImpl(151124513<open>)]
2020-05-03 18:17:32,279 DEBUG org.springframework.orm.jpa.JpaTransactionManager [http-nio-8080-exec-9] Not closing pre-bound JPA EntityManager after transaction
2020-05-03 18:17:32,325 DEBUG org.springframework.web.servlet.mvc.method.annotation.AbstractMessageConverterMethodProcessor [http-nio-8080-exec-9] Using 'application/json', given [application/json] and supported [application/json, application/*+json, application/json, application/*+json]
2020-05-03 18:17:32,325 DEBUG org.springframework.core.log.LogFormatUtils [http-nio-8080-exec-9] Writing [[com.surshree.app.models.comp.EnrollmentResponse@444af37d, com.surshree.app.models.comp.EnrollmentRe (truncated)...]
2020-05-03 18:17:32,327 DEBUG org.springframework.security.web.header.writers.HstsHeaderWriter [http-nio-8080-exec-9] Not injecting HSTS header since it did not match the requestMatcher org.springframework.security.web.header.writers.HstsHeaderWriter$SecureRequestMatcher@6f31b89b
2020-05-03 18:17:32,330 DEBUG org.springframework.orm.jpa.support.OpenEntityManagerInViewInterceptor [http-nio-8080-exec-9] Closing JPA EntityManager in OpenEntityManagerInViewInterceptor
2020-05-03 18:17:32,330 DEBUG org.springframework.web.servlet.FrameworkServlet [http-nio-8080-exec-9] Completed 200 OK
2020-05-03 18:17:32,331 DEBUG org.springframework.security.web.access.ExceptionTranslationFilter [http-nio-8080-exec-9] Chain processed normally
2020-05-03 18:17:32,333 DEBUG org.springframework.security.web.context.SecurityContextPersistenceFilter [http-nio-8080-exec-9] SecurityContextHolder now cleared, as request processing completed
2020-05-03 18:17:42,870 DEBUG org.springframework.security.web.util.matcher.OrRequestMatcher [http-nio-8080-exec-10] Trying to match using Ant [pattern='/oauth/token']
2020-05-03 18:17:42,870 DEBUG org.springframework.security.web.util.matcher.AntPathRequestMatcher [http-nio-8080-exec-10] Checking match of request : '/competitions/search'; against '/oauth/token'
2020-05-03 18:17:42,871 DEBUG org.springframework.security.web.util.matcher.OrRequestMatcher [http-nio-8080-exec-10] Trying to match using Ant [pattern='/oauth/token_key']
2020-05-03 18:17:42,871 DEBUG org.springframework.security.web.util.matcher.AntPathRequestMatcher [http-nio-8080-exec-10] Checking match of request : '/competitions/search'; against '/oauth/token_key'
2020-05-03 18:17:42,871 DEBUG org.springframework.security.web.util.matcher.OrRequestMatcher [http-nio-8080-exec-10] Trying to match using Ant [pattern='/oauth/check_token']
2020-05-03 18:17:42,872 DEBUG org.springframework.security.web.util.matcher.AntPathRequestMatcher [http-nio-8080-exec-10] Checking match of request : '/competitions/search'; against '/oauth/check_token'
2020-05-03 18:17:42,872 DEBUG org.springframework.security.web.util.matcher.OrRequestMatcher [http-nio-8080-exec-10] No matches found
2020-05-03 18:17:42,873 DEBUG org.springframework.security.web.util.matcher.AntPathRequestMatcher [http-nio-8080-exec-10] Request '/competitions/search' matched by universal pattern '/**'
2020-05-03 18:17:42,879 DEBUG org.springframework.security.web.FilterChainProxy$VirtualFilterChain [http-nio-8080-exec-10] /competitions/search at position 1 of 13 in additional filter chain; firing Filter: 'WebAsyncManagerIntegrationFilter'
2020-05-03 18:17:42,880 DEBUG org.springframework.security.web.FilterChainProxy$VirtualFilterChain [http-nio-8080-exec-10] /competitions/search at position 2 of 13 in additional filter chain; firing Filter: 'SecurityContextPersistenceFilter'
2020-05-03 18:17:42,880 DEBUG org.springframework.security.web.context.HttpSessionSecurityContextRepository [http-nio-8080-exec-10] No HttpSession currently exists
2020-05-03 18:17:42,883 DEBUG org.springframework.security.web.context.HttpSessionSecurityContextRepository [http-nio-8080-exec-10] No SecurityContext was available from the HttpSession: null. A new one will be created.
2020-05-03 18:17:42,883 DEBUG org.springframework.security.web.FilterChainProxy$VirtualFilterChain [http-nio-8080-exec-10] /competitions/search at position 3 of 13 in additional filter chain; firing Filter: 'HeaderWriterFilter'
2020-05-03 18:17:42,883 DEBUG org.springframework.security.web.FilterChainProxy$VirtualFilterChain [http-nio-8080-exec-10] /competitions/search at position 4 of 13 in additional filter chain; firing Filter: 'CorsFilter'
2020-05-03 18:17:42,884 DEBUG org.springframework.web.servlet.handler.AbstractHandlerMapping [http-nio-8080-exec-10] Mapped to com.surshree.app.controllers.CompetitionController#searchCompetitions(CompetitionSearchModel)
2020-05-03 18:17:42,886 DEBUG org.springframework.security.web.header.writers.HstsHeaderWriter [http-nio-8080-exec-10] Not injecting HSTS header since it did not match the requestMatcher org.springframework.security.web.header.writers.HstsHeaderWriter$SecureRequestMatcher@287b04d4
2020-05-03 18:17:42,887 DEBUG org.springframework.security.web.context.HttpSessionSecurityContextRepository$SaveToSessionResponseWrapper [http-nio-8080-exec-10] SecurityContext is empty or contents are anonymous - context will not be stored in HttpSession.
2020-05-03 18:17:42,887 DEBUG org.springframework.security.web.context.SecurityContextPersistenceFilter [http-nio-8080-exec-10] SecurityContextHolder now cleared, as request processing completed
2020-05-03 18:17:42,920 DEBUG org.springframework.security.web.util.matcher.OrRequestMatcher [http-nio-8080-exec-1] Trying to match using Ant [pattern='/oauth/token']
2020-05-03 18:17:42,921 DEBUG org.springframework.security.web.util.matcher.AntPathRequestMatcher [http-nio-8080-exec-1] Checking match of request : '/competitions/search'; against '/oauth/token'
2020-05-03 18:17:42,921 DEBUG org.springframework.security.web.util.matcher.OrRequestMatcher [http-nio-8080-exec-1] Trying to match using Ant [pattern='/oauth/token_key']
2020-05-03 18:17:42,921 DEBUG org.springframework.security.web.util.matcher.AntPathRequestMatcher [http-nio-8080-exec-1] Checking match of request : '/competitions/search'; against '/oauth/token_key'
2020-05-03 18:17:42,921 DEBUG org.springframework.security.web.util.matcher.OrRequestMatcher [http-nio-8080-exec-1] Trying to match using Ant [pattern='/oauth/check_token']
2020-05-03 18:17:42,921 DEBUG org.springframework.security.web.util.matcher.AntPathRequestMatcher [http-nio-8080-exec-1] Checking match of request : '/competitions/search'; against '/oauth/check_token'
2020-05-03 18:17:42,928 DEBUG org.springframework.security.web.util.matcher.OrRequestMatcher [http-nio-8080-exec-1] No matches found
2020-05-03 18:17:42,930 DEBUG org.springframework.security.web.FilterChainProxy$VirtualFilterChain [http-nio-8080-exec-1] /competitions/search at position 1 of 11 in additional filter chain; firing Filter: 'WebAsyncManagerIntegrationFilter'
2020-05-03 18:17:42,931 DEBUG org.springframework.security.web.FilterChainProxy$VirtualFilterChain [http-nio-8080-exec-1] /competitions/search at position 2 of 11 in additional filter chain; firing Filter: 'SecurityContextPersistenceFilter'
2020-05-03 18:17:42,931 DEBUG org.springframework.security.web.FilterChainProxy$VirtualFilterChain [http-nio-8080-exec-1] /competitions/search at position 3 of 11 in additional filter chain; firing Filter: 'HeaderWriterFilter'
2020-05-03 18:17:42,931 DEBUG org.springframework.security.web.FilterChainProxy$VirtualFilterChain [http-nio-8080-exec-1] /competitions/search at position 4 of 11 in additional filter chain; firing Filter: 'LogoutFilter'
2020-05-03 18:17:42,933 DEBUG org.springframework.security.web.util.matcher.OrRequestMatcher [http-nio-8080-exec-1] Trying to match using Ant [pattern='/logout', GET]
2020-05-03 18:17:42,933 DEBUG org.springframework.security.web.util.matcher.AntPathRequestMatcher [http-nio-8080-exec-1] Request 'POST /competitions/search' doesn't match 'GET /logout'
2020-05-03 18:17:42,935 DEBUG org.springframework.security.web.util.matcher.OrRequestMatcher [http-nio-8080-exec-1] Trying to match using Ant [pattern='/logout', POST]
2020-05-03 18:17:42,936 DEBUG org.springframework.security.web.util.matcher.AntPathRequestMatcher [http-nio-8080-exec-1] Checking match of request : '/competitions/search'; against '/logout'
2020-05-03 18:17:42,936 DEBUG org.springframework.security.web.util.matcher.OrRequestMatcher [http-nio-8080-exec-1] Trying to match using Ant [pattern='/logout', PUT]
2020-05-03 18:17:42,937 DEBUG org.springframework.security.web.util.matcher.AntPathRequestMatcher [http-nio-8080-exec-1] Request 'POST /competitions/search' doesn't match 'PUT /logout'
2020-05-03 18:17:42,937 DEBUG org.springframework.security.web.util.matcher.OrRequestMatcher [http-nio-8080-exec-1] Trying to match using Ant [pattern='/logout', DELETE]
2020-05-03 18:17:42,937 DEBUG org.springframework.security.web.util.matcher.AntPathRequestMatcher [http-nio-8080-exec-1] Request 'POST /competitions/search' doesn't match 'DELETE /logout'
2020-05-03 18:17:42,938 DEBUG org.springframework.security.web.util.matcher.OrRequestMatcher [http-nio-8080-exec-1] No matches found
2020-05-03 18:17:42,938 DEBUG org.springframework.security.web.FilterChainProxy$VirtualFilterChain [http-nio-8080-exec-1] /competitions/search at position 5 of 11 in additional filter chain; firing Filter: 'OAuth2AuthenticationProcessingFilter'
2020-05-03 18:17:42,941 DEBUG org.springframework.jdbc.core.JdbcTemplate [http-nio-8080-exec-1] Executing prepared SQL query
2020-05-03 18:17:42,944 DEBUG org.springframework.jdbc.core.JdbcTemplate [http-nio-8080-exec-1] Executing prepared SQL statement [select token_id, token from oauth_access_token where token_id = ?]
2020-05-03 18:17:42,946 DEBUG org.springframework.jdbc.datasource.DataSourceUtils [http-nio-8080-exec-1] Fetching JDBC Connection from DataSource
2020-05-03 18:17:42,966 DEBUG org.springframework.jdbc.core.JdbcTemplate [http-nio-8080-exec-1] Executing prepared SQL query
2020-05-03 18:17:42,966 DEBUG org.springframework.jdbc.core.JdbcTemplate [http-nio-8080-exec-1] Executing prepared SQL statement [select token_id, authentication from oauth_access_token where token_id = ?]
2020-05-03 18:17:42,967 DEBUG org.springframework.jdbc.datasource.DataSourceUtils [http-nio-8080-exec-1] Fetching JDBC Connection from DataSource
2020-05-03 18:17:42,975 DEBUG org.springframework.security.oauth2.provider.authentication.OAuth2AuthenticationProcessingFilter [http-nio-8080-exec-1] Authentication success: org.springframework.security.oauth2.provider.OAuth2Authentication@e2f94861: Principal: admin; Credentials: [PROTECTED]; Authenticated: true; Details: remoteAddress=192.168.43.52, tokenType=BearertokenValue=<TOKEN>; Granted Authorities: ROLE_ADMN, ROLE_CONT, FUNC_VIEW_ADMIN_MENU, FUNC_CONT_MENU, FUNC_CONT_MENU
2020-05-03 18:17:42,977 DEBUG org.springframework.security.web.FilterChainProxy$VirtualFilterChain [http-nio-8080-exec-1] /competitions/search at position 6 of 11 in additional filter chain; firing Filter: 'RequestCacheAwareFilter'
2020-05-03 18:17:42,977 DEBUG org.springframework.security.web.FilterChainProxy$VirtualFilterChain [http-nio-8080-exec-1] /competitions/search at position 7 of 11 in additional filter chain; firing Filter: 'SecurityContextHolderAwareRequestFilter'
2020-05-03 18:17:42,979 DEBUG org.springframework.security.web.FilterChainProxy$VirtualFilterChain [http-nio-8080-exec-1] /competitions/search at position 8 of 11 in additional filter chain; firing Filter: 'AnonymousAuthenticationFilter'
2020-05-03 18:17:42,982 DEBUG org.springframework.security.web.authentication.AnonymousAuthenticationFilter [http-nio-8080-exec-1] SecurityContextHolder not populated with anonymous token, as it already contained: 'org.springframework.security.oauth2.provider.OAuth2Authentication@e2f94861: Principal: admin; Credentials: [PROTECTED]; Authenticated: true; Details: remoteAddress=192.168.43.52, tokenType=BearertokenValue=<TOKEN>; Granted Authorities: ROLE_ADMN, ROLE_CONT, FUNC_VIEW_ADMIN_MENU, FUNC_CONT_MENU, FUNC_CONT_MENU'
2020-05-03 18:17:42,984 DEBUG org.springframework.security.web.FilterChainProxy$VirtualFilterChain [http-nio-8080-exec-1] /competitions/search at position 9 of 11 in additional filter chain; firing Filter: 'SessionManagementFilter'
2020-05-03 18:17:42,985 DEBUG org.springframework.security.web.authentication.session.CompositeSessionAuthenticationStrategy [http-nio-8080-exec-1] Delegating to org.springframework.security.web.authentication.session.ChangeSessionIdAuthenticationStrategy@2be89ba5
2020-05-03 18:17:42,985 DEBUG org.springframework.security.web.FilterChainProxy$VirtualFilterChain [http-nio-8080-exec-1] /competitions/search at position 10 of 11 in additional filter chain; firing Filter: 'ExceptionTranslationFilter'
2020-05-03 18:17:42,985 DEBUG org.springframework.security.web.FilterChainProxy$VirtualFilterChain [http-nio-8080-exec-1] /competitions/search at position 11 of 11 in additional filter chain; firing Filter: 'FilterSecurityInterceptor'
2020-05-03 18:17:42,986 DEBUG org.springframework.security.access.intercept.AbstractSecurityInterceptor [http-nio-8080-exec-1] Secure object: FilterInvocation: URL: /competitions/search; Attributes: [#oauth2.throwOnError(authenticated)]
2020-05-03 18:17:42,986 DEBUG org.springframework.security.access.intercept.AbstractSecurityInterceptor [http-nio-8080-exec-1] Previously Authenticated: org.springframework.security.oauth2.provider.OAuth2Authentication@e2f94861: Principal: admin; Credentials: [PROTECTED]; Authenticated: true; Details: remoteAddress=192.168.43.52, tokenType=BearertokenValue=<TOKEN>; Granted Authorities: ROLE_ADMN, ROLE_CONT, FUNC_VIEW_ADMIN_MENU, FUNC_CONT_MENU, FUNC_CONT_MENU
2020-05-03 18:17:42,987 DEBUG org.springframework.security.access.vote.AffirmativeBased [http-nio-8080-exec-1] Voter: org.springframework.security.web.access.expression.WebExpressionVoter@56f71341, returned: 1
2020-05-03 18:17:42,987 DEBUG org.springframework.security.access.intercept.AbstractSecurityInterceptor [http-nio-8080-exec-1] Authorization successful
2020-05-03 18:17:42,995 DEBUG org.springframework.security.access.intercept.AbstractSecurityInterceptor [http-nio-8080-exec-1] RunAsManager did not change Authentication object
2020-05-03 18:17:42,996 DEBUG org.springframework.security.web.FilterChainProxy$VirtualFilterChain [http-nio-8080-exec-1] /competitions/search reached end of additional filter chain; proceeding with original chain
2020-05-03 18:17:43,011 DEBUG org.springframework.core.log.LogFormatUtils [http-nio-8080-exec-1] POST "/competitions/search", parameters={}
2020-05-03 18:17:43,013 DEBUG org.springframework.web.servlet.handler.AbstractHandlerMapping [http-nio-8080-exec-1] Mapped to com.surshree.app.controllers.CompetitionController#searchCompetitions(CompetitionSearchModel)
2020-05-03 18:17:43,020 DEBUG org.springframework.orm.jpa.support.OpenEntityManagerInViewInterceptor [http-nio-8080-exec-1] Opening JPA EntityManager in OpenEntityManagerInViewInterceptor
2020-05-03 18:17:43,124 DEBUG org.springframework.core.log.LogFormatUtils [http-nio-8080-exec-1] Read "application/json;charset=UTF-8" to [com.surshree.app.models.comp.CompetitionSearchModel@36394d2]
2020-05-03 18:17:43,310 DEBUG org.springframework.web.servlet.mvc.method.annotation.AbstractMessageConverterMethodProcessor [http-nio-8080-exec-1] Using 'application/json', given [application/json] and supported [application/json, application/*+json, application/json, application/*+json]
2020-05-03 18:17:43,311 DEBUG org.springframework.core.log.LogFormatUtils [http-nio-8080-exec-1] Writing [[com.surshree.app.models.comp.CompetitionRequestResponseModel@4ac2e14b, com.surshree.app.models.comp (truncated)...]
2020-05-03 18:17:43,321 DEBUG org.springframework.security.web.header.writers.HstsHeaderWriter [http-nio-8080-exec-1] Not injecting HSTS header since it did not match the requestMatcher org.springframework.security.web.header.writers.HstsHeaderWriter$SecureRequestMatcher@6f31b89b
2020-05-03 18:17:43,330 DEBUG org.springframework.orm.jpa.support.OpenEntityManagerInViewInterceptor [http-nio-8080-exec-1] Closing JPA EntityManager in OpenEntityManagerInViewInterceptor
2020-05-03 18:17:43,331 DEBUG org.springframework.web.servlet.FrameworkServlet [http-nio-8080-exec-1] Completed 200 OK
2020-05-03 18:17:43,333 DEBUG org.springframework.security.web.access.ExceptionTranslationFilter [http-nio-8080-exec-1] Chain processed normally
2020-05-03 18:17:43,334 DEBUG org.springframework.security.web.context.SecurityContextPersistenceFilter [http-nio-8080-exec-1] SecurityContextHolder now cleared, as request processing completed
2020-05-03 18:17:45,186 DEBUG org.springframework.security.web.util.matcher.OrRequestMatcher [http-nio-8080-exec-2] Trying to match using Ant [pattern='/oauth/token']
2020-05-03 18:17:45,187 DEBUG org.springframework.security.web.util.matcher.AntPathRequestMatcher [http-nio-8080-exec-2] Checking match of request : '/competitions/1'; against '/oauth/token'
2020-05-03 18:17:45,187 DEBUG org.springframework.security.web.util.matcher.OrRequestMatcher [http-nio-8080-exec-2] Trying to match using Ant [pattern='/oauth/token_key']
2020-05-03 18:17:45,190 DEBUG org.springframework.security.web.util.matcher.AntPathRequestMatcher [http-nio-8080-exec-2] Checking match of request : '/competitions/1'; against '/oauth/token_key'
2020-05-03 18:17:45,191 DEBUG org.springframework.security.web.util.matcher.OrRequestMatcher [http-nio-8080-exec-2] Trying to match using Ant [pattern='/oauth/check_token']
2020-05-03 18:17:45,191 DEBUG org.springframework.security.web.util.matcher.AntPathRequestMatcher [http-nio-8080-exec-2] Checking match of request : '/competitions/1'; against '/oauth/check_token'
2020-05-03 18:17:45,191 DEBUG org.springframework.security.web.util.matcher.OrRequestMatcher [http-nio-8080-exec-2] No matches found
2020-05-03 18:17:45,191 DEBUG org.springframework.security.web.util.matcher.AntPathRequestMatcher [http-nio-8080-exec-2] Request '/competitions/1' matched by universal pattern '/**'
2020-05-03 18:17:45,193 DEBUG org.springframework.security.web.FilterChainProxy$VirtualFilterChain [http-nio-8080-exec-2] /competitions/1 at position 1 of 13 in additional filter chain; firing Filter: 'WebAsyncManagerIntegrationFilter'
2020-05-03 18:17:45,193 DEBUG org.springframework.security.web.FilterChainProxy$VirtualFilterChain [http-nio-8080-exec-2] /competitions/1 at position 2 of 13 in additional filter chain; firing Filter: 'SecurityContextPersistenceFilter'
2020-05-03 18:17:45,195 DEBUG org.springframework.security.web.context.HttpSessionSecurityContextRepository [http-nio-8080-exec-2] No HttpSession currently exists
2020-05-03 18:17:45,197 DEBUG org.springframework.security.web.context.HttpSessionSecurityContextRepository [http-nio-8080-exec-2] No SecurityContext was available from the HttpSession: null. A new one will be created.
2020-05-03 18:17:45,199 DEBUG org.springframework.security.web.FilterChainProxy$VirtualFilterChain [http-nio-8080-exec-2] /competitions/1 at position 3 of 13 in additional filter chain; firing Filter: 'HeaderWriterFilter'
2020-05-03 18:17:45,201 DEBUG org.springframework.security.web.FilterChainProxy$VirtualFilterChain [http-nio-8080-exec-2] /competitions/1 at position 4 of 13 in additional filter chain; firing Filter: 'CorsFilter'
2020-05-03 18:17:45,207 DEBUG org.springframework.web.servlet.handler.AbstractHandlerMapping [http-nio-8080-exec-2] Mapped to com.surshree.app.controllers.CompetitionController#getCompetition(Long)
2020-05-03 18:17:45,208 DEBUG org.springframework.security.web.header.writers.HstsHeaderWriter [http-nio-8080-exec-2] Not injecting HSTS header since it did not match the requestMatcher org.springframework.security.web.header.writers.HstsHeaderWriter$SecureRequestMatcher@287b04d4
2020-05-03 18:17:45,208 DEBUG org.springframework.security.web.context.HttpSessionSecurityContextRepository$SaveToSessionResponseWrapper [http-nio-8080-exec-2] SecurityContext is empty or contents are anonymous - context will not be stored in HttpSession.
2020-05-03 18:17:45,208 DEBUG org.springframework.security.web.context.SecurityContextPersistenceFilter [http-nio-8080-exec-2] SecurityContextHolder now cleared, as request processing completed
2020-05-03 18:17:45,218 DEBUG org.springframework.security.web.util.matcher.OrRequestMatcher [http-nio-8080-exec-3] Trying to match using Ant [pattern='/oauth/token']
2020-05-03 18:17:45,219 DEBUG org.springframework.security.web.util.matcher.AntPathRequestMatcher [http-nio-8080-exec-3] Checking match of request : '/competitions/1'; against '/oauth/token'
2020-05-03 18:17:45,219 DEBUG org.springframework.security.web.util.matcher.OrRequestMatcher [http-nio-8080-exec-3] Trying to match using Ant [pattern='/oauth/token_key']
2020-05-03 18:17:45,219 DEBUG org.springframework.security.web.util.matcher.AntPathRequestMatcher [http-nio-8080-exec-3] Checking match of request : '/competitions/1'; against '/oauth/token_key'
2020-05-03 18:17:45,220 DEBUG org.springframework.security.web.util.matcher.OrRequestMatcher [http-nio-8080-exec-3] Trying to match using Ant [pattern='/oauth/check_token']
2020-05-03 18:17:45,225 DEBUG org.springframework.security.web.util.matcher.AntPathRequestMatcher [http-nio-8080-exec-3] Checking match of request : '/competitions/1'; against '/oauth/check_token'
2020-05-03 18:17:45,226 DEBUG org.springframework.security.web.util.matcher.OrRequestMatcher [http-nio-8080-exec-3] No matches found
2020-05-03 18:17:45,227 DEBUG org.springframework.security.web.FilterChainProxy$VirtualFilterChain [http-nio-8080-exec-3] /competitions/1 at position 1 of 11 in additional filter chain; firing Filter: 'WebAsyncManagerIntegrationFilter'
2020-05-03 18:17:45,227 DEBUG org.springframework.security.web.FilterChainProxy$VirtualFilterChain [http-nio-8080-exec-3] /competitions/1 at position 2 of 11 in additional filter chain; firing Filter: 'SecurityContextPersistenceFilter'
2020-05-03 18:17:45,228 DEBUG org.springframework.security.web.FilterChainProxy$VirtualFilterChain [http-nio-8080-exec-3] /competitions/1 at position 3 of 11 in additional filter chain; firing Filter: 'HeaderWriterFilter'
2020-05-03 18:17:45,228 DEBUG org.springframework.security.web.FilterChainProxy$VirtualFilterChain [http-nio-8080-exec-3] /competitions/1 at position 4 of 11 in additional filter chain; firing Filter: 'LogoutFilter'
2020-05-03 18:17:45,228 DEBUG org.springframework.security.web.util.matcher.OrRequestMatcher [http-nio-8080-exec-3] Trying to match using Ant [pattern='/logout', GET]
2020-05-03 18:17:45,229 DEBUG org.springframework.security.web.util.matcher.AntPathRequestMatcher [http-nio-8080-exec-3] Checking match of request : '/competitions/1'; against '/logout'
2020-05-03 18:17:45,229 DEBUG org.springframework.security.web.util.matcher.OrRequestMatcher [http-nio-8080-exec-3] Trying to match using Ant [pattern='/logout', POST]
2020-05-03 18:17:45,230 DEBUG org.springframework.security.web.util.matcher.AntPathRequestMatcher [http-nio-8080-exec-3] Request 'GET /competitions/1' doesn't match 'POST /logout'
2020-05-03 18:17:45,233 DEBUG org.springframework.security.web.util.matcher.OrRequestMatcher [http-nio-8080-exec-3] Trying to match using Ant [pattern='/logout', PUT]
2020-05-03 18:17:45,233 DEBUG org.springframework.security.web.util.matcher.AntPathRequestMatcher [http-nio-8080-exec-3] Request 'GET /competitions/1' doesn't match 'PUT /logout'
2020-05-03 18:17:45,234 DEBUG org.springframework.security.web.util.matcher.OrRequestMatcher [http-nio-8080-exec-3] Trying to match using Ant [pattern='/logout', DELETE]
2020-05-03 18:17:45,234 DEBUG org.springframework.security.web.util.matcher.AntPathRequestMatcher [http-nio-8080-exec-3] Request 'GET /competitions/1' doesn't match 'DELETE /logout'
2020-05-03 18:17:45,234 DEBUG org.springframework.security.web.util.matcher.OrRequestMatcher [http-nio-8080-exec-3] No matches found
2020-05-03 18:17:45,234 DEBUG org.springframework.security.web.FilterChainProxy$VirtualFilterChain [http-nio-8080-exec-3] /competitions/1 at position 5 of 11 in additional filter chain; firing Filter: 'OAuth2AuthenticationProcessingFilter'
2020-05-03 18:17:45,235 DEBUG org.springframework.jdbc.core.JdbcTemplate [http-nio-8080-exec-3] Executing prepared SQL query
2020-05-03 18:17:45,235 DEBUG org.springframework.jdbc.core.JdbcTemplate [http-nio-8080-exec-3] Executing prepared SQL statement [select token_id, token from oauth_access_token where token_id = ?]
2020-05-03 18:17:45,240 DEBUG org.springframework.jdbc.datasource.DataSourceUtils [http-nio-8080-exec-3] Fetching JDBC Connection from DataSource
2020-05-03 18:17:45,357 DEBUG org.springframework.jdbc.core.JdbcTemplate [http-nio-8080-exec-3] Executing prepared SQL query
2020-05-03 18:17:45,358 DEBUG org.springframework.jdbc.core.JdbcTemplate [http-nio-8080-exec-3] Executing prepared SQL statement [select token_id, authentication from oauth_access_token where token_id = ?]
2020-05-03 18:17:45,360 DEBUG org.springframework.jdbc.datasource.DataSourceUtils [http-nio-8080-exec-3] Fetching JDBC Connection from DataSource
2020-05-03 18:17:45,374 DEBUG org.springframework.security.oauth2.provider.authentication.OAuth2AuthenticationProcessingFilter [http-nio-8080-exec-3] Authentication success: org.springframework.security.oauth2.provider.OAuth2Authentication@e2f94861: Principal: admin; Credentials: [PROTECTED]; Authenticated: true; Details: remoteAddress=192.168.43.52, tokenType=BearertokenValue=<TOKEN>; Granted Authorities: ROLE_ADMN, ROLE_CONT, FUNC_VIEW_ADMIN_MENU, FUNC_CONT_MENU, FUNC_CONT_MENU
2020-05-03 18:17:45,377 DEBUG org.springframework.security.web.FilterChainProxy$VirtualFilterChain [http-nio-8080-exec-3] /competitions/1 at position 6 of 11 in additional filter chain; firing Filter: 'RequestCacheAwareFilter'
2020-05-03 18:17:45,378 DEBUG org.springframework.security.web.FilterChainProxy$VirtualFilterChain [http-nio-8080-exec-3] /competitions/1 at position 7 of 11 in additional filter chain; firing Filter: 'SecurityContextHolderAwareRequestFilter'
2020-05-03 18:17:45,379 DEBUG org.springframework.security.web.FilterChainProxy$VirtualFilterChain [http-nio-8080-exec-3] /competitions/1 at position 8 of 11 in additional filter chain; firing Filter: 'AnonymousAuthenticationFilter'
2020-05-03 18:17:45,380 DEBUG org.springframework.security.web.authentication.AnonymousAuthenticationFilter [http-nio-8080-exec-3] SecurityContextHolder not populated with anonymous token, as it already contained: 'org.springframework.security.oauth2.provider.OAuth2Authentication@e2f94861: Principal: admin; Credentials: [PROTECTED]; Authenticated: true; Details: remoteAddress=192.168.43.52, tokenType=BearertokenValue=<TOKEN>; Granted Authorities: ROLE_ADMN, ROLE_CONT, FUNC_VIEW_ADMIN_MENU, FUNC_CONT_MENU, FUNC_CONT_MENU'
2020-05-03 18:17:45,381 DEBUG org.springframework.security.web.FilterChainProxy$VirtualFilterChain [http-nio-8080-exec-3] /competitions/1 at position 9 of 11 in additional filter chain; firing Filter: 'SessionManagementFilter'
2020-05-03 18:17:45,383 DEBUG org.springframework.security.web.authentication.session.CompositeSessionAuthenticationStrategy [http-nio-8080-exec-3] Delegating to org.springframework.security.web.authentication.session.ChangeSessionIdAuthenticationStrategy@2be89ba5
2020-05-03 18:17:45,384 DEBUG org.springframework.security.web.FilterChainProxy$VirtualFilterChain [http-nio-8080-exec-3] /competitions/1 at position 10 of 11 in additional filter chain; firing Filter: 'ExceptionTranslationFilter'
2020-05-03 18:17:45,384 DEBUG org.springframework.security.web.FilterChainProxy$VirtualFilterChain [http-nio-8080-exec-3] /competitions/1 at position 11 of 11 in additional filter chain; firing Filter: 'FilterSecurityInterceptor'
2020-05-03 18:17:45,385 DEBUG org.springframework.security.access.intercept.AbstractSecurityInterceptor [http-nio-8080-exec-3] Secure object: FilterInvocation: URL: /competitions/1; Attributes: [#oauth2.throwOnError(authenticated)]
2020-05-03 18:17:45,385 DEBUG org.springframework.security.access.intercept.AbstractSecurityInterceptor [http-nio-8080-exec-3] Previously Authenticated: org.springframework.security.oauth2.provider.OAuth2Authentication@e2f94861: Principal: admin; Credentials: [PROTECTED]; Authenticated: true; Details: remoteAddress=192.168.43.52, tokenType=BearertokenValue=<TOKEN>; Granted Authorities: ROLE_ADMN, ROLE_CONT, FUNC_VIEW_ADMIN_MENU, FUNC_CONT_MENU, FUNC_CONT_MENU
2020-05-03 18:17:45,386 DEBUG org.springframework.security.access.vote.AffirmativeBased [http-nio-8080-exec-3] Voter: org.springframework.security.web.access.expression.WebExpressionVoter@56f71341, returned: 1
2020-05-03 18:17:45,388 DEBUG org.springframework.security.access.intercept.AbstractSecurityInterceptor [http-nio-8080-exec-3] Authorization successful
2020-05-03 18:17:45,391 DEBUG org.springframework.security.access.intercept.AbstractSecurityInterceptor [http-nio-8080-exec-3] RunAsManager did not change Authentication object
2020-05-03 18:17:45,391 DEBUG org.springframework.security.web.FilterChainProxy$VirtualFilterChain [http-nio-8080-exec-3] /competitions/1 reached end of additional filter chain; proceeding with original chain
2020-05-03 18:17:45,392 DEBUG org.springframework.core.log.LogFormatUtils [http-nio-8080-exec-3] GET "/competitions/1", parameters={}
2020-05-03 18:17:45,393 DEBUG org.springframework.web.servlet.handler.AbstractHandlerMapping [http-nio-8080-exec-3] Mapped to com.surshree.app.controllers.CompetitionController#getCompetition(Long)
2020-05-03 18:17:45,396 DEBUG org.springframework.orm.jpa.support.OpenEntityManagerInViewInterceptor [http-nio-8080-exec-3] Opening JPA EntityManager in OpenEntityManagerInViewInterceptor
2020-05-03 18:17:45,442 DEBUG org.springframework.orm.jpa.JpaTransactionManager [http-nio-8080-exec-3] Found thread-bound EntityManager [SessionImpl(1130606009<open>)] for JPA transaction
2020-05-03 18:17:45,445 DEBUG org.springframework.transaction.support.AbstractPlatformTransactionManager [http-nio-8080-exec-3] Creating new transaction with name [org.springframework.data.jpa.repository.support.SimpleJpaRepository.findById]: PROPAGATION_REQUIRED,ISOLATION_DEFAULT,readOnly
2020-05-03 18:17:45,448 DEBUG org.springframework.jdbc.datasource.DataSourceUtils [http-nio-8080-exec-3] Setting JDBC Connection [HikariProxyConnection@1606234202 wrapping org.postgresql.jdbc.PgConnection@30c8bc91] read-only
2020-05-03 18:17:45,452 DEBUG org.springframework.orm.jpa.JpaTransactionManager [http-nio-8080-exec-3] Exposing JPA transaction as JDBC [org.springframework.orm.jpa.vendor.HibernateJpaDialect$HibernateConnectionHandle@7bfad7f9]
2020-05-03 18:17:45,539 DEBUG org.springframework.transaction.support.AbstractPlatformTransactionManager [http-nio-8080-exec-3] Initiating transaction commit
2020-05-03 18:17:45,539 DEBUG org.springframework.orm.jpa.JpaTransactionManager [http-nio-8080-exec-3] Committing JPA transaction on EntityManager [SessionImpl(1130606009<open>)]
2020-05-03 18:17:45,540 DEBUG org.springframework.jdbc.datasource.DataSourceUtils [http-nio-8080-exec-3] Resetting read-only flag of JDBC Connection [HikariProxyConnection@1606234202 wrapping org.postgresql.jdbc.PgConnection@30c8bc91]
2020-05-03 18:17:45,546 DEBUG org.springframework.orm.jpa.JpaTransactionManager [http-nio-8080-exec-3] Not closing pre-bound JPA EntityManager after transaction
2020-05-03 18:17:45,549 DEBUG org.springframework.web.servlet.mvc.method.annotation.AbstractMessageConverterMethodProcessor [http-nio-8080-exec-3] Using 'application/json', given [application/json] and supported [application/json, application/*+json, application/json, application/*+json]
2020-05-03 18:17:45,550 DEBUG org.springframework.core.log.LogFormatUtils [http-nio-8080-exec-3] Writing [com.surshree.app.models.comp.CompetitionRequestResponseModel@36c6bb99]
2020-05-03 18:17:45,554 DEBUG org.springframework.security.web.header.writers.HstsHeaderWriter [http-nio-8080-exec-3] Not injecting HSTS header since it did not match the requestMatcher org.springframework.security.web.header.writers.HstsHeaderWriter$SecureRequestMatcher@6f31b89b
2020-05-03 18:17:45,558 DEBUG org.springframework.orm.jpa.support.OpenEntityManagerInViewInterceptor [http-nio-8080-exec-3] Closing JPA EntityManager in OpenEntityManagerInViewInterceptor
2020-05-03 18:17:45,559 DEBUG org.springframework.web.servlet.FrameworkServlet [http-nio-8080-exec-3] Completed 200 OK
2020-05-03 18:17:45,560 DEBUG org.springframework.security.web.access.ExceptionTranslationFilter [http-nio-8080-exec-3] Chain processed normally
2020-05-03 18:17:45,562 DEBUG org.springframework.security.web.context.SecurityContextPersistenceFilter [http-nio-8080-exec-3] SecurityContextHolder now cleared, as request processing completed
2020-05-03 18:24:32,892 INFO com.surshree.app.scheduling.CacheScheduler [scheduling-1] Clear user cache : START
2020-05-03 18:24:32,896 INFO com.surshree.app.scheduling.CacheScheduler [scheduling-1] Clear user cache : END
2020-05-03 18:27:09,932 DEBUG org.springframework.security.web.util.matcher.OrRequestMatcher [http-nio-8080-exec-7] Trying to match using Ant [pattern='/oauth/token']
2020-05-03 18:27:09,933 DEBUG org.springframework.security.web.util.matcher.AntPathRequestMatcher [http-nio-8080-exec-7] Checking match of request : '/oauth/token'; against '/oauth/token'
2020-05-03 18:27:09,936 DEBUG org.springframework.security.web.util.matcher.OrRequestMatcher [http-nio-8080-exec-7] matched
2020-05-03 18:27:09,937 DEBUG org.springframework.security.web.FilterChainProxy$VirtualFilterChain [http-nio-8080-exec-7] /oauth/token at position 1 of 12 in additional filter chain; firing Filter: 'WebAsyncManagerIntegrationFilter'
2020-05-03 18:27:09,938 DEBUG org.springframework.security.web.FilterChainProxy$VirtualFilterChain [http-nio-8080-exec-7] /oauth/token at position 2 of 12 in additional filter chain; firing Filter: 'SecurityContextPersistenceFilter'
2020-05-03 18:27:09,941 DEBUG org.springframework.security.web.FilterChainProxy$VirtualFilterChain [http-nio-8080-exec-7] /oauth/token at position 3 of 12 in additional filter chain; firing Filter: 'HeaderWriterFilter'
2020-05-03 18:27:09,942 DEBUG org.springframework.security.web.FilterChainProxy$VirtualFilterChain [http-nio-8080-exec-7] /oauth/token at position 4 of 12 in additional filter chain; firing Filter: 'LogoutFilter'
2020-05-03 18:27:09,943 DEBUG org.springframework.security.web.util.matcher.OrRequestMatcher [http-nio-8080-exec-7] Trying to match using Ant [pattern='/logout', GET]
2020-05-03 18:27:09,944 DEBUG org.springframework.security.web.util.matcher.AntPathRequestMatcher [http-nio-8080-exec-7] Request 'POST /oauth/token' doesn't match 'GET /logout'
2020-05-03 18:27:09,945 DEBUG org.springframework.security.web.util.matcher.OrRequestMatcher [http-nio-8080-exec-7] Trying to match using Ant [pattern='/logout', POST]
2020-05-03 18:27:09,947 DEBUG org.springframework.security.web.util.matcher.AntPathRequestMatcher [http-nio-8080-exec-7] Checking match of request : '/oauth/token'; against '/logout'
2020-05-03 18:27:09,947 DEBUG org.springframework.security.web.util.matcher.OrRequestMatcher [http-nio-8080-exec-7] Trying to match using Ant [pattern='/logout', PUT]
2020-05-03 18:27:09,947 DEBUG org.springframework.security.web.util.matcher.AntPathRequestMatcher [http-nio-8080-exec-7] Request 'POST /oauth/token' doesn't match 'PUT /logout'
2020-05-03 18:27:09,948 DEBUG org.springframework.security.web.util.matcher.OrRequestMatcher [http-nio-8080-exec-7] Trying to match using Ant [pattern='/logout', DELETE]
2020-05-03 18:27:09,948 DEBUG org.springframework.security.web.util.matcher.AntPathRequestMatcher [http-nio-8080-exec-7] Request 'POST /oauth/token' doesn't match 'DELETE /logout'
2020-05-03 18:27:09,948 DEBUG org.springframework.security.web.util.matcher.OrRequestMatcher [http-nio-8080-exec-7] No matches found
2020-05-03 18:27:09,948 DEBUG org.springframework.security.web.FilterChainProxy$VirtualFilterChain [http-nio-8080-exec-7] /oauth/token at position 5 of 12 in additional filter chain; firing Filter: 'CorsFilter'
2020-05-03 18:27:09,960 DEBUG org.springframework.security.web.FilterChainProxy$VirtualFilterChain [http-nio-8080-exec-7] /oauth/token at position 6 of 12 in additional filter chain; firing Filter: 'BasicAuthenticationFilter'
2020-05-03 18:27:09,963 DEBUG org.springframework.security.web.authentication.www.BasicAuthenticationFilter [http-nio-8080-exec-7] Basic Authentication Authorization header found for user 'mobile'
2020-05-03 18:27:09,964 DEBUG org.springframework.security.authentication.ProviderManager [http-nio-8080-exec-7] Authentication attempt using org.springframework.security.authentication.dao.DaoAuthenticationProvider
2020-05-03 18:27:09,968 DEBUG org.springframework.jdbc.core.JdbcTemplate [http-nio-8080-exec-7] Executing prepared SQL query
2020-05-03 18:27:09,972 DEBUG org.springframework.jdbc.core.JdbcTemplate [http-nio-8080-exec-7] Executing prepared SQL statement [select client_id, client_secret, resource_ids, scope, authorized_grant_types, web_server_redirect_uri, authorities, access_token_validity, refresh_token_validity, additional_information, autoapprove from oauth_client_details where client_id = ?]
2020-05-03 18:27:09,975 DEBUG org.springframework.jdbc.datasource.DataSourceUtils [http-nio-8080-exec-7] Fetching JDBC Connection from DataSource
2020-05-03 18:27:10,007 DEBUG org.springframework.security.web.authentication.www.BasicAuthenticationFilter [http-nio-8080-exec-7] Authentication success: org.springframework.security.authentication.UsernamePasswordAuthenticationToken@c04ac928: Principal: org.springframework.security.core.userdetails.User@c04a90a2: Username: mobile; Password: [PROTECTED]; Enabled: true; AccountNonExpired: true; credentialsNonExpired: true; AccountNonLocked: true; Not granted any authorities; Credentials: [PROTECTED]; Authenticated: true; Details: org.springframework.security.web.authentication.WebAuthenticationDetails@ffffa64e: RemoteIpAddress: 192.168.43.52; SessionId: null; Not granted any authorities
2020-05-03 18:27:10,010 DEBUG org.springframework.security.web.FilterChainProxy$VirtualFilterChain [http-nio-8080-exec-7] /oauth/token at position 7 of 12 in additional filter chain; firing Filter: 'RequestCacheAwareFilter'
2020-05-03 18:27:10,011 DEBUG org.springframework.security.web.savedrequest.HttpSessionRequestCache [http-nio-8080-exec-7] saved request doesn't match
2020-05-03 18:27:10,012 DEBUG org.springframework.security.web.FilterChainProxy$VirtualFilterChain [http-nio-8080-exec-7] /oauth/token at position 8 of 12 in additional filter chain; firing Filter: 'SecurityContextHolderAwareRequestFilter'
2020-05-03 18:27:10,015 DEBUG org.springframework.security.web.FilterChainProxy$VirtualFilterChain [http-nio-8080-exec-7] /oauth/token at position 9 of 12 in additional filter chain; firing Filter: 'AnonymousAuthenticationFilter'
2020-05-03 18:27:10,016 DEBUG org.springframework.security.web.authentication.AnonymousAuthenticationFilter [http-nio-8080-exec-7] SecurityContextHolder not populated with anonymous token, as it already contained: 'org.springframework.security.authentication.UsernamePasswordAuthenticationToken@c04ac928: Principal: org.springframework.security.core.userdetails.User@c04a90a2: Username: mobile; Password: [PROTECTED]; Enabled: true; AccountNonExpired: true; credentialsNonExpired: true; AccountNonLocked: true; Not granted any authorities; Credentials: [PROTECTED]; Authenticated: true; Details: org.springframework.security.web.authentication.WebAuthenticationDetails@ffffa64e: RemoteIpAddress: 192.168.43.52; SessionId: null; Not granted any authorities'
2020-05-03 18:27:10,020 DEBUG org.springframework.security.web.FilterChainProxy$VirtualFilterChain [http-nio-8080-exec-7] /oauth/token at position 10 of 12 in additional filter chain; firing Filter: 'SessionManagementFilter'
2020-05-03 18:27:10,020 DEBUG org.springframework.security.web.authentication.session.CompositeSessionAuthenticationStrategy [http-nio-8080-exec-7] Delegating to org.springframework.security.web.authentication.session.ChangeSessionIdAuthenticationStrategy@33c5cc0
2020-05-03 18:27:10,021 DEBUG org.springframework.security.web.FilterChainProxy$VirtualFilterChain [http-nio-8080-exec-7] /oauth/token at position 11 of 12 in additional filter chain; firing Filter: 'ExceptionTranslationFilter'
2020-05-03 18:27:10,021 DEBUG org.springframework.security.web.FilterChainProxy$VirtualFilterChain [http-nio-8080-exec-7] /oauth/token at position 12 of 12 in additional filter chain; firing Filter: 'FilterSecurityInterceptor'
2020-05-03 18:27:10,022 DEBUG org.springframework.security.web.util.matcher.AntPathRequestMatcher [http-nio-8080-exec-7] Checking match of request : '/oauth/token'; against '/oauth/token'
2020-05-03 18:27:10,023 DEBUG org.springframework.security.access.intercept.AbstractSecurityInterceptor [http-nio-8080-exec-7] Secure object: FilterInvocation: URL: /oauth/token; Attributes: [fullyAuthenticated]
2020-05-03 18:27:10,024 DEBUG org.springframework.security.access.intercept.AbstractSecurityInterceptor [http-nio-8080-exec-7] Previously Authenticated: org.springframework.security.authentication.UsernamePasswordAuthenticationToken@c04ac928: Principal: org.springframework.security.core.userdetails.User@c04a90a2: Username: mobile; Password: [PROTECTED]; Enabled: true; AccountNonExpired: true; credentialsNonExpired: true; AccountNonLocked: true; Not granted any authorities; Credentials: [PROTECTED]; Authenticated: true; Details: org.springframework.security.web.authentication.WebAuthenticationDetails@ffffa64e: RemoteIpAddress: 192.168.43.52; SessionId: null; Not granted any authorities
2020-05-03 18:27:10,026 DEBUG org.springframework.security.access.vote.AffirmativeBased [http-nio-8080-exec-7] Voter: org.springframework.security.web.access.expression.WebExpressionVoter@4f9986b3, returned: 1
2020-05-03 18:27:10,027 DEBUG org.springframework.security.access.intercept.AbstractSecurityInterceptor [http-nio-8080-exec-7] Authorization successful
2020-05-03 18:27:10,027 DEBUG org.springframework.security.access.intercept.AbstractSecurityInterceptor [http-nio-8080-exec-7] RunAsManager did not change Authentication object
2020-05-03 18:27:10,027 DEBUG org.springframework.security.web.FilterChainProxy$VirtualFilterChain [http-nio-8080-exec-7] /oauth/token reached end of additional filter chain; proceeding with original chain
2020-05-03 18:27:10,029 DEBUG org.springframework.core.log.LogFormatUtils [http-nio-8080-exec-7] POST "/oauth/token", parameters={masked}
2020-05-03 18:27:10,036 DEBUG org.springframework.web.servlet.handler.AbstractHandlerMapping [http-nio-8080-exec-7] Mapped to org.springframework.security.oauth2.provider.endpoint.TokenEndpoint#postAccessToken(Principal, Map)
2020-05-03 18:27:10,039 DEBUG org.springframework.jdbc.core.JdbcTemplate [http-nio-8080-exec-7] Executing prepared SQL query
2020-05-03 18:27:10,040 DEBUG org.springframework.jdbc.core.JdbcTemplate [http-nio-8080-exec-7] Executing prepared SQL statement [select client_id, client_secret, resource_ids, scope, authorized_grant_types, web_server_redirect_uri, authorities, access_token_validity, refresh_token_validity, additional_information, autoapprove from oauth_client_details where client_id = ?]
2020-05-03 18:27:10,041 DEBUG org.springframework.jdbc.datasource.DataSourceUtils [http-nio-8080-exec-7] Fetching JDBC Connection from DataSource
2020-05-03 18:27:10,058 DEBUG org.springframework.jdbc.core.JdbcTemplate [http-nio-8080-exec-7] Executing prepared SQL query
2020-05-03 18:27:10,059 DEBUG org.springframework.jdbc.core.JdbcTemplate [http-nio-8080-exec-7] Executing prepared SQL statement [select client_id, client_secret, resource_ids, scope, authorized_grant_types, web_server_redirect_uri, authorities, access_token_validity, refresh_token_validity, additional_information, autoapprove from oauth_client_details where client_id = ?]
2020-05-03 18:27:10,060 DEBUG org.springframework.jdbc.datasource.DataSourceUtils [http-nio-8080-exec-7] Fetching JDBC Connection from DataSource
2020-05-03 18:27:10,075 DEBUG org.springframework.jdbc.core.JdbcTemplate [http-nio-8080-exec-7] Executing prepared SQL query
2020-05-03 18:27:10,075 DEBUG org.springframework.jdbc.core.JdbcTemplate [http-nio-8080-exec-7] Executing prepared SQL statement [select client_id, client_secret, resource_ids, scope, authorized_grant_types, web_server_redirect_uri, authorities, access_token_validity, refresh_token_validity, additional_information, autoapprove from oauth_client_details where client_id = ?]
2020-05-03 18:27:10,076 DEBUG org.springframework.jdbc.datasource.DataSourceUtils [http-nio-8080-exec-7] Fetching JDBC Connection from DataSource
2020-05-03 18:27:10,086 DEBUG org.springframework.security.oauth2.provider.token.AbstractTokenGranter [http-nio-8080-exec-7] Getting access token for: mobile
2020-05-03 18:27:10,112 DEBUG org.springframework.security.authentication.ProviderManager [http-nio-8080-exec-7] Authentication attempt using com.surshree.app.config.CustomAuthenticationProvider
2020-05-03 18:27:10,117 DEBUG org.springframework.transaction.support.AbstractPlatformTransactionManager [http-nio-8080-exec-7] Creating new transaction with name [com.surshree.app.services.CustomUserDetailsService.loadUserByUsername]: PROPAGATION_REQUIRED,ISOLATION_DEFAULT
2020-05-03 18:27:10,122 DEBUG org.springframework.orm.jpa.JpaTransactionManager [http-nio-8080-exec-7] Opened new EntityManager [SessionImpl(1875345387<open>)] for JPA transaction
2020-05-03 18:27:10,124 DEBUG org.springframework.orm.jpa.JpaTransactionManager [http-nio-8080-exec-7] Exposing JPA transaction as JDBC [org.springframework.orm.jpa.vendor.HibernateJpaDialect$HibernateConnectionHandle@650bd67d]
2020-05-03 18:27:10,161 INFO com.surshree.app.services.CustomUserDetailsService [http-nio-8080-exec-7] Granted Authorities --> ROLE_ADMN
2020-05-03 18:27:10,162 INFO com.surshree.app.services.CustomUserDetailsService [http-nio-8080-exec-7] Granted Authorities --> ROLE_CONT
2020-05-03 18:27:10,163 INFO com.surshree.app.services.CustomUserDetailsService [http-nio-8080-exec-7] Granted Authorities --> FUNC_VIEW_ADMIN_MENU
2020-05-03 18:27:10,164 INFO com.surshree.app.services.CustomUserDetailsService [http-nio-8080-exec-7] Granted Authorities --> FUNC_CONT_MENU
2020-05-03 18:27:10,164 INFO com.surshree.app.services.CustomUserDetailsService [http-nio-8080-exec-7] Granted Authorities --> FUNC_CONT_MENU
2020-05-03 18:27:10,169 DEBUG org.springframework.transaction.support.AbstractPlatformTransactionManager [http-nio-8080-exec-7] Initiating transaction commit
2020-05-03 18:27:10,170 DEBUG org.springframework.orm.jpa.JpaTransactionManager [http-nio-8080-exec-7] Committing JPA transaction on EntityManager [SessionImpl(1875345387<open>)]
2020-05-03 18:27:10,176 DEBUG org.springframework.orm.jpa.JpaTransactionManager [http-nio-8080-exec-7] Closing JPA EntityManager [SessionImpl(1875345387<open>)] after transaction
2020-05-03 18:27:10,178 DEBUG org.springframework.jdbc.core.JdbcTemplate [http-nio-8080-exec-7] Executing prepared SQL query
2020-05-03 18:27:10,178 DEBUG org.springframework.jdbc.core.JdbcTemplate [http-nio-8080-exec-7] Executing prepared SQL statement [select token_id, token from oauth_access_token where authentication_id = ?]
2020-05-03 18:27:10,179 DEBUG org.springframework.jdbc.datasource.DataSourceUtils [http-nio-8080-exec-7] Fetching JDBC Connection from DataSource
2020-05-03 18:27:10,184 DEBUG org.springframework.jdbc.core.JdbcTemplate [http-nio-8080-exec-7] Executing prepared SQL query
2020-05-03 18:27:10,186 DEBUG org.springframework.jdbc.core.JdbcTemplate [http-nio-8080-exec-7] Executing prepared SQL statement [select token_id, authentication from oauth_access_token where token_id = ?]
2020-05-03 18:27:10,187 DEBUG org.springframework.jdbc.datasource.DataSourceUtils [http-nio-8080-exec-7] Fetching JDBC Connection from DataSource
2020-05-03 18:27:10,192 DEBUG org.springframework.jdbc.core.JdbcTemplate [http-nio-8080-exec-7] Executing prepared SQL query
2020-05-03 18:27:10,194 DEBUG org.springframework.jdbc.core.JdbcTemplate [http-nio-8080-exec-7] Executing prepared SQL statement [select token_id, token from oauth_access_token where token_id = ?]
2020-05-03 18:27:10,194 DEBUG org.springframework.jdbc.datasource.DataSourceUtils [http-nio-8080-exec-7] Fetching JDBC Connection from DataSource
2020-05-03 18:27:10,199 DEBUG org.springframework.jdbc.core.JdbcTemplate [http-nio-8080-exec-7] Executing prepared SQL update
2020-05-03 18:27:10,200 DEBUG org.springframework.jdbc.core.JdbcTemplate [http-nio-8080-exec-7] Executing prepared SQL statement [delete from oauth_access_token where token_id = ?]
2020-05-03 18:27:10,201 DEBUG org.springframework.jdbc.datasource.DataSourceUtils [http-nio-8080-exec-7] Fetching JDBC Connection from DataSource
2020-05-03 18:27:10,296 DEBUG org.springframework.jdbc.core.JdbcTemplate [http-nio-8080-exec-7] Executing prepared SQL update
2020-05-03 18:27:10,297 DEBUG org.springframework.jdbc.core.JdbcTemplate [http-nio-8080-exec-7] Executing prepared SQL statement [insert into oauth_access_token (token_id, token, authentication_id, user_name, client_id, authentication, refresh_token) values (?, ?, ?, ?, ?, ?, ?)]
2020-05-03 18:27:10,297 DEBUG org.springframework.jdbc.datasource.DataSourceUtils [http-nio-8080-exec-7] Fetching JDBC Connection from DataSource
2020-05-03 18:27:10,304 DEBUG org.springframework.jdbc.support.lob.DefaultLobHandler$DefaultLobCreator [http-nio-8080-exec-7] Set bytes for BLOB with length 959
2020-05-03 18:27:10,308 DEBUG org.springframework.jdbc.support.lob.DefaultLobHandler$DefaultLobCreator [http-nio-8080-exec-7] Set bytes for BLOB with length 1977
2020-05-03 18:27:10,382 DEBUG org.springframework.web.servlet.mvc.method.annotation.AbstractMessageConverterMethodProcessor [http-nio-8080-exec-7] Found 'Content-Type:application/json;charset=UTF-8' in response
2020-05-03 18:27:10,387 DEBUG org.springframework.core.log.LogFormatUtils [http-nio-8080-exec-7] Writing [cc79897c-4d27-460e-8703-0cbf5849db27]
2020-05-03 18:27:10,393 DEBUG org.springframework.security.web.header.writers.HstsHeaderWriter [http-nio-8080-exec-7] Not injecting HSTS header since it did not match the requestMatcher org.springframework.security.web.header.writers.HstsHeaderWriter$SecureRequestMatcher@6adac470
2020-05-03 18:27:10,396 DEBUG org.springframework.web.servlet.FrameworkServlet [http-nio-8080-exec-7] Completed 200 OK
2020-05-03 18:27:10,397 DEBUG org.springframework.security.web.access.ExceptionTranslationFilter [http-nio-8080-exec-7] Chain processed normally
2020-05-03 18:27:10,399 DEBUG org.springframework.security.web.context.SecurityContextPersistenceFilter [http-nio-8080-exec-7] SecurityContextHolder now cleared, as request processing completed
2020-05-03 18:27:10,592 DEBUG org.springframework.security.web.util.matcher.OrRequestMatcher [http-nio-8080-exec-8] Trying to match using Ant [pattern='/oauth/token']
2020-05-03 18:27:10,593 DEBUG org.springframework.security.web.util.matcher.AntPathRequestMatcher [http-nio-8080-exec-8] Checking match of request : '/oauth/check_token'; against '/oauth/token'
2020-05-03 18:27:10,593 DEBUG org.springframework.security.web.util.matcher.OrRequestMatcher [http-nio-8080-exec-8] Trying to match using Ant [pattern='/oauth/token_key']
2020-05-03 18:27:10,594 DEBUG org.springframework.security.web.util.matcher.AntPathRequestMatcher [http-nio-8080-exec-8] Checking match of request : '/oauth/check_token'; against '/oauth/token_key'
2020-05-03 18:27:10,594 DEBUG org.springframework.security.web.util.matcher.OrRequestMatcher [http-nio-8080-exec-8] Trying to match using Ant [pattern='/oauth/check_token']
2020-05-03 18:27:10,595 DEBUG org.springframework.security.web.util.matcher.AntPathRequestMatcher [http-nio-8080-exec-8] Checking match of request : '/oauth/check_token'; against '/oauth/check_token'
2020-05-03 18:27:10,596 DEBUG org.springframework.security.web.util.matcher.OrRequestMatcher [http-nio-8080-exec-8] matched
2020-05-03 18:27:10,596 DEBUG org.springframework.security.web.FilterChainProxy$VirtualFilterChain [http-nio-8080-exec-8] /oauth/check_token?token=cc79897c-4d27-460e-8703-0cbf5849db27 at position 1 of 12 in additional filter chain; firing Filter: 'WebAsyncManagerIntegrationFilter'
2020-05-03 18:27:10,598 DEBUG org.springframework.security.web.FilterChainProxy$VirtualFilterChain [http-nio-8080-exec-8] /oauth/check_token?token=cc79897c-4d27-460e-8703-0cbf5849db27 at position 2 of 12 in additional filter chain; firing Filter: 'SecurityContextPersistenceFilter'
2020-05-03 18:27:10,599 DEBUG org.springframework.security.web.FilterChainProxy$VirtualFilterChain [http-nio-8080-exec-8] /oauth/check_token?token=cc79897c-4d27-460e-8703-0cbf5849db27 at position 3 of 12 in additional filter chain; firing Filter: 'HeaderWriterFilter'
2020-05-03 18:27:10,599 DEBUG org.springframework.security.web.FilterChainProxy$VirtualFilterChain [http-nio-8080-exec-8] /oauth/check_token?token=cc79897c-4d27-460e-8703-0cbf5849db27 at position 4 of 12 in additional filter chain; firing Filter: 'LogoutFilter'
2020-05-03 18:27:10,600 DEBUG org.springframework.security.web.util.matcher.OrRequestMatcher [http-nio-8080-exec-8] Trying to match using Ant [pattern='/logout', GET]
2020-05-03 18:27:10,600 DEBUG org.springframework.security.web.util.matcher.AntPathRequestMatcher [http-nio-8080-exec-8] Checking match of request : '/oauth/check_token'; against '/logout'
2020-05-03 18:27:10,600 DEBUG org.springframework.security.web.util.matcher.OrRequestMatcher [http-nio-8080-exec-8] Trying to match using Ant [pattern='/logout', POST]
2020-05-03 18:27:10,601 DEBUG org.springframework.security.web.util.matcher.AntPathRequestMatcher [http-nio-8080-exec-8] Request 'GET /oauth/check_token' doesn't match 'POST /logout'
2020-05-03 18:27:10,601 DEBUG org.springframework.security.web.util.matcher.OrRequestMatcher [http-nio-8080-exec-8] Trying to match using Ant [pattern='/logout', PUT]
2020-05-03 18:27:10,605 DEBUG org.springframework.security.web.util.matcher.AntPathRequestMatcher [http-nio-8080-exec-8] Request 'GET /oauth/check_token' doesn't match 'PUT /logout'
2020-05-03 18:27:10,609 DEBUG org.springframework.security.web.util.matcher.OrRequestMatcher [http-nio-8080-exec-8] Trying to match using Ant [pattern='/logout', DELETE]
2020-05-03 18:27:10,610 DEBUG org.springframework.security.web.util.matcher.AntPathRequestMatcher [http-nio-8080-exec-8] Request 'GET /oauth/check_token' doesn't match 'DELETE /logout'
2020-05-03 18:27:10,611 DEBUG org.springframework.security.web.util.matcher.OrRequestMatcher [http-nio-8080-exec-8] No matches found
2020-05-03 18:27:10,612 DEBUG org.springframework.security.web.FilterChainProxy$VirtualFilterChain [http-nio-8080-exec-8] /oauth/check_token?token=cc79897c-4d27-460e-8703-0cbf5849db27 at position 5 of 12 in additional filter chain; firing Filter: 'CorsFilter'
2020-05-03 18:27:10,613 DEBUG org.springframework.security.web.FilterChainProxy$VirtualFilterChain [http-nio-8080-exec-8] /oauth/check_token?token=cc79897c-4d27-460e-8703-0cbf5849db27 at position 6 of 12 in additional filter chain; firing Filter: 'BasicAuthenticationFilter'
2020-05-03 18:27:10,613 DEBUG org.springframework.security.web.authentication.www.BasicAuthenticationFilter [http-nio-8080-exec-8] Basic Authentication Authorization header found for user 'mobile'
2020-05-03 18:27:10,613 DEBUG org.springframework.security.authentication.ProviderManager [http-nio-8080-exec-8] Authentication attempt using org.springframework.security.authentication.dao.DaoAuthenticationProvider
2020-05-03 18:27:10,614 DEBUG org.springframework.jdbc.core.JdbcTemplate [http-nio-8080-exec-8] Executing prepared SQL query
2020-05-03 18:27:10,616 DEBUG org.springframework.jdbc.core.JdbcTemplate [http-nio-8080-exec-8] Executing prepared SQL statement [select client_id, client_secret, resource_ids, scope, authorized_grant_types, web_server_redirect_uri, authorities, access_token_validity, refresh_token_validity, additional_information, autoapprove from oauth_client_details where client_id = ?]
2020-05-03 18:27:10,618 DEBUG org.springframework.jdbc.datasource.DataSourceUtils [http-nio-8080-exec-8] Fetching JDBC Connection from DataSource
2020-05-03 18:27:10,655 DEBUG org.springframework.security.web.authentication.www.BasicAuthenticationFilter [http-nio-8080-exec-8] Authentication success: org.springframework.security.authentication.UsernamePasswordAuthenticationToken@c04ac928: Principal: org.springframework.security.core.userdetails.User@c04a90a2: Username: mobile; Password: [PROTECTED]; Enabled: true; AccountNonExpired: true; credentialsNonExpired: true; AccountNonLocked: true; Not granted any authorities; Credentials: [PROTECTED]; Authenticated: true; Details: org.springframework.security.web.authentication.WebAuthenticationDetails@ffffa64e: RemoteIpAddress: 192.168.43.52; SessionId: null; Not granted any authorities
2020-05-03 18:27:10,656 DEBUG org.springframework.security.web.FilterChainProxy$VirtualFilterChain [http-nio-8080-exec-8] /oauth/check_token?token=cc79897c-4d27-460e-8703-0cbf5849db27 at position 7 of 12 in additional filter chain; firing Filter: 'RequestCacheAwareFilter'
2020-05-03 18:27:10,656 DEBUG org.springframework.security.web.savedrequest.HttpSessionRequestCache [http-nio-8080-exec-8] saved request doesn't match
2020-05-03 18:27:10,656 DEBUG org.springframework.security.web.FilterChainProxy$VirtualFilterChain [http-nio-8080-exec-8] /oauth/check_token?token=cc79897c-4d27-460e-8703-0cbf5849db27 at position 8 of 12 in additional filter chain; firing Filter: 'SecurityContextHolderAwareRequestFilter'
2020-05-03 18:27:10,657 DEBUG org.springframework.security.web.FilterChainProxy$VirtualFilterChain [http-nio-8080-exec-8] /oauth/check_token?token=cc79897c-4d27-460e-8703-0cbf5849db27 at position 9 of 12 in additional filter chain; firing Filter: 'AnonymousAuthenticationFilter'
2020-05-03 18:27:10,659 DEBUG org.springframework.security.web.authentication.AnonymousAuthenticationFilter [http-nio-8080-exec-8] SecurityContextHolder not populated with anonymous token, as it already contained: 'org.springframework.security.authentication.UsernamePasswordAuthenticationToken@c04ac928: Principal: org.springframework.security.core.userdetails.User@c04a90a2: Username: mobile; Password: [PROTECTED]; Enabled: true; AccountNonExpired: true; credentialsNonExpired: true; AccountNonLocked: true; Not granted any authorities; Credentials: [PROTECTED]; Authenticated: true; Details: org.springframework.security.web.authentication.WebAuthenticationDetails@ffffa64e: RemoteIpAddress: 192.168.43.52; SessionId: null; Not granted any authorities'
2020-05-03 18:27:10,659 DEBUG org.springframework.security.web.FilterChainProxy$VirtualFilterChain [http-nio-8080-exec-8] /oauth/check_token?token=cc79897c-4d27-460e-8703-0cbf5849db27 at position 10 of 12 in additional filter chain; firing Filter: 'SessionManagementFilter'
2020-05-03 18:27:10,660 DEBUG org.springframework.security.web.authentication.session.CompositeSessionAuthenticationStrategy [http-nio-8080-exec-8] Delegating to org.springframework.security.web.authentication.session.ChangeSessionIdAuthenticationStrategy@33c5cc0
2020-05-03 18:27:10,660 DEBUG org.springframework.security.web.FilterChainProxy$VirtualFilterChain [http-nio-8080-exec-8] /oauth/check_token?token=cc79897c-4d27-460e-8703-0cbf5849db27 at position 11 of 12 in additional filter chain; firing Filter: 'ExceptionTranslationFilter'
2020-05-03 18:27:10,660 DEBUG org.springframework.security.web.FilterChainProxy$VirtualFilterChain [http-nio-8080-exec-8] /oauth/check_token?token=cc79897c-4d27-460e-8703-0cbf5849db27 at position 12 of 12 in additional filter chain; firing Filter: 'FilterSecurityInterceptor'
2020-05-03 18:27:10,661 DEBUG org.springframework.security.web.util.matcher.AntPathRequestMatcher [http-nio-8080-exec-8] Checking match of request : '/oauth/check_token'; against '/oauth/token'
2020-05-03 18:27:10,663 DEBUG org.springframework.security.web.util.matcher.AntPathRequestMatcher [http-nio-8080-exec-8] Checking match of request : '/oauth/check_token'; against '/oauth/token_key'
2020-05-03 18:27:10,663 DEBUG org.springframework.security.web.util.matcher.AntPathRequestMatcher [http-nio-8080-exec-8] Checking match of request : '/oauth/check_token'; against '/oauth/check_token'
2020-05-03 18:27:10,664 DEBUG org.springframework.security.access.intercept.AbstractSecurityInterceptor [http-nio-8080-exec-8] Secure object: FilterInvocation: URL: /oauth/check_token?token=cc79897c-4d27-460e-8703-0cbf5849db27; Attributes: [isAuthenticated()]
2020-05-03 18:27:10,667 DEBUG org.springframework.security.access.intercept.AbstractSecurityInterceptor [http-nio-8080-exec-8] Previously Authenticated: org.springframework.security.authentication.UsernamePasswordAuthenticationToken@c04ac928: Principal: org.springframework.security.core.userdetails.User@c04a90a2: Username: mobile; Password: [PROTECTED]; Enabled: true; AccountNonExpired: true; credentialsNonExpired: true; AccountNonLocked: true; Not granted any authorities; Credentials: [PROTECTED]; Authenticated: true; Details: org.springframework.security.web.authentication.WebAuthenticationDetails@ffffa64e: RemoteIpAddress: 192.168.43.52; SessionId: null; Not granted any authorities
2020-05-03 18:27:10,685 DEBUG org.springframework.security.access.vote.AffirmativeBased [http-nio-8080-exec-8] Voter: org.springframework.security.web.access.expression.WebExpressionVoter@4f9986b3, returned: 1
2020-05-03 18:27:10,686 DEBUG org.springframework.security.access.intercept.AbstractSecurityInterceptor [http-nio-8080-exec-8] Authorization successful
2020-05-03 18:27:10,686 DEBUG org.springframework.security.access.intercept.AbstractSecurityInterceptor [http-nio-8080-exec-8] RunAsManager did not change Authentication object
2020-05-03 18:27:10,688 DEBUG org.springframework.security.web.FilterChainProxy$VirtualFilterChain [http-nio-8080-exec-8] /oauth/check_token?token=cc79897c-4d27-460e-8703-0cbf5849db27 reached end of additional filter chain; proceeding with original chain
2020-05-03 18:27:10,689 DEBUG org.springframework.core.log.LogFormatUtils [http-nio-8080-exec-8] GET "/oauth/check_token?token=cc79897c-4d27-460e-8703-0cbf5849db27", parameters={masked}
2020-05-03 18:27:10,691 DEBUG org.springframework.web.servlet.handler.AbstractHandlerMapping [http-nio-8080-exec-8] Mapped to org.springframework.security.oauth2.provider.endpoint.CheckTokenEndpoint#checkToken(String)
2020-05-03 18:27:10,695 DEBUG org.springframework.jdbc.core.JdbcTemplate [http-nio-8080-exec-8] Executing prepared SQL query
2020-05-03 18:27:10,696 DEBUG org.springframework.jdbc.core.JdbcTemplate [http-nio-8080-exec-8] Executing prepared SQL statement [select token_id, token from oauth_access_token where token_id = ?]
2020-05-03 18:27:10,697 DEBUG org.springframework.jdbc.datasource.DataSourceUtils [http-nio-8080-exec-8] Fetching JDBC Connection from DataSource
2020-05-03 18:27:10,771 DEBUG org.springframework.jdbc.core.JdbcTemplate [http-nio-8080-exec-8] Executing prepared SQL query
2020-05-03 18:27:10,772 DEBUG org.springframework.jdbc.core.JdbcTemplate [http-nio-8080-exec-8] Executing prepared SQL statement [select token_id, token from oauth_access_token where token_id = ?]
2020-05-03 18:27:10,773 DEBUG org.springframework.jdbc.datasource.DataSourceUtils [http-nio-8080-exec-8] Fetching JDBC Connection from DataSource
2020-05-03 18:27:10,781 DEBUG org.springframework.jdbc.core.JdbcTemplate [http-nio-8080-exec-8] Executing prepared SQL query
2020-05-03 18:27:10,781 DEBUG org.springframework.jdbc.core.JdbcTemplate [http-nio-8080-exec-8] Executing prepared SQL statement [select token_id, authentication from oauth_access_token where token_id = ?]
2020-05-03 18:27:10,783 DEBUG org.springframework.jdbc.datasource.DataSourceUtils [http-nio-8080-exec-8] Fetching JDBC Connection from DataSource
2020-05-03 18:27:10,795 DEBUG org.springframework.jdbc.core.JdbcTemplate [http-nio-8080-exec-8] Executing prepared SQL query
2020-05-03 18:27:10,799 DEBUG org.springframework.jdbc.core.JdbcTemplate [http-nio-8080-exec-8] Executing prepared SQL statement [select client_id, client_secret, resource_ids, scope, authorized_grant_types, web_server_redirect_uri, authorities, access_token_validity, refresh_token_validity, additional_information, autoapprove from oauth_client_details where client_id = ?]
2020-05-03 18:27:10,800 DEBUG org.springframework.jdbc.datasource.DataSourceUtils [http-nio-8080-exec-8] Fetching JDBC Connection from DataSource
2020-05-03 18:27:10,834 DEBUG org.springframework.web.servlet.mvc.method.annotation.AbstractMessageConverterMethodProcessor [http-nio-8080-exec-8] Using 'application/json', given [application/json] and supported [application/json, application/*+json, application/json, application/*+json]
2020-05-03 18:27:10,835 DEBUG org.springframework.transaction.support.AbstractPlatformTransactionManager [http-nio-8080-exec-8] Creating new transaction with name [com.surshree.app.services.CustomUserDetailsService.loadUserByUsername]: PROPAGATION_REQUIRED,ISOLATION_DEFAULT
2020-05-03 18:27:10,837 DEBUG org.springframework.orm.jpa.JpaTransactionManager [http-nio-8080-exec-8] Opened new EntityManager [SessionImpl(1736042880<open>)] for JPA transaction
2020-05-03 18:27:10,840 DEBUG org.springframework.orm.jpa.JpaTransactionManager [http-nio-8080-exec-8] Exposing JPA transaction as JDBC [org.springframework.orm.jpa.vendor.HibernateJpaDialect$HibernateConnectionHandle@12966384]
2020-05-03 18:27:10,845 INFO com.surshree.app.services.CustomUserDetailsService [http-nio-8080-exec-8] Granted Authorities --> ROLE_ADMN
2020-05-03 18:27:10,898 INFO com.surshree.app.services.CustomUserDetailsService [http-nio-8080-exec-8] Granted Authorities --> ROLE_CONT
2020-05-03 18:27:10,909 INFO com.surshree.app.services.CustomUserDetailsService [http-nio-8080-exec-8] Granted Authorities --> FUNC_VIEW_ADMIN_MENU
2020-05-03 18:27:10,927 INFO com.surshree.app.services.CustomUserDetailsService [http-nio-8080-exec-8] Granted Authorities --> FUNC_CONT_MENU
2020-05-03 18:27:10,973 INFO com.surshree.app.services.CustomUserDetailsService [http-nio-8080-exec-8] Granted Authorities --> FUNC_CONT_MENU
2020-05-03 18:27:10,978 DEBUG org.springframework.transaction.support.AbstractPlatformTransactionManager [http-nio-8080-exec-8] Initiating transaction commit
2020-05-03 18:27:10,980 DEBUG org.springframework.orm.jpa.JpaTransactionManager [http-nio-8080-exec-8] Committing JPA transaction on EntityManager [SessionImpl(1736042880<open>)]
2020-05-03 18:27:10,985 DEBUG org.springframework.orm.jpa.JpaTransactionManager [http-nio-8080-exec-8] Closing JPA EntityManager [SessionImpl(1736042880<open>)] after transaction
2020-05-03 18:27:10,986 DEBUG org.springframework.core.log.LogFormatUtils [http-nio-8080-exec-8] Writing [{aud=[all], firstName=Admin, lastName=User, user_name=admin, dob=1990-01-01 00:00:00.0, scope=[READ, (truncated)...]
2020-05-03 18:27:10,989 DEBUG org.springframework.security.web.header.writers.HstsHeaderWriter [http-nio-8080-exec-8] Not injecting HSTS header since it did not match the requestMatcher org.springframework.security.web.header.writers.HstsHeaderWriter$SecureRequestMatcher@6adac470
2020-05-03 18:27:10,990 DEBUG org.springframework.web.servlet.FrameworkServlet [http-nio-8080-exec-8] Completed 200 OK
2020-05-03 18:27:10,992 DEBUG org.springframework.security.web.access.ExceptionTranslationFilter [http-nio-8080-exec-8] Chain processed normally
2020-05-03 18:27:10,993 DEBUG org.springframework.security.web.context.SecurityContextPersistenceFilter [http-nio-8080-exec-8] SecurityContextHolder now cleared, as request processing completed
2020-05-03 18:27:11,009 DEBUG org.springframework.security.web.util.matcher.OrRequestMatcher [http-nio-8080-exec-9] Trying to match using Ant [pattern='/oauth/token']
2020-05-03 18:27:11,009 DEBUG org.springframework.security.web.util.matcher.AntPathRequestMatcher [http-nio-8080-exec-9] Checking match of request : '/competitions/active'; against '/oauth/token'
2020-05-03 18:27:11,010 DEBUG org.springframework.security.web.util.matcher.OrRequestMatcher [http-nio-8080-exec-9] Trying to match using Ant [pattern='/oauth/token_key']
2020-05-03 18:27:11,010 DEBUG org.springframework.security.web.util.matcher.AntPathRequestMatcher [http-nio-8080-exec-9] Checking match of request : '/competitions/active'; against '/oauth/token_key'
2020-05-03 18:27:11,010 DEBUG org.springframework.security.web.util.matcher.OrRequestMatcher [http-nio-8080-exec-9] Trying to match using Ant [pattern='/oauth/check_token']
2020-05-03 18:27:11,012 DEBUG org.springframework.security.web.util.matcher.AntPathRequestMatcher [http-nio-8080-exec-9] Checking match of request : '/competitions/active'; against '/oauth/check_token'
2020-05-03 18:27:11,012 DEBUG org.springframework.security.web.util.matcher.OrRequestMatcher [http-nio-8080-exec-9] No matches found
2020-05-03 18:27:11,012 DEBUG org.springframework.security.web.FilterChainProxy$VirtualFilterChain [http-nio-8080-exec-9] /competitions/active at position 1 of 11 in additional filter chain; firing Filter: 'WebAsyncManagerIntegrationFilter'
2020-05-03 18:27:11,013 DEBUG org.springframework.security.web.FilterChainProxy$VirtualFilterChain [http-nio-8080-exec-9] /competitions/active at position 2 of 11 in additional filter chain; firing Filter: 'SecurityContextPersistenceFilter'
2020-05-03 18:27:11,013 DEBUG org.springframework.security.web.FilterChainProxy$VirtualFilterChain [http-nio-8080-exec-9] /competitions/active at position 3 of 11 in additional filter chain; firing Filter: 'HeaderWriterFilter'
2020-05-03 18:27:11,013 DEBUG org.springframework.security.web.FilterChainProxy$VirtualFilterChain [http-nio-8080-exec-9] /competitions/active at position 4 of 11 in additional filter chain; firing Filter: 'LogoutFilter'
2020-05-03 18:27:11,013 DEBUG org.springframework.security.web.util.matcher.OrRequestMatcher [http-nio-8080-exec-9] Trying to match using Ant [pattern='/logout', GET]
2020-05-03 18:27:11,014 DEBUG org.springframework.security.web.util.matcher.AntPathRequestMatcher [http-nio-8080-exec-9] Checking match of request : '/competitions/active'; against '/logout'
2020-05-03 18:27:11,014 DEBUG org.springframework.security.web.util.matcher.OrRequestMatcher [http-nio-8080-exec-9] Trying to match using Ant [pattern='/logout', POST]
2020-05-03 18:27:11,014 DEBUG org.springframework.security.web.util.matcher.AntPathRequestMatcher [http-nio-8080-exec-9] Request 'GET /competitions/active' doesn't match 'POST /logout'
2020-05-03 18:27:11,014 DEBUG org.springframework.security.web.util.matcher.OrRequestMatcher [http-nio-8080-exec-9] Trying to match using Ant [pattern='/logout', PUT]
2020-05-03 18:27:11,015 DEBUG org.springframework.security.web.util.matcher.AntPathRequestMatcher [http-nio-8080-exec-9] Request 'GET /competitions/active' doesn't match 'PUT /logout'
2020-05-03 18:27:11,015 DEBUG org.springframework.security.web.util.matcher.OrRequestMatcher [http-nio-8080-exec-9] Trying to match using Ant [pattern='/logout', DELETE]
2020-05-03 18:27:11,015 DEBUG org.springframework.security.web.util.matcher.AntPathRequestMatcher [http-nio-8080-exec-9] Request 'GET /competitions/active' doesn't match 'DELETE /logout'
2020-05-03 18:27:11,017 DEBUG org.springframework.security.web.util.matcher.OrRequestMatcher [http-nio-8080-exec-9] No matches found
2020-05-03 18:27:11,020 DEBUG org.springframework.security.web.FilterChainProxy$VirtualFilterChain [http-nio-8080-exec-9] /competitions/active at position 5 of 11 in additional filter chain; firing Filter: 'OAuth2AuthenticationProcessingFilter'
2020-05-03 18:27:11,021 DEBUG org.springframework.jdbc.core.JdbcTemplate [http-nio-8080-exec-9] Executing prepared SQL query
2020-05-03 18:27:11,021 DEBUG org.springframework.jdbc.core.JdbcTemplate [http-nio-8080-exec-9] Executing prepared SQL statement [select token_id, token from oauth_access_token where token_id = ?]
2020-05-03 18:27:11,021 DEBUG org.springframework.jdbc.datasource.DataSourceUtils [http-nio-8080-exec-9] Fetching JDBC Connection from DataSource
2020-05-03 18:27:11,047 DEBUG org.springframework.jdbc.core.JdbcTemplate [http-nio-8080-exec-9] Executing prepared SQL query
2020-05-03 18:27:11,048 DEBUG org.springframework.jdbc.core.JdbcTemplate [http-nio-8080-exec-9] Executing prepared SQL statement [select token_id, authentication from oauth_access_token where token_id = ?]
2020-05-03 18:27:11,049 DEBUG org.springframework.jdbc.datasource.DataSourceUtils [http-nio-8080-exec-9] Fetching JDBC Connection from DataSource
2020-05-03 18:27:11,125 DEBUG org.springframework.security.oauth2.provider.authentication.OAuth2AuthenticationProcessingFilter [http-nio-8080-exec-9] Authentication success: org.springframework.security.oauth2.provider.OAuth2Authentication@e2f94861: Principal: admin; Credentials: [PROTECTED]; Authenticated: true; Details: remoteAddress=192.168.43.52, tokenType=BearertokenValue=<TOKEN>; Granted Authorities: ROLE_ADMN, ROLE_CONT, FUNC_VIEW_ADMIN_MENU, FUNC_CONT_MENU, FUNC_CONT_MENU
2020-05-03 18:27:11,126 DEBUG org.springframework.security.web.FilterChainProxy$VirtualFilterChain [http-nio-8080-exec-9] /competitions/active at position 6 of 11 in additional filter chain; firing Filter: 'RequestCacheAwareFilter'
2020-05-03 18:27:11,126 DEBUG org.springframework.security.web.FilterChainProxy$VirtualFilterChain [http-nio-8080-exec-9] /competitions/active at position 7 of 11 in additional filter chain; firing Filter: 'SecurityContextHolderAwareRequestFilter'
2020-05-03 18:27:11,127 DEBUG org.springframework.security.web.FilterChainProxy$VirtualFilterChain [http-nio-8080-exec-9] /competitions/active at position 8 of 11 in additional filter chain; firing Filter: 'AnonymousAuthenticationFilter'
2020-05-03 18:27:11,127 DEBUG org.springframework.security.web.authentication.AnonymousAuthenticationFilter [http-nio-8080-exec-9] SecurityContextHolder not populated with anonymous token, as it already contained: 'org.springframework.security.oauth2.provider.OAuth2Authentication@e2f94861: Principal: admin; Credentials: [PROTECTED]; Authenticated: true; Details: remoteAddress=192.168.43.52, tokenType=BearertokenValue=<TOKEN>; Granted Authorities: ROLE_ADMN, ROLE_CONT, FUNC_VIEW_ADMIN_MENU, FUNC_CONT_MENU, FUNC_CONT_MENU'
2020-05-03 18:27:11,128 DEBUG org.springframework.security.web.FilterChainProxy$VirtualFilterChain [http-nio-8080-exec-9] /competitions/active at position 9 of 11 in additional filter chain; firing Filter: 'SessionManagementFilter'
2020-05-03 18:27:11,129 DEBUG org.springframework.security.web.authentication.session.CompositeSessionAuthenticationStrategy [http-nio-8080-exec-9] Delegating to org.springframework.security.web.authentication.session.ChangeSessionIdAuthenticationStrategy@2be89ba5
2020-05-03 18:27:11,129 DEBUG org.springframework.security.web.FilterChainProxy$VirtualFilterChain [http-nio-8080-exec-9] /competitions/active at position 10 of 11 in additional filter chain; firing Filter: 'ExceptionTranslationFilter'
2020-05-03 18:27:11,144 DEBUG org.springframework.security.web.FilterChainProxy$VirtualFilterChain [http-nio-8080-exec-9] /competitions/active at position 11 of 11 in additional filter chain; firing Filter: 'FilterSecurityInterceptor'
2020-05-03 18:27:11,144 DEBUG org.springframework.security.access.intercept.AbstractSecurityInterceptor [http-nio-8080-exec-9] Secure object: FilterInvocation: URL: /competitions/active; Attributes: [#oauth2.throwOnError(authenticated)]
2020-05-03 18:27:11,145 DEBUG org.springframework.security.access.intercept.AbstractSecurityInterceptor [http-nio-8080-exec-9] Previously Authenticated: org.springframework.security.oauth2.provider.OAuth2Authentication@e2f94861: Principal: admin; Credentials: [PROTECTED]; Authenticated: true; Details: remoteAddress=192.168.43.52, tokenType=BearertokenValue=<TOKEN>; Granted Authorities: ROLE_ADMN, ROLE_CONT, FUNC_VIEW_ADMIN_MENU, FUNC_CONT_MENU, FUNC_CONT_MENU
2020-05-03 18:27:11,145 DEBUG org.springframework.security.access.vote.AffirmativeBased [http-nio-8080-exec-9] Voter: org.springframework.security.web.access.expression.WebExpressionVoter@56f71341, returned: 1
2020-05-03 18:27:11,146 DEBUG org.springframework.security.access.intercept.AbstractSecurityInterceptor [http-nio-8080-exec-9] Authorization successful
2020-05-03 18:27:11,146 DEBUG org.springframework.security.access.intercept.AbstractSecurityInterceptor [http-nio-8080-exec-9] RunAsManager did not change Authentication object
2020-05-03 18:27:11,146 DEBUG org.springframework.security.web.FilterChainProxy$VirtualFilterChain [http-nio-8080-exec-9] /competitions/active reached end of additional filter chain; proceeding with original chain
2020-05-03 18:27:11,147 DEBUG org.springframework.core.log.LogFormatUtils [http-nio-8080-exec-9] GET "/competitions/active", parameters={}
2020-05-03 18:27:11,149 DEBUG org.springframework.web.servlet.handler.AbstractHandlerMapping [http-nio-8080-exec-9] Mapped to com.surshree.app.controllers.CompetitionController#getActiveCompetitions()
2020-05-03 18:27:11,153 DEBUG org.springframework.orm.jpa.support.OpenEntityManagerInViewInterceptor [http-nio-8080-exec-9] Opening JPA EntityManager in OpenEntityManagerInViewInterceptor
2020-05-03 18:27:11,194 DEBUG org.springframework.web.servlet.mvc.method.annotation.AbstractMessageConverterMethodProcessor [http-nio-8080-exec-9] Using 'application/json', given [application/json] and supported [application/json, application/*+json, application/json, application/*+json]
2020-05-03 18:27:11,196 DEBUG org.springframework.core.log.LogFormatUtils [http-nio-8080-exec-9] Writing [[com.surshree.app.models.comp.CompetitionRequestResponseModel@7fe21606, com.surshree.app.models.comp (truncated)...]
2020-05-03 18:27:11,198 DEBUG org.springframework.security.web.header.writers.HstsHeaderWriter [http-nio-8080-exec-9] Not injecting HSTS header since it did not match the requestMatcher org.springframework.security.web.header.writers.HstsHeaderWriter$SecureRequestMatcher@6f31b89b
2020-05-03 18:27:11,201 DEBUG org.springframework.orm.jpa.support.OpenEntityManagerInViewInterceptor [http-nio-8080-exec-9] Closing JPA EntityManager in OpenEntityManagerInViewInterceptor
2020-05-03 18:27:11,202 DEBUG org.springframework.web.servlet.FrameworkServlet [http-nio-8080-exec-9] Completed 200 OK
2020-05-03 18:27:11,202 DEBUG org.springframework.security.web.access.ExceptionTranslationFilter [http-nio-8080-exec-9] Chain processed normally
2020-05-03 18:27:11,203 DEBUG org.springframework.security.web.context.SecurityContextPersistenceFilter [http-nio-8080-exec-9] SecurityContextHolder now cleared, as request processing completed
2020-05-03 18:27:11,271 DEBUG org.springframework.security.web.util.matcher.OrRequestMatcher [http-nio-8080-exec-10] Trying to match using Ant [pattern='/oauth/token']
2020-05-03 18:27:11,272 DEBUG org.springframework.security.web.util.matcher.AntPathRequestMatcher [http-nio-8080-exec-10] Checking match of request : '/competitions/enrollment'; against '/oauth/token'
2020-05-03 18:27:11,273 DEBUG org.springframework.security.web.util.matcher.OrRequestMatcher [http-nio-8080-exec-10] Trying to match using Ant [pattern='/oauth/token_key']
2020-05-03 18:27:11,273 DEBUG org.springframework.security.web.util.matcher.AntPathRequestMatcher [http-nio-8080-exec-10] Checking match of request : '/competitions/enrollment'; against '/oauth/token_key'
2020-05-03 18:27:11,273 DEBUG org.springframework.security.web.util.matcher.OrRequestMatcher [http-nio-8080-exec-10] Trying to match using Ant [pattern='/oauth/check_token']
2020-05-03 18:27:11,274 DEBUG org.springframework.security.web.util.matcher.AntPathRequestMatcher [http-nio-8080-exec-10] Checking match of request : '/competitions/enrollment'; against '/oauth/check_token'
2020-05-03 18:27:11,276 DEBUG org.springframework.security.web.util.matcher.OrRequestMatcher [http-nio-8080-exec-10] No matches found
2020-05-03 18:27:11,277 DEBUG org.springframework.security.web.FilterChainProxy$VirtualFilterChain [http-nio-8080-exec-10] /competitions/enrollment at position 1 of 11 in additional filter chain; firing Filter: 'WebAsyncManagerIntegrationFilter'
2020-05-03 18:27:11,279 DEBUG org.springframework.security.web.FilterChainProxy$VirtualFilterChain [http-nio-8080-exec-10] /competitions/enrollment at position 2 of 11 in additional filter chain; firing Filter: 'SecurityContextPersistenceFilter'
2020-05-03 18:27:11,281 DEBUG org.springframework.security.web.FilterChainProxy$VirtualFilterChain [http-nio-8080-exec-10] /competitions/enrollment at position 3 of 11 in additional filter chain; firing Filter: 'HeaderWriterFilter'
2020-05-03 18:27:11,282 DEBUG org.springframework.security.web.FilterChainProxy$VirtualFilterChain [http-nio-8080-exec-10] /competitions/enrollment at position 4 of 11 in additional filter chain; firing Filter: 'LogoutFilter'
2020-05-03 18:27:11,284 DEBUG org.springframework.security.web.util.matcher.OrRequestMatcher [http-nio-8080-exec-10] Trying to match using Ant [pattern='/logout', GET]
2020-05-03 18:27:11,285 DEBUG org.springframework.security.web.util.matcher.AntPathRequestMatcher [http-nio-8080-exec-10] Checking match of request : '/competitions/enrollment'; against '/logout'
2020-05-03 18:27:11,285 DEBUG org.springframework.security.web.util.matcher.OrRequestMatcher [http-nio-8080-exec-10] Trying to match using Ant [pattern='/logout', POST]
2020-05-03 18:27:11,286 DEBUG org.springframework.security.web.util.matcher.AntPathRequestMatcher [http-nio-8080-exec-10] Request 'GET /competitions/enrollment' doesn't match 'POST /logout'
2020-05-03 18:27:11,287 DEBUG org.springframework.security.web.util.matcher.OrRequestMatcher [http-nio-8080-exec-10] Trying to match using Ant [pattern='/logout', PUT]
2020-05-03 18:27:11,287 DEBUG org.springframework.security.web.util.matcher.AntPathRequestMatcher [http-nio-8080-exec-10] Request 'GET /competitions/enrollment' doesn't match 'PUT /logout'
2020-05-03 18:27:11,288 DEBUG org.springframework.security.web.util.matcher.OrRequestMatcher [http-nio-8080-exec-10] Trying to match using Ant [pattern='/logout', DELETE]
2020-05-03 18:27:11,289 DEBUG org.springframework.security.web.util.matcher.AntPathRequestMatcher [http-nio-8080-exec-10] Request 'GET /competitions/enrollment' doesn't match 'DELETE /logout'
2020-05-03 18:27:11,290 DEBUG org.springframework.security.web.util.matcher.OrRequestMatcher [http-nio-8080-exec-10] No matches found
2020-05-03 18:27:11,290 DEBUG org.springframework.security.web.FilterChainProxy$VirtualFilterChain [http-nio-8080-exec-10] /competitions/enrollment at position 5 of 11 in additional filter chain; firing Filter: 'OAuth2AuthenticationProcessingFilter'
2020-05-03 18:27:11,291 DEBUG org.springframework.jdbc.core.JdbcTemplate [http-nio-8080-exec-10] Executing prepared SQL query
2020-05-03 18:27:11,292 DEBUG org.springframework.jdbc.core.JdbcTemplate [http-nio-8080-exec-10] Executing prepared SQL statement [select token_id, token from oauth_access_token where token_id = ?]
2020-05-03 18:27:11,292 DEBUG org.springframework.jdbc.datasource.DataSourceUtils [http-nio-8080-exec-10] Fetching JDBC Connection from DataSource
2020-05-03 18:27:11,299 DEBUG org.springframework.jdbc.core.JdbcTemplate [http-nio-8080-exec-10] Executing prepared SQL query
2020-05-03 18:27:11,300 DEBUG org.springframework.jdbc.core.JdbcTemplate [http-nio-8080-exec-10] Executing prepared SQL statement [select token_id, authentication from oauth_access_token where token_id = ?]
2020-05-03 18:27:11,300 DEBUG org.springframework.jdbc.datasource.DataSourceUtils [http-nio-8080-exec-10] Fetching JDBC Connection from DataSource
2020-05-03 18:27:11,308 DEBUG org.springframework.security.oauth2.provider.authentication.OAuth2AuthenticationProcessingFilter [http-nio-8080-exec-10] Authentication success: org.springframework.security.oauth2.provider.OAuth2Authentication@e2f94861: Principal: admin; Credentials: [PROTECTED]; Authenticated: true; Details: remoteAddress=192.168.43.52, tokenType=BearertokenValue=<TOKEN>; Granted Authorities: ROLE_ADMN, ROLE_CONT, FUNC_VIEW_ADMIN_MENU, FUNC_CONT_MENU, FUNC_CONT_MENU
2020-05-03 18:27:11,310 DEBUG org.springframework.security.web.FilterChainProxy$VirtualFilterChain [http-nio-8080-exec-10] /competitions/enrollment at position 6 of 11 in additional filter chain; firing Filter: 'RequestCacheAwareFilter'
2020-05-03 18:27:11,311 DEBUG org.springframework.security.web.FilterChainProxy$VirtualFilterChain [http-nio-8080-exec-10] /competitions/enrollment at position 7 of 11 in additional filter chain; firing Filter: 'SecurityContextHolderAwareRequestFilter'
2020-05-03 18:27:11,311 DEBUG org.springframework.security.web.FilterChainProxy$VirtualFilterChain [http-nio-8080-exec-10] /competitions/enrollment at position 8 of 11 in additional filter chain; firing Filter: 'AnonymousAuthenticationFilter'
2020-05-03 18:27:11,311 DEBUG org.springframework.security.web.authentication.AnonymousAuthenticationFilter [http-nio-8080-exec-10] SecurityContextHolder not populated with anonymous token, as it already contained: 'org.springframework.security.oauth2.provider.OAuth2Authentication@e2f94861: Principal: admin; Credentials: [PROTECTED]; Authenticated: true; Details: remoteAddress=192.168.43.52, tokenType=BearertokenValue=<TOKEN>; Granted Authorities: ROLE_ADMN, ROLE_CONT, FUNC_VIEW_ADMIN_MENU, FUNC_CONT_MENU, FUNC_CONT_MENU'
2020-05-03 18:27:11,312 DEBUG org.springframework.security.web.FilterChainProxy$VirtualFilterChain [http-nio-8080-exec-10] /competitions/enrollment at position 9 of 11 in additional filter chain; firing Filter: 'SessionManagementFilter'
2020-05-03 18:27:11,313 DEBUG org.springframework.security.web.authentication.session.CompositeSessionAuthenticationStrategy [http-nio-8080-exec-10] Delegating to org.springframework.security.web.authentication.session.ChangeSessionIdAuthenticationStrategy@2be89ba5
2020-05-03 18:27:11,313 DEBUG org.springframework.security.web.FilterChainProxy$VirtualFilterChain [http-nio-8080-exec-10] /competitions/enrollment at position 10 of 11 in additional filter chain; firing Filter: 'ExceptionTranslationFilter'
2020-05-03 18:27:11,314 DEBUG org.springframework.security.web.FilterChainProxy$VirtualFilterChain [http-nio-8080-exec-10] /competitions/enrollment at position 11 of 11 in additional filter chain; firing Filter: 'FilterSecurityInterceptor'
2020-05-03 18:27:11,315 DEBUG org.springframework.security.access.intercept.AbstractSecurityInterceptor [http-nio-8080-exec-10] Secure object: FilterInvocation: URL: /competitions/enrollment; Attributes: [#oauth2.throwOnError(authenticated)]
2020-05-03 18:27:11,316 DEBUG org.springframework.security.access.intercept.AbstractSecurityInterceptor [http-nio-8080-exec-10] Previously Authenticated: org.springframework.security.oauth2.provider.OAuth2Authentication@e2f94861: Principal: admin; Credentials: [PROTECTED]; Authenticated: true; Details: remoteAddress=192.168.43.52, tokenType=BearertokenValue=<TOKEN>; Granted Authorities: ROLE_ADMN, ROLE_CONT, FUNC_VIEW_ADMIN_MENU, FUNC_CONT_MENU, FUNC_CONT_MENU
2020-05-03 18:27:11,317 DEBUG org.springframework.security.access.vote.AffirmativeBased [http-nio-8080-exec-10] Voter: org.springframework.security.web.access.expression.WebExpressionVoter@56f71341, returned: 1
2020-05-03 18:27:11,319 DEBUG org.springframework.security.access.intercept.AbstractSecurityInterceptor [http-nio-8080-exec-10] Authorization successful
2020-05-03 18:27:11,320 DEBUG org.springframework.security.access.intercept.AbstractSecurityInterceptor [http-nio-8080-exec-10] RunAsManager did not change Authentication object
2020-05-03 18:27:11,321 DEBUG org.springframework.security.web.FilterChainProxy$VirtualFilterChain [http-nio-8080-exec-10] /competitions/enrollment reached end of additional filter chain; proceeding with original chain
2020-05-03 18:27:11,322 DEBUG org.springframework.core.log.LogFormatUtils [http-nio-8080-exec-10] GET "/competitions/enrollment", parameters={}
2020-05-03 18:27:11,322 DEBUG org.springframework.web.servlet.handler.AbstractHandlerMapping [http-nio-8080-exec-10] Mapped to com.surshree.app.controllers.CompetitionController#getEnrolledCompetition()
2020-05-03 18:27:11,323 DEBUG org.springframework.orm.jpa.support.OpenEntityManagerInViewInterceptor [http-nio-8080-exec-10] Opening JPA EntityManager in OpenEntityManagerInViewInterceptor
2020-05-03 18:27:11,324 DEBUG org.springframework.orm.jpa.JpaTransactionManager [http-nio-8080-exec-10] Found thread-bound EntityManager [SessionImpl(1279140064<open>)] for JPA transaction
2020-05-03 18:27:11,325 DEBUG org.springframework.transaction.support.AbstractPlatformTransactionManager [http-nio-8080-exec-10] Creating new transaction with name [com.surshree.app.services.CustomUserDetailsService.loadUserByUsername]: PROPAGATION_REQUIRED,ISOLATION_DEFAULT
2020-05-03 18:27:11,326 DEBUG org.springframework.orm.jpa.JpaTransactionManager [http-nio-8080-exec-10] Exposing JPA transaction as JDBC [org.springframework.orm.jpa.vendor.HibernateJpaDialect$HibernateConnectionHandle@51169626]
2020-05-03 18:27:11,327 INFO com.surshree.app.services.CustomUserDetailsService [http-nio-8080-exec-10] Granted Authorities --> ROLE_ADMN
2020-05-03 18:27:11,327 INFO com.surshree.app.services.CustomUserDetailsService [http-nio-8080-exec-10] Granted Authorities --> ROLE_CONT
2020-05-03 18:27:11,327 INFO com.surshree.app.services.CustomUserDetailsService [http-nio-8080-exec-10] Granted Authorities --> FUNC_VIEW_ADMIN_MENU
2020-05-03 18:27:11,328 INFO com.surshree.app.services.CustomUserDetailsService [http-nio-8080-exec-10] Granted Authorities --> FUNC_CONT_MENU
2020-05-03 18:27:11,329 INFO com.surshree.app.services.CustomUserDetailsService [http-nio-8080-exec-10] Granted Authorities --> FUNC_CONT_MENU
2020-05-03 18:27:11,331 DEBUG org.springframework.transaction.support.AbstractPlatformTransactionManager [http-nio-8080-exec-10] Initiating transaction commit
2020-05-03 18:27:11,333 DEBUG org.springframework.orm.jpa.JpaTransactionManager [http-nio-8080-exec-10] Committing JPA transaction on EntityManager [SessionImpl(1279140064<open>)]
2020-05-03 18:27:11,333 DEBUG org.springframework.orm.jpa.JpaTransactionManager [http-nio-8080-exec-10] Not closing pre-bound JPA EntityManager after transaction
2020-05-03 18:27:11,385 DEBUG org.springframework.web.servlet.mvc.method.annotation.AbstractMessageConverterMethodProcessor [http-nio-8080-exec-10] Using 'application/json', given [application/json] and supported [application/json, application/*+json, application/json, application/*+json]
2020-05-03 18:27:11,387 DEBUG org.springframework.core.log.LogFormatUtils [http-nio-8080-exec-10] Writing [[com.surshree.app.models.comp.EnrollmentResponse@1c465891, com.surshree.app.models.comp.EnrollmentRe (truncated)...]
2020-05-03 18:27:11,398 DEBUG org.springframework.security.web.header.writers.HstsHeaderWriter [http-nio-8080-exec-10] Not injecting HSTS header since it did not match the requestMatcher org.springframework.security.web.header.writers.HstsHeaderWriter$SecureRequestMatcher@6f31b89b
2020-05-03 18:27:11,402 DEBUG org.springframework.orm.jpa.support.OpenEntityManagerInViewInterceptor [http-nio-8080-exec-10] Closing JPA EntityManager in OpenEntityManagerInViewInterceptor
2020-05-03 18:27:11,403 DEBUG org.springframework.web.servlet.FrameworkServlet [http-nio-8080-exec-10] Completed 200 OK
2020-05-03 18:27:11,404 DEBUG org.springframework.security.web.access.ExceptionTranslationFilter [http-nio-8080-exec-10] Chain processed normally
2020-05-03 18:27:11,404 DEBUG org.springframework.security.web.context.SecurityContextPersistenceFilter [http-nio-8080-exec-10] SecurityContextHolder now cleared, as request processing completed
2020-05-03 18:27:12,076 DEBUG org.springframework.security.web.util.matcher.OrRequestMatcher [http-nio-8080-exec-1] Trying to match using Ant [pattern='/oauth/token']
2020-05-03 18:27:12,076 DEBUG org.springframework.security.web.util.matcher.AntPathRequestMatcher [http-nio-8080-exec-1] Checking match of request : '/competitions/active'; against '/oauth/token'
2020-05-03 18:27:12,076 DEBUG org.springframework.security.web.util.matcher.OrRequestMatcher [http-nio-8080-exec-1] Trying to match using Ant [pattern='/oauth/token_key']
2020-05-03 18:27:12,077 DEBUG org.springframework.security.web.util.matcher.AntPathRequestMatcher [http-nio-8080-exec-1] Checking match of request : '/competitions/active'; against '/oauth/token_key'
2020-05-03 18:27:12,077 DEBUG org.springframework.security.web.util.matcher.OrRequestMatcher [http-nio-8080-exec-1] Trying to match using Ant [pattern='/oauth/check_token']
2020-05-03 18:27:12,077 DEBUG org.springframework.security.web.util.matcher.AntPathRequestMatcher [http-nio-8080-exec-1] Checking match of request : '/competitions/active'; against '/oauth/check_token'
2020-05-03 18:27:12,078 DEBUG org.springframework.security.web.util.matcher.OrRequestMatcher [http-nio-8080-exec-1] No matches found
2020-05-03 18:27:12,079 DEBUG org.springframework.security.web.FilterChainProxy$VirtualFilterChain [http-nio-8080-exec-1] /competitions/active at position 1 of 11 in additional filter chain; firing Filter: 'WebAsyncManagerIntegrationFilter'
2020-05-03 18:27:12,081 DEBUG org.springframework.security.web.FilterChainProxy$VirtualFilterChain [http-nio-8080-exec-1] /competitions/active at position 2 of 11 in additional filter chain; firing Filter: 'SecurityContextPersistenceFilter'
2020-05-03 18:27:12,082 DEBUG org.springframework.security.web.FilterChainProxy$VirtualFilterChain [http-nio-8080-exec-1] /competitions/active at position 3 of 11 in additional filter chain; firing Filter: 'HeaderWriterFilter'
2020-05-03 18:27:12,082 DEBUG org.springframework.security.web.FilterChainProxy$VirtualFilterChain [http-nio-8080-exec-1] /competitions/active at position 4 of 11 in additional filter chain; firing Filter: 'LogoutFilter'
2020-05-03 18:27:12,083 DEBUG org.springframework.security.web.util.matcher.OrRequestMatcher [http-nio-8080-exec-1] Trying to match using Ant [pattern='/logout', GET]
2020-05-03 18:27:12,083 DEBUG org.springframework.security.web.util.matcher.AntPathRequestMatcher [http-nio-8080-exec-1] Checking match of request : '/competitions/active'; against '/logout'
2020-05-03 18:27:12,083 DEBUG org.springframework.security.web.util.matcher.OrRequestMatcher [http-nio-8080-exec-1] Trying to match using Ant [pattern='/logout', POST]
2020-05-03 18:27:12,083 DEBUG org.springframework.security.web.util.matcher.AntPathRequestMatcher [http-nio-8080-exec-1] Request 'GET /competitions/active' doesn't match 'POST /logout'
2020-05-03 18:27:12,083 DEBUG org.springframework.security.web.util.matcher.OrRequestMatcher [http-nio-8080-exec-1] Trying to match using Ant [pattern='/logout', PUT]
2020-05-03 18:27:12,084 DEBUG org.springframework.security.web.util.matcher.AntPathRequestMatcher [http-nio-8080-exec-1] Request 'GET /competitions/active' doesn't match 'PUT /logout'
2020-05-03 18:27:12,084 DEBUG org.springframework.security.web.util.matcher.OrRequestMatcher [http-nio-8080-exec-1] Trying to match using Ant [pattern='/logout', DELETE]
2020-05-03 18:27:12,084 DEBUG org.springframework.security.web.util.matcher.AntPathRequestMatcher [http-nio-8080-exec-1] Request 'GET /competitions/active' doesn't match 'DELETE /logout'
2020-05-03 18:27:12,085 DEBUG org.springframework.security.web.util.matcher.OrRequestMatcher [http-nio-8080-exec-1] No matches found
2020-05-03 18:27:12,085 DEBUG org.springframework.security.web.FilterChainProxy$VirtualFilterChain [http-nio-8080-exec-1] /competitions/active at position 5 of 11 in additional filter chain; firing Filter: 'OAuth2AuthenticationProcessingFilter'
2020-05-03 18:27:12,085 DEBUG org.springframework.jdbc.core.JdbcTemplate [http-nio-8080-exec-1] Executing prepared SQL query
2020-05-03 18:27:12,086 DEBUG org.springframework.jdbc.core.JdbcTemplate [http-nio-8080-exec-1] Executing prepared SQL statement [select token_id, token from oauth_access_token where token_id = ?]
2020-05-03 18:27:12,086 DEBUG org.springframework.jdbc.datasource.DataSourceUtils [http-nio-8080-exec-1] Fetching JDBC Connection from DataSource
2020-05-03 18:27:12,093 DEBUG org.springframework.jdbc.core.JdbcTemplate [http-nio-8080-exec-1] Executing prepared SQL query
2020-05-03 18:27:12,093 DEBUG org.springframework.jdbc.core.JdbcTemplate [http-nio-8080-exec-1] Executing prepared SQL statement [select token_id, authentication from oauth_access_token where token_id = ?]
2020-05-03 18:27:12,093 DEBUG org.springframework.jdbc.datasource.DataSourceUtils [http-nio-8080-exec-1] Fetching JDBC Connection from DataSource
2020-05-03 18:27:12,099 DEBUG org.springframework.security.oauth2.provider.authentication.OAuth2AuthenticationProcessingFilter [http-nio-8080-exec-1] Authentication success: org.springframework.security.oauth2.provider.OAuth2Authentication@e2f94861: Principal: admin; Credentials: [PROTECTED]; Authenticated: true; Details: remoteAddress=192.168.43.52, tokenType=BearertokenValue=<TOKEN>; Granted Authorities: ROLE_ADMN, ROLE_CONT, FUNC_VIEW_ADMIN_MENU, FUNC_CONT_MENU, FUNC_CONT_MENU
2020-05-03 18:27:12,099 DEBUG org.springframework.security.web.FilterChainProxy$VirtualFilterChain [http-nio-8080-exec-1] /competitions/active at position 6 of 11 in additional filter chain; firing Filter: 'RequestCacheAwareFilter'
2020-05-03 18:27:12,100 DEBUG org.springframework.security.web.FilterChainProxy$VirtualFilterChain [http-nio-8080-exec-1] /competitions/active at position 7 of 11 in additional filter chain; firing Filter: 'SecurityContextHolderAwareRequestFilter'
2020-05-03 18:27:12,100 DEBUG org.springframework.security.web.FilterChainProxy$VirtualFilterChain [http-nio-8080-exec-1] /competitions/active at position 8 of 11 in additional filter chain; firing Filter: 'AnonymousAuthenticationFilter'
2020-05-03 18:27:12,101 DEBUG org.springframework.security.web.authentication.AnonymousAuthenticationFilter [http-nio-8080-exec-1] SecurityContextHolder not populated with anonymous token, as it already contained: 'org.springframework.security.oauth2.provider.OAuth2Authentication@e2f94861: Principal: admin; Credentials: [PROTECTED]; Authenticated: true; Details: remoteAddress=192.168.43.52, tokenType=BearertokenValue=<TOKEN>; Granted Authorities: ROLE_ADMN, ROLE_CONT, FUNC_VIEW_ADMIN_MENU, FUNC_CONT_MENU, FUNC_CONT_MENU'
2020-05-03 18:27:12,102 DEBUG org.springframework.security.web.FilterChainProxy$VirtualFilterChain [http-nio-8080-exec-1] /competitions/active at position 9 of 11 in additional filter chain; firing Filter: 'SessionManagementFilter'
2020-05-03 18:27:12,102 DEBUG org.springframework.security.web.authentication.session.CompositeSessionAuthenticationStrategy [http-nio-8080-exec-1] Delegating to org.springframework.security.web.authentication.session.ChangeSessionIdAuthenticationStrategy@2be89ba5
2020-05-03 18:27:12,103 DEBUG org.springframework.security.web.FilterChainProxy$VirtualFilterChain [http-nio-8080-exec-1] /competitions/active at position 10 of 11 in additional filter chain; firing Filter: 'ExceptionTranslationFilter'
2020-05-03 18:27:12,103 DEBUG org.springframework.security.web.FilterChainProxy$VirtualFilterChain [http-nio-8080-exec-1] /competitions/active at position 11 of 11 in additional filter chain; firing Filter: 'FilterSecurityInterceptor'
2020-05-03 18:27:12,104 DEBUG org.springframework.security.access.intercept.AbstractSecurityInterceptor [http-nio-8080-exec-1] Secure object: FilterInvocation: URL: /competitions/active; Attributes: [#oauth2.throwOnError(authenticated)]
2020-05-03 18:27:12,109 DEBUG org.springframework.security.access.intercept.AbstractSecurityInterceptor [http-nio-8080-exec-1] Previously Authenticated: org.springframework.security.oauth2.provider.OAuth2Authentication@e2f94861: Principal: admin; Credentials: [PROTECTED]; Authenticated: true; Details: remoteAddress=192.168.43.52, tokenType=BearertokenValue=<TOKEN>; Granted Authorities: ROLE_ADMN, ROLE_CONT, FUNC_VIEW_ADMIN_MENU, FUNC_CONT_MENU, FUNC_CONT_MENU
2020-05-03 18:27:12,127 DEBUG org.springframework.security.access.vote.AffirmativeBased [http-nio-8080-exec-1] Voter: org.springframework.security.web.access.expression.WebExpressionVoter@56f71341, returned: 1
2020-05-03 18:27:12,127 DEBUG org.springframework.security.access.intercept.AbstractSecurityInterceptor [http-nio-8080-exec-1] Authorization successful
2020-05-03 18:27:12,127 DEBUG org.springframework.security.access.intercept.AbstractSecurityInterceptor [http-nio-8080-exec-1] RunAsManager did not change Authentication object
2020-05-03 18:27:12,128 DEBUG org.springframework.security.web.FilterChainProxy$VirtualFilterChain [http-nio-8080-exec-1] /competitions/active reached end of additional filter chain; proceeding with original chain
2020-05-03 18:27:12,129 DEBUG org.springframework.core.log.LogFormatUtils [http-nio-8080-exec-1] GET "/competitions/active", parameters={}
2020-05-03 18:27:12,134 DEBUG org.springframework.web.servlet.handler.AbstractHandlerMapping [http-nio-8080-exec-1] Mapped to com.surshree.app.controllers.CompetitionController#getActiveCompetitions()
2020-05-03 18:27:12,140 DEBUG org.springframework.orm.jpa.support.OpenEntityManagerInViewInterceptor [http-nio-8080-exec-1] Opening JPA EntityManager in OpenEntityManagerInViewInterceptor
2020-05-03 18:27:12,154 DEBUG org.springframework.web.servlet.mvc.method.annotation.AbstractMessageConverterMethodProcessor [http-nio-8080-exec-1] Using 'application/json', given [application/json] and supported [application/json, application/*+json, application/json, application/*+json]
2020-05-03 18:27:12,157 DEBUG org.springframework.core.log.LogFormatUtils [http-nio-8080-exec-1] Writing [[com.surshree.app.models.comp.CompetitionRequestResponseModel@3dcf676b, com.surshree.app.models.comp (truncated)...]
2020-05-03 18:27:12,202 DEBUG org.springframework.security.web.header.writers.HstsHeaderWriter [http-nio-8080-exec-1] Not injecting HSTS header since it did not match the requestMatcher org.springframework.security.web.header.writers.HstsHeaderWriter$SecureRequestMatcher@6f31b89b
2020-05-03 18:27:12,210 DEBUG org.springframework.orm.jpa.support.OpenEntityManagerInViewInterceptor [http-nio-8080-exec-1] Closing JPA EntityManager in OpenEntityManagerInViewInterceptor
2020-05-03 18:27:12,211 DEBUG org.springframework.web.servlet.FrameworkServlet [http-nio-8080-exec-1] Completed 200 OK
2020-05-03 18:27:12,227 DEBUG org.springframework.security.web.access.ExceptionTranslationFilter [http-nio-8080-exec-1] Chain processed normally
2020-05-03 18:27:12,228 DEBUG org.springframework.security.web.context.SecurityContextPersistenceFilter [http-nio-8080-exec-1] SecurityContextHolder now cleared, as request processing completed
2020-05-03 18:27:12,257 DEBUG org.springframework.security.web.util.matcher.OrRequestMatcher [http-nio-8080-exec-2] Trying to match using Ant [pattern='/oauth/token']
2020-05-03 18:27:12,257 DEBUG org.springframework.security.web.util.matcher.AntPathRequestMatcher [http-nio-8080-exec-2] Checking match of request : '/competitions/enrollment'; against '/oauth/token'
2020-05-03 18:27:12,258 DEBUG org.springframework.security.web.util.matcher.OrRequestMatcher [http-nio-8080-exec-2] Trying to match using Ant [pattern='/oauth/token_key']
2020-05-03 18:27:12,259 DEBUG org.springframework.security.web.util.matcher.AntPathRequestMatcher [http-nio-8080-exec-2] Checking match of request : '/competitions/enrollment'; against '/oauth/token_key'
2020-05-03 18:27:12,260 DEBUG org.springframework.security.web.util.matcher.OrRequestMatcher [http-nio-8080-exec-2] Trying to match using Ant [pattern='/oauth/check_token']
2020-05-03 18:27:12,261 DEBUG org.springframework.security.web.util.matcher.AntPathRequestMatcher [http-nio-8080-exec-2] Checking match of request : '/competitions/enrollment'; against '/oauth/check_token'
2020-05-03 18:27:12,262 DEBUG org.springframework.security.web.util.matcher.OrRequestMatcher [http-nio-8080-exec-2] No matches found
2020-05-03 18:27:12,262 DEBUG org.springframework.security.web.FilterChainProxy$VirtualFilterChain [http-nio-8080-exec-2] /competitions/enrollment at position 1 of 11 in additional filter chain; firing Filter: 'WebAsyncManagerIntegrationFilter'
2020-05-03 18:27:12,264 DEBUG org.springframework.security.web.FilterChainProxy$VirtualFilterChain [http-nio-8080-exec-2] /competitions/enrollment at position 2 of 11 in additional filter chain; firing Filter: 'SecurityContextPersistenceFilter'
2020-05-03 18:27:12,265 DEBUG org.springframework.security.web.FilterChainProxy$VirtualFilterChain [http-nio-8080-exec-2] /competitions/enrollment at position 3 of 11 in additional filter chain; firing Filter: 'HeaderWriterFilter'
2020-05-03 18:27:12,266 DEBUG org.springframework.security.web.FilterChainProxy$VirtualFilterChain [http-nio-8080-exec-2] /competitions/enrollment at position 4 of 11 in additional filter chain; firing Filter: 'LogoutFilter'
2020-05-03 18:27:12,267 DEBUG org.springframework.security.web.util.matcher.OrRequestMatcher [http-nio-8080-exec-2] Trying to match using Ant [pattern='/logout', GET]
2020-05-03 18:27:12,268 DEBUG org.springframework.security.web.util.matcher.AntPathRequestMatcher [http-nio-8080-exec-2] Checking match of request : '/competitions/enrollment'; against '/logout'
2020-05-03 18:27:12,270 DEBUG org.springframework.security.web.util.matcher.OrRequestMatcher [http-nio-8080-exec-2] Trying to match using Ant [pattern='/logout', POST]
2020-05-03 18:27:12,271 DEBUG org.springframework.security.web.util.matcher.AntPathRequestMatcher [http-nio-8080-exec-2] Request 'GET /competitions/enrollment' doesn't match 'POST /logout'
2020-05-03 18:27:12,273 DEBUG org.springframework.security.web.util.matcher.OrRequestMatcher [http-nio-8080-exec-2] Trying to match using Ant [pattern='/logout', PUT]
2020-05-03 18:27:12,274 DEBUG org.springframework.security.web.util.matcher.AntPathRequestMatcher [http-nio-8080-exec-2] Request 'GET /competitions/enrollment' doesn't match 'PUT /logout'
2020-05-03 18:27:12,275 DEBUG org.springframework.security.web.util.matcher.OrRequestMatcher [http-nio-8080-exec-2] Trying to match using Ant [pattern='/logout', DELETE]
2020-05-03 18:27:12,275 DEBUG org.springframework.security.web.util.matcher.AntPathRequestMatcher [http-nio-8080-exec-2] Request 'GET /competitions/enrollment' doesn't match 'DELETE /logout'
2020-05-03 18:27:12,276 DEBUG org.springframework.security.web.util.matcher.OrRequestMatcher [http-nio-8080-exec-2] No matches found
2020-05-03 18:27:12,276 DEBUG org.springframework.security.web.FilterChainProxy$VirtualFilterChain [http-nio-8080-exec-2] /competitions/enrollment at position 5 of 11 in additional filter chain; firing Filter: 'OAuth2AuthenticationProcessingFilter'
2020-05-03 18:27:12,278 DEBUG org.springframework.jdbc.core.JdbcTemplate [http-nio-8080-exec-2] Executing prepared SQL query
2020-05-03 18:27:12,278 DEBUG org.springframework.jdbc.core.JdbcTemplate [http-nio-8080-exec-2] Executing prepared SQL statement [select token_id, token from oauth_access_token where token_id = ?]
2020-05-03 18:27:12,280 DEBUG org.springframework.jdbc.datasource.DataSourceUtils [http-nio-8080-exec-2] Fetching JDBC Connection from DataSource
2020-05-03 18:27:12,289 DEBUG org.springframework.jdbc.core.JdbcTemplate [http-nio-8080-exec-2] Executing prepared SQL query
2020-05-03 18:27:12,290 DEBUG org.springframework.jdbc.core.JdbcTemplate [http-nio-8080-exec-2] Executing prepared SQL statement [select token_id, authentication from oauth_access_token where token_id = ?]
2020-05-03 18:27:12,291 DEBUG org.springframework.jdbc.datasource.DataSourceUtils [http-nio-8080-exec-2] Fetching JDBC Connection from DataSource
2020-05-03 18:27:12,306 DEBUG org.springframework.security.oauth2.provider.authentication.OAuth2AuthenticationProcessingFilter [http-nio-8080-exec-2] Authentication success: org.springframework.security.oauth2.provider.OAuth2Authentication@e2f94861: Principal: admin; Credentials: [PROTECTED]; Authenticated: true; Details: remoteAddress=192.168.43.52, tokenType=BearertokenValue=<TOKEN>; Granted Authorities: ROLE_ADMN, ROLE_CONT, FUNC_VIEW_ADMIN_MENU, FUNC_CONT_MENU, FUNC_CONT_MENU
2020-05-03 18:27:12,307 DEBUG org.springframework.security.web.FilterChainProxy$VirtualFilterChain [http-nio-8080-exec-2] /competitions/enrollment at position 6 of 11 in additional filter chain; firing Filter: 'RequestCacheAwareFilter'
2020-05-03 18:27:12,307 DEBUG org.springframework.security.web.FilterChainProxy$VirtualFilterChain [http-nio-8080-exec-2] /competitions/enrollment at position 7 of 11 in additional filter chain; firing Filter: 'SecurityContextHolderAwareRequestFilter'
2020-05-03 18:27:12,307 DEBUG org.springframework.security.web.FilterChainProxy$VirtualFilterChain [http-nio-8080-exec-2] /competitions/enrollment at position 8 of 11 in additional filter chain; firing Filter: 'AnonymousAuthenticationFilter'
2020-05-03 18:27:12,308 DEBUG org.springframework.security.web.authentication.AnonymousAuthenticationFilter [http-nio-8080-exec-2] SecurityContextHolder not populated with anonymous token, as it already contained: 'org.springframework.security.oauth2.provider.OAuth2Authentication@e2f94861: Principal: admin; Credentials: [PROTECTED]; Authenticated: true; Details: remoteAddress=192.168.43.52, tokenType=BearertokenValue=<TOKEN>; Granted Authorities: ROLE_ADMN, ROLE_CONT, FUNC_VIEW_ADMIN_MENU, FUNC_CONT_MENU, FUNC_CONT_MENU'
2020-05-03 18:27:12,310 DEBUG org.springframework.security.web.FilterChainProxy$VirtualFilterChain [http-nio-8080-exec-2] /competitions/enrollment at position 9 of 11 in additional filter chain; firing Filter: 'SessionManagementFilter'
2020-05-03 18:27:12,310 DEBUG org.springframework.security.web.authentication.session.CompositeSessionAuthenticationStrategy [http-nio-8080-exec-2] Delegating to org.springframework.security.web.authentication.session.ChangeSessionIdAuthenticationStrategy@2be89ba5
2020-05-03 18:27:12,310 DEBUG org.springframework.security.web.FilterChainProxy$VirtualFilterChain [http-nio-8080-exec-2] /competitions/enrollment at position 10 of 11 in additional filter chain; firing Filter: 'ExceptionTranslationFilter'
2020-05-03 18:27:12,311 DEBUG org.springframework.security.web.FilterChainProxy$VirtualFilterChain [http-nio-8080-exec-2] /competitions/enrollment at position 11 of 11 in additional filter chain; firing Filter: 'FilterSecurityInterceptor'
2020-05-03 18:27:12,311 DEBUG org.springframework.security.access.intercept.AbstractSecurityInterceptor [http-nio-8080-exec-2] Secure object: FilterInvocation: URL: /competitions/enrollment; Attributes: [#oauth2.throwOnError(authenticated)]
2020-05-03 18:27:12,311 DEBUG org.springframework.security.access.intercept.AbstractSecurityInterceptor [http-nio-8080-exec-2] Previously Authenticated: org.springframework.security.oauth2.provider.OAuth2Authentication@e2f94861: Principal: admin; Credentials: [PROTECTED]; Authenticated: true; Details: remoteAddress=192.168.43.52, tokenType=BearertokenValue=<TOKEN>; Granted Authorities: ROLE_ADMN, ROLE_CONT, FUNC_VIEW_ADMIN_MENU, FUNC_CONT_MENU, FUNC_CONT_MENU
2020-05-03 18:27:12,313 DEBUG org.springframework.security.access.vote.AffirmativeBased [http-nio-8080-exec-2] Voter: org.springframework.security.web.access.expression.WebExpressionVoter@56f71341, returned: 1
2020-05-03 18:27:12,314 DEBUG org.springframework.security.access.intercept.AbstractSecurityInterceptor [http-nio-8080-exec-2] Authorization successful
2020-05-03 18:27:12,314 DEBUG org.springframework.security.access.intercept.AbstractSecurityInterceptor [http-nio-8080-exec-2] RunAsManager did not change Authentication object
2020-05-03 18:27:12,314 DEBUG org.springframework.security.web.FilterChainProxy$VirtualFilterChain [http-nio-8080-exec-2] /competitions/enrollment reached end of additional filter chain; proceeding with original chain
2020-05-03 18:27:12,315 DEBUG org.springframework.core.log.LogFormatUtils [http-nio-8080-exec-2] GET "/competitions/enrollment", parameters={}
2020-05-03 18:27:12,316 DEBUG org.springframework.web.servlet.handler.AbstractHandlerMapping [http-nio-8080-exec-2] Mapped to com.surshree.app.controllers.CompetitionController#getEnrolledCompetition()
2020-05-03 18:27:12,317 DEBUG org.springframework.orm.jpa.support.OpenEntityManagerInViewInterceptor [http-nio-8080-exec-2] Opening JPA EntityManager in OpenEntityManagerInViewInterceptor
2020-05-03 18:27:12,318 DEBUG org.springframework.orm.jpa.JpaTransactionManager [http-nio-8080-exec-2] Found thread-bound EntityManager [SessionImpl(391796384<open>)] for JPA transaction
2020-05-03 18:27:12,319 DEBUG org.springframework.transaction.support.AbstractPlatformTransactionManager [http-nio-8080-exec-2] Creating new transaction with name [com.surshree.app.services.CustomUserDetailsService.loadUserByUsername]: PROPAGATION_REQUIRED,ISOLATION_DEFAULT
2020-05-03 18:27:12,320 DEBUG org.springframework.orm.jpa.JpaTransactionManager [http-nio-8080-exec-2] Exposing JPA transaction as JDBC [org.springframework.orm.jpa.vendor.HibernateJpaDialect$HibernateConnectionHandle@2c490964]
2020-05-03 18:27:12,321 INFO com.surshree.app.services.CustomUserDetailsService [http-nio-8080-exec-2] Granted Authorities --> ROLE_ADMN
2020-05-03 18:27:12,321 INFO com.surshree.app.services.CustomUserDetailsService [http-nio-8080-exec-2] Granted Authorities --> ROLE_CONT
2020-05-03 18:27:12,321 INFO com.surshree.app.services.CustomUserDetailsService [http-nio-8080-exec-2] Granted Authorities --> FUNC_VIEW_ADMIN_MENU
2020-05-03 18:27:12,322 INFO com.surshree.app.services.CustomUserDetailsService [http-nio-8080-exec-2] Granted Authorities --> FUNC_CONT_MENU
2020-05-03 18:27:12,322 INFO com.surshree.app.services.CustomUserDetailsService [http-nio-8080-exec-2] Granted Authorities --> FUNC_CONT_MENU
2020-05-03 18:27:12,323 DEBUG org.springframework.transaction.support.AbstractPlatformTransactionManager [http-nio-8080-exec-2] Initiating transaction commit
2020-05-03 18:27:12,325 DEBUG org.springframework.orm.jpa.JpaTransactionManager [http-nio-8080-exec-2] Committing JPA transaction on EntityManager [SessionImpl(391796384<open>)]
2020-05-03 18:27:12,326 DEBUG org.springframework.orm.jpa.JpaTransactionManager [http-nio-8080-exec-2] Not closing pre-bound JPA EntityManager after transaction
2020-05-03 18:27:12,596 DEBUG org.springframework.web.servlet.mvc.method.annotation.AbstractMessageConverterMethodProcessor [http-nio-8080-exec-2] Using 'application/json', given [application/json] and supported [application/json, application/*+json, application/json, application/*+json]
2020-05-03 18:27:12,597 DEBUG org.springframework.core.log.LogFormatUtils [http-nio-8080-exec-2] Writing [[com.surshree.app.models.comp.EnrollmentResponse@73b32ff3, com.surshree.app.models.comp.EnrollmentRe (truncated)...]
2020-05-03 18:27:12,601 DEBUG org.springframework.security.web.header.writers.HstsHeaderWriter [http-nio-8080-exec-2] Not injecting HSTS header since it did not match the requestMatcher org.springframework.security.web.header.writers.HstsHeaderWriter$SecureRequestMatcher@6f31b89b
2020-05-03 18:27:12,614 DEBUG org.springframework.orm.jpa.support.OpenEntityManagerInViewInterceptor [http-nio-8080-exec-2] Closing JPA EntityManager in OpenEntityManagerInViewInterceptor
2020-05-03 18:27:12,617 DEBUG org.springframework.web.servlet.FrameworkServlet [http-nio-8080-exec-2] Completed 200 OK
2020-05-03 18:27:12,618 DEBUG org.springframework.security.web.access.ExceptionTranslationFilter [http-nio-8080-exec-2] Chain processed normally
2020-05-03 18:27:12,619 DEBUG org.springframework.security.web.context.SecurityContextPersistenceFilter [http-nio-8080-exec-2] SecurityContextHolder now cleared, as request processing completed
2020-05-03 18:27:18,646 DEBUG org.springframework.security.web.util.matcher.OrRequestMatcher [http-nio-8080-exec-3] Trying to match using Ant [pattern='/oauth/token']
2020-05-03 18:27:18,647 DEBUG org.springframework.security.web.util.matcher.AntPathRequestMatcher [http-nio-8080-exec-3] Checking match of request : '/competitions/search'; against '/oauth/token'
2020-05-03 18:27:18,647 DEBUG org.springframework.security.web.util.matcher.OrRequestMatcher [http-nio-8080-exec-3] Trying to match using Ant [pattern='/oauth/token_key']
2020-05-03 18:27:18,647 DEBUG org.springframework.security.web.util.matcher.AntPathRequestMatcher [http-nio-8080-exec-3] Checking match of request : '/competitions/search'; against '/oauth/token_key'
2020-05-03 18:27:18,647 DEBUG org.springframework.security.web.util.matcher.OrRequestMatcher [http-nio-8080-exec-3] Trying to match using Ant [pattern='/oauth/check_token']
2020-05-03 18:27:18,649 DEBUG org.springframework.security.web.util.matcher.AntPathRequestMatcher [http-nio-8080-exec-3] Checking match of request : '/competitions/search'; against '/oauth/check_token'
2020-05-03 18:27:18,649 DEBUG org.springframework.security.web.util.matcher.OrRequestMatcher [http-nio-8080-exec-3] No matches found
2020-05-03 18:27:18,650 DEBUG org.springframework.security.web.FilterChainProxy$VirtualFilterChain [http-nio-8080-exec-3] /competitions/search at position 1 of 11 in additional filter chain; firing Filter: 'WebAsyncManagerIntegrationFilter'
2020-05-03 18:27:18,650 DEBUG org.springframework.security.web.FilterChainProxy$VirtualFilterChain [http-nio-8080-exec-3] /competitions/search at position 2 of 11 in additional filter chain; firing Filter: 'SecurityContextPersistenceFilter'
2020-05-03 18:27:18,651 DEBUG org.springframework.security.web.FilterChainProxy$VirtualFilterChain [http-nio-8080-exec-3] /competitions/search at position 3 of 11 in additional filter chain; firing Filter: 'HeaderWriterFilter'
2020-05-03 18:27:18,651 DEBUG org.springframework.security.web.FilterChainProxy$VirtualFilterChain [http-nio-8080-exec-3] /competitions/search at position 4 of 11 in additional filter chain; firing Filter: 'LogoutFilter'
2020-05-03 18:27:18,652 DEBUG org.springframework.security.web.util.matcher.OrRequestMatcher [http-nio-8080-exec-3] Trying to match using Ant [pattern='/logout', GET]
2020-05-03 18:27:18,653 DEBUG org.springframework.security.web.util.matcher.AntPathRequestMatcher [http-nio-8080-exec-3] Request 'POST /competitions/search' doesn't match 'GET /logout'
2020-05-03 18:27:18,654 DEBUG org.springframework.security.web.util.matcher.OrRequestMatcher [http-nio-8080-exec-3] Trying to match using Ant [pattern='/logout', POST]
2020-05-03 18:27:18,656 DEBUG org.springframework.security.web.util.matcher.AntPathRequestMatcher [http-nio-8080-exec-3] Checking match of request : '/competitions/search'; against '/logout'
2020-05-03 18:27:18,657 DEBUG org.springframework.security.web.util.matcher.OrRequestMatcher [http-nio-8080-exec-3] Trying to match using Ant [pattern='/logout', PUT]
2020-05-03 18:27:18,660 DEBUG org.springframework.security.web.util.matcher.AntPathRequestMatcher [http-nio-8080-exec-3] Request 'POST /competitions/search' doesn't match 'PUT /logout'
2020-05-03 18:27:18,661 DEBUG org.springframework.security.web.util.matcher.OrRequestMatcher [http-nio-8080-exec-3] Trying to match using Ant [pattern='/logout', DELETE]
2020-05-03 18:27:18,663 DEBUG org.springframework.security.web.util.matcher.AntPathRequestMatcher [http-nio-8080-exec-3] Request 'POST /competitions/search' doesn't match 'DELETE /logout'
2020-05-03 18:27:18,663 DEBUG org.springframework.security.web.util.matcher.OrRequestMatcher [http-nio-8080-exec-3] No matches found
2020-05-03 18:27:18,668 DEBUG org.springframework.security.web.FilterChainProxy$VirtualFilterChain [http-nio-8080-exec-3] /competitions/search at position 5 of 11 in additional filter chain; firing Filter: 'OAuth2AuthenticationProcessingFilter'
2020-05-03 18:27:18,670 DEBUG org.springframework.jdbc.core.JdbcTemplate [http-nio-8080-exec-3] Executing prepared SQL query
2020-05-03 18:27:18,670 DEBUG org.springframework.jdbc.core.JdbcTemplate [http-nio-8080-exec-3] Executing prepared SQL statement [select token_id, token from oauth_access_token where token_id = ?]
2020-05-03 18:27:18,671 DEBUG org.springframework.jdbc.datasource.DataSourceUtils [http-nio-8080-exec-3] Fetching JDBC Connection from DataSource
2020-05-03 18:27:18,678 DEBUG org.springframework.jdbc.core.JdbcTemplate [http-nio-8080-exec-3] Executing prepared SQL query
2020-05-03 18:27:18,679 DEBUG org.springframework.jdbc.core.JdbcTemplate [http-nio-8080-exec-3] Executing prepared SQL statement [select token_id, authentication from oauth_access_token where token_id = ?]
2020-05-03 18:27:18,681 DEBUG org.springframework.jdbc.datasource.DataSourceUtils [http-nio-8080-exec-3] Fetching JDBC Connection from DataSource
2020-05-03 18:27:18,686 DEBUG org.springframework.security.oauth2.provider.authentication.OAuth2AuthenticationProcessingFilter [http-nio-8080-exec-3] Authentication success: org.springframework.security.oauth2.provider.OAuth2Authentication@e2f94861: Principal: admin; Credentials: [PROTECTED]; Authenticated: true; Details: remoteAddress=192.168.43.52, tokenType=BearertokenValue=<TOKEN>; Granted Authorities: ROLE_ADMN, ROLE_CONT, FUNC_VIEW_ADMIN_MENU, FUNC_CONT_MENU, FUNC_CONT_MENU
2020-05-03 18:27:18,691 DEBUG org.springframework.security.web.FilterChainProxy$VirtualFilterChain [http-nio-8080-exec-3] /competitions/search at position 6 of 11 in additional filter chain; firing Filter: 'RequestCacheAwareFilter'
2020-05-03 18:27:18,711 DEBUG org.springframework.security.web.FilterChainProxy$VirtualFilterChain [http-nio-8080-exec-3] /competitions/search at position 7 of 11 in additional filter chain; firing Filter: 'SecurityContextHolderAwareRequestFilter'
2020-05-03 18:27:18,717 DEBUG org.springframework.security.web.FilterChainProxy$VirtualFilterChain [http-nio-8080-exec-3] /competitions/search at position 8 of 11 in additional filter chain; firing Filter: 'AnonymousAuthenticationFilter'
2020-05-03 18:27:18,719 DEBUG org.springframework.security.web.authentication.AnonymousAuthenticationFilter [http-nio-8080-exec-3] SecurityContextHolder not populated with anonymous token, as it already contained: 'org.springframework.security.oauth2.provider.OAuth2Authentication@e2f94861: Principal: admin; Credentials: [PROTECTED]; Authenticated: true; Details: remoteAddress=192.168.43.52, tokenType=BearertokenValue=<TOKEN>; Granted Authorities: ROLE_ADMN, ROLE_CONT, FUNC_VIEW_ADMIN_MENU, FUNC_CONT_MENU, FUNC_CONT_MENU'
2020-05-03 18:27:18,720 DEBUG org.springframework.security.web.FilterChainProxy$VirtualFilterChain [http-nio-8080-exec-3] /competitions/search at position 9 of 11 in additional filter chain; firing Filter: 'SessionManagementFilter'
2020-05-03 18:27:18,720 DEBUG org.springframework.security.web.authentication.session.CompositeSessionAuthenticationStrategy [http-nio-8080-exec-3] Delegating to org.springframework.security.web.authentication.session.ChangeSessionIdAuthenticationStrategy@2be89ba5
2020-05-03 18:27:18,720 DEBUG org.springframework.security.web.FilterChainProxy$VirtualFilterChain [http-nio-8080-exec-3] /competitions/search at position 10 of 11 in additional filter chain; firing Filter: 'ExceptionTranslationFilter'
2020-05-03 18:27:18,722 DEBUG org.springframework.security.web.FilterChainProxy$VirtualFilterChain [http-nio-8080-exec-3] /competitions/search at position 11 of 11 in additional filter chain; firing Filter: 'FilterSecurityInterceptor'
2020-05-03 18:27:18,723 DEBUG org.springframework.security.access.intercept.AbstractSecurityInterceptor [http-nio-8080-exec-3] Secure object: FilterInvocation: URL: /competitions/search; Attributes: [#oauth2.throwOnError(authenticated)]
2020-05-03 18:27:18,723 DEBUG org.springframework.security.access.intercept.AbstractSecurityInterceptor [http-nio-8080-exec-3] Previously Authenticated: org.springframework.security.oauth2.provider.OAuth2Authentication@e2f94861: Principal: admin; Credentials: [PROTECTED]; Authenticated: true; Details: remoteAddress=192.168.43.52, tokenType=BearertokenValue=<TOKEN>; Granted Authorities: ROLE_ADMN, ROLE_CONT, FUNC_VIEW_ADMIN_MENU, FUNC_CONT_MENU, FUNC_CONT_MENU
2020-05-03 18:27:18,724 DEBUG org.springframework.security.access.vote.AffirmativeBased [http-nio-8080-exec-3] Voter: org.springframework.security.web.access.expression.WebExpressionVoter@56f71341, returned: 1
2020-05-03 18:27:18,726 DEBUG org.springframework.security.access.intercept.AbstractSecurityInterceptor [http-nio-8080-exec-3] Authorization successful
2020-05-03 18:27:18,727 DEBUG org.springframework.security.access.intercept.AbstractSecurityInterceptor [http-nio-8080-exec-3] RunAsManager did not change Authentication object
2020-05-03 18:27:18,727 DEBUG org.springframework.security.web.FilterChainProxy$VirtualFilterChain [http-nio-8080-exec-3] /competitions/search reached end of additional filter chain; proceeding with original chain
2020-05-03 18:27:18,729 DEBUG org.springframework.core.log.LogFormatUtils [http-nio-8080-exec-3] POST "/competitions/search", parameters={}
2020-05-03 18:27:18,732 DEBUG org.springframework.web.servlet.handler.AbstractHandlerMapping [http-nio-8080-exec-3] Mapped to com.surshree.app.controllers.CompetitionController#searchCompetitions(CompetitionSearchModel)
2020-05-03 18:27:18,734 DEBUG org.springframework.orm.jpa.support.OpenEntityManagerInViewInterceptor [http-nio-8080-exec-3] Opening JPA EntityManager in OpenEntityManagerInViewInterceptor
2020-05-03 18:27:18,738 DEBUG org.springframework.core.log.LogFormatUtils [http-nio-8080-exec-3] Read "application/json;charset=UTF-8" to [com.surshree.app.models.comp.CompetitionSearchModel@13ec10e2]
2020-05-03 18:27:18,754 DEBUG org.springframework.web.servlet.mvc.method.annotation.AbstractMessageConverterMethodProcessor [http-nio-8080-exec-3] Using 'application/json', given [application/json] and supported [application/json, application/*+json, application/json, application/*+json]
2020-05-03 18:27:18,754 DEBUG org.springframework.core.log.LogFormatUtils [http-nio-8080-exec-3] Writing [[com.surshree.app.models.comp.CompetitionRequestResponseModel@4a0ed2d3, com.surshree.app.models.comp (truncated)...]
2020-05-03 18:27:18,761 DEBUG org.springframework.security.web.header.writers.HstsHeaderWriter [http-nio-8080-exec-3] Not injecting HSTS header since it did not match the requestMatcher org.springframework.security.web.header.writers.HstsHeaderWriter$SecureRequestMatcher@6f31b89b
2020-05-03 18:27:18,769 DEBUG org.springframework.orm.jpa.support.OpenEntityManagerInViewInterceptor [http-nio-8080-exec-3] Closing JPA EntityManager in OpenEntityManagerInViewInterceptor
2020-05-03 18:27:18,770 DEBUG org.springframework.web.servlet.FrameworkServlet [http-nio-8080-exec-3] Completed 200 OK
2020-05-03 18:27:18,771 DEBUG org.springframework.security.web.access.ExceptionTranslationFilter [http-nio-8080-exec-3] Chain processed normally
2020-05-03 18:27:18,772 DEBUG org.springframework.security.web.context.SecurityContextPersistenceFilter [http-nio-8080-exec-3] SecurityContextHolder now cleared, as request processing completed
2020-05-03 18:27:20,438 DEBUG org.springframework.security.web.util.matcher.OrRequestMatcher [http-nio-8080-exec-4] Trying to match using Ant [pattern='/oauth/token']
2020-05-03 18:27:20,438 DEBUG org.springframework.security.web.util.matcher.AntPathRequestMatcher [http-nio-8080-exec-4] Checking match of request : '/competitions/1'; against '/oauth/token'
2020-05-03 18:27:20,439 DEBUG org.springframework.security.web.util.matcher.OrRequestMatcher [http-nio-8080-exec-4] Trying to match using Ant [pattern='/oauth/token_key']
2020-05-03 18:27:20,440 DEBUG org.springframework.security.web.util.matcher.AntPathRequestMatcher [http-nio-8080-exec-4] Checking match of request : '/competitions/1'; against '/oauth/token_key'
2020-05-03 18:27:20,441 DEBUG org.springframework.security.web.util.matcher.OrRequestMatcher [http-nio-8080-exec-4] Trying to match using Ant [pattern='/oauth/check_token']
2020-05-03 18:27:20,441 DEBUG org.springframework.security.web.util.matcher.AntPathRequestMatcher [http-nio-8080-exec-4] Checking match of request : '/competitions/1'; against '/oauth/check_token'
2020-05-03 18:27:20,441 DEBUG org.springframework.security.web.util.matcher.OrRequestMatcher [http-nio-8080-exec-4] No matches found
2020-05-03 18:27:20,441 DEBUG org.springframework.security.web.FilterChainProxy$VirtualFilterChain [http-nio-8080-exec-4] /competitions/1 at position 1 of 11 in additional filter chain; firing Filter: 'WebAsyncManagerIntegrationFilter'
2020-05-03 18:27:20,443 DEBUG org.springframework.security.web.FilterChainProxy$VirtualFilterChain [http-nio-8080-exec-4] /competitions/1 at position 2 of 11 in additional filter chain; firing Filter: 'SecurityContextPersistenceFilter'
2020-05-03 18:27:20,443 DEBUG org.springframework.security.web.FilterChainProxy$VirtualFilterChain [http-nio-8080-exec-4] /competitions/1 at position 3 of 11 in additional filter chain; firing Filter: 'HeaderWriterFilter'
2020-05-03 18:27:20,445 DEBUG org.springframework.security.web.FilterChainProxy$VirtualFilterChain [http-nio-8080-exec-4] /competitions/1 at position 4 of 11 in additional filter chain; firing Filter: 'LogoutFilter'
2020-05-03 18:27:20,446 DEBUG org.springframework.security.web.util.matcher.OrRequestMatcher [http-nio-8080-exec-4] Trying to match using Ant [pattern='/logout', GET]
2020-05-03 18:27:20,446 DEBUG org.springframework.security.web.util.matcher.AntPathRequestMatcher [http-nio-8080-exec-4] Checking match of request : '/competitions/1'; against '/logout'
2020-05-03 18:27:20,446 DEBUG org.springframework.security.web.util.matcher.OrRequestMatcher [http-nio-8080-exec-4] Trying to match using Ant [pattern='/logout', POST]
2020-05-03 18:27:20,446 DEBUG org.springframework.security.web.util.matcher.AntPathRequestMatcher [http-nio-8080-exec-4] Request 'GET /competitions/1' doesn't match 'POST /logout'
2020-05-03 18:27:20,447 DEBUG org.springframework.security.web.util.matcher.OrRequestMatcher [http-nio-8080-exec-4] Trying to match using Ant [pattern='/logout', PUT]
2020-05-03 18:27:20,447 DEBUG org.springframework.security.web.util.matcher.AntPathRequestMatcher [http-nio-8080-exec-4] Request 'GET /competitions/1' doesn't match 'PUT /logout'
2020-05-03 18:27:20,447 DEBUG org.springframework.security.web.util.matcher.OrRequestMatcher [http-nio-8080-exec-4] Trying to match using Ant [pattern='/logout', DELETE]
2020-05-03 18:27:20,448 DEBUG org.springframework.security.web.util.matcher.AntPathRequestMatcher [http-nio-8080-exec-4] Request 'GET /competitions/1' doesn't match 'DELETE /logout'
2020-05-03 18:27:20,449 DEBUG org.springframework.security.web.util.matcher.OrRequestMatcher [http-nio-8080-exec-4] No matches found
2020-05-03 18:27:20,449 DEBUG org.springframework.security.web.FilterChainProxy$VirtualFilterChain [http-nio-8080-exec-4] /competitions/1 at position 5 of 11 in additional filter chain; firing Filter: 'OAuth2AuthenticationProcessingFilter'
2020-05-03 18:27:20,450 DEBUG org.springframework.jdbc.core.JdbcTemplate [http-nio-8080-exec-4] Executing prepared SQL query
2020-05-03 18:27:20,450 DEBUG org.springframework.jdbc.core.JdbcTemplate [http-nio-8080-exec-4] Executing prepared SQL statement [select token_id, token from oauth_access_token where token_id = ?]
2020-05-03 18:27:20,451 DEBUG org.springframework.jdbc.datasource.DataSourceUtils [http-nio-8080-exec-4] Fetching JDBC Connection from DataSource
2020-05-03 18:27:20,457 DEBUG org.springframework.jdbc.core.JdbcTemplate [http-nio-8080-exec-4] Executing prepared SQL query
2020-05-03 18:27:20,457 DEBUG org.springframework.jdbc.core.JdbcTemplate [http-nio-8080-exec-4] Executing prepared SQL statement [select token_id, authentication from oauth_access_token where token_id = ?]
2020-05-03 18:27:20,458 DEBUG org.springframework.jdbc.datasource.DataSourceUtils [http-nio-8080-exec-4] Fetching JDBC Connection from DataSource
2020-05-03 18:27:20,465 DEBUG org.springframework.security.oauth2.provider.authentication.OAuth2AuthenticationProcessingFilter [http-nio-8080-exec-4] Authentication success: org.springframework.security.oauth2.provider.OAuth2Authentication@e2f94861: Principal: admin; Credentials: [PROTECTED]; Authenticated: true; Details: remoteAddress=192.168.43.52, tokenType=BearertokenValue=<TOKEN>; Granted Authorities: ROLE_ADMN, ROLE_CONT, FUNC_VIEW_ADMIN_MENU, FUNC_CONT_MENU, FUNC_CONT_MENU
2020-05-03 18:27:20,467 DEBUG org.springframework.security.web.FilterChainProxy$VirtualFilterChain [http-nio-8080-exec-4] /competitions/1 at position 6 of 11 in additional filter chain; firing Filter: 'RequestCacheAwareFilter'
2020-05-03 18:27:20,468 DEBUG org.springframework.security.web.FilterChainProxy$VirtualFilterChain [http-nio-8080-exec-4] /competitions/1 at position 7 of 11 in additional filter chain; firing Filter: 'SecurityContextHolderAwareRequestFilter'
2020-05-03 18:27:20,470 DEBUG org.springframework.security.web.FilterChainProxy$VirtualFilterChain [http-nio-8080-exec-4] /competitions/1 at position 8 of 11 in additional filter chain; firing Filter: 'AnonymousAuthenticationFilter'
2020-05-03 18:27:20,476 DEBUG org.springframework.security.web.authentication.AnonymousAuthenticationFilter [http-nio-8080-exec-4] SecurityContextHolder not populated with anonymous token, as it already contained: 'org.springframework.security.oauth2.provider.OAuth2Authentication@e2f94861: Principal: admin; Credentials: [PROTECTED]; Authenticated: true; Details: remoteAddress=192.168.43.52, tokenType=BearertokenValue=<TOKEN>; Granted Authorities: ROLE_ADMN, ROLE_CONT, FUNC_VIEW_ADMIN_MENU, FUNC_CONT_MENU, FUNC_CONT_MENU'
2020-05-03 18:27:20,477 DEBUG org.springframework.security.web.FilterChainProxy$VirtualFilterChain [http-nio-8080-exec-4] /competitions/1 at position 9 of 11 in additional filter chain; firing Filter: 'SessionManagementFilter'
2020-05-03 18:27:20,478 DEBUG org.springframework.security.web.authentication.session.CompositeSessionAuthenticationStrategy [http-nio-8080-exec-4] Delegating to org.springframework.security.web.authentication.session.ChangeSessionIdAuthenticationStrategy@2be89ba5
2020-05-03 18:27:20,479 DEBUG org.springframework.security.web.FilterChainProxy$VirtualFilterChain [http-nio-8080-exec-4] /competitions/1 at position 10 of 11 in additional filter chain; firing Filter: 'ExceptionTranslationFilter'
2020-05-03 18:27:20,481 DEBUG org.springframework.security.web.FilterChainProxy$VirtualFilterChain [http-nio-8080-exec-4] /competitions/1 at position 11 of 11 in additional filter chain; firing Filter: 'FilterSecurityInterceptor'
2020-05-03 18:27:20,482 DEBUG org.springframework.security.access.intercept.AbstractSecurityInterceptor [http-nio-8080-exec-4] Secure object: FilterInvocation: URL: /competitions/1; Attributes: [#oauth2.throwOnError(authenticated)]
2020-05-03 18:27:20,483 DEBUG org.springframework.security.access.intercept.AbstractSecurityInterceptor [http-nio-8080-exec-4] Previously Authenticated: org.springframework.security.oauth2.provider.OAuth2Authentication@e2f94861: Principal: admin; Credentials: [PROTECTED]; Authenticated: true; Details: remoteAddress=192.168.43.52, tokenType=BearertokenValue=<TOKEN>; Granted Authorities: ROLE_ADMN, ROLE_CONT, FUNC_VIEW_ADMIN_MENU, FUNC_CONT_MENU, FUNC_CONT_MENU
2020-05-03 18:27:20,485 DEBUG org.springframework.security.access.vote.AffirmativeBased [http-nio-8080-exec-4] Voter: org.springframework.security.web.access.expression.WebExpressionVoter@56f71341, returned: 1
2020-05-03 18:27:20,486 DEBUG org.springframework.security.access.intercept.AbstractSecurityInterceptor [http-nio-8080-exec-4] Authorization successful
2020-05-03 18:27:20,486 DEBUG org.springframework.security.access.intercept.AbstractSecurityInterceptor [http-nio-8080-exec-4] RunAsManager did not change Authentication object
2020-05-03 18:27:20,487 DEBUG org.springframework.security.web.FilterChainProxy$VirtualFilterChain [http-nio-8080-exec-4] /competitions/1 reached end of additional filter chain; proceeding with original chain
2020-05-03 18:27:20,487 DEBUG org.springframework.core.log.LogFormatUtils [http-nio-8080-exec-4] GET "/competitions/1", parameters={}
2020-05-03 18:27:20,489 DEBUG org.springframework.web.servlet.handler.AbstractHandlerMapping [http-nio-8080-exec-4] Mapped to com.surshree.app.controllers.CompetitionController#getCompetition(Long)
2020-05-03 18:27:20,492 DEBUG org.springframework.orm.jpa.support.OpenEntityManagerInViewInterceptor [http-nio-8080-exec-4] Opening JPA EntityManager in OpenEntityManagerInViewInterceptor
2020-05-03 18:27:20,494 DEBUG org.springframework.orm.jpa.JpaTransactionManager [http-nio-8080-exec-4] Found thread-bound EntityManager [SessionImpl(536549813<open>)] for JPA transaction
2020-05-03 18:27:20,494 DEBUG org.springframework.transaction.support.AbstractPlatformTransactionManager [http-nio-8080-exec-4] Creating new transaction with name [org.springframework.data.jpa.repository.support.SimpleJpaRepository.findById]: PROPAGATION_REQUIRED,ISOLATION_DEFAULT,readOnly
2020-05-03 18:27:20,497 DEBUG org.springframework.jdbc.datasource.DataSourceUtils [http-nio-8080-exec-4] Setting JDBC Connection [HikariProxyConnection@577442041 wrapping org.postgresql.jdbc.PgConnection@33806c2] read-only
2020-05-03 18:27:20,498 DEBUG org.springframework.orm.jpa.JpaTransactionManager [http-nio-8080-exec-4] Exposing JPA transaction as JDBC [org.springframework.orm.jpa.vendor.HibernateJpaDialect$HibernateConnectionHandle@5f1eef87]
2020-05-03 18:27:20,518 DEBUG org.springframework.transaction.support.AbstractPlatformTransactionManager [http-nio-8080-exec-4] Initiating transaction commit
2020-05-03 18:27:20,520 DEBUG org.springframework.orm.jpa.JpaTransactionManager [http-nio-8080-exec-4] Committing JPA transaction on EntityManager [SessionImpl(536549813<open>)]
2020-05-03 18:27:20,569 DEBUG org.springframework.jdbc.datasource.DataSourceUtils [http-nio-8080-exec-4] Resetting read-only flag of JDBC Connection [HikariProxyConnection@577442041 wrapping org.postgresql.jdbc.PgConnection@33806c2]
2020-05-03 18:27:20,573 DEBUG org.springframework.orm.jpa.JpaTransactionManager [http-nio-8080-exec-4] Not closing pre-bound JPA EntityManager after transaction
2020-05-03 18:27:20,578 DEBUG org.springframework.web.servlet.mvc.method.annotation.AbstractMessageConverterMethodProcessor [http-nio-8080-exec-4] Using 'application/json', given [application/json] and supported [application/json, application/*+json, application/json, application/*+json]
2020-05-03 18:27:20,579 DEBUG org.springframework.core.log.LogFormatUtils [http-nio-8080-exec-4] Writing [com.surshree.app.models.comp.CompetitionRequestResponseModel@97ef1a1]
2020-05-03 18:27:20,583 DEBUG org.springframework.security.web.header.writers.HstsHeaderWriter [http-nio-8080-exec-4] Not injecting HSTS header since it did not match the requestMatcher org.springframework.security.web.header.writers.HstsHeaderWriter$SecureRequestMatcher@6f31b89b
2020-05-03 18:27:20,587 DEBUG org.springframework.orm.jpa.support.OpenEntityManagerInViewInterceptor [http-nio-8080-exec-4] Closing JPA EntityManager in OpenEntityManagerInViewInterceptor
2020-05-03 18:27:20,588 DEBUG org.springframework.web.servlet.FrameworkServlet [http-nio-8080-exec-4] Completed 200 OK
2020-05-03 18:27:20,591 DEBUG org.springframework.security.web.access.ExceptionTranslationFilter [http-nio-8080-exec-4] Chain processed normally
2020-05-03 18:27:20,594 DEBUG org.springframework.security.web.context.SecurityContextPersistenceFilter [http-nio-8080-exec-4] SecurityContextHolder now cleared, as request processing completed
2020-05-03 18:27:45,605 DEBUG org.springframework.security.web.util.matcher.OrRequestMatcher [http-nio-8080-exec-5] Trying to match using Ant [pattern='/oauth/token']
2020-05-03 18:27:45,606 DEBUG org.springframework.security.web.util.matcher.AntPathRequestMatcher [http-nio-8080-exec-5] Checking match of request : '/competitions'; against '/oauth/token'
2020-05-03 18:27:45,607 DEBUG org.springframework.security.web.util.matcher.OrRequestMatcher [http-nio-8080-exec-5] Trying to match using Ant [pattern='/oauth/token_key']
2020-05-03 18:27:45,607 DEBUG org.springframework.security.web.util.matcher.AntPathRequestMatcher [http-nio-8080-exec-5] Checking match of request : '/competitions'; against '/oauth/token_key'
2020-05-03 18:27:45,609 DEBUG org.springframework.security.web.util.matcher.OrRequestMatcher [http-nio-8080-exec-5] Trying to match using Ant [pattern='/oauth/check_token']
2020-05-03 18:27:45,609 DEBUG org.springframework.security.web.util.matcher.AntPathRequestMatcher [http-nio-8080-exec-5] Checking match of request : '/competitions'; against '/oauth/check_token'
2020-05-03 18:27:45,609 DEBUG org.springframework.security.web.util.matcher.OrRequestMatcher [http-nio-8080-exec-5] No matches found
2020-05-03 18:27:45,615 DEBUG org.springframework.security.web.util.matcher.AntPathRequestMatcher [http-nio-8080-exec-5] Request '/competitions' matched by universal pattern '/**'
2020-05-03 18:27:45,615 DEBUG org.springframework.security.web.FilterChainProxy$VirtualFilterChain [http-nio-8080-exec-5] /competitions at position 1 of 13 in additional filter chain; firing Filter: 'WebAsyncManagerIntegrationFilter'
2020-05-03 18:27:45,615 DEBUG org.springframework.security.web.FilterChainProxy$VirtualFilterChain [http-nio-8080-exec-5] /competitions at position 2 of 13 in additional filter chain; firing Filter: 'SecurityContextPersistenceFilter'
2020-05-03 18:27:45,615 DEBUG org.springframework.security.web.context.HttpSessionSecurityContextRepository [http-nio-8080-exec-5] No HttpSession currently exists
2020-05-03 18:27:45,616 DEBUG org.springframework.security.web.context.HttpSessionSecurityContextRepository [http-nio-8080-exec-5] No SecurityContext was available from the HttpSession: null. A new one will be created.
2020-05-03 18:27:45,616 DEBUG org.springframework.security.web.FilterChainProxy$VirtualFilterChain [http-nio-8080-exec-5] /competitions at position 3 of 13 in additional filter chain; firing Filter: 'HeaderWriterFilter'
2020-05-03 18:27:45,616 DEBUG org.springframework.security.web.FilterChainProxy$VirtualFilterChain [http-nio-8080-exec-5] /competitions at position 4 of 13 in additional filter chain; firing Filter: 'CorsFilter'
2020-05-03 18:27:45,617 DEBUG org.springframework.web.servlet.handler.AbstractHandlerMapping [http-nio-8080-exec-5] Mapped to com.surshree.app.controllers.CompetitionController#saveCompetitions(CompetitionRequestResponseModel)
2020-05-03 18:27:45,633 DEBUG org.springframework.security.web.header.writers.HstsHeaderWriter [http-nio-8080-exec-5] Not injecting HSTS header since it did not match the requestMatcher org.springframework.security.web.header.writers.HstsHeaderWriter$SecureRequestMatcher@287b04d4
2020-05-03 18:27:45,633 DEBUG org.springframework.security.web.context.HttpSessionSecurityContextRepository$SaveToSessionResponseWrapper [http-nio-8080-exec-5] SecurityContext is empty or contents are anonymous - context will not be stored in HttpSession.
2020-05-03 18:27:45,633 DEBUG org.springframework.security.web.context.SecurityContextPersistenceFilter [http-nio-8080-exec-5] SecurityContextHolder now cleared, as request processing completed
2020-05-03 18:27:45,639 DEBUG org.springframework.security.web.util.matcher.OrRequestMatcher [http-nio-8080-exec-5] Trying to match using Ant [pattern='/oauth/token']
2020-05-03 18:27:45,640 DEBUG org.springframework.security.web.util.matcher.AntPathRequestMatcher [http-nio-8080-exec-5] Checking match of request : '/competitions'; against '/oauth/token'
2020-05-03 18:27:45,640 DEBUG org.springframework.security.web.util.matcher.OrRequestMatcher [http-nio-8080-exec-5] Trying to match using Ant [pattern='/oauth/token_key']
2020-05-03 18:27:45,640 DEBUG org.springframework.security.web.util.matcher.AntPathRequestMatcher [http-nio-8080-exec-5] Checking match of request : '/competitions'; against '/oauth/token_key'
2020-05-03 18:27:45,640 DEBUG org.springframework.security.web.util.matcher.OrRequestMatcher [http-nio-8080-exec-5] Trying to match using Ant [pattern='/oauth/check_token']
2020-05-03 18:27:45,642 DEBUG org.springframework.security.web.util.matcher.AntPathRequestMatcher [http-nio-8080-exec-5] Checking match of request : '/competitions'; against '/oauth/check_token'
2020-05-03 18:27:45,644 DEBUG org.springframework.security.web.util.matcher.OrRequestMatcher [http-nio-8080-exec-5] No matches found
2020-05-03 18:27:45,645 DEBUG org.springframework.security.web.FilterChainProxy$VirtualFilterChain [http-nio-8080-exec-5] /competitions at position 1 of 11 in additional filter chain; firing Filter: 'WebAsyncManagerIntegrationFilter'
2020-05-03 18:27:45,645 DEBUG org.springframework.security.web.FilterChainProxy$VirtualFilterChain [http-nio-8080-exec-5] /competitions at position 2 of 11 in additional filter chain; firing Filter: 'SecurityContextPersistenceFilter'
2020-05-03 18:27:45,645 DEBUG org.springframework.security.web.FilterChainProxy$VirtualFilterChain [http-nio-8080-exec-5] /competitions at position 3 of 11 in additional filter chain; firing Filter: 'HeaderWriterFilter'
2020-05-03 18:27:45,646 DEBUG org.springframework.security.web.FilterChainProxy$VirtualFilterChain [http-nio-8080-exec-5] /competitions at position 4 of 11 in additional filter chain; firing Filter: 'LogoutFilter'
2020-05-03 18:27:45,647 DEBUG org.springframework.security.web.util.matcher.OrRequestMatcher [http-nio-8080-exec-5] Trying to match using Ant [pattern='/logout', GET]
2020-05-03 18:27:45,656 DEBUG org.springframework.security.web.util.matcher.AntPathRequestMatcher [http-nio-8080-exec-5] Request 'POST /competitions' doesn't match 'GET /logout'
2020-05-03 18:27:45,657 DEBUG org.springframework.security.web.util.matcher.OrRequestMatcher [http-nio-8080-exec-5] Trying to match using Ant [pattern='/logout', POST]
2020-05-03 18:27:45,661 DEBUG org.springframework.security.web.util.matcher.AntPathRequestMatcher [http-nio-8080-exec-5] Checking match of request : '/competitions'; against '/logout'
2020-05-03 18:27:45,662 DEBUG org.springframework.security.web.util.matcher.OrRequestMatcher [http-nio-8080-exec-5] Trying to match using Ant [pattern='/logout', PUT]
2020-05-03 18:27:45,664 DEBUG org.springframework.security.web.util.matcher.AntPathRequestMatcher [http-nio-8080-exec-5] Request 'POST /competitions' doesn't match 'PUT /logout'
2020-05-03 18:27:45,665 DEBUG org.springframework.security.web.util.matcher.OrRequestMatcher [http-nio-8080-exec-5] Trying to match using Ant [pattern='/logout', DELETE]
2020-05-03 18:27:45,667 DEBUG org.springframework.security.web.util.matcher.AntPathRequestMatcher [http-nio-8080-exec-5] Request 'POST /competitions' doesn't match 'DELETE /logout'
2020-05-03 18:27:45,668 DEBUG org.springframework.security.web.util.matcher.OrRequestMatcher [http-nio-8080-exec-5] No matches found
2020-05-03 18:27:45,668 DEBUG org.springframework.security.web.FilterChainProxy$VirtualFilterChain [http-nio-8080-exec-5] /competitions at position 5 of 11 in additional filter chain; firing Filter: 'OAuth2AuthenticationProcessingFilter'
2020-05-03 18:27:45,671 DEBUG org.springframework.jdbc.core.JdbcTemplate [http-nio-8080-exec-5] Executing prepared SQL query
2020-05-03 18:27:45,673 DEBUG org.springframework.jdbc.core.JdbcTemplate [http-nio-8080-exec-5] Executing prepared SQL statement [select token_id, token from oauth_access_token where token_id = ?]
2020-05-03 18:27:45,675 DEBUG org.springframework.jdbc.datasource.DataSourceUtils [http-nio-8080-exec-5] Fetching JDBC Connection from DataSource
2020-05-03 18:27:45,687 DEBUG org.springframework.jdbc.core.JdbcTemplate [http-nio-8080-exec-5] Executing prepared SQL query
2020-05-03 18:27:45,688 DEBUG org.springframework.jdbc.core.JdbcTemplate [http-nio-8080-exec-5] Executing prepared SQL statement [select token_id, authentication from oauth_access_token where token_id = ?]
2020-05-03 18:27:45,688 DEBUG org.springframework.jdbc.datasource.DataSourceUtils [http-nio-8080-exec-5] Fetching JDBC Connection from DataSource
2020-05-03 18:27:45,692 DEBUG org.springframework.security.oauth2.provider.authentication.OAuth2AuthenticationProcessingFilter [http-nio-8080-exec-5] Authentication success: org.springframework.security.oauth2.provider.OAuth2Authentication@e2f94861: Principal: admin; Credentials: [PROTECTED]; Authenticated: true; Details: remoteAddress=192.168.43.52, tokenType=BearertokenValue=<TOKEN>; Granted Authorities: ROLE_ADMN, ROLE_CONT, FUNC_VIEW_ADMIN_MENU, FUNC_CONT_MENU, FUNC_CONT_MENU
2020-05-03 18:27:45,693 DEBUG org.springframework.security.web.FilterChainProxy$VirtualFilterChain [http-nio-8080-exec-5] /competitions at position 6 of 11 in additional filter chain; firing Filter: 'RequestCacheAwareFilter'
2020-05-03 18:27:45,694 DEBUG org.springframework.security.web.FilterChainProxy$VirtualFilterChain [http-nio-8080-exec-5] /competitions at position 7 of 11 in additional filter chain; firing Filter: 'SecurityContextHolderAwareRequestFilter'
2020-05-03 18:27:45,694 DEBUG org.springframework.security.web.FilterChainProxy$VirtualFilterChain [http-nio-8080-exec-5] /competitions at position 8 of 11 in additional filter chain; firing Filter: 'AnonymousAuthenticationFilter'
2020-05-03 18:27:45,695 DEBUG org.springframework.security.web.authentication.AnonymousAuthenticationFilter [http-nio-8080-exec-5] SecurityContextHolder not populated with anonymous token, as it already contained: 'org.springframework.security.oauth2.provider.OAuth2Authentication@e2f94861: Principal: admin; Credentials: [PROTECTED]; Authenticated: true; Details: remoteAddress=192.168.43.52, tokenType=BearertokenValue=<TOKEN>; Granted Authorities: ROLE_ADMN, ROLE_CONT, FUNC_VIEW_ADMIN_MENU, FUNC_CONT_MENU, FUNC_CONT_MENU'
2020-05-03 18:27:45,697 DEBUG org.springframework.security.web.FilterChainProxy$VirtualFilterChain [http-nio-8080-exec-5] /competitions at position 9 of 11 in additional filter chain; firing Filter: 'SessionManagementFilter'
2020-05-03 18:27:45,697 DEBUG org.springframework.security.web.authentication.session.CompositeSessionAuthenticationStrategy [http-nio-8080-exec-5] Delegating to org.springframework.security.web.authentication.session.ChangeSessionIdAuthenticationStrategy@2be89ba5
2020-05-03 18:27:45,697 DEBUG org.springframework.security.web.FilterChainProxy$VirtualFilterChain [http-nio-8080-exec-5] /competitions at position 10 of 11 in additional filter chain; firing Filter: 'ExceptionTranslationFilter'
2020-05-03 18:27:45,697 DEBUG org.springframework.security.web.FilterChainProxy$VirtualFilterChain [http-nio-8080-exec-5] /competitions at position 11 of 11 in additional filter chain; firing Filter: 'FilterSecurityInterceptor'
2020-05-03 18:27:45,698 DEBUG org.springframework.security.access.intercept.AbstractSecurityInterceptor [http-nio-8080-exec-5] Secure object: FilterInvocation: URL: /competitions; Attributes: [#oauth2.throwOnError(authenticated)]
2020-05-03 18:27:45,700 DEBUG org.springframework.security.access.intercept.AbstractSecurityInterceptor [http-nio-8080-exec-5] Previously Authenticated: org.springframework.security.oauth2.provider.OAuth2Authentication@e2f94861: Principal: admin; Credentials: [PROTECTED]; Authenticated: true; Details: remoteAddress=192.168.43.52, tokenType=BearertokenValue=<TOKEN>; Granted Authorities: ROLE_ADMN, ROLE_CONT, FUNC_VIEW_ADMIN_MENU, FUNC_CONT_MENU, FUNC_CONT_MENU
2020-05-03 18:27:45,701 DEBUG org.springframework.security.access.vote.AffirmativeBased [http-nio-8080-exec-5] Voter: org.springframework.security.web.access.expression.WebExpressionVoter@56f71341, returned: 1
2020-05-03 18:27:45,701 DEBUG org.springframework.security.access.intercept.AbstractSecurityInterceptor [http-nio-8080-exec-5] Authorization successful
2020-05-03 18:27:45,701 DEBUG org.springframework.security.access.intercept.AbstractSecurityInterceptor [http-nio-8080-exec-5] RunAsManager did not change Authentication object
2020-05-03 18:27:45,701 DEBUG org.springframework.security.web.FilterChainProxy$VirtualFilterChain [http-nio-8080-exec-5] /competitions reached end of additional filter chain; proceeding with original chain
2020-05-03 18:27:45,704 DEBUG org.springframework.core.log.LogFormatUtils [http-nio-8080-exec-5] POST "/competitions", parameters={}
2020-05-03 18:27:45,707 DEBUG org.springframework.web.servlet.handler.AbstractHandlerMapping [http-nio-8080-exec-5] Mapped to com.surshree.app.controllers.CompetitionController#saveCompetitions(CompetitionRequestResponseModel)
2020-05-03 18:27:45,714 DEBUG org.springframework.orm.jpa.support.OpenEntityManagerInViewInterceptor [http-nio-8080-exec-5] Opening JPA EntityManager in OpenEntityManagerInViewInterceptor
2020-05-03 18:27:46,151 DEBUG org.springframework.core.log.LogFormatUtils [http-nio-8080-exec-5] Read "application/json;charset=UTF-8" to [com.surshree.app.models.comp.CompetitionRequestResponseModel@1b1499ad]
2020-05-03 18:27:46,154 DEBUG org.springframework.orm.jpa.JpaTransactionManager [http-nio-8080-exec-5] Found thread-bound EntityManager [SessionImpl(561991589<open>)] for JPA transaction
2020-05-03 18:27:46,155 DEBUG org.springframework.transaction.support.AbstractPlatformTransactionManager [http-nio-8080-exec-5] Creating new transaction with name [org.springframework.data.jpa.repository.support.SimpleJpaRepository.findById]: PROPAGATION_REQUIRED,ISOLATION_DEFAULT,readOnly
2020-05-03 18:27:46,157 DEBUG org.springframework.jdbc.datasource.DataSourceUtils [http-nio-8080-exec-5] Setting JDBC Connection [HikariProxyConnection@1305628093 wrapping org.postgresql.jdbc.PgConnection@33806c2] read-only
2020-05-03 18:27:46,159 DEBUG org.springframework.orm.jpa.JpaTransactionManager [http-nio-8080-exec-5] Exposing JPA transaction as JDBC [org.springframework.orm.jpa.vendor.HibernateJpaDialect$HibernateConnectionHandle@75e56224]
2020-05-03 18:27:46,166 DEBUG org.springframework.transaction.support.AbstractPlatformTransactionManager [http-nio-8080-exec-5] Initiating transaction commit
2020-05-03 18:27:46,166 DEBUG org.springframework.orm.jpa.JpaTransactionManager [http-nio-8080-exec-5] Committing JPA transaction on EntityManager [SessionImpl(561991589<open>)]
2020-05-03 18:27:46,169 DEBUG org.springframework.jdbc.datasource.DataSourceUtils [http-nio-8080-exec-5] Resetting read-only flag of JDBC Connection [HikariProxyConnection@1305628093 wrapping org.postgresql.jdbc.PgConnection@33806c2]
2020-05-03 18:27:46,171 DEBUG org.springframework.orm.jpa.JpaTransactionManager [http-nio-8080-exec-5] Not closing pre-bound JPA EntityManager after transaction
2020-05-03 18:27:46,177 DEBUG org.springframework.orm.jpa.JpaTransactionManager [http-nio-8080-exec-5] Found thread-bound EntityManager [SessionImpl(561991589<open>)] for JPA transaction
2020-05-03 18:27:46,178 DEBUG org.springframework.transaction.support.AbstractPlatformTransactionManager [http-nio-8080-exec-5] Creating new transaction with name [com.surshree.app.services.CompetitionService.saveOrUpdate]: PROPAGATION_REQUIRED,ISOLATION_DEFAULT
2020-05-03 18:27:46,178 DEBUG org.springframework.orm.jpa.JpaTransactionManager [http-nio-8080-exec-5] Exposing JPA transaction as JDBC [org.springframework.orm.jpa.vendor.HibernateJpaDialect$HibernateConnectionHandle@10909fd4]
2020-05-03 18:27:46,235 DEBUG org.springframework.data.repository.core.support.TransactionalRepositoryProxyPostProcessor$AbstractFallbackTransactionAttributeSource [http-nio-8080-exec-5] Adding transactional method 'save' with attribute: PROPAGATION_REQUIRED,ISOLATION_DEFAULT
2020-05-03 18:27:46,236 DEBUG org.springframework.orm.jpa.JpaTransactionManager [http-nio-8080-exec-5] Found thread-bound EntityManager [SessionImpl(561991589<open>)] for JPA transaction
2020-05-03 18:27:46,237 DEBUG org.springframework.transaction.support.AbstractPlatformTransactionManager [http-nio-8080-exec-5] Participating in existing transaction
2020-05-03 18:27:46,400 DEBUG org.springframework.transaction.support.AbstractPlatformTransactionManager [http-nio-8080-exec-5] Initiating transaction commit
2020-05-03 18:27:46,400 DEBUG org.springframework.orm.jpa.JpaTransactionManager [http-nio-8080-exec-5] Committing JPA transaction on EntityManager [SessionImpl(561991589<open>)]
2020-05-03 18:27:46,737 DEBUG org.springframework.orm.jpa.JpaTransactionManager [http-nio-8080-exec-5] Not closing pre-bound JPA EntityManager after transaction
2020-05-03 18:27:46,794 DEBUG org.springframework.web.servlet.mvc.method.annotation.AbstractMessageConverterMethodProcessor [http-nio-8080-exec-5] No match for [application/json], supported: []
2020-05-03 18:27:46,797 DEBUG org.springframework.orm.jpa.support.OpenEntityManagerInViewInterceptor [http-nio-8080-exec-5] Closing JPA EntityManager in OpenEntityManagerInViewInterceptor
2020-05-03 18:27:46,799 DEBUG org.springframework.web.servlet.FrameworkServlet [http-nio-8080-exec-5] Completed 201 CREATED
2020-05-03 18:27:46,799 DEBUG org.springframework.security.web.access.ExceptionTranslationFilter [http-nio-8080-exec-5] Chain processed normally
2020-05-03 18:27:46,801 DEBUG org.springframework.security.web.header.writers.HstsHeaderWriter [http-nio-8080-exec-5] Not injecting HSTS header since it did not match the requestMatcher org.springframework.security.web.header.writers.HstsHeaderWriter$SecureRequestMatcher@6f31b89b
2020-05-03 18:27:46,802 DEBUG org.springframework.security.web.context.SecurityContextPersistenceFilter [http-nio-8080-exec-5] SecurityContextHolder now cleared, as request processing completed
2020-05-03 18:29:07,332 DEBUG org.springframework.security.web.util.matcher.OrRequestMatcher [http-nio-8080-exec-8] Trying to match using Ant [pattern='/oauth/token']
2020-05-03 18:29:07,333 DEBUG org.springframework.security.web.util.matcher.AntPathRequestMatcher [http-nio-8080-exec-8] Checking match of request : '/competitions/2'; against '/oauth/token'
2020-05-03 18:29:07,334 DEBUG org.springframework.security.web.util.matcher.OrRequestMatcher [http-nio-8080-exec-8] Trying to match using Ant [pattern='/oauth/token_key']
2020-05-03 18:29:07,337 DEBUG org.springframework.security.web.util.matcher.AntPathRequestMatcher [http-nio-8080-exec-8] Checking match of request : '/competitions/2'; against '/oauth/token_key'
2020-05-03 18:29:07,337 DEBUG org.springframework.security.web.util.matcher.OrRequestMatcher [http-nio-8080-exec-8] Trying to match using Ant [pattern='/oauth/check_token']
2020-05-03 18:29:07,339 DEBUG org.springframework.security.web.util.matcher.AntPathRequestMatcher [http-nio-8080-exec-8] Checking match of request : '/competitions/2'; against '/oauth/check_token'
2020-05-03 18:29:07,340 DEBUG org.springframework.security.web.util.matcher.OrRequestMatcher [http-nio-8080-exec-8] No matches found
2020-05-03 18:29:07,340 DEBUG org.springframework.security.web.util.matcher.AntPathRequestMatcher [http-nio-8080-exec-8] Request '/competitions/2' matched by universal pattern '/**'
2020-05-03 18:29:07,340 DEBUG org.springframework.security.web.FilterChainProxy$VirtualFilterChain [http-nio-8080-exec-8] /competitions/2 at position 1 of 13 in additional filter chain; firing Filter: 'WebAsyncManagerIntegrationFilter'
2020-05-03 18:29:07,340 DEBUG org.springframework.security.web.FilterChainProxy$VirtualFilterChain [http-nio-8080-exec-8] /competitions/2 at position 2 of 13 in additional filter chain; firing Filter: 'SecurityContextPersistenceFilter'
2020-05-03 18:29:07,341 DEBUG org.springframework.security.web.context.HttpSessionSecurityContextRepository [http-nio-8080-exec-8] No HttpSession currently exists
2020-05-03 18:29:07,343 DEBUG org.springframework.security.web.context.HttpSessionSecurityContextRepository [http-nio-8080-exec-8] No SecurityContext was available from the HttpSession: null. A new one will be created.
2020-05-03 18:29:07,343 DEBUG org.springframework.security.web.FilterChainProxy$VirtualFilterChain [http-nio-8080-exec-8] /competitions/2 at position 3 of 13 in additional filter chain; firing Filter: 'HeaderWriterFilter'
2020-05-03 18:29:07,343 DEBUG org.springframework.security.web.FilterChainProxy$VirtualFilterChain [http-nio-8080-exec-8] /competitions/2 at position 4 of 13 in additional filter chain; firing Filter: 'CorsFilter'
2020-05-03 18:29:07,346 DEBUG org.springframework.web.servlet.handler.AbstractHandlerMapping [http-nio-8080-exec-8] Mapped to com.surshree.app.controllers.CompetitionController#getCompetition(Long)
2020-05-03 18:29:07,350 DEBUG org.springframework.security.web.header.writers.HstsHeaderWriter [http-nio-8080-exec-8] Not injecting HSTS header since it did not match the requestMatcher org.springframework.security.web.header.writers.HstsHeaderWriter$SecureRequestMatcher@287b04d4
2020-05-03 18:29:07,350 DEBUG org.springframework.security.web.context.HttpSessionSecurityContextRepository$SaveToSessionResponseWrapper [http-nio-8080-exec-8] SecurityContext is empty or contents are anonymous - context will not be stored in HttpSession.
2020-05-03 18:29:07,351 DEBUG org.springframework.security.web.context.SecurityContextPersistenceFilter [http-nio-8080-exec-8] SecurityContextHolder now cleared, as request processing completed
2020-05-03 18:29:07,382 DEBUG org.springframework.security.web.util.matcher.OrRequestMatcher [http-nio-8080-exec-9] Trying to match using Ant [pattern='/oauth/token']
2020-05-03 18:29:07,382 DEBUG org.springframework.security.web.util.matcher.AntPathRequestMatcher [http-nio-8080-exec-9] Checking match of request : '/competitions/2'; against '/oauth/token'
2020-05-03 18:29:07,385 DEBUG org.springframework.security.web.util.matcher.OrRequestMatcher [http-nio-8080-exec-9] Trying to match using Ant [pattern='/oauth/token_key']
2020-05-03 18:29:07,386 DEBUG org.springframework.security.web.util.matcher.AntPathRequestMatcher [http-nio-8080-exec-9] Checking match of request : '/competitions/2'; against '/oauth/token_key'
2020-05-03 18:29:07,388 DEBUG org.springframework.security.web.util.matcher.OrRequestMatcher [http-nio-8080-exec-9] Trying to match using Ant [pattern='/oauth/check_token']
2020-05-03 18:29:07,388 DEBUG org.springframework.security.web.util.matcher.AntPathRequestMatcher [http-nio-8080-exec-9] Checking match of request : '/competitions/2'; against '/oauth/check_token'
2020-05-03 18:29:07,389 DEBUG org.springframework.security.web.util.matcher.OrRequestMatcher [http-nio-8080-exec-9] No matches found
2020-05-03 18:29:07,391 DEBUG org.springframework.security.web.FilterChainProxy$VirtualFilterChain [http-nio-8080-exec-9] /competitions/2 at position 1 of 11 in additional filter chain; firing Filter: 'WebAsyncManagerIntegrationFilter'
2020-05-03 18:29:07,392 DEBUG org.springframework.security.web.FilterChainProxy$VirtualFilterChain [http-nio-8080-exec-9] /competitions/2 at position 2 of 11 in additional filter chain; firing Filter: 'SecurityContextPersistenceFilter'
2020-05-03 18:29:07,393 DEBUG org.springframework.security.web.FilterChainProxy$VirtualFilterChain [http-nio-8080-exec-9] /competitions/2 at position 3 of 11 in additional filter chain; firing Filter: 'HeaderWriterFilter'
2020-05-03 18:29:07,396 DEBUG org.springframework.security.web.FilterChainProxy$VirtualFilterChain [http-nio-8080-exec-9] /competitions/2 at position 4 of 11 in additional filter chain; firing Filter: 'LogoutFilter'
2020-05-03 18:29:07,397 DEBUG org.springframework.security.web.util.matcher.OrRequestMatcher [http-nio-8080-exec-9] Trying to match using Ant [pattern='/logout', GET]
2020-05-03 18:29:07,397 DEBUG org.springframework.security.web.util.matcher.AntPathRequestMatcher [http-nio-8080-exec-9] Checking match of request : '/competitions/2'; against '/logout'
2020-05-03 18:29:07,397 DEBUG org.springframework.security.web.util.matcher.OrRequestMatcher [http-nio-8080-exec-9] Trying to match using Ant [pattern='/logout', POST]
2020-05-03 18:29:07,398 DEBUG org.springframework.security.web.util.matcher.AntPathRequestMatcher [http-nio-8080-exec-9] Request 'GET /competitions/2' doesn't match 'POST /logout'
2020-05-03 18:29:07,398 DEBUG org.springframework.security.web.util.matcher.OrRequestMatcher [http-nio-8080-exec-9] Trying to match using Ant [pattern='/logout', PUT]
2020-05-03 18:29:07,398 DEBUG org.springframework.security.web.util.matcher.AntPathRequestMatcher [http-nio-8080-exec-9] Request 'GET /competitions/2' doesn't match 'PUT /logout'
2020-05-03 18:29:07,399 DEBUG org.springframework.security.web.util.matcher.OrRequestMatcher [http-nio-8080-exec-9] Trying to match using Ant [pattern='/logout', DELETE]
2020-05-03 18:29:07,400 DEBUG org.springframework.security.web.util.matcher.AntPathRequestMatcher [http-nio-8080-exec-9] Request 'GET /competitions/2' doesn't match 'DELETE /logout'
2020-05-03 18:29:07,400 DEBUG org.springframework.security.web.util.matcher.OrRequestMatcher [http-nio-8080-exec-9] No matches found
2020-05-03 18:29:07,400 DEBUG org.springframework.security.web.FilterChainProxy$VirtualFilterChain [http-nio-8080-exec-9] /competitions/2 at position 5 of 11 in additional filter chain; firing Filter: 'OAuth2AuthenticationProcessingFilter'
2020-05-03 18:29:07,401 DEBUG org.springframework.jdbc.core.JdbcTemplate [http-nio-8080-exec-9] Executing prepared SQL query
2020-05-03 18:29:07,401 DEBUG org.springframework.jdbc.core.JdbcTemplate [http-nio-8080-exec-9] Executing prepared SQL statement [select token_id, token from oauth_access_token where token_id = ?]
2020-05-03 18:29:07,403 DEBUG org.springframework.jdbc.datasource.DataSourceUtils [http-nio-8080-exec-9] Fetching JDBC Connection from DataSource
2020-05-03 18:29:07,410 DEBUG org.springframework.jdbc.core.JdbcTemplate [http-nio-8080-exec-9] Executing prepared SQL query
2020-05-03 18:29:07,411 DEBUG org.springframework.jdbc.core.JdbcTemplate [http-nio-8080-exec-9] Executing prepared SQL statement [select token_id, authentication from oauth_access_token where token_id = ?]
2020-05-03 18:29:07,411 DEBUG org.springframework.jdbc.datasource.DataSourceUtils [http-nio-8080-exec-9] Fetching JDBC Connection from DataSource
2020-05-03 18:29:07,418 DEBUG org.springframework.security.oauth2.provider.authentication.OAuth2AuthenticationProcessingFilter [http-nio-8080-exec-9] Authentication success: org.springframework.security.oauth2.provider.OAuth2Authentication@e2f94861: Principal: admin; Credentials: [PROTECTED]; Authenticated: true; Details: remoteAddress=192.168.43.52, tokenType=BearertokenValue=<TOKEN>; Granted Authorities: ROLE_ADMN, ROLE_CONT, FUNC_VIEW_ADMIN_MENU, FUNC_CONT_MENU, FUNC_CONT_MENU
2020-05-03 18:29:07,420 DEBUG org.springframework.security.web.FilterChainProxy$VirtualFilterChain [http-nio-8080-exec-9] /competitions/2 at position 6 of 11 in additional filter chain; firing Filter: 'RequestCacheAwareFilter'
2020-05-03 18:29:07,420 DEBUG org.springframework.security.web.FilterChainProxy$VirtualFilterChain [http-nio-8080-exec-9] /competitions/2 at position 7 of 11 in additional filter chain; firing Filter: 'SecurityContextHolderAwareRequestFilter'
2020-05-03 18:29:07,421 DEBUG org.springframework.security.web.FilterChainProxy$VirtualFilterChain [http-nio-8080-exec-9] /competitions/2 at position 8 of 11 in additional filter chain; firing Filter: 'AnonymousAuthenticationFilter'
2020-05-03 18:29:07,421 DEBUG org.springframework.security.web.authentication.AnonymousAuthenticationFilter [http-nio-8080-exec-9] SecurityContextHolder not populated with anonymous token, as it already contained: 'org.springframework.security.oauth2.provider.OAuth2Authentication@e2f94861: Principal: admin; Credentials: [PROTECTED]; Authenticated: true; Details: remoteAddress=192.168.43.52, tokenType=BearertokenValue=<TOKEN>; Granted Authorities: ROLE_ADMN, ROLE_CONT, FUNC_VIEW_ADMIN_MENU, FUNC_CONT_MENU, FUNC_CONT_MENU'
2020-05-03 18:29:07,422 DEBUG org.springframework.security.web.FilterChainProxy$VirtualFilterChain [http-nio-8080-exec-9] /competitions/2 at position 9 of 11 in additional filter chain; firing Filter: 'SessionManagementFilter'
2020-05-03 18:29:07,422 DEBUG org.springframework.security.web.authentication.session.CompositeSessionAuthenticationStrategy [http-nio-8080-exec-9] Delegating to org.springframework.security.web.authentication.session.ChangeSessionIdAuthenticationStrategy@2be89ba5
2020-05-03 18:29:07,423 DEBUG org.springframework.security.web.FilterChainProxy$VirtualFilterChain [http-nio-8080-exec-9] /competitions/2 at position 10 of 11 in additional filter chain; firing Filter: 'ExceptionTranslationFilter'
2020-05-03 18:29:07,423 DEBUG org.springframework.security.web.FilterChainProxy$VirtualFilterChain [http-nio-8080-exec-9] /competitions/2 at position 11 of 11 in additional filter chain; firing Filter: 'FilterSecurityInterceptor'
2020-05-03 18:29:07,423 DEBUG org.springframework.security.access.intercept.AbstractSecurityInterceptor [http-nio-8080-exec-9] Secure object: FilterInvocation: URL: /competitions/2; Attributes: [#oauth2.throwOnError(authenticated)]
2020-05-03 18:29:07,424 DEBUG org.springframework.security.access.intercept.AbstractSecurityInterceptor [http-nio-8080-exec-9] Previously Authenticated: org.springframework.security.oauth2.provider.OAuth2Authentication@e2f94861: Principal: admin; Credentials: [PROTECTED]; Authenticated: true; Details: remoteAddress=192.168.43.52, tokenType=BearertokenValue=<TOKEN>; Granted Authorities: ROLE_ADMN, ROLE_CONT, FUNC_VIEW_ADMIN_MENU, FUNC_CONT_MENU, FUNC_CONT_MENU
2020-05-03 18:29:07,425 DEBUG org.springframework.security.access.vote.AffirmativeBased [http-nio-8080-exec-9] Voter: org.springframework.security.web.access.expression.WebExpressionVoter@56f71341, returned: 1
2020-05-03 18:29:07,426 DEBUG org.springframework.security.access.intercept.AbstractSecurityInterceptor [http-nio-8080-exec-9] Authorization successful
2020-05-03 18:29:07,428 DEBUG org.springframework.security.access.intercept.AbstractSecurityInterceptor [http-nio-8080-exec-9] RunAsManager did not change Authentication object
2020-05-03 18:29:07,429 DEBUG org.springframework.security.web.FilterChainProxy$VirtualFilterChain [http-nio-8080-exec-9] /competitions/2 reached end of additional filter chain; proceeding with original chain
2020-05-03 18:29:07,430 DEBUG org.springframework.core.log.LogFormatUtils [http-nio-8080-exec-9] GET "/competitions/2", parameters={}
2020-05-03 18:29:07,431 DEBUG org.springframework.web.servlet.handler.AbstractHandlerMapping [http-nio-8080-exec-9] Mapped to com.surshree.app.controllers.CompetitionController#getCompetition(Long)
2020-05-03 18:29:07,432 DEBUG org.springframework.orm.jpa.support.OpenEntityManagerInViewInterceptor [http-nio-8080-exec-9] Opening JPA EntityManager in OpenEntityManagerInViewInterceptor
2020-05-03 18:29:07,433 DEBUG org.springframework.orm.jpa.JpaTransactionManager [http-nio-8080-exec-9] Found thread-bound EntityManager [SessionImpl(1189944354<open>)] for JPA transaction
2020-05-03 18:29:07,434 DEBUG org.springframework.transaction.support.AbstractPlatformTransactionManager [http-nio-8080-exec-9] Creating new transaction with name [org.springframework.data.jpa.repository.support.SimpleJpaRepository.findById]: PROPAGATION_REQUIRED,ISOLATION_DEFAULT,readOnly
2020-05-03 18:29:07,436 DEBUG org.springframework.jdbc.datasource.DataSourceUtils [http-nio-8080-exec-9] Setting JDBC Connection [HikariProxyConnection@981658333 wrapping org.postgresql.jdbc.PgConnection@33806c2] read-only
2020-05-03 18:29:07,437 DEBUG org.springframework.orm.jpa.JpaTransactionManager [http-nio-8080-exec-9] Exposing JPA transaction as JDBC [org.springframework.orm.jpa.vendor.HibernateJpaDialect$HibernateConnectionHandle@1d21e14e]
2020-05-03 18:29:07,441 DEBUG org.springframework.transaction.support.AbstractPlatformTransactionManager [http-nio-8080-exec-9] Initiating transaction commit
2020-05-03 18:29:07,441 DEBUG org.springframework.orm.jpa.JpaTransactionManager [http-nio-8080-exec-9] Committing JPA transaction on EntityManager [SessionImpl(1189944354<open>)]
2020-05-03 18:29:07,443 DEBUG org.springframework.jdbc.datasource.DataSourceUtils [http-nio-8080-exec-9] Resetting read-only flag of JDBC Connection [HikariProxyConnection@981658333 wrapping org.postgresql.jdbc.PgConnection@33806c2]
2020-05-03 18:29:07,445 DEBUG org.springframework.orm.jpa.JpaTransactionManager [http-nio-8080-exec-9] Not closing pre-bound JPA EntityManager after transaction
2020-05-03 18:29:07,447 DEBUG org.springframework.web.servlet.mvc.method.annotation.AbstractMessageConverterMethodProcessor [http-nio-8080-exec-9] Using 'application/json', given [application/json] and supported [application/json, application/*+json, application/json, application/*+json]
2020-05-03 18:29:07,448 DEBUG org.springframework.core.log.LogFormatUtils [http-nio-8080-exec-9] Writing [com.surshree.app.models.comp.CompetitionRequestResponseModel@750f2a00]
2020-05-03 18:29:07,449 DEBUG org.springframework.security.web.header.writers.HstsHeaderWriter [http-nio-8080-exec-9] Not injecting HSTS header since it did not match the requestMatcher org.springframework.security.web.header.writers.HstsHeaderWriter$SecureRequestMatcher@6f31b89b
2020-05-03 18:29:07,451 DEBUG org.springframework.orm.jpa.support.OpenEntityManagerInViewInterceptor [http-nio-8080-exec-9] Closing JPA EntityManager in OpenEntityManagerInViewInterceptor
2020-05-03 18:29:07,452 DEBUG org.springframework.web.servlet.FrameworkServlet [http-nio-8080-exec-9] Completed 200 OK
2020-05-03 18:29:07,454 DEBUG org.springframework.security.web.access.ExceptionTranslationFilter [http-nio-8080-exec-9] Chain processed normally
2020-05-03 18:29:07,455 DEBUG org.springframework.security.web.context.SecurityContextPersistenceFilter [http-nio-8080-exec-9] SecurityContextHolder now cleared, as request processing completed
2020-05-03 18:29:14,645 DEBUG org.springframework.security.web.util.matcher.OrRequestMatcher [http-nio-8080-exec-10] Trying to match using Ant [pattern='/oauth/token']
2020-05-03 18:29:14,646 DEBUG org.springframework.security.web.util.matcher.AntPathRequestMatcher [http-nio-8080-exec-10] Checking match of request : '/competitions/3'; against '/oauth/token'
2020-05-03 18:29:14,656 DEBUG org.springframework.security.web.util.matcher.OrRequestMatcher [http-nio-8080-exec-10] Trying to match using Ant [pattern='/oauth/token_key']
2020-05-03 18:29:14,656 DEBUG org.springframework.security.web.util.matcher.AntPathRequestMatcher [http-nio-8080-exec-10] Checking match of request : '/competitions/3'; against '/oauth/token_key'
2020-05-03 18:29:14,657 DEBUG org.springframework.security.web.util.matcher.OrRequestMatcher [http-nio-8080-exec-10] Trying to match using Ant [pattern='/oauth/check_token']
2020-05-03 18:29:14,662 DEBUG org.springframework.security.web.util.matcher.AntPathRequestMatcher [http-nio-8080-exec-10] Checking match of request : '/competitions/3'; against '/oauth/check_token'
2020-05-03 18:29:14,664 DEBUG org.springframework.security.web.util.matcher.OrRequestMatcher [http-nio-8080-exec-10] No matches found
2020-05-03 18:29:14,667 DEBUG org.springframework.security.web.util.matcher.AntPathRequestMatcher [http-nio-8080-exec-10] Request '/competitions/3' matched by universal pattern '/**'
2020-05-03 18:29:14,669 DEBUG org.springframework.security.web.FilterChainProxy$VirtualFilterChain [http-nio-8080-exec-10] /competitions/3 at position 1 of 13 in additional filter chain; firing Filter: 'WebAsyncManagerIntegrationFilter'
2020-05-03 18:29:14,672 DEBUG org.springframework.security.web.FilterChainProxy$VirtualFilterChain [http-nio-8080-exec-10] /competitions/3 at position 2 of 13 in additional filter chain; firing Filter: 'SecurityContextPersistenceFilter'
2020-05-03 18:29:14,674 DEBUG org.springframework.security.web.context.HttpSessionSecurityContextRepository [http-nio-8080-exec-10] No HttpSession currently exists
2020-05-03 18:29:14,675 DEBUG org.springframework.security.web.context.HttpSessionSecurityContextRepository [http-nio-8080-exec-10] No SecurityContext was available from the HttpSession: null. A new one will be created.
2020-05-03 18:29:14,675 DEBUG org.springframework.security.web.FilterChainProxy$VirtualFilterChain [http-nio-8080-exec-10] /competitions/3 at position 3 of 13 in additional filter chain; firing Filter: 'HeaderWriterFilter'
2020-05-03 18:29:14,675 DEBUG org.springframework.security.web.FilterChainProxy$VirtualFilterChain [http-nio-8080-exec-10] /competitions/3 at position 4 of 13 in additional filter chain; firing Filter: 'CorsFilter'
2020-05-03 18:29:14,681 DEBUG org.springframework.web.servlet.handler.AbstractHandlerMapping [http-nio-8080-exec-10] Mapped to com.surshree.app.controllers.CompetitionController#getCompetition(Long)
2020-05-03 18:29:14,683 DEBUG org.springframework.security.web.header.writers.HstsHeaderWriter [http-nio-8080-exec-10] Not injecting HSTS header since it did not match the requestMatcher org.springframework.security.web.header.writers.HstsHeaderWriter$SecureRequestMatcher@287b04d4
2020-05-03 18:29:14,684 DEBUG org.springframework.security.web.context.HttpSessionSecurityContextRepository$SaveToSessionResponseWrapper [http-nio-8080-exec-10] SecurityContext is empty or contents are anonymous - context will not be stored in HttpSession.
2020-05-03 18:29:14,685 DEBUG org.springframework.security.web.context.SecurityContextPersistenceFilter [http-nio-8080-exec-10] SecurityContextHolder now cleared, as request processing completed
2020-05-03 18:29:14,689 DEBUG org.springframework.security.web.util.matcher.OrRequestMatcher [http-nio-8080-exec-1] Trying to match using Ant [pattern='/oauth/token']
2020-05-03 18:29:14,691 DEBUG org.springframework.security.web.util.matcher.AntPathRequestMatcher [http-nio-8080-exec-1] Checking match of request : '/competitions/3'; against '/oauth/token'
2020-05-03 18:29:14,693 DEBUG org.springframework.security.web.util.matcher.OrRequestMatcher [http-nio-8080-exec-1] Trying to match using Ant [pattern='/oauth/token_key']
2020-05-03 18:29:14,694 DEBUG org.springframework.security.web.util.matcher.AntPathRequestMatcher [http-nio-8080-exec-1] Checking match of request : '/competitions/3'; against '/oauth/token_key'
2020-05-03 18:29:14,694 DEBUG org.springframework.security.web.util.matcher.OrRequestMatcher [http-nio-8080-exec-1] Trying to match using Ant [pattern='/oauth/check_token']
2020-05-03 18:29:14,696 DEBUG org.springframework.security.web.util.matcher.AntPathRequestMatcher [http-nio-8080-exec-1] Checking match of request : '/competitions/3'; against '/oauth/check_token'
2020-05-03 18:29:14,697 DEBUG org.springframework.security.web.util.matcher.OrRequestMatcher [http-nio-8080-exec-1] No matches found
2020-05-03 18:29:14,697 DEBUG org.springframework.security.web.FilterChainProxy$VirtualFilterChain [http-nio-8080-exec-1] /competitions/3 at position 1 of 11 in additional filter chain; firing Filter: 'WebAsyncManagerIntegrationFilter'
2020-05-03 18:29:14,698 DEBUG org.springframework.security.web.FilterChainProxy$VirtualFilterChain [http-nio-8080-exec-1] /competitions/3 at position 2 of 11 in additional filter chain; firing Filter: 'SecurityContextPersistenceFilter'
2020-05-03 18:29:14,698 DEBUG org.springframework.security.web.FilterChainProxy$VirtualFilterChain [http-nio-8080-exec-1] /competitions/3 at position 3 of 11 in additional filter chain; firing Filter: 'HeaderWriterFilter'
2020-05-03 18:29:14,699 DEBUG org.springframework.security.web.FilterChainProxy$VirtualFilterChain [http-nio-8080-exec-1] /competitions/3 at position 4 of 11 in additional filter chain; firing Filter: 'LogoutFilter'
2020-05-03 18:29:14,701 DEBUG org.springframework.security.web.util.matcher.OrRequestMatcher [http-nio-8080-exec-1] Trying to match using Ant [pattern='/logout', GET]
2020-05-03 18:29:14,703 DEBUG org.springframework.security.web.util.matcher.AntPathRequestMatcher [http-nio-8080-exec-1] Checking match of request : '/competitions/3'; against '/logout'
2020-05-03 18:29:14,704 DEBUG org.springframework.security.web.util.matcher.OrRequestMatcher [http-nio-8080-exec-1] Trying to match using Ant [pattern='/logout', POST]
2020-05-03 18:29:14,704 DEBUG org.springframework.security.web.util.matcher.AntPathRequestMatcher [http-nio-8080-exec-1] Request 'GET /competitions/3' doesn't match 'POST /logout'
2020-05-03 18:29:14,705 DEBUG org.springframework.security.web.util.matcher.OrRequestMatcher [http-nio-8080-exec-1] Trying to match using Ant [pattern='/logout', PUT]
2020-05-03 18:29:14,706 DEBUG org.springframework.security.web.util.matcher.AntPathRequestMatcher [http-nio-8080-exec-1] Request 'GET /competitions/3' doesn't match 'PUT /logout'
2020-05-03 18:29:14,706 DEBUG org.springframework.security.web.util.matcher.OrRequestMatcher [http-nio-8080-exec-1] Trying to match using Ant [pattern='/logout', DELETE]
2020-05-03 18:29:14,706 DEBUG org.springframework.security.web.util.matcher.AntPathRequestMatcher [http-nio-8080-exec-1] Request 'GET /competitions/3' doesn't match 'DELETE /logout'
2020-05-03 18:29:14,708 DEBUG org.springframework.security.web.util.matcher.OrRequestMatcher [http-nio-8080-exec-1] No matches found
2020-05-03 18:29:14,708 DEBUG org.springframework.security.web.FilterChainProxy$VirtualFilterChain [http-nio-8080-exec-1] /competitions/3 at position 5 of 11 in additional filter chain; firing Filter: 'OAuth2AuthenticationProcessingFilter'
2020-05-03 18:29:14,709 DEBUG org.springframework.jdbc.core.JdbcTemplate [http-nio-8080-exec-1] Executing prepared SQL query
2020-05-03 18:29:14,709 DEBUG org.springframework.jdbc.core.JdbcTemplate [http-nio-8080-exec-1] Executing prepared SQL statement [select token_id, token from oauth_access_token where token_id = ?]
2020-05-03 18:29:14,709 DEBUG org.springframework.jdbc.datasource.DataSourceUtils [http-nio-8080-exec-1] Fetching JDBC Connection from DataSource
2020-05-03 18:29:14,711 DEBUG org.springframework.jdbc.core.JdbcTemplate [http-nio-8080-exec-1] Executing prepared SQL query
2020-05-03 18:29:14,711 DEBUG org.springframework.jdbc.core.JdbcTemplate [http-nio-8080-exec-1] Executing prepared SQL statement [select token_id, authentication from oauth_access_token where token_id = ?]
2020-05-03 18:29:14,712 DEBUG org.springframework.jdbc.datasource.DataSourceUtils [http-nio-8080-exec-1] Fetching JDBC Connection from DataSource
2020-05-03 18:29:14,715 DEBUG org.springframework.security.oauth2.provider.authentication.OAuth2AuthenticationProcessingFilter [http-nio-8080-exec-1] Authentication success: org.springframework.security.oauth2.provider.OAuth2Authentication@e2f94861: Principal: admin; Credentials: [PROTECTED]; Authenticated: true; Details: remoteAddress=192.168.43.52, tokenType=BearertokenValue=<TOKEN>; Granted Authorities: ROLE_ADMN, ROLE_CONT, FUNC_VIEW_ADMIN_MENU, FUNC_CONT_MENU, FUNC_CONT_MENU
2020-05-03 18:29:14,715 DEBUG org.springframework.security.web.FilterChainProxy$VirtualFilterChain [http-nio-8080-exec-1] /competitions/3 at position 6 of 11 in additional filter chain; firing Filter: 'RequestCacheAwareFilter'
2020-05-03 18:29:14,715 DEBUG org.springframework.security.web.FilterChainProxy$VirtualFilterChain [http-nio-8080-exec-1] /competitions/3 at position 7 of 11 in additional filter chain; firing Filter: 'SecurityContextHolderAwareRequestFilter'
2020-05-03 18:29:14,716 DEBUG org.springframework.security.web.FilterChainProxy$VirtualFilterChain [http-nio-8080-exec-1] /competitions/3 at position 8 of 11 in additional filter chain; firing Filter: 'AnonymousAuthenticationFilter'
2020-05-03 18:29:14,716 DEBUG org.springframework.security.web.authentication.AnonymousAuthenticationFilter [http-nio-8080-exec-1] SecurityContextHolder not populated with anonymous token, as it already contained: 'org.springframework.security.oauth2.provider.OAuth2Authentication@e2f94861: Principal: admin; Credentials: [PROTECTED]; Authenticated: true; Details: remoteAddress=192.168.43.52, tokenType=BearertokenValue=<TOKEN>; Granted Authorities: ROLE_ADMN, ROLE_CONT, FUNC_VIEW_ADMIN_MENU, FUNC_CONT_MENU, FUNC_CONT_MENU'
2020-05-03 18:29:14,716 DEBUG org.springframework.security.web.FilterChainProxy$VirtualFilterChain [http-nio-8080-exec-1] /competitions/3 at position 9 of 11 in additional filter chain; firing Filter: 'SessionManagementFilter'
2020-05-03 18:29:14,717 DEBUG org.springframework.security.web.authentication.session.CompositeSessionAuthenticationStrategy [http-nio-8080-exec-1] Delegating to org.springframework.security.web.authentication.session.ChangeSessionIdAuthenticationStrategy@2be89ba5
2020-05-03 18:29:14,717 DEBUG org.springframework.security.web.FilterChainProxy$VirtualFilterChain [http-nio-8080-exec-1] /competitions/3 at position 10 of 11 in additional filter chain; firing Filter: 'ExceptionTranslationFilter'
2020-05-03 18:29:14,717 DEBUG org.springframework.security.web.FilterChainProxy$VirtualFilterChain [http-nio-8080-exec-1] /competitions/3 at position 11 of 11 in additional filter chain; firing Filter: 'FilterSecurityInterceptor'
2020-05-03 18:29:14,717 DEBUG org.springframework.security.access.intercept.AbstractSecurityInterceptor [http-nio-8080-exec-1] Secure object: FilterInvocation: URL: /competitions/3; Attributes: [#oauth2.throwOnError(authenticated)]
2020-05-03 18:29:14,718 DEBUG org.springframework.security.access.intercept.AbstractSecurityInterceptor [http-nio-8080-exec-1] Previously Authenticated: org.springframework.security.oauth2.provider.OAuth2Authentication@e2f94861: Principal: admin; Credentials: [PROTECTED]; Authenticated: true; Details: remoteAddress=192.168.43.52, tokenType=BearertokenValue=<TOKEN>; Granted Authorities: ROLE_ADMN, ROLE_CONT, FUNC_VIEW_ADMIN_MENU, FUNC_CONT_MENU, FUNC_CONT_MENU
2020-05-03 18:29:14,720 DEBUG org.springframework.security.access.vote.AffirmativeBased [http-nio-8080-exec-1] Voter: org.springframework.security.web.access.expression.WebExpressionVoter@56f71341, returned: 1
2020-05-03 18:29:14,720 DEBUG org.springframework.security.access.intercept.AbstractSecurityInterceptor [http-nio-8080-exec-1] Authorization successful
2020-05-03 18:29:14,720 DEBUG org.springframework.security.access.intercept.AbstractSecurityInterceptor [http-nio-8080-exec-1] RunAsManager did not change Authentication object
2020-05-03 18:29:14,720 DEBUG org.springframework.security.web.FilterChainProxy$VirtualFilterChain [http-nio-8080-exec-1] /competitions/3 reached end of additional filter chain; proceeding with original chain
2020-05-03 18:29:14,723 DEBUG org.springframework.core.log.LogFormatUtils [http-nio-8080-exec-1] GET "/competitions/3", parameters={}
2020-05-03 18:29:14,727 DEBUG org.springframework.web.servlet.handler.AbstractHandlerMapping [http-nio-8080-exec-1] Mapped to com.surshree.app.controllers.CompetitionController#getCompetition(Long)
2020-05-03 18:29:14,729 DEBUG org.springframework.orm.jpa.support.OpenEntityManagerInViewInterceptor [http-nio-8080-exec-1] Opening JPA EntityManager in OpenEntityManagerInViewInterceptor
2020-05-03 18:29:14,731 DEBUG org.springframework.orm.jpa.JpaTransactionManager [http-nio-8080-exec-1] Found thread-bound EntityManager [SessionImpl(1766269150<open>)] for JPA transaction
2020-05-03 18:29:14,732 DEBUG org.springframework.transaction.support.AbstractPlatformTransactionManager [http-nio-8080-exec-1] Creating new transaction with name [org.springframework.data.jpa.repository.support.SimpleJpaRepository.findById]: PROPAGATION_REQUIRED,ISOLATION_DEFAULT,readOnly
2020-05-03 18:29:14,734 DEBUG org.springframework.jdbc.datasource.DataSourceUtils [http-nio-8080-exec-1] Setting JDBC Connection [HikariProxyConnection@1909791782 wrapping org.postgresql.jdbc.PgConnection@33806c2] read-only
2020-05-03 18:29:14,735 DEBUG org.springframework.orm.jpa.JpaTransactionManager [http-nio-8080-exec-1] Exposing JPA transaction as JDBC [org.springframework.orm.jpa.vendor.HibernateJpaDialect$HibernateConnectionHandle@20dbe457]
2020-05-03 18:29:14,743 DEBUG org.springframework.transaction.support.AbstractPlatformTransactionManager [http-nio-8080-exec-1] Initiating transaction commit
2020-05-03 18:29:14,744 DEBUG org.springframework.orm.jpa.JpaTransactionManager [http-nio-8080-exec-1] Committing JPA transaction on EntityManager [SessionImpl(1766269150<open>)]
2020-05-03 18:29:14,748 DEBUG org.springframework.jdbc.datasource.DataSourceUtils [http-nio-8080-exec-1] Resetting read-only flag of JDBC Connection [HikariProxyConnection@1909791782 wrapping org.postgresql.jdbc.PgConnection@33806c2]
2020-05-03 18:29:14,750 DEBUG org.springframework.orm.jpa.JpaTransactionManager [http-nio-8080-exec-1] Not closing pre-bound JPA EntityManager after transaction
2020-05-03 18:29:14,751 DEBUG org.springframework.web.servlet.mvc.method.annotation.AbstractMessageConverterMethodProcessor [http-nio-8080-exec-1] Using 'application/json', given [application/json] and supported [application/json, application/*+json, application/json, application/*+json]
2020-05-03 18:29:14,752 DEBUG org.springframework.core.log.LogFormatUtils [http-nio-8080-exec-1] Writing [com.surshree.app.models.comp.CompetitionRequestResponseModel@431c9fa4]
2020-05-03 18:29:14,759 DEBUG org.springframework.security.web.header.writers.HstsHeaderWriter [http-nio-8080-exec-1] Not injecting HSTS header since it did not match the requestMatcher org.springframework.security.web.header.writers.HstsHeaderWriter$SecureRequestMatcher@6f31b89b
2020-05-03 18:29:14,759 DEBUG org.springframework.orm.jpa.support.OpenEntityManagerInViewInterceptor [http-nio-8080-exec-1] Closing JPA EntityManager in OpenEntityManagerInViewInterceptor
2020-05-03 18:29:14,760 DEBUG org.springframework.web.servlet.FrameworkServlet [http-nio-8080-exec-1] Completed 200 OK
2020-05-03 18:29:14,761 DEBUG org.springframework.security.web.access.ExceptionTranslationFilter [http-nio-8080-exec-1] Chain processed normally
2020-05-03 18:29:14,761 DEBUG org.springframework.security.web.context.SecurityContextPersistenceFilter [http-nio-8080-exec-1] SecurityContextHolder now cleared, as request processing completed
2020-05-03 18:29:23,246 DEBUG org.springframework.security.web.util.matcher.OrRequestMatcher [http-nio-8080-exec-2] Trying to match using Ant [pattern='/oauth/token']
2020-05-03 18:29:23,248 DEBUG org.springframework.security.web.util.matcher.AntPathRequestMatcher [http-nio-8080-exec-2] Checking match of request : '/competitions/6'; against '/oauth/token'
2020-05-03 18:29:23,248 DEBUG org.springframework.security.web.util.matcher.OrRequestMatcher [http-nio-8080-exec-2] Trying to match using Ant [pattern='/oauth/token_key']
2020-05-03 18:29:23,249 DEBUG org.springframework.security.web.util.matcher.AntPathRequestMatcher [http-nio-8080-exec-2] Checking match of request : '/competitions/6'; against '/oauth/token_key'
2020-05-03 18:29:23,249 DEBUG org.springframework.security.web.util.matcher.OrRequestMatcher [http-nio-8080-exec-2] Trying to match using Ant [pattern='/oauth/check_token']
2020-05-03 18:29:23,251 DEBUG org.springframework.security.web.util.matcher.AntPathRequestMatcher [http-nio-8080-exec-2] Checking match of request : '/competitions/6'; against '/oauth/check_token'
2020-05-03 18:29:23,251 DEBUG org.springframework.security.web.util.matcher.OrRequestMatcher [http-nio-8080-exec-2] No matches found
2020-05-03 18:29:23,251 DEBUG org.springframework.security.web.util.matcher.AntPathRequestMatcher [http-nio-8080-exec-2] Request '/competitions/6' matched by universal pattern '/**'
2020-05-03 18:29:23,255 DEBUG org.springframework.security.web.FilterChainProxy$VirtualFilterChain [http-nio-8080-exec-2] /competitions/6 at position 1 of 13 in additional filter chain; firing Filter: 'WebAsyncManagerIntegrationFilter'
2020-05-03 18:29:23,258 DEBUG org.springframework.security.web.FilterChainProxy$VirtualFilterChain [http-nio-8080-exec-2] /competitions/6 at position 2 of 13 in additional filter chain; firing Filter: 'SecurityContextPersistenceFilter'
2020-05-03 18:29:23,258 DEBUG org.springframework.security.web.context.HttpSessionSecurityContextRepository [http-nio-8080-exec-2] No HttpSession currently exists
2020-05-03 18:29:23,259 DEBUG org.springframework.security.web.context.HttpSessionSecurityContextRepository [http-nio-8080-exec-2] No SecurityContext was available from the HttpSession: null. A new one will be created.
2020-05-03 18:29:23,259 DEBUG org.springframework.security.web.FilterChainProxy$VirtualFilterChain [http-nio-8080-exec-2] /competitions/6 at position 3 of 13 in additional filter chain; firing Filter: 'HeaderWriterFilter'
2020-05-03 18:29:23,260 DEBUG org.springframework.security.web.FilterChainProxy$VirtualFilterChain [http-nio-8080-exec-2] /competitions/6 at position 4 of 13 in additional filter chain; firing Filter: 'CorsFilter'
2020-05-03 18:29:23,263 DEBUG org.springframework.web.servlet.handler.AbstractHandlerMapping [http-nio-8080-exec-2] Mapped to com.surshree.app.controllers.CompetitionController#getCompetition(Long)
2020-05-03 18:29:23,268 DEBUG org.springframework.security.web.header.writers.HstsHeaderWriter [http-nio-8080-exec-2] Not injecting HSTS header since it did not match the requestMatcher org.springframework.security.web.header.writers.HstsHeaderWriter$SecureRequestMatcher@287b04d4
2020-05-03 18:29:23,268 DEBUG org.springframework.security.web.context.HttpSessionSecurityContextRepository$SaveToSessionResponseWrapper [http-nio-8080-exec-2] SecurityContext is empty or contents are anonymous - context will not be stored in HttpSession.
2020-05-03 18:29:23,269 DEBUG org.springframework.security.web.context.SecurityContextPersistenceFilter [http-nio-8080-exec-2] SecurityContextHolder now cleared, as request processing completed
2020-05-03 18:29:23,277 DEBUG org.springframework.security.web.util.matcher.OrRequestMatcher [http-nio-8080-exec-3] Trying to match using Ant [pattern='/oauth/token']
2020-05-03 18:29:23,278 DEBUG org.springframework.security.web.util.matcher.AntPathRequestMatcher [http-nio-8080-exec-3] Checking match of request : '/competitions/6'; against '/oauth/token'
2020-05-03 18:29:23,278 DEBUG org.springframework.security.web.util.matcher.OrRequestMatcher [http-nio-8080-exec-3] Trying to match using Ant [pattern='/oauth/token_key']
2020-05-03 18:29:23,280 DEBUG org.springframework.security.web.util.matcher.AntPathRequestMatcher [http-nio-8080-exec-3] Checking match of request : '/competitions/6'; against '/oauth/token_key'
2020-05-03 18:29:23,281 DEBUG org.springframework.security.web.util.matcher.OrRequestMatcher [http-nio-8080-exec-3] Trying to match using Ant [pattern='/oauth/check_token']
2020-05-03 18:29:23,281 DEBUG org.springframework.security.web.util.matcher.AntPathRequestMatcher [http-nio-8080-exec-3] Checking match of request : '/competitions/6'; against '/oauth/check_token'
2020-05-03 18:29:23,282 DEBUG org.springframework.security.web.util.matcher.OrRequestMatcher [http-nio-8080-exec-3] No matches found
2020-05-03 18:29:23,282 DEBUG org.springframework.security.web.FilterChainProxy$VirtualFilterChain [http-nio-8080-exec-3] /competitions/6 at position 1 of 11 in additional filter chain; firing Filter: 'WebAsyncManagerIntegrationFilter'
2020-05-03 18:29:23,282 DEBUG org.springframework.security.web.FilterChainProxy$VirtualFilterChain [http-nio-8080-exec-3] /competitions/6 at position 2 of 11 in additional filter chain; firing Filter: 'SecurityContextPersistenceFilter'
2020-05-03 18:29:23,282 DEBUG org.springframework.security.web.FilterChainProxy$VirtualFilterChain [http-nio-8080-exec-3] /competitions/6 at position 3 of 11 in additional filter chain; firing Filter: 'HeaderWriterFilter'
2020-05-03 18:29:23,283 DEBUG org.springframework.security.web.FilterChainProxy$VirtualFilterChain [http-nio-8080-exec-3] /competitions/6 at position 4 of 11 in additional filter chain; firing Filter: 'LogoutFilter'
2020-05-03 18:29:23,284 DEBUG org.springframework.security.web.util.matcher.OrRequestMatcher [http-nio-8080-exec-3] Trying to match using Ant [pattern='/logout', GET]
2020-05-03 18:29:23,285 DEBUG org.springframework.security.web.util.matcher.AntPathRequestMatcher [http-nio-8080-exec-3] Checking match of request : '/competitions/6'; against '/logout'
2020-05-03 18:29:23,285 DEBUG org.springframework.security.web.util.matcher.OrRequestMatcher [http-nio-8080-exec-3] Trying to match using Ant [pattern='/logout', POST]
2020-05-03 18:29:23,285 DEBUG org.springframework.security.web.util.matcher.AntPathRequestMatcher [http-nio-8080-exec-3] Request 'GET /competitions/6' doesn't match 'POST /logout'
2020-05-03 18:29:23,286 DEBUG org.springframework.security.web.util.matcher.OrRequestMatcher [http-nio-8080-exec-3] Trying to match using Ant [pattern='/logout', PUT]
2020-05-03 18:29:23,286 DEBUG org.springframework.security.web.util.matcher.AntPathRequestMatcher [http-nio-8080-exec-3] Request 'GET /competitions/6' doesn't match 'PUT /logout'
2020-05-03 18:29:23,286 DEBUG org.springframework.security.web.util.matcher.OrRequestMatcher [http-nio-8080-exec-3] Trying to match using Ant [pattern='/logout', DELETE]
2020-05-03 18:29:23,286 DEBUG org.springframework.security.web.util.matcher.AntPathRequestMatcher [http-nio-8080-exec-3] Request 'GET /competitions/6' doesn't match 'DELETE /logout'
2020-05-03 18:29:23,286 DEBUG org.springframework.security.web.util.matcher.OrRequestMatcher [http-nio-8080-exec-3] No matches found
2020-05-03 18:29:23,287 DEBUG org.springframework.security.web.FilterChainProxy$VirtualFilterChain [http-nio-8080-exec-3] /competitions/6 at position 5 of 11 in additional filter chain; firing Filter: 'OAuth2AuthenticationProcessingFilter'
2020-05-03 18:29:23,288 DEBUG org.springframework.jdbc.core.JdbcTemplate [http-nio-8080-exec-3] Executing prepared SQL query
2020-05-03 18:29:23,288 DEBUG org.springframework.jdbc.core.JdbcTemplate [http-nio-8080-exec-3] Executing prepared SQL statement [select token_id, token from oauth_access_token where token_id = ?]
2020-05-03 18:29:23,288 DEBUG org.springframework.jdbc.datasource.DataSourceUtils [http-nio-8080-exec-3] Fetching JDBC Connection from DataSource
2020-05-03 18:29:23,371 DEBUG org.springframework.jdbc.core.JdbcTemplate [http-nio-8080-exec-3] Executing prepared SQL query
2020-05-03 18:29:23,372 DEBUG org.springframework.jdbc.core.JdbcTemplate [http-nio-8080-exec-3] Executing prepared SQL statement [select token_id, authentication from oauth_access_token where token_id = ?]
2020-05-03 18:29:23,372 DEBUG org.springframework.jdbc.datasource.DataSourceUtils [http-nio-8080-exec-3] Fetching JDBC Connection from DataSource
2020-05-03 18:29:23,375 DEBUG org.springframework.security.oauth2.provider.authentication.OAuth2AuthenticationProcessingFilter [http-nio-8080-exec-3] Authentication success: org.springframework.security.oauth2.provider.OAuth2Authentication@e2f94861: Principal: admin; Credentials: [PROTECTED]; Authenticated: true; Details: remoteAddress=192.168.43.52, tokenType=BearertokenValue=<TOKEN>; Granted Authorities: ROLE_ADMN, ROLE_CONT, FUNC_VIEW_ADMIN_MENU, FUNC_CONT_MENU, FUNC_CONT_MENU
2020-05-03 18:29:23,377 DEBUG org.springframework.security.web.FilterChainProxy$VirtualFilterChain [http-nio-8080-exec-3] /competitions/6 at position 6 of 11 in additional filter chain; firing Filter: 'RequestCacheAwareFilter'
2020-05-03 18:29:23,377 DEBUG org.springframework.security.web.FilterChainProxy$VirtualFilterChain [http-nio-8080-exec-3] /competitions/6 at position 7 of 11 in additional filter chain; firing Filter: 'SecurityContextHolderAwareRequestFilter'
2020-05-03 18:29:23,378 DEBUG org.springframework.security.web.FilterChainProxy$VirtualFilterChain [http-nio-8080-exec-3] /competitions/6 at position 8 of 11 in additional filter chain; firing Filter: 'AnonymousAuthenticationFilter'
2020-05-03 18:29:23,378 DEBUG org.springframework.security.web.authentication.AnonymousAuthenticationFilter [http-nio-8080-exec-3] SecurityContextHolder not populated with anonymous token, as it already contained: 'org.springframework.security.oauth2.provider.OAuth2Authentication@e2f94861: Principal: admin; Credentials: [PROTECTED]; Authenticated: true; Details: remoteAddress=192.168.43.52, tokenType=BearertokenValue=<TOKEN>; Granted Authorities: ROLE_ADMN, ROLE_CONT, FUNC_VIEW_ADMIN_MENU, FUNC_CONT_MENU, FUNC_CONT_MENU'
2020-05-03 18:29:23,379 DEBUG org.springframework.security.web.FilterChainProxy$VirtualFilterChain [http-nio-8080-exec-3] /competitions/6 at position 9 of 11 in additional filter chain; firing Filter: 'SessionManagementFilter'
2020-05-03 18:29:23,380 DEBUG org.springframework.security.web.authentication.session.CompositeSessionAuthenticationStrategy [http-nio-8080-exec-3] Delegating to org.springframework.security.web.authentication.session.ChangeSessionIdAuthenticationStrategy@2be89ba5
2020-05-03 18:29:23,380 DEBUG org.springframework.security.web.FilterChainProxy$VirtualFilterChain [http-nio-8080-exec-3] /competitions/6 at position 10 of 11 in additional filter chain; firing Filter: 'ExceptionTranslationFilter'
2020-05-03 18:29:23,381 DEBUG org.springframework.security.web.FilterChainProxy$VirtualFilterChain [http-nio-8080-exec-3] /competitions/6 at position 11 of 11 in additional filter chain; firing Filter: 'FilterSecurityInterceptor'
2020-05-03 18:29:23,381 DEBUG org.springframework.security.access.intercept.AbstractSecurityInterceptor [http-nio-8080-exec-3] Secure object: FilterInvocation: URL: /competitions/6; Attributes: [#oauth2.throwOnError(authenticated)]
2020-05-03 18:29:23,382 DEBUG org.springframework.security.access.intercept.AbstractSecurityInterceptor [http-nio-8080-exec-3] Previously Authenticated: org.springframework.security.oauth2.provider.OAuth2Authentication@e2f94861: Principal: admin; Credentials: [PROTECTED]; Authenticated: true; Details: remoteAddress=192.168.43.52, tokenType=BearertokenValue=<TOKEN>; Granted Authorities: ROLE_ADMN, ROLE_CONT, FUNC_VIEW_ADMIN_MENU, FUNC_CONT_MENU, FUNC_CONT_MENU
2020-05-03 18:29:23,384 DEBUG org.springframework.security.access.vote.AffirmativeBased [http-nio-8080-exec-3] Voter: org.springframework.security.web.access.expression.WebExpressionVoter@56f71341, returned: 1
2020-05-03 18:29:23,385 DEBUG org.springframework.security.access.intercept.AbstractSecurityInterceptor [http-nio-8080-exec-3] Authorization successful
2020-05-03 18:29:23,386 DEBUG org.springframework.security.access.intercept.AbstractSecurityInterceptor [http-nio-8080-exec-3] RunAsManager did not change Authentication object
2020-05-03 18:29:23,387 DEBUG org.springframework.security.web.FilterChainProxy$VirtualFilterChain [http-nio-8080-exec-3] /competitions/6 reached end of additional filter chain; proceeding with original chain
2020-05-03 18:29:23,387 DEBUG org.springframework.core.log.LogFormatUtils [http-nio-8080-exec-3] GET "/competitions/6", parameters={}
2020-05-03 18:29:23,389 DEBUG org.springframework.web.servlet.handler.AbstractHandlerMapping [http-nio-8080-exec-3] Mapped to com.surshree.app.controllers.CompetitionController#getCompetition(Long)
2020-05-03 18:29:23,391 DEBUG org.springframework.orm.jpa.support.OpenEntityManagerInViewInterceptor [http-nio-8080-exec-3] Opening JPA EntityManager in OpenEntityManagerInViewInterceptor
2020-05-03 18:29:23,392 DEBUG org.springframework.orm.jpa.JpaTransactionManager [http-nio-8080-exec-3] Found thread-bound EntityManager [SessionImpl(2037607784<open>)] for JPA transaction
2020-05-03 18:29:23,393 DEBUG org.springframework.transaction.support.AbstractPlatformTransactionManager [http-nio-8080-exec-3] Creating new transaction with name [org.springframework.data.jpa.repository.support.SimpleJpaRepository.findById]: PROPAGATION_REQUIRED,ISOLATION_DEFAULT,readOnly
2020-05-03 18:29:23,395 DEBUG org.springframework.jdbc.datasource.DataSourceUtils [http-nio-8080-exec-3] Setting JDBC Connection [HikariProxyConnection@1568090246 wrapping org.postgresql.jdbc.PgConnection@33806c2] read-only
2020-05-03 18:29:23,396 DEBUG org.springframework.orm.jpa.JpaTransactionManager [http-nio-8080-exec-3] Exposing JPA transaction as JDBC [org.springframework.orm.jpa.vendor.HibernateJpaDialect$HibernateConnectionHandle@18979c86]
2020-05-03 18:29:23,398 DEBUG org.springframework.transaction.support.AbstractPlatformTransactionManager [http-nio-8080-exec-3] Initiating transaction commit
2020-05-03 18:29:23,399 DEBUG org.springframework.orm.jpa.JpaTransactionManager [http-nio-8080-exec-3] Committing JPA transaction on EntityManager [SessionImpl(2037607784<open>)]
2020-05-03 18:29:23,400 DEBUG org.springframework.jdbc.datasource.DataSourceUtils [http-nio-8080-exec-3] Resetting read-only flag of JDBC Connection [HikariProxyConnection@1568090246 wrapping org.postgresql.jdbc.PgConnection@33806c2]
2020-05-03 18:29:23,401 DEBUG org.springframework.orm.jpa.JpaTransactionManager [http-nio-8080-exec-3] Not closing pre-bound JPA EntityManager after transaction
2020-05-03 18:29:23,402 DEBUG org.springframework.web.servlet.mvc.method.annotation.AbstractMessageConverterMethodProcessor [http-nio-8080-exec-3] Using 'application/json', given [application/json] and supported [application/json, application/*+json, application/json, application/*+json]
2020-05-03 18:29:23,402 DEBUG org.springframework.core.log.LogFormatUtils [http-nio-8080-exec-3] Writing [com.surshree.app.models.comp.CompetitionRequestResponseModel@77871006]
2020-05-03 18:29:23,403 DEBUG org.springframework.security.web.header.writers.HstsHeaderWriter [http-nio-8080-exec-3] Not injecting HSTS header since it did not match the requestMatcher org.springframework.security.web.header.writers.HstsHeaderWriter$SecureRequestMatcher@6f31b89b
2020-05-03 18:29:23,405 DEBUG org.springframework.orm.jpa.support.OpenEntityManagerInViewInterceptor [http-nio-8080-exec-3] Closing JPA EntityManager in OpenEntityManagerInViewInterceptor
2020-05-03 18:29:23,414 DEBUG org.springframework.web.servlet.FrameworkServlet [http-nio-8080-exec-3] Completed 200 OK
2020-05-03 18:29:23,415 DEBUG org.springframework.security.web.access.ExceptionTranslationFilter [http-nio-8080-exec-3] Chain processed normally
2020-05-03 18:29:23,416 DEBUG org.springframework.security.web.context.SecurityContextPersistenceFilter [http-nio-8080-exec-3] SecurityContextHolder now cleared, as request processing completed
2020-05-03 18:30:15,872 DEBUG org.springframework.security.web.util.matcher.OrRequestMatcher [http-nio-8080-exec-4] Trying to match using Ant [pattern='/oauth/token']
2020-05-03 18:30:15,873 DEBUG org.springframework.security.web.util.matcher.AntPathRequestMatcher [http-nio-8080-exec-4] Checking match of request : '/oauth/token'; against '/oauth/token'
2020-05-03 18:30:15,873 DEBUG org.springframework.security.web.util.matcher.OrRequestMatcher [http-nio-8080-exec-4] matched
2020-05-03 18:30:15,873 DEBUG org.springframework.security.web.FilterChainProxy$VirtualFilterChain [http-nio-8080-exec-4] /oauth/token at position 1 of 12 in additional filter chain; firing Filter: 'WebAsyncManagerIntegrationFilter'
2020-05-03 18:30:15,873 DEBUG org.springframework.security.web.FilterChainProxy$VirtualFilterChain [http-nio-8080-exec-4] /oauth/token at position 2 of 12 in additional filter chain; firing Filter: 'SecurityContextPersistenceFilter'
2020-05-03 18:30:15,874 DEBUG org.springframework.security.web.FilterChainProxy$VirtualFilterChain [http-nio-8080-exec-4] /oauth/token at position 3 of 12 in additional filter chain; firing Filter: 'HeaderWriterFilter'
2020-05-03 18:30:15,874 DEBUG org.springframework.security.web.FilterChainProxy$VirtualFilterChain [http-nio-8080-exec-4] /oauth/token at position 4 of 12 in additional filter chain; firing Filter: 'LogoutFilter'
2020-05-03 18:30:15,875 DEBUG org.springframework.security.web.util.matcher.OrRequestMatcher [http-nio-8080-exec-4] Trying to match using Ant [pattern='/logout', GET]
2020-05-03 18:30:15,875 DEBUG org.springframework.security.web.util.matcher.AntPathRequestMatcher [http-nio-8080-exec-4] Request 'OPTIONS /oauth/token' doesn't match 'GET /logout'
2020-05-03 18:30:15,876 DEBUG org.springframework.security.web.util.matcher.OrRequestMatcher [http-nio-8080-exec-4] Trying to match using Ant [pattern='/logout', POST]
2020-05-03 18:30:15,876 DEBUG org.springframework.security.web.util.matcher.AntPathRequestMatcher [http-nio-8080-exec-4] Request 'OPTIONS /oauth/token' doesn't match 'POST /logout'
2020-05-03 18:30:15,876 DEBUG org.springframework.security.web.util.matcher.OrRequestMatcher [http-nio-8080-exec-4] Trying to match using Ant [pattern='/logout', PUT]
2020-05-03 18:30:15,876 DEBUG org.springframework.security.web.util.matcher.AntPathRequestMatcher [http-nio-8080-exec-4] Request 'OPTIONS /oauth/token' doesn't match 'PUT /logout'
2020-05-03 18:30:15,876 DEBUG org.springframework.security.web.util.matcher.OrRequestMatcher [http-nio-8080-exec-4] Trying to match using Ant [pattern='/logout', DELETE]
2020-05-03 18:30:15,878 DEBUG org.springframework.security.web.util.matcher.AntPathRequestMatcher [http-nio-8080-exec-4] Request 'OPTIONS /oauth/token' doesn't match 'DELETE /logout'
2020-05-03 18:30:15,878 DEBUG org.springframework.security.web.util.matcher.OrRequestMatcher [http-nio-8080-exec-4] No matches found
2020-05-03 18:30:15,878 DEBUG org.springframework.security.web.FilterChainProxy$VirtualFilterChain [http-nio-8080-exec-4] /oauth/token at position 5 of 12 in additional filter chain; firing Filter: 'CorsFilter'
2020-05-03 18:30:15,878 DEBUG org.springframework.security.web.header.writers.HstsHeaderWriter [http-nio-8080-exec-4] Not injecting HSTS header since it did not match the requestMatcher org.springframework.security.web.header.writers.HstsHeaderWriter$SecureRequestMatcher@6adac470
2020-05-03 18:30:15,879 DEBUG org.springframework.security.web.context.SecurityContextPersistenceFilter [http-nio-8080-exec-4] SecurityContextHolder now cleared, as request processing completed
2020-05-03 18:30:15,906 DEBUG org.springframework.security.web.util.matcher.OrRequestMatcher [http-nio-8080-exec-5] Trying to match using Ant [pattern='/oauth/token']
2020-05-03 18:30:15,906 DEBUG org.springframework.security.web.util.matcher.AntPathRequestMatcher [http-nio-8080-exec-5] Checking match of request : '/oauth/token'; against '/oauth/token'
2020-05-03 18:30:15,907 DEBUG org.springframework.security.web.util.matcher.OrRequestMatcher [http-nio-8080-exec-5] matched
2020-05-03 18:30:15,909 DEBUG org.springframework.security.web.FilterChainProxy$VirtualFilterChain [http-nio-8080-exec-5] /oauth/token at position 1 of 12 in additional filter chain; firing Filter: 'WebAsyncManagerIntegrationFilter'
2020-05-03 18:30:15,909 DEBUG org.springframework.security.web.FilterChainProxy$VirtualFilterChain [http-nio-8080-exec-5] /oauth/token at position 2 of 12 in additional filter chain; firing Filter: 'SecurityContextPersistenceFilter'
2020-05-03 18:30:15,909 DEBUG org.springframework.security.web.FilterChainProxy$VirtualFilterChain [http-nio-8080-exec-5] /oauth/token at position 3 of 12 in additional filter chain; firing Filter: 'HeaderWriterFilter'
2020-05-03 18:30:15,910 DEBUG org.springframework.security.web.FilterChainProxy$VirtualFilterChain [http-nio-8080-exec-5] /oauth/token at position 4 of 12 in additional filter chain; firing Filter: 'LogoutFilter'
2020-05-03 18:30:15,910 DEBUG org.springframework.security.web.util.matcher.OrRequestMatcher [http-nio-8080-exec-5] Trying to match using Ant [pattern='/logout', GET]
2020-05-03 18:30:15,910 DEBUG org.springframework.security.web.util.matcher.AntPathRequestMatcher [http-nio-8080-exec-5] Request 'POST /oauth/token' doesn't match 'GET /logout'
2020-05-03 18:30:15,911 DEBUG org.springframework.security.web.util.matcher.OrRequestMatcher [http-nio-8080-exec-5] Trying to match using Ant [pattern='/logout', POST]
2020-05-03 18:30:15,911 DEBUG org.springframework.security.web.util.matcher.AntPathRequestMatcher [http-nio-8080-exec-5] Checking match of request : '/oauth/token'; against '/logout'
2020-05-03 18:30:15,911 DEBUG org.springframework.security.web.util.matcher.OrRequestMatcher [http-nio-8080-exec-5] Trying to match using Ant [pattern='/logout', PUT]
2020-05-03 18:30:15,912 DEBUG org.springframework.security.web.util.matcher.AntPathRequestMatcher [http-nio-8080-exec-5] Request 'POST /oauth/token' doesn't match 'PUT /logout'
2020-05-03 18:30:15,913 DEBUG org.springframework.security.web.util.matcher.OrRequestMatcher [http-nio-8080-exec-5] Trying to match using Ant [pattern='/logout', DELETE]
2020-05-03 18:30:15,914 DEBUG org.springframework.security.web.util.matcher.AntPathRequestMatcher [http-nio-8080-exec-5] Request 'POST /oauth/token' doesn't match 'DELETE /logout'
2020-05-03 18:30:15,914 DEBUG org.springframework.security.web.util.matcher.OrRequestMatcher [http-nio-8080-exec-5] No matches found
2020-05-03 18:30:15,915 DEBUG org.springframework.security.web.FilterChainProxy$VirtualFilterChain [http-nio-8080-exec-5] /oauth/token at position 5 of 12 in additional filter chain; firing Filter: 'CorsFilter'
2020-05-03 18:30:15,916 DEBUG org.springframework.security.web.FilterChainProxy$VirtualFilterChain [http-nio-8080-exec-5] /oauth/token at position 6 of 12 in additional filter chain; firing Filter: 'BasicAuthenticationFilter'
2020-05-03 18:30:15,916 DEBUG org.springframework.security.web.authentication.www.BasicAuthenticationFilter [http-nio-8080-exec-5] Basic Authentication Authorization header found for user 'mobile'
2020-05-03 18:30:15,916 DEBUG org.springframework.security.authentication.ProviderManager [http-nio-8080-exec-5] Authentication attempt using org.springframework.security.authentication.dao.DaoAuthenticationProvider
2020-05-03 18:30:15,917 DEBUG org.springframework.jdbc.core.JdbcTemplate [http-nio-8080-exec-5] Executing prepared SQL query
2020-05-03 18:30:15,918 DEBUG org.springframework.jdbc.core.JdbcTemplate [http-nio-8080-exec-5] Executing prepared SQL statement [select client_id, client_secret, resource_ids, scope, authorized_grant_types, web_server_redirect_uri, authorities, access_token_validity, refresh_token_validity, additional_information, autoapprove from oauth_client_details where client_id = ?]
2020-05-03 18:30:15,919 DEBUG org.springframework.jdbc.datasource.DataSourceUtils [http-nio-8080-exec-5] Fetching JDBC Connection from DataSource
2020-05-03 18:30:15,927 DEBUG org.springframework.security.web.authentication.www.BasicAuthenticationFilter [http-nio-8080-exec-5] Authentication success: org.springframework.security.authentication.UsernamePasswordAuthenticationToken@3fb5fa18: Principal: org.springframework.security.core.userdetails.User@c04a90a2: Username: mobile; Password: [PROTECTED]; Enabled: true; AccountNonExpired: true; credentialsNonExpired: true; AccountNonLocked: true; Not granted any authorities; Credentials: [PROTECTED]; Authenticated: true; Details: org.springframework.security.web.authentication.WebAuthenticationDetails@957e: RemoteIpAddress: 192.168.43.1; SessionId: null; Not granted any authorities
2020-05-03 18:30:15,927 DEBUG org.springframework.security.web.FilterChainProxy$VirtualFilterChain [http-nio-8080-exec-5] /oauth/token at position 7 of 12 in additional filter chain; firing Filter: 'RequestCacheAwareFilter'
2020-05-03 18:30:15,929 DEBUG org.springframework.security.web.savedrequest.HttpSessionRequestCache [http-nio-8080-exec-5] saved request doesn't match
2020-05-03 18:30:15,929 DEBUG org.springframework.security.web.FilterChainProxy$VirtualFilterChain [http-nio-8080-exec-5] /oauth/token at position 8 of 12 in additional filter chain; firing Filter: 'SecurityContextHolderAwareRequestFilter'
2020-05-03 18:30:15,929 DEBUG org.springframework.security.web.FilterChainProxy$VirtualFilterChain [http-nio-8080-exec-5] /oauth/token at position 9 of 12 in additional filter chain; firing Filter: 'AnonymousAuthenticationFilter'
2020-05-03 18:30:15,930 DEBUG org.springframework.security.web.authentication.AnonymousAuthenticationFilter [http-nio-8080-exec-5] SecurityContextHolder not populated with anonymous token, as it already contained: 'org.springframework.security.authentication.UsernamePasswordAuthenticationToken@3fb5fa18: Principal: org.springframework.security.core.userdetails.User@c04a90a2: Username: mobile; Password: [PROTECTED]; Enabled: true; AccountNonExpired: true; credentialsNonExpired: true; AccountNonLocked: true; Not granted any authorities; Credentials: [PROTECTED]; Authenticated: true; Details: org.springframework.security.web.authentication.WebAuthenticationDetails@957e: RemoteIpAddress: 192.168.43.1; SessionId: null; Not granted any authorities'
2020-05-03 18:30:15,931 DEBUG org.springframework.security.web.FilterChainProxy$VirtualFilterChain [http-nio-8080-exec-5] /oauth/token at position 10 of 12 in additional filter chain; firing Filter: 'SessionManagementFilter'
2020-05-03 18:30:15,931 DEBUG org.springframework.security.web.authentication.session.CompositeSessionAuthenticationStrategy [http-nio-8080-exec-5] Delegating to org.springframework.security.web.authentication.session.ChangeSessionIdAuthenticationStrategy@33c5cc0
2020-05-03 18:30:15,931 DEBUG org.springframework.security.web.FilterChainProxy$VirtualFilterChain [http-nio-8080-exec-5] /oauth/token at position 11 of 12 in additional filter chain; firing Filter: 'ExceptionTranslationFilter'
2020-05-03 18:30:15,931 DEBUG org.springframework.security.web.FilterChainProxy$VirtualFilterChain [http-nio-8080-exec-5] /oauth/token at position 12 of 12 in additional filter chain; firing Filter: 'FilterSecurityInterceptor'
2020-05-03 18:30:15,931 DEBUG org.springframework.security.web.util.matcher.AntPathRequestMatcher [http-nio-8080-exec-5] Checking match of request : '/oauth/token'; against '/oauth/token'
2020-05-03 18:30:15,932 DEBUG org.springframework.security.access.intercept.AbstractSecurityInterceptor [http-nio-8080-exec-5] Secure object: FilterInvocation: URL: /oauth/token; Attributes: [fullyAuthenticated]
2020-05-03 18:30:15,932 DEBUG org.springframework.security.access.intercept.AbstractSecurityInterceptor [http-nio-8080-exec-5] Previously Authenticated: org.springframework.security.authentication.UsernamePasswordAuthenticationToken@3fb5fa18: Principal: org.springframework.security.core.userdetails.User@c04a90a2: Username: mobile; Password: [PROTECTED]; Enabled: true; AccountNonExpired: true; credentialsNonExpired: true; AccountNonLocked: true; Not granted any authorities; Credentials: [PROTECTED]; Authenticated: true; Details: org.springframework.security.web.authentication.WebAuthenticationDetails@957e: RemoteIpAddress: 192.168.43.1; SessionId: null; Not granted any authorities
2020-05-03 18:30:15,932 DEBUG org.springframework.security.access.vote.AffirmativeBased [http-nio-8080-exec-5] Voter: org.springframework.security.web.access.expression.WebExpressionVoter@4f9986b3, returned: 1
2020-05-03 18:30:15,932 DEBUG org.springframework.security.access.intercept.AbstractSecurityInterceptor [http-nio-8080-exec-5] Authorization successful
2020-05-03 18:30:15,933 DEBUG org.springframework.security.access.intercept.AbstractSecurityInterceptor [http-nio-8080-exec-5] RunAsManager did not change Authentication object
2020-05-03 18:30:15,933 DEBUG org.springframework.security.web.FilterChainProxy$VirtualFilterChain [http-nio-8080-exec-5] /oauth/token reached end of additional filter chain; proceeding with original chain
2020-05-03 18:30:15,934 DEBUG org.springframework.core.log.LogFormatUtils [http-nio-8080-exec-5] POST "/oauth/token", parameters={masked}
2020-05-03 18:30:15,935 DEBUG org.springframework.web.servlet.handler.AbstractHandlerMapping [http-nio-8080-exec-5] Mapped to org.springframework.security.oauth2.provider.endpoint.TokenEndpoint#postAccessToken(Principal, Map)
2020-05-03 18:30:15,935 DEBUG org.springframework.jdbc.core.JdbcTemplate [http-nio-8080-exec-5] Executing prepared SQL query
2020-05-03 18:30:15,936 DEBUG org.springframework.jdbc.core.JdbcTemplate [http-nio-8080-exec-5] Executing prepared SQL statement [select client_id, client_secret, resource_ids, scope, authorized_grant_types, web_server_redirect_uri, authorities, access_token_validity, refresh_token_validity, additional_information, autoapprove from oauth_client_details where client_id = ?]
2020-05-03 18:30:15,936 DEBUG org.springframework.jdbc.datasource.DataSourceUtils [http-nio-8080-exec-5] Fetching JDBC Connection from DataSource
2020-05-03 18:30:15,940 DEBUG org.springframework.jdbc.core.JdbcTemplate [http-nio-8080-exec-5] Executing prepared SQL query
2020-05-03 18:30:15,940 DEBUG org.springframework.jdbc.core.JdbcTemplate [http-nio-8080-exec-5] Executing prepared SQL statement [select client_id, client_secret, resource_ids, scope, authorized_grant_types, web_server_redirect_uri, authorities, access_token_validity, refresh_token_validity, additional_information, autoapprove from oauth_client_details where client_id = ?]
2020-05-03 18:30:15,940 DEBUG org.springframework.jdbc.datasource.DataSourceUtils [http-nio-8080-exec-5] Fetching JDBC Connection from DataSource
2020-05-03 18:30:15,946 DEBUG org.springframework.jdbc.core.JdbcTemplate [http-nio-8080-exec-5] Executing prepared SQL query
2020-05-03 18:30:15,946 DEBUG org.springframework.jdbc.core.JdbcTemplate [http-nio-8080-exec-5] Executing prepared SQL statement [select client_id, client_secret, resource_ids, scope, authorized_grant_types, web_server_redirect_uri, authorities, access_token_validity, refresh_token_validity, additional_information, autoapprove from oauth_client_details where client_id = ?]
2020-05-03 18:30:15,947 DEBUG org.springframework.jdbc.datasource.DataSourceUtils [http-nio-8080-exec-5] Fetching JDBC Connection from DataSource
2020-05-03 18:30:15,952 DEBUG org.springframework.security.oauth2.provider.token.AbstractTokenGranter [http-nio-8080-exec-5] Getting access token for: mobile
2020-05-03 18:30:15,953 DEBUG org.springframework.security.authentication.ProviderManager [http-nio-8080-exec-5] Authentication attempt using com.surshree.app.config.CustomAuthenticationProvider
2020-05-03 18:30:15,953 DEBUG org.springframework.transaction.support.AbstractPlatformTransactionManager [http-nio-8080-exec-5] Creating new transaction with name [com.surshree.app.services.CustomUserDetailsService.loadUserByUsername]: PROPAGATION_REQUIRED,ISOLATION_DEFAULT
2020-05-03 18:30:15,953 DEBUG org.springframework.orm.jpa.JpaTransactionManager [http-nio-8080-exec-5] Opened new EntityManager [SessionImpl(718962617<open>)] for JPA transaction
2020-05-03 18:30:15,954 DEBUG org.springframework.orm.jpa.JpaTransactionManager [http-nio-8080-exec-5] Exposing JPA transaction as JDBC [org.springframework.orm.jpa.vendor.HibernateJpaDialect$HibernateConnectionHandle@21793ca0]
2020-05-03 18:30:15,954 INFO com.surshree.app.services.CustomUserDetailsService [http-nio-8080-exec-5] Granted Authorities --> ROLE_ADMN
2020-05-03 18:30:15,955 INFO com.surshree.app.services.CustomUserDetailsService [http-nio-8080-exec-5] Granted Authorities --> ROLE_CONT
2020-05-03 18:30:15,955 INFO com.surshree.app.services.CustomUserDetailsService [http-nio-8080-exec-5] Granted Authorities --> FUNC_VIEW_ADMIN_MENU
2020-05-03 18:30:15,955 INFO com.surshree.app.services.CustomUserDetailsService [http-nio-8080-exec-5] Granted Authorities --> FUNC_CONT_MENU
2020-05-03 18:30:15,955 INFO com.surshree.app.services.CustomUserDetailsService [http-nio-8080-exec-5] Granted Authorities --> FUNC_CONT_MENU
2020-05-03 18:30:15,955 DEBUG org.springframework.transaction.support.AbstractPlatformTransactionManager [http-nio-8080-exec-5] Initiating transaction commit
2020-05-03 18:30:15,956 DEBUG org.springframework.orm.jpa.JpaTransactionManager [http-nio-8080-exec-5] Committing JPA transaction on EntityManager [SessionImpl(718962617<open>)]
2020-05-03 18:30:15,956 DEBUG org.springframework.orm.jpa.JpaTransactionManager [http-nio-8080-exec-5] Closing JPA EntityManager [SessionImpl(718962617<open>)] after transaction
2020-05-03 18:30:15,956 DEBUG org.springframework.jdbc.core.JdbcTemplate [http-nio-8080-exec-5] Executing prepared SQL query
2020-05-03 18:30:15,957 DEBUG org.springframework.jdbc.core.JdbcTemplate [http-nio-8080-exec-5] Executing prepared SQL statement [select token_id, token from oauth_access_token where authentication_id = ?]
2020-05-03 18:30:15,960 DEBUG org.springframework.jdbc.datasource.DataSourceUtils [http-nio-8080-exec-5] Fetching JDBC Connection from DataSource
2020-05-03 18:30:15,962 DEBUG org.springframework.jdbc.core.JdbcTemplate [http-nio-8080-exec-5] Executing prepared SQL query
2020-05-03 18:30:15,963 DEBUG org.springframework.jdbc.core.JdbcTemplate [http-nio-8080-exec-5] Executing prepared SQL statement [select token_id, authentication from oauth_access_token where token_id = ?]
2020-05-03 18:30:15,963 DEBUG org.springframework.jdbc.datasource.DataSourceUtils [http-nio-8080-exec-5] Fetching JDBC Connection from DataSource
2020-05-03 18:30:15,966 DEBUG org.springframework.jdbc.core.JdbcTemplate [http-nio-8080-exec-5] Executing prepared SQL query
2020-05-03 18:30:15,968 DEBUG org.springframework.jdbc.core.JdbcTemplate [http-nio-8080-exec-5] Executing prepared SQL statement [select token_id, token from oauth_access_token where token_id = ?]
2020-05-03 18:30:15,969 DEBUG org.springframework.jdbc.datasource.DataSourceUtils [http-nio-8080-exec-5] Fetching JDBC Connection from DataSource
2020-05-03 18:30:15,971 DEBUG org.springframework.jdbc.core.JdbcTemplate [http-nio-8080-exec-5] Executing prepared SQL update
2020-05-03 18:30:15,971 DEBUG org.springframework.jdbc.core.JdbcTemplate [http-nio-8080-exec-5] Executing prepared SQL statement [delete from oauth_access_token where token_id = ?]
2020-05-03 18:30:15,972 DEBUG org.springframework.jdbc.datasource.DataSourceUtils [http-nio-8080-exec-5] Fetching JDBC Connection from DataSource
2020-05-03 18:30:15,997 DEBUG org.springframework.jdbc.core.JdbcTemplate [http-nio-8080-exec-5] Executing prepared SQL update
2020-05-03 18:30:15,997 DEBUG org.springframework.jdbc.core.JdbcTemplate [http-nio-8080-exec-5] Executing prepared SQL statement [insert into oauth_access_token (token_id, token, authentication_id, user_name, client_id, authentication, refresh_token) values (?, ?, ?, ?, ?, ?, ?)]
2020-05-03 18:30:15,998 DEBUG org.springframework.jdbc.datasource.DataSourceUtils [http-nio-8080-exec-5] Fetching JDBC Connection from DataSource
2020-05-03 18:30:15,998 DEBUG org.springframework.jdbc.support.lob.DefaultLobHandler$DefaultLobCreator [http-nio-8080-exec-5] Set bytes for BLOB with length 959
2020-05-03 18:30:15,998 DEBUG org.springframework.jdbc.support.lob.DefaultLobHandler$DefaultLobCreator [http-nio-8080-exec-5] Set bytes for BLOB with length 1977
2020-05-03 18:30:16,000 DEBUG org.springframework.web.servlet.mvc.method.annotation.AbstractMessageConverterMethodProcessor [http-nio-8080-exec-5] Found 'Content-Type:application/json;charset=UTF-8' in response
2020-05-03 18:30:16,001 DEBUG org.springframework.core.log.LogFormatUtils [http-nio-8080-exec-5] Writing [cc79897c-4d27-460e-8703-0cbf5849db27]
2020-05-03 18:30:16,001 DEBUG org.springframework.security.web.header.writers.HstsHeaderWriter [http-nio-8080-exec-5] Not injecting HSTS header since it did not match the requestMatcher org.springframework.security.web.header.writers.HstsHeaderWriter$SecureRequestMatcher@6adac470
2020-05-03 18:30:16,002 DEBUG org.springframework.web.servlet.FrameworkServlet [http-nio-8080-exec-5] Completed 200 OK
2020-05-03 18:30:16,002 DEBUG org.springframework.security.web.access.ExceptionTranslationFilter [http-nio-8080-exec-5] Chain processed normally
2020-05-03 18:30:16,004 DEBUG org.springframework.security.web.context.SecurityContextPersistenceFilter [http-nio-8080-exec-5] SecurityContextHolder now cleared, as request processing completed
2020-05-03 18:30:16,075 DEBUG org.springframework.security.web.util.matcher.OrRequestMatcher [http-nio-8080-exec-6] Trying to match using Ant [pattern='/oauth/token']
2020-05-03 18:30:16,075 DEBUG org.springframework.security.web.util.matcher.AntPathRequestMatcher [http-nio-8080-exec-6] Checking match of request : '/oauth/check_token'; against '/oauth/token'
2020-05-03 18:30:16,076 DEBUG org.springframework.security.web.util.matcher.OrRequestMatcher [http-nio-8080-exec-6] Trying to match using Ant [pattern='/oauth/token_key']
2020-05-03 18:30:16,077 DEBUG org.springframework.security.web.util.matcher.AntPathRequestMatcher [http-nio-8080-exec-6] Checking match of request : '/oauth/check_token'; against '/oauth/token_key'
2020-05-03 18:30:16,077 DEBUG org.springframework.security.web.util.matcher.OrRequestMatcher [http-nio-8080-exec-6] Trying to match using Ant [pattern='/oauth/check_token']
2020-05-03 18:30:16,077 DEBUG org.springframework.security.web.util.matcher.AntPathRequestMatcher [http-nio-8080-exec-6] Checking match of request : '/oauth/check_token'; against '/oauth/check_token'
2020-05-03 18:30:16,077 DEBUG org.springframework.security.web.util.matcher.OrRequestMatcher [http-nio-8080-exec-6] matched
2020-05-03 18:30:16,077 DEBUG org.springframework.security.web.FilterChainProxy$VirtualFilterChain [http-nio-8080-exec-6] /oauth/check_token?token=cc79897c-4d27-460e-8703-0cbf5849db27 at position 1 of 12 in additional filter chain; firing Filter: 'WebAsyncManagerIntegrationFilter'
2020-05-03 18:30:16,079 DEBUG org.springframework.security.web.FilterChainProxy$VirtualFilterChain [http-nio-8080-exec-6] /oauth/check_token?token=cc79897c-4d27-460e-8703-0cbf5849db27 at position 2 of 12 in additional filter chain; firing Filter: 'SecurityContextPersistenceFilter'
2020-05-03 18:30:16,079 DEBUG org.springframework.security.web.FilterChainProxy$VirtualFilterChain [http-nio-8080-exec-6] /oauth/check_token?token=cc79897c-4d27-460e-8703-0cbf5849db27 at position 3 of 12 in additional filter chain; firing Filter: 'HeaderWriterFilter'
2020-05-03 18:30:16,080 DEBUG org.springframework.security.web.FilterChainProxy$VirtualFilterChain [http-nio-8080-exec-6] /oauth/check_token?token=cc79897c-4d27-460e-8703-0cbf5849db27 at position 4 of 12 in additional filter chain; firing Filter: 'LogoutFilter'
2020-05-03 18:30:16,083 DEBUG org.springframework.security.web.util.matcher.OrRequestMatcher [http-nio-8080-exec-6] Trying to match using Ant [pattern='/logout', GET]
2020-05-03 18:30:16,084 DEBUG org.springframework.security.web.util.matcher.AntPathRequestMatcher [http-nio-8080-exec-6] Request 'OPTIONS /oauth/check_token' doesn't match 'GET /logout'
2020-05-03 18:30:16,084 DEBUG org.springframework.security.web.util.matcher.OrRequestMatcher [http-nio-8080-exec-6] Trying to match using Ant [pattern='/logout', POST]
2020-05-03 18:30:16,084 DEBUG org.springframework.security.web.util.matcher.AntPathRequestMatcher [http-nio-8080-exec-6] Request 'OPTIONS /oauth/check_token' doesn't match 'POST /logout'
2020-05-03 18:30:16,084 DEBUG org.springframework.security.web.util.matcher.OrRequestMatcher [http-nio-8080-exec-6] Trying to match using Ant [pattern='/logout', PUT]
2020-05-03 18:30:16,084 DEBUG org.springframework.security.web.util.matcher.AntPathRequestMatcher [http-nio-8080-exec-6] Request 'OPTIONS /oauth/check_token' doesn't match 'PUT /logout'
2020-05-03 18:30:16,084 DEBUG org.springframework.security.web.util.matcher.OrRequestMatcher [http-nio-8080-exec-6] Trying to match using Ant [pattern='/logout', DELETE]
2020-05-03 18:30:16,085 DEBUG org.springframework.security.web.util.matcher.AntPathRequestMatcher [http-nio-8080-exec-6] Request 'OPTIONS /oauth/check_token' doesn't match 'DELETE /logout'
2020-05-03 18:30:16,085 DEBUG org.springframework.security.web.util.matcher.OrRequestMatcher [http-nio-8080-exec-6] No matches found
2020-05-03 18:30:16,085 DEBUG org.springframework.security.web.FilterChainProxy$VirtualFilterChain [http-nio-8080-exec-6] /oauth/check_token?token=cc79897c-4d27-460e-8703-0cbf5849db27 at position 5 of 12 in additional filter chain; firing Filter: 'CorsFilter'
2020-05-03 18:30:16,085 DEBUG org.springframework.security.web.header.writers.HstsHeaderWriter [http-nio-8080-exec-6] Not injecting HSTS header since it did not match the requestMatcher org.springframework.security.web.header.writers.HstsHeaderWriter$SecureRequestMatcher@6adac470
2020-05-03 18:30:16,086 DEBUG org.springframework.security.web.context.SecurityContextPersistenceFilter [http-nio-8080-exec-6] SecurityContextHolder now cleared, as request processing completed
2020-05-03 18:30:16,099 DEBUG org.springframework.security.web.util.matcher.OrRequestMatcher [http-nio-8080-exec-7] Trying to match using Ant [pattern='/oauth/token']
2020-05-03 18:30:16,101 DEBUG org.springframework.security.web.util.matcher.AntPathRequestMatcher [http-nio-8080-exec-7] Checking match of request : '/oauth/check_token'; against '/oauth/token'
2020-05-03 18:30:16,101 DEBUG org.springframework.security.web.util.matcher.OrRequestMatcher [http-nio-8080-exec-7] Trying to match using Ant [pattern='/oauth/token_key']
2020-05-03 18:30:16,101 DEBUG org.springframework.security.web.util.matcher.AntPathRequestMatcher [http-nio-8080-exec-7] Checking match of request : '/oauth/check_token'; against '/oauth/token_key'
2020-05-03 18:30:16,101 DEBUG org.springframework.security.web.util.matcher.OrRequestMatcher [http-nio-8080-exec-7] Trying to match using Ant [pattern='/oauth/check_token']
2020-05-03 18:30:16,101 DEBUG org.springframework.security.web.util.matcher.AntPathRequestMatcher [http-nio-8080-exec-7] Checking match of request : '/oauth/check_token'; against '/oauth/check_token'
2020-05-03 18:30:16,101 DEBUG org.springframework.security.web.util.matcher.OrRequestMatcher [http-nio-8080-exec-7] matched
2020-05-03 18:30:16,101 DEBUG org.springframework.security.web.FilterChainProxy$VirtualFilterChain [http-nio-8080-exec-7] /oauth/check_token?token=cc79897c-4d27-460e-8703-0cbf5849db27 at position 1 of 12 in additional filter chain; firing Filter: 'WebAsyncManagerIntegrationFilter'
2020-05-03 18:30:16,102 DEBUG org.springframework.security.web.FilterChainProxy$VirtualFilterChain [http-nio-8080-exec-7] /oauth/check_token?token=cc79897c-4d27-460e-8703-0cbf5849db27 at position 2 of 12 in additional filter chain; firing Filter: 'SecurityContextPersistenceFilter'
2020-05-03 18:30:16,102 DEBUG org.springframework.security.web.FilterChainProxy$VirtualFilterChain [http-nio-8080-exec-7] /oauth/check_token?token=cc79897c-4d27-460e-8703-0cbf5849db27 at position 3 of 12 in additional filter chain; firing Filter: 'HeaderWriterFilter'
2020-05-03 18:30:16,102 DEBUG org.springframework.security.web.FilterChainProxy$VirtualFilterChain [http-nio-8080-exec-7] /oauth/check_token?token=cc79897c-4d27-460e-8703-0cbf5849db27 at position 4 of 12 in additional filter chain; firing Filter: 'LogoutFilter'
2020-05-03 18:30:16,102 DEBUG org.springframework.security.web.util.matcher.OrRequestMatcher [http-nio-8080-exec-7] Trying to match using Ant [pattern='/logout', GET]
2020-05-03 18:30:16,102 DEBUG org.springframework.security.web.util.matcher.AntPathRequestMatcher [http-nio-8080-exec-7] Checking match of request : '/oauth/check_token'; against '/logout'
2020-05-03 18:30:16,102 DEBUG org.springframework.security.web.util.matcher.OrRequestMatcher [http-nio-8080-exec-7] Trying to match using Ant [pattern='/logout', POST]
2020-05-03 18:30:16,103 DEBUG org.springframework.security.web.util.matcher.AntPathRequestMatcher [http-nio-8080-exec-7] Request 'GET /oauth/check_token' doesn't match 'POST /logout'
2020-05-03 18:30:16,103 DEBUG org.springframework.security.web.util.matcher.OrRequestMatcher [http-nio-8080-exec-7] Trying to match using Ant [pattern='/logout', PUT]
2020-05-03 18:30:16,103 DEBUG org.springframework.security.web.util.matcher.AntPathRequestMatcher [http-nio-8080-exec-7] Request 'GET /oauth/check_token' doesn't match 'PUT /logout'
2020-05-03 18:30:16,103 DEBUG org.springframework.security.web.util.matcher.OrRequestMatcher [http-nio-8080-exec-7] Trying to match using Ant [pattern='/logout', DELETE]
2020-05-03 18:30:16,103 DEBUG org.springframework.security.web.util.matcher.AntPathRequestMatcher [http-nio-8080-exec-7] Request 'GET /oauth/check_token' doesn't match 'DELETE /logout'
2020-05-03 18:30:16,104 DEBUG org.springframework.security.web.util.matcher.OrRequestMatcher [http-nio-8080-exec-7] No matches found
2020-05-03 18:30:16,104 DEBUG org.springframework.security.web.FilterChainProxy$VirtualFilterChain [http-nio-8080-exec-7] /oauth/check_token?token=cc79897c-4d27-460e-8703-0cbf5849db27 at position 5 of 12 in additional filter chain; firing Filter: 'CorsFilter'
2020-05-03 18:30:16,105 DEBUG org.springframework.security.web.FilterChainProxy$VirtualFilterChain [http-nio-8080-exec-7] /oauth/check_token?token=cc79897c-4d27-460e-8703-0cbf5849db27 at position 6 of 12 in additional filter chain; firing Filter: 'BasicAuthenticationFilter'
2020-05-03 18:30:16,105 DEBUG org.springframework.security.web.authentication.www.BasicAuthenticationFilter [http-nio-8080-exec-7] Basic Authentication Authorization header found for user 'mobile'
2020-05-03 18:30:16,105 DEBUG org.springframework.security.authentication.ProviderManager [http-nio-8080-exec-7] Authentication attempt using org.springframework.security.authentication.dao.DaoAuthenticationProvider
2020-05-03 18:30:16,105 DEBUG org.springframework.jdbc.core.JdbcTemplate [http-nio-8080-exec-7] Executing prepared SQL query
2020-05-03 18:30:16,105 DEBUG org.springframework.jdbc.core.JdbcTemplate [http-nio-8080-exec-7] Executing prepared SQL statement [select client_id, client_secret, resource_ids, scope, authorized_grant_types, web_server_redirect_uri, authorities, access_token_validity, refresh_token_validity, additional_information, autoapprove from oauth_client_details where client_id = ?]
2020-05-03 18:30:16,106 DEBUG org.springframework.jdbc.datasource.DataSourceUtils [http-nio-8080-exec-7] Fetching JDBC Connection from DataSource
2020-05-03 18:30:16,108 DEBUG org.springframework.security.web.authentication.www.BasicAuthenticationFilter [http-nio-8080-exec-7] Authentication success: org.springframework.security.authentication.UsernamePasswordAuthenticationToken@3fb5fa18: Principal: org.springframework.security.core.userdetails.User@c04a90a2: Username: mobile; Password: [PROTECTED]; Enabled: true; AccountNonExpired: true; credentialsNonExpired: true; AccountNonLocked: true; Not granted any authorities; Credentials: [PROTECTED]; Authenticated: true; Details: org.springframework.security.web.authentication.WebAuthenticationDetails@957e: RemoteIpAddress: 192.168.43.1; SessionId: null; Not granted any authorities
2020-05-03 18:30:16,109 DEBUG org.springframework.security.web.FilterChainProxy$VirtualFilterChain [http-nio-8080-exec-7] /oauth/check_token?token=cc79897c-4d27-460e-8703-0cbf5849db27 at position 7 of 12 in additional filter chain; firing Filter: 'RequestCacheAwareFilter'
2020-05-03 18:30:16,109 DEBUG org.springframework.security.web.savedrequest.HttpSessionRequestCache [http-nio-8080-exec-7] saved request doesn't match
2020-05-03 18:30:16,109 DEBUG org.springframework.security.web.FilterChainProxy$VirtualFilterChain [http-nio-8080-exec-7] /oauth/check_token?token=cc79897c-4d27-460e-8703-0cbf5849db27 at position 8 of 12 in additional filter chain; firing Filter: 'SecurityContextHolderAwareRequestFilter'
2020-05-03 18:30:16,109 DEBUG org.springframework.security.web.FilterChainProxy$VirtualFilterChain [http-nio-8080-exec-7] /oauth/check_token?token=cc79897c-4d27-460e-8703-0cbf5849db27 at position 9 of 12 in additional filter chain; firing Filter: 'AnonymousAuthenticationFilter'
2020-05-03 18:30:16,109 DEBUG org.springframework.security.web.authentication.AnonymousAuthenticationFilter [http-nio-8080-exec-7] SecurityContextHolder not populated with anonymous token, as it already contained: 'org.springframework.security.authentication.UsernamePasswordAuthenticationToken@3fb5fa18: Principal: org.springframework.security.core.userdetails.User@c04a90a2: Username: mobile; Password: [PROTECTED]; Enabled: true; AccountNonExpired: true; credentialsNonExpired: true; AccountNonLocked: true; Not granted any authorities; Credentials: [PROTECTED]; Authenticated: true; Details: org.springframework.security.web.authentication.WebAuthenticationDetails@957e: RemoteIpAddress: 192.168.43.1; SessionId: null; Not granted any authorities'
2020-05-03 18:30:16,109 DEBUG org.springframework.security.web.FilterChainProxy$VirtualFilterChain [http-nio-8080-exec-7] /oauth/check_token?token=cc79897c-4d27-460e-8703-0cbf5849db27 at position 10 of 12 in additional filter chain; firing Filter: 'SessionManagementFilter'
2020-05-03 18:30:16,110 DEBUG org.springframework.security.web.authentication.session.CompositeSessionAuthenticationStrategy [http-nio-8080-exec-7] Delegating to org.springframework.security.web.authentication.session.ChangeSessionIdAuthenticationStrategy@33c5cc0
2020-05-03 18:30:16,110 DEBUG org.springframework.security.web.FilterChainProxy$VirtualFilterChain [http-nio-8080-exec-7] /oauth/check_token?token=cc79897c-4d27-460e-8703-0cbf5849db27 at position 11 of 12 in additional filter chain; firing Filter: 'ExceptionTranslationFilter'
2020-05-03 18:30:16,110 DEBUG org.springframework.security.web.FilterChainProxy$VirtualFilterChain [http-nio-8080-exec-7] /oauth/check_token?token=cc79897c-4d27-460e-8703-0cbf5849db27 at position 12 of 12 in additional filter chain; firing Filter: 'FilterSecurityInterceptor'
2020-05-03 18:30:16,110 DEBUG org.springframework.security.web.util.matcher.AntPathRequestMatcher [http-nio-8080-exec-7] Checking match of request : '/oauth/check_token'; against '/oauth/token'
2020-05-03 18:30:16,110 DEBUG org.springframework.security.web.util.matcher.AntPathRequestMatcher [http-nio-8080-exec-7] Checking match of request : '/oauth/check_token'; against '/oauth/token_key'
2020-05-03 18:30:16,110 DEBUG org.springframework.security.web.util.matcher.AntPathRequestMatcher [http-nio-8080-exec-7] Checking match of request : '/oauth/check_token'; against '/oauth/check_token'
2020-05-03 18:30:16,110 DEBUG org.springframework.security.access.intercept.AbstractSecurityInterceptor [http-nio-8080-exec-7] Secure object: FilterInvocation: URL: /oauth/check_token?token=cc79897c-4d27-460e-8703-0cbf5849db27; Attributes: [isAuthenticated()]
2020-05-03 18:30:16,111 DEBUG org.springframework.security.access.intercept.AbstractSecurityInterceptor [http-nio-8080-exec-7] Previously Authenticated: org.springframework.security.authentication.UsernamePasswordAuthenticationToken@3fb5fa18: Principal: org.springframework.security.core.userdetails.User@c04a90a2: Username: mobile; Password: [PROTECTED]; Enabled: true; AccountNonExpired: true; credentialsNonExpired: true; AccountNonLocked: true; Not granted any authorities; Credentials: [PROTECTED]; Authenticated: true; Details: org.springframework.security.web.authentication.WebAuthenticationDetails@957e: RemoteIpAddress: 192.168.43.1; SessionId: null; Not granted any authorities
2020-05-03 18:30:16,111 DEBUG org.springframework.security.access.vote.AffirmativeBased [http-nio-8080-exec-7] Voter: org.springframework.security.web.access.expression.WebExpressionVoter@4f9986b3, returned: 1
2020-05-03 18:30:16,111 DEBUG org.springframework.security.access.intercept.AbstractSecurityInterceptor [http-nio-8080-exec-7] Authorization successful
2020-05-03 18:30:16,111 DEBUG org.springframework.security.access.intercept.AbstractSecurityInterceptor [http-nio-8080-exec-7] RunAsManager did not change Authentication object
2020-05-03 18:30:16,111 DEBUG org.springframework.security.web.FilterChainProxy$VirtualFilterChain [http-nio-8080-exec-7] /oauth/check_token?token=cc79897c-4d27-460e-8703-0cbf5849db27 reached end of additional filter chain; proceeding with original chain
2020-05-03 18:30:16,111 DEBUG org.springframework.core.log.LogFormatUtils [http-nio-8080-exec-7] GET "/oauth/check_token?token=cc79897c-4d27-460e-8703-0cbf5849db27", parameters={masked}
2020-05-03 18:30:16,112 DEBUG org.springframework.web.servlet.handler.AbstractHandlerMapping [http-nio-8080-exec-7] Mapped to org.springframework.security.oauth2.provider.endpoint.CheckTokenEndpoint#checkToken(String)
2020-05-03 18:30:16,113 DEBUG org.springframework.jdbc.core.JdbcTemplate [http-nio-8080-exec-7] Executing prepared SQL query
2020-05-03 18:30:16,113 DEBUG org.springframework.jdbc.core.JdbcTemplate [http-nio-8080-exec-7] Executing prepared SQL statement [select token_id, token from oauth_access_token where token_id = ?]
2020-05-03 18:30:16,113 DEBUG org.springframework.jdbc.datasource.DataSourceUtils [http-nio-8080-exec-7] Fetching JDBC Connection from DataSource
2020-05-03 18:30:16,120 DEBUG org.springframework.jdbc.core.JdbcTemplate [http-nio-8080-exec-7] Executing prepared SQL query
2020-05-03 18:30:16,121 DEBUG org.springframework.jdbc.core.JdbcTemplate [http-nio-8080-exec-7] Executing prepared SQL statement [select token_id, token from oauth_access_token where token_id = ?]
2020-05-03 18:30:16,121 DEBUG org.springframework.jdbc.datasource.DataSourceUtils [http-nio-8080-exec-7] Fetching JDBC Connection from DataSource
2020-05-03 18:30:16,123 DEBUG org.springframework.jdbc.core.JdbcTemplate [http-nio-8080-exec-7] Executing prepared SQL query
2020-05-03 18:30:16,123 DEBUG org.springframework.jdbc.core.JdbcTemplate [http-nio-8080-exec-7] Executing prepared SQL statement [select token_id, authentication from oauth_access_token where token_id = ?]
2020-05-03 18:30:16,124 DEBUG org.springframework.jdbc.datasource.DataSourceUtils [http-nio-8080-exec-7] Fetching JDBC Connection from DataSource
2020-05-03 18:30:16,125 DEBUG org.springframework.jdbc.core.JdbcTemplate [http-nio-8080-exec-7] Executing prepared SQL query
2020-05-03 18:30:16,125 DEBUG org.springframework.jdbc.core.JdbcTemplate [http-nio-8080-exec-7] Executing prepared SQL statement [select client_id, client_secret, resource_ids, scope, authorized_grant_types, web_server_redirect_uri, authorities, access_token_validity, refresh_token_validity, additional_information, autoapprove from oauth_client_details where client_id = ?]
2020-05-03 18:30:16,125 DEBUG org.springframework.jdbc.datasource.DataSourceUtils [http-nio-8080-exec-7] Fetching JDBC Connection from DataSource
2020-05-03 18:30:16,129 DEBUG org.springframework.web.servlet.mvc.method.annotation.AbstractMessageConverterMethodProcessor [http-nio-8080-exec-7] Using 'application/json', given [application/json] and supported [application/json, application/*+json, application/json, application/*+json]
2020-05-03 18:30:16,130 DEBUG org.springframework.transaction.support.AbstractPlatformTransactionManager [http-nio-8080-exec-7] Creating new transaction with name [com.surshree.app.services.CustomUserDetailsService.loadUserByUsername]: PROPAGATION_REQUIRED,ISOLATION_DEFAULT
2020-05-03 18:30:16,130 DEBUG org.springframework.orm.jpa.JpaTransactionManager [http-nio-8080-exec-7] Opened new EntityManager [SessionImpl(1560494780<open>)] for JPA transaction
2020-05-03 18:30:16,131 DEBUG org.springframework.orm.jpa.JpaTransactionManager [http-nio-8080-exec-7] Exposing JPA transaction as JDBC [org.springframework.orm.jpa.vendor.HibernateJpaDialect$HibernateConnectionHandle@691ad9c7]
2020-05-03 18:30:16,131 INFO com.surshree.app.services.CustomUserDetailsService [http-nio-8080-exec-7] Granted Authorities --> ROLE_ADMN
2020-05-03 18:30:16,131 INFO com.surshree.app.services.CustomUserDetailsService [http-nio-8080-exec-7] Granted Authorities --> ROLE_CONT
2020-05-03 18:30:16,131 INFO com.surshree.app.services.CustomUserDetailsService [http-nio-8080-exec-7] Granted Authorities --> FUNC_VIEW_ADMIN_MENU
2020-05-03 18:30:16,132 INFO com.surshree.app.services.CustomUserDetailsService [http-nio-8080-exec-7] Granted Authorities --> FUNC_CONT_MENU
2020-05-03 18:30:16,132 INFO com.surshree.app.services.CustomUserDetailsService [http-nio-8080-exec-7] Granted Authorities --> FUNC_CONT_MENU
2020-05-03 18:30:16,132 DEBUG org.springframework.transaction.support.AbstractPlatformTransactionManager [http-nio-8080-exec-7] Initiating transaction commit
2020-05-03 18:30:16,132 DEBUG org.springframework.orm.jpa.JpaTransactionManager [http-nio-8080-exec-7] Committing JPA transaction on EntityManager [SessionImpl(1560494780<open>)]
2020-05-03 18:30:16,132 DEBUG org.springframework.orm.jpa.JpaTransactionManager [http-nio-8080-exec-7] Closing JPA EntityManager [SessionImpl(1560494780<open>)] after transaction
2020-05-03 18:30:16,133 DEBUG org.springframework.core.log.LogFormatUtils [http-nio-8080-exec-7] Writing [{aud=[all], firstName=Admin, lastName=User, user_name=admin, dob=1990-01-01 00:00:00.0, scope=[READ, (truncated)...]
2020-05-03 18:30:16,133 DEBUG org.springframework.security.web.header.writers.HstsHeaderWriter [http-nio-8080-exec-7] Not injecting HSTS header since it did not match the requestMatcher org.springframework.security.web.header.writers.HstsHeaderWriter$SecureRequestMatcher@6adac470
2020-05-03 18:30:16,134 DEBUG org.springframework.web.servlet.FrameworkServlet [http-nio-8080-exec-7] Completed 200 OK
2020-05-03 18:30:16,134 DEBUG org.springframework.security.web.access.ExceptionTranslationFilter [http-nio-8080-exec-7] Chain processed normally
2020-05-03 18:30:16,134 DEBUG org.springframework.security.web.context.SecurityContextPersistenceFilter [http-nio-8080-exec-7] SecurityContextHolder now cleared, as request processing completed
2020-05-03 18:30:16,153 DEBUG org.springframework.security.web.util.matcher.OrRequestMatcher [http-nio-8080-exec-8] Trying to match using Ant [pattern='/oauth/token']
2020-05-03 18:30:16,153 DEBUG org.springframework.security.web.util.matcher.AntPathRequestMatcher [http-nio-8080-exec-8] Checking match of request : '/competitions/active'; against '/oauth/token'
2020-05-03 18:30:16,153 DEBUG org.springframework.security.web.util.matcher.OrRequestMatcher [http-nio-8080-exec-8] Trying to match using Ant [pattern='/oauth/token_key']
2020-05-03 18:30:16,154 DEBUG org.springframework.security.web.util.matcher.AntPathRequestMatcher [http-nio-8080-exec-8] Checking match of request : '/competitions/active'; against '/oauth/token_key'
2020-05-03 18:30:16,154 DEBUG org.springframework.security.web.util.matcher.OrRequestMatcher [http-nio-8080-exec-8] Trying to match using Ant [pattern='/oauth/check_token']
2020-05-03 18:30:16,154 DEBUG org.springframework.security.web.util.matcher.AntPathRequestMatcher [http-nio-8080-exec-8] Checking match of request : '/competitions/active'; against '/oauth/check_token'
2020-05-03 18:30:16,154 DEBUG org.springframework.security.web.util.matcher.OrRequestMatcher [http-nio-8080-exec-8] No matches found
2020-05-03 18:30:16,154 DEBUG org.springframework.security.web.util.matcher.AntPathRequestMatcher [http-nio-8080-exec-8] Request '/competitions/active' matched by universal pattern '/**'
2020-05-03 18:30:16,155 DEBUG org.springframework.security.web.FilterChainProxy$VirtualFilterChain [http-nio-8080-exec-8] /competitions/active at position 1 of 13 in additional filter chain; firing Filter: 'WebAsyncManagerIntegrationFilter'
2020-05-03 18:30:16,155 DEBUG org.springframework.security.web.FilterChainProxy$VirtualFilterChain [http-nio-8080-exec-8] /competitions/active at position 2 of 13 in additional filter chain; firing Filter: 'SecurityContextPersistenceFilter'
2020-05-03 18:30:16,155 DEBUG org.springframework.security.web.context.HttpSessionSecurityContextRepository [http-nio-8080-exec-8] No HttpSession currently exists
2020-05-03 18:30:16,155 DEBUG org.springframework.security.web.context.HttpSessionSecurityContextRepository [http-nio-8080-exec-8] No SecurityContext was available from the HttpSession: null. A new one will be created.
2020-05-03 18:30:16,155 DEBUG org.springframework.security.web.FilterChainProxy$VirtualFilterChain [http-nio-8080-exec-8] /competitions/active at position 3 of 13 in additional filter chain; firing Filter: 'HeaderWriterFilter'
2020-05-03 18:30:16,155 DEBUG org.springframework.security.web.FilterChainProxy$VirtualFilterChain [http-nio-8080-exec-8] /competitions/active at position 4 of 13 in additional filter chain; firing Filter: 'CorsFilter'
2020-05-03 18:30:16,157 DEBUG org.springframework.web.servlet.handler.AbstractHandlerMapping [http-nio-8080-exec-8] Mapped to com.surshree.app.controllers.CompetitionController#getActiveCompetitions()
2020-05-03 18:30:16,158 DEBUG org.springframework.security.web.header.writers.HstsHeaderWriter [http-nio-8080-exec-8] Not injecting HSTS header since it did not match the requestMatcher org.springframework.security.web.header.writers.HstsHeaderWriter$SecureRequestMatcher@287b04d4
2020-05-03 18:30:16,158 DEBUG org.springframework.security.web.context.HttpSessionSecurityContextRepository$SaveToSessionResponseWrapper [http-nio-8080-exec-8] SecurityContext is empty or contents are anonymous - context will not be stored in HttpSession.
2020-05-03 18:30:16,158 DEBUG org.springframework.security.web.context.SecurityContextPersistenceFilter [http-nio-8080-exec-8] SecurityContextHolder now cleared, as request processing completed
2020-05-03 18:30:16,167 DEBUG org.springframework.security.web.util.matcher.OrRequestMatcher [http-nio-8080-exec-9] Trying to match using Ant [pattern='/oauth/token']
2020-05-03 18:30:16,167 DEBUG org.springframework.security.web.util.matcher.AntPathRequestMatcher [http-nio-8080-exec-9] Checking match of request : '/competitions/active'; against '/oauth/token'
2020-05-03 18:30:16,167 DEBUG org.springframework.security.web.util.matcher.OrRequestMatcher [http-nio-8080-exec-9] Trying to match using Ant [pattern='/oauth/token_key']
2020-05-03 18:30:16,168 DEBUG org.springframework.security.web.util.matcher.AntPathRequestMatcher [http-nio-8080-exec-9] Checking match of request : '/competitions/active'; against '/oauth/token_key'
2020-05-03 18:30:16,168 DEBUG org.springframework.security.web.util.matcher.OrRequestMatcher [http-nio-8080-exec-9] Trying to match using Ant [pattern='/oauth/check_token']
2020-05-03 18:30:16,169 DEBUG org.springframework.security.web.util.matcher.AntPathRequestMatcher [http-nio-8080-exec-9] Checking match of request : '/competitions/active'; against '/oauth/check_token'
2020-05-03 18:30:16,169 DEBUG org.springframework.security.web.util.matcher.OrRequestMatcher [http-nio-8080-exec-9] No matches found
2020-05-03 18:30:16,170 DEBUG org.springframework.security.web.FilterChainProxy$VirtualFilterChain [http-nio-8080-exec-9] /competitions/active at position 1 of 11 in additional filter chain; firing Filter: 'WebAsyncManagerIntegrationFilter'
2020-05-03 18:30:16,170 DEBUG org.springframework.security.web.FilterChainProxy$VirtualFilterChain [http-nio-8080-exec-9] /competitions/active at position 2 of 11 in additional filter chain; firing Filter: 'SecurityContextPersistenceFilter'
2020-05-03 18:30:16,170 DEBUG org.springframework.security.web.FilterChainProxy$VirtualFilterChain [http-nio-8080-exec-9] /competitions/active at position 3 of 11 in additional filter chain; firing Filter: 'HeaderWriterFilter'
2020-05-03 18:30:16,170 DEBUG org.springframework.security.web.FilterChainProxy$VirtualFilterChain [http-nio-8080-exec-9] /competitions/active at position 4 of 11 in additional filter chain; firing Filter: 'LogoutFilter'
2020-05-03 18:30:16,170 DEBUG org.springframework.security.web.util.matcher.OrRequestMatcher [http-nio-8080-exec-9] Trying to match using Ant [pattern='/logout', GET]
2020-05-03 18:30:16,170 DEBUG org.springframework.security.web.util.matcher.AntPathRequestMatcher [http-nio-8080-exec-9] Checking match of request : '/competitions/active'; against '/logout'
2020-05-03 18:30:16,171 DEBUG org.springframework.security.web.util.matcher.OrRequestMatcher [http-nio-8080-exec-9] Trying to match using Ant [pattern='/logout', POST]
2020-05-03 18:30:16,171 DEBUG org.springframework.security.web.util.matcher.AntPathRequestMatcher [http-nio-8080-exec-9] Request 'GET /competitions/active' doesn't match 'POST /logout'
2020-05-03 18:30:16,171 DEBUG org.springframework.security.web.util.matcher.OrRequestMatcher [http-nio-8080-exec-9] Trying to match using Ant [pattern='/logout', PUT]
2020-05-03 18:30:16,171 DEBUG org.springframework.security.web.util.matcher.AntPathRequestMatcher [http-nio-8080-exec-9] Request 'GET /competitions/active' doesn't match 'PUT /logout'
2020-05-03 18:30:16,171 DEBUG org.springframework.security.web.util.matcher.OrRequestMatcher [http-nio-8080-exec-9] Trying to match using Ant [pattern='/logout', DELETE]
2020-05-03 18:30:16,172 DEBUG org.springframework.security.web.util.matcher.AntPathRequestMatcher [http-nio-8080-exec-9] Request 'GET /competitions/active' doesn't match 'DELETE /logout'
2020-05-03 18:30:16,172 DEBUG org.springframework.security.web.util.matcher.OrRequestMatcher [http-nio-8080-exec-9] No matches found
2020-05-03 18:30:16,172 DEBUG org.springframework.security.web.FilterChainProxy$VirtualFilterChain [http-nio-8080-exec-9] /competitions/active at position 5 of 11 in additional filter chain; firing Filter: 'OAuth2AuthenticationProcessingFilter'
2020-05-03 18:30:16,172 DEBUG org.springframework.jdbc.core.JdbcTemplate [http-nio-8080-exec-9] Executing prepared SQL query
2020-05-03 18:30:16,173 DEBUG org.springframework.jdbc.core.JdbcTemplate [http-nio-8080-exec-9] Executing prepared SQL statement [select token_id, token from oauth_access_token where token_id = ?]
2020-05-03 18:30:16,173 DEBUG org.springframework.jdbc.datasource.DataSourceUtils [http-nio-8080-exec-9] Fetching JDBC Connection from DataSource
2020-05-03 18:30:16,175 DEBUG org.springframework.jdbc.core.JdbcTemplate [http-nio-8080-exec-9] Executing prepared SQL query
2020-05-03 18:30:16,175 DEBUG org.springframework.jdbc.core.JdbcTemplate [http-nio-8080-exec-9] Executing prepared SQL statement [select token_id, authentication from oauth_access_token where token_id = ?]
2020-05-03 18:30:16,175 DEBUG org.springframework.jdbc.datasource.DataSourceUtils [http-nio-8080-exec-9] Fetching JDBC Connection from DataSource
2020-05-03 18:30:16,176 DEBUG org.springframework.security.oauth2.provider.authentication.OAuth2AuthenticationProcessingFilter [http-nio-8080-exec-9] Authentication success: org.springframework.security.oauth2.provider.OAuth2Authentication@e2f94861: Principal: admin; Credentials: [PROTECTED]; Authenticated: true; Details: remoteAddress=192.168.43.1, tokenType=BearertokenValue=<TOKEN>; Granted Authorities: ROLE_ADMN, ROLE_CONT, FUNC_VIEW_ADMIN_MENU, FUNC_CONT_MENU, FUNC_CONT_MENU
2020-05-03 18:30:16,177 DEBUG org.springframework.security.web.FilterChainProxy$VirtualFilterChain [http-nio-8080-exec-9] /competitions/active at position 6 of 11 in additional filter chain; firing Filter: 'RequestCacheAwareFilter'
2020-05-03 18:30:16,177 DEBUG org.springframework.security.web.FilterChainProxy$VirtualFilterChain [http-nio-8080-exec-9] /competitions/active at position 7 of 11 in additional filter chain; firing Filter: 'SecurityContextHolderAwareRequestFilter'
2020-05-03 18:30:16,177 DEBUG org.springframework.security.web.FilterChainProxy$VirtualFilterChain [http-nio-8080-exec-9] /competitions/active at position 8 of 11 in additional filter chain; firing Filter: 'AnonymousAuthenticationFilter'
2020-05-03 18:30:16,177 DEBUG org.springframework.security.web.authentication.AnonymousAuthenticationFilter [http-nio-8080-exec-9] SecurityContextHolder not populated with anonymous token, as it already contained: 'org.springframework.security.oauth2.provider.OAuth2Authentication@e2f94861: Principal: admin; Credentials: [PROTECTED]; Authenticated: true; Details: remoteAddress=192.168.43.1, tokenType=BearertokenValue=<TOKEN>; Granted Authorities: ROLE_ADMN, ROLE_CONT, FUNC_VIEW_ADMIN_MENU, FUNC_CONT_MENU, FUNC_CONT_MENU'
2020-05-03 18:30:16,177 DEBUG org.springframework.security.web.FilterChainProxy$VirtualFilterChain [http-nio-8080-exec-9] /competitions/active at position 9 of 11 in additional filter chain; firing Filter: 'SessionManagementFilter'
2020-05-03 18:30:16,178 DEBUG org.springframework.security.web.authentication.session.CompositeSessionAuthenticationStrategy [http-nio-8080-exec-9] Delegating to org.springframework.security.web.authentication.session.ChangeSessionIdAuthenticationStrategy@2be89ba5
2020-05-03 18:30:16,178 DEBUG org.springframework.security.web.FilterChainProxy$VirtualFilterChain [http-nio-8080-exec-9] /competitions/active at position 10 of 11 in additional filter chain; firing Filter: 'ExceptionTranslationFilter'
2020-05-03 18:30:16,178 DEBUG org.springframework.security.web.FilterChainProxy$VirtualFilterChain [http-nio-8080-exec-9] /competitions/active at position 11 of 11 in additional filter chain; firing Filter: 'FilterSecurityInterceptor'
2020-05-03 18:30:16,178 DEBUG org.springframework.security.access.intercept.AbstractSecurityInterceptor [http-nio-8080-exec-9] Secure object: FilterInvocation: URL: /competitions/active; Attributes: [#oauth2.throwOnError(authenticated)]
2020-05-03 18:30:16,179 DEBUG org.springframework.security.access.intercept.AbstractSecurityInterceptor [http-nio-8080-exec-9] Previously Authenticated: org.springframework.security.oauth2.provider.OAuth2Authentication@e2f94861: Principal: admin; Credentials: [PROTECTED]; Authenticated: true; Details: remoteAddress=192.168.43.1, tokenType=BearertokenValue=<TOKEN>; Granted Authorities: ROLE_ADMN, ROLE_CONT, FUNC_VIEW_ADMIN_MENU, FUNC_CONT_MENU, FUNC_CONT_MENU
2020-05-03 18:30:16,179 DEBUG org.springframework.security.access.vote.AffirmativeBased [http-nio-8080-exec-9] Voter: org.springframework.security.web.access.expression.WebExpressionVoter@56f71341, returned: 1
2020-05-03 18:30:16,179 DEBUG org.springframework.security.access.intercept.AbstractSecurityInterceptor [http-nio-8080-exec-9] Authorization successful
2020-05-03 18:30:16,179 DEBUG org.springframework.security.access.intercept.AbstractSecurityInterceptor [http-nio-8080-exec-9] RunAsManager did not change Authentication object
2020-05-03 18:30:16,179 DEBUG org.springframework.security.web.FilterChainProxy$VirtualFilterChain [http-nio-8080-exec-9] /competitions/active reached end of additional filter chain; proceeding with original chain
2020-05-03 18:30:16,180 DEBUG org.springframework.core.log.LogFormatUtils [http-nio-8080-exec-9] GET "/competitions/active", parameters={}
2020-05-03 18:30:16,180 DEBUG org.springframework.web.servlet.handler.AbstractHandlerMapping [http-nio-8080-exec-9] Mapped to com.surshree.app.controllers.CompetitionController#getActiveCompetitions()
2020-05-03 18:30:16,180 DEBUG org.springframework.orm.jpa.support.OpenEntityManagerInViewInterceptor [http-nio-8080-exec-9] Opening JPA EntityManager in OpenEntityManagerInViewInterceptor
2020-05-03 18:30:16,187 DEBUG org.springframework.web.servlet.mvc.method.annotation.AbstractMessageConverterMethodProcessor [http-nio-8080-exec-9] Using 'application/json', given [application/json] and supported [application/json, application/*+json, application/json, application/*+json]
2020-05-03 18:30:16,188 DEBUG org.springframework.core.log.LogFormatUtils [http-nio-8080-exec-9] Writing [[com.surshree.app.models.comp.CompetitionRequestResponseModel@39e1ad50, com.surshree.app.models.comp (truncated)...]
2020-05-03 18:30:16,189 DEBUG org.springframework.security.web.header.writers.HstsHeaderWriter [http-nio-8080-exec-9] Not injecting HSTS header since it did not match the requestMatcher org.springframework.security.web.header.writers.HstsHeaderWriter$SecureRequestMatcher@6f31b89b
2020-05-03 18:30:16,190 DEBUG org.springframework.orm.jpa.support.OpenEntityManagerInViewInterceptor [http-nio-8080-exec-9] Closing JPA EntityManager in OpenEntityManagerInViewInterceptor
2020-05-03 18:30:16,190 DEBUG org.springframework.web.servlet.FrameworkServlet [http-nio-8080-exec-9] Completed 200 OK
2020-05-03 18:30:16,191 DEBUG org.springframework.security.web.access.ExceptionTranslationFilter [http-nio-8080-exec-9] Chain processed normally
2020-05-03 18:30:16,191 DEBUG org.springframework.security.web.context.SecurityContextPersistenceFilter [http-nio-8080-exec-9] SecurityContextHolder now cleared, as request processing completed
2020-05-03 18:30:16,215 DEBUG org.springframework.security.web.util.matcher.OrRequestMatcher [http-nio-8080-exec-10] Trying to match using Ant [pattern='/oauth/token']
2020-05-03 18:30:16,216 DEBUG org.springframework.security.web.util.matcher.AntPathRequestMatcher [http-nio-8080-exec-10] Checking match of request : '/competitions/enrollment'; against '/oauth/token'
2020-05-03 18:30:16,216 DEBUG org.springframework.security.web.util.matcher.OrRequestMatcher [http-nio-8080-exec-10] Trying to match using Ant [pattern='/oauth/token_key']
2020-05-03 18:30:16,216 DEBUG org.springframework.security.web.util.matcher.AntPathRequestMatcher [http-nio-8080-exec-10] Checking match of request : '/competitions/enrollment'; against '/oauth/token_key'
2020-05-03 18:30:16,216 DEBUG org.springframework.security.web.util.matcher.OrRequestMatcher [http-nio-8080-exec-10] Trying to match using Ant [pattern='/oauth/check_token']
2020-05-03 18:30:16,216 DEBUG org.springframework.security.web.util.matcher.AntPathRequestMatcher [http-nio-8080-exec-10] Checking match of request : '/competitions/enrollment'; against '/oauth/check_token'
2020-05-03 18:30:16,216 DEBUG org.springframework.security.web.util.matcher.OrRequestMatcher [http-nio-8080-exec-10] No matches found
2020-05-03 18:30:16,216 DEBUG org.springframework.security.web.util.matcher.AntPathRequestMatcher [http-nio-8080-exec-10] Request '/competitions/enrollment' matched by universal pattern '/**'
2020-05-03 18:30:16,217 DEBUG org.springframework.security.web.FilterChainProxy$VirtualFilterChain [http-nio-8080-exec-10] /competitions/enrollment at position 1 of 13 in additional filter chain; firing Filter: 'WebAsyncManagerIntegrationFilter'
2020-05-03 18:30:16,217 DEBUG org.springframework.security.web.FilterChainProxy$VirtualFilterChain [http-nio-8080-exec-10] /competitions/enrollment at position 2 of 13 in additional filter chain; firing Filter: 'SecurityContextPersistenceFilter'
2020-05-03 18:30:16,217 DEBUG org.springframework.security.web.context.HttpSessionSecurityContextRepository [http-nio-8080-exec-10] No HttpSession currently exists
2020-05-03 18:30:16,217 DEBUG org.springframework.security.web.context.HttpSessionSecurityContextRepository [http-nio-8080-exec-10] No SecurityContext was available from the HttpSession: null. A new one will be created.
2020-05-03 18:30:16,217 DEBUG org.springframework.security.web.FilterChainProxy$VirtualFilterChain [http-nio-8080-exec-10] /competitions/enrollment at position 3 of 13 in additional filter chain; firing Filter: 'HeaderWriterFilter'
2020-05-03 18:30:16,218 DEBUG org.springframework.security.web.FilterChainProxy$VirtualFilterChain [http-nio-8080-exec-10] /competitions/enrollment at position 4 of 13 in additional filter chain; firing Filter: 'CorsFilter'
2020-05-03 18:30:16,218 DEBUG org.springframework.web.servlet.handler.AbstractHandlerMapping [http-nio-8080-exec-10] Mapped to com.surshree.app.controllers.CompetitionController#getEnrolledCompetition()
2020-05-03 18:30:16,219 DEBUG org.springframework.security.web.header.writers.HstsHeaderWriter [http-nio-8080-exec-10] Not injecting HSTS header since it did not match the requestMatcher org.springframework.security.web.header.writers.HstsHeaderWriter$SecureRequestMatcher@287b04d4
2020-05-03 18:30:16,219 DEBUG org.springframework.security.web.context.HttpSessionSecurityContextRepository$SaveToSessionResponseWrapper [http-nio-8080-exec-10] SecurityContext is empty or contents are anonymous - context will not be stored in HttpSession.
2020-05-03 18:30:16,219 DEBUG org.springframework.security.web.context.SecurityContextPersistenceFilter [http-nio-8080-exec-10] SecurityContextHolder now cleared, as request processing completed
2020-05-03 18:30:16,230 DEBUG org.springframework.security.web.util.matcher.OrRequestMatcher [http-nio-8080-exec-1] Trying to match using Ant [pattern='/oauth/token']
2020-05-03 18:30:16,231 DEBUG org.springframework.security.web.util.matcher.AntPathRequestMatcher [http-nio-8080-exec-1] Checking match of request : '/competitions/enrollment'; against '/oauth/token'
2020-05-03 18:30:16,231 DEBUG org.springframework.security.web.util.matcher.OrRequestMatcher [http-nio-8080-exec-1] Trying to match using Ant [pattern='/oauth/token_key']
2020-05-03 18:30:16,231 DEBUG org.springframework.security.web.util.matcher.AntPathRequestMatcher [http-nio-8080-exec-1] Checking match of request : '/competitions/enrollment'; against '/oauth/token_key'
2020-05-03 18:30:16,232 DEBUG org.springframework.security.web.util.matcher.OrRequestMatcher [http-nio-8080-exec-1] Trying to match using Ant [pattern='/oauth/check_token']
2020-05-03 18:30:16,233 DEBUG org.springframework.security.web.util.matcher.AntPathRequestMatcher [http-nio-8080-exec-1] Checking match of request : '/competitions/enrollment'; against '/oauth/check_token'
2020-05-03 18:30:16,233 DEBUG org.springframework.security.web.util.matcher.OrRequestMatcher [http-nio-8080-exec-1] No matches found
2020-05-03 18:30:16,233 DEBUG org.springframework.security.web.FilterChainProxy$VirtualFilterChain [http-nio-8080-exec-1] /competitions/enrollment at position 1 of 11 in additional filter chain; firing Filter: 'WebAsyncManagerIntegrationFilter'
2020-05-03 18:30:16,233 DEBUG org.springframework.security.web.FilterChainProxy$VirtualFilterChain [http-nio-8080-exec-1] /competitions/enrollment at position 2 of 11 in additional filter chain; firing Filter: 'SecurityContextPersistenceFilter'
2020-05-03 18:30:16,234 DEBUG org.springframework.security.web.FilterChainProxy$VirtualFilterChain [http-nio-8080-exec-1] /competitions/enrollment at position 3 of 11 in additional filter chain; firing Filter: 'HeaderWriterFilter'
2020-05-03 18:30:16,234 DEBUG org.springframework.security.web.FilterChainProxy$VirtualFilterChain [http-nio-8080-exec-1] /competitions/enrollment at position 4 of 11 in additional filter chain; firing Filter: 'LogoutFilter'
2020-05-03 18:30:16,234 DEBUG org.springframework.security.web.util.matcher.OrRequestMatcher [http-nio-8080-exec-1] Trying to match using Ant [pattern='/logout', GET]
2020-05-03 18:30:16,234 DEBUG org.springframework.security.web.util.matcher.AntPathRequestMatcher [http-nio-8080-exec-1] Checking match of request : '/competitions/enrollment'; against '/logout'
2020-05-03 18:30:16,235 DEBUG org.springframework.security.web.util.matcher.OrRequestMatcher [http-nio-8080-exec-1] Trying to match using Ant [pattern='/logout', POST]
2020-05-03 18:30:16,235 DEBUG org.springframework.security.web.util.matcher.AntPathRequestMatcher [http-nio-8080-exec-1] Request 'GET /competitions/enrollment' doesn't match 'POST /logout'
2020-05-03 18:30:16,235 DEBUG org.springframework.security.web.util.matcher.OrRequestMatcher [http-nio-8080-exec-1] Trying to match using Ant [pattern='/logout', PUT]
2020-05-03 18:30:16,235 DEBUG org.springframework.security.web.util.matcher.AntPathRequestMatcher [http-nio-8080-exec-1] Request 'GET /competitions/enrollment' doesn't match 'PUT /logout'
2020-05-03 18:30:16,235 DEBUG org.springframework.security.web.util.matcher.OrRequestMatcher [http-nio-8080-exec-1] Trying to match using Ant [pattern='/logout', DELETE]
2020-05-03 18:30:16,236 DEBUG org.springframework.security.web.util.matcher.AntPathRequestMatcher [http-nio-8080-exec-1] Request 'GET /competitions/enrollment' doesn't match 'DELETE /logout'
2020-05-03 18:30:16,236 DEBUG org.springframework.security.web.util.matcher.OrRequestMatcher [http-nio-8080-exec-1] No matches found
2020-05-03 18:30:16,236 DEBUG org.springframework.security.web.FilterChainProxy$VirtualFilterChain [http-nio-8080-exec-1] /competitions/enrollment at position 5 of 11 in additional filter chain; firing Filter: 'OAuth2AuthenticationProcessingFilter'
2020-05-03 18:30:16,236 DEBUG org.springframework.jdbc.core.JdbcTemplate [http-nio-8080-exec-1] Executing prepared SQL query
2020-05-03 18:30:16,237 DEBUG org.springframework.jdbc.core.JdbcTemplate [http-nio-8080-exec-1] Executing prepared SQL statement [select token_id, token from oauth_access_token where token_id = ?]
2020-05-03 18:30:16,237 DEBUG org.springframework.jdbc.datasource.DataSourceUtils [http-nio-8080-exec-1] Fetching JDBC Connection from DataSource
2020-05-03 18:30:16,246 DEBUG org.springframework.jdbc.core.JdbcTemplate [http-nio-8080-exec-1] Executing prepared SQL query
2020-05-03 18:30:16,248 DEBUG org.springframework.jdbc.core.JdbcTemplate [http-nio-8080-exec-1] Executing prepared SQL statement [select token_id, authentication from oauth_access_token where token_id = ?]
2020-05-03 18:30:16,249 DEBUG org.springframework.jdbc.datasource.DataSourceUtils [http-nio-8080-exec-1] Fetching JDBC Connection from DataSource
2020-05-03 18:30:16,255 DEBUG org.springframework.security.oauth2.provider.authentication.OAuth2AuthenticationProcessingFilter [http-nio-8080-exec-1] Authentication success: org.springframework.security.oauth2.provider.OAuth2Authentication@e2f94861: Principal: admin; Credentials: [PROTECTED]; Authenticated: true; Details: remoteAddress=192.168.43.1, tokenType=BearertokenValue=<TOKEN>; Granted Authorities: ROLE_ADMN, ROLE_CONT, FUNC_VIEW_ADMIN_MENU, FUNC_CONT_MENU, FUNC_CONT_MENU
2020-05-03 18:30:16,256 DEBUG org.springframework.security.web.FilterChainProxy$VirtualFilterChain [http-nio-8080-exec-1] /competitions/enrollment at position 6 of 11 in additional filter chain; firing Filter: 'RequestCacheAwareFilter'
2020-05-03 18:30:16,256 DEBUG org.springframework.security.web.FilterChainProxy$VirtualFilterChain [http-nio-8080-exec-1] /competitions/enrollment at position 7 of 11 in additional filter chain; firing Filter: 'SecurityContextHolderAwareRequestFilter'
2020-05-03 18:30:16,257 DEBUG org.springframework.security.web.FilterChainProxy$VirtualFilterChain [http-nio-8080-exec-1] /competitions/enrollment at position 8 of 11 in additional filter chain; firing Filter: 'AnonymousAuthenticationFilter'
2020-05-03 18:30:16,257 DEBUG org.springframework.security.web.authentication.AnonymousAuthenticationFilter [http-nio-8080-exec-1] SecurityContextHolder not populated with anonymous token, as it already contained: 'org.springframework.security.oauth2.provider.OAuth2Authentication@e2f94861: Principal: admin; Credentials: [PROTECTED]; Authenticated: true; Details: remoteAddress=192.168.43.1, tokenType=BearertokenValue=<TOKEN>; Granted Authorities: ROLE_ADMN, ROLE_CONT, FUNC_VIEW_ADMIN_MENU, FUNC_CONT_MENU, FUNC_CONT_MENU'
2020-05-03 18:30:16,257 DEBUG org.springframework.security.web.FilterChainProxy$VirtualFilterChain [http-nio-8080-exec-1] /competitions/enrollment at position 9 of 11 in additional filter chain; firing Filter: 'SessionManagementFilter'
2020-05-03 18:30:16,257 DEBUG org.springframework.security.web.authentication.session.CompositeSessionAuthenticationStrategy [http-nio-8080-exec-1] Delegating to org.springframework.security.web.authentication.session.ChangeSessionIdAuthenticationStrategy@2be89ba5
2020-05-03 18:30:16,258 DEBUG org.springframework.security.web.FilterChainProxy$VirtualFilterChain [http-nio-8080-exec-1] /competitions/enrollment at position 10 of 11 in additional filter chain; firing Filter: 'ExceptionTranslationFilter'
2020-05-03 18:30:16,258 DEBUG org.springframework.security.web.FilterChainProxy$VirtualFilterChain [http-nio-8080-exec-1] /competitions/enrollment at position 11 of 11 in additional filter chain; firing Filter: 'FilterSecurityInterceptor'
2020-05-03 18:30:16,258 DEBUG org.springframework.security.access.intercept.AbstractSecurityInterceptor [http-nio-8080-exec-1] Secure object: FilterInvocation: URL: /competitions/enrollment; Attributes: [#oauth2.throwOnError(authenticated)]
2020-05-03 18:30:16,258 DEBUG org.springframework.security.access.intercept.AbstractSecurityInterceptor [http-nio-8080-exec-1] Previously Authenticated: org.springframework.security.oauth2.provider.OAuth2Authentication@e2f94861: Principal: admin; Credentials: [PROTECTED]; Authenticated: true; Details: remoteAddress=192.168.43.1, tokenType=BearertokenValue=<TOKEN>; Granted Authorities: ROLE_ADMN, ROLE_CONT, FUNC_VIEW_ADMIN_MENU, FUNC_CONT_MENU, FUNC_CONT_MENU
2020-05-03 18:30:16,259 DEBUG org.springframework.security.access.vote.AffirmativeBased [http-nio-8080-exec-1] Voter: org.springframework.security.web.access.expression.WebExpressionVoter@56f71341, returned: 1
2020-05-03 18:30:16,260 DEBUG org.springframework.security.access.intercept.AbstractSecurityInterceptor [http-nio-8080-exec-1] Authorization successful
2020-05-03 18:30:16,260 DEBUG org.springframework.security.access.intercept.AbstractSecurityInterceptor [http-nio-8080-exec-1] RunAsManager did not change Authentication object
2020-05-03 18:30:16,260 DEBUG org.springframework.security.web.FilterChainProxy$VirtualFilterChain [http-nio-8080-exec-1] /competitions/enrollment reached end of additional filter chain; proceeding with original chain
2020-05-03 18:30:16,260 DEBUG org.springframework.core.log.LogFormatUtils [http-nio-8080-exec-1] GET "/competitions/enrollment", parameters={}
2020-05-03 18:30:16,261 DEBUG org.springframework.web.servlet.handler.AbstractHandlerMapping [http-nio-8080-exec-1] Mapped to com.surshree.app.controllers.CompetitionController#getEnrolledCompetition()
2020-05-03 18:30:16,262 DEBUG org.springframework.orm.jpa.support.OpenEntityManagerInViewInterceptor [http-nio-8080-exec-1] Opening JPA EntityManager in OpenEntityManagerInViewInterceptor
2020-05-03 18:30:16,263 DEBUG org.springframework.orm.jpa.JpaTransactionManager [http-nio-8080-exec-1] Found thread-bound EntityManager [SessionImpl(929714719<open>)] for JPA transaction
2020-05-03 18:30:16,264 DEBUG org.springframework.transaction.support.AbstractPlatformTransactionManager [http-nio-8080-exec-1] Creating new transaction with name [com.surshree.app.services.CustomUserDetailsService.loadUserByUsername]: PROPAGATION_REQUIRED,ISOLATION_DEFAULT
2020-05-03 18:30:16,266 DEBUG org.springframework.orm.jpa.JpaTransactionManager [http-nio-8080-exec-1] Exposing JPA transaction as JDBC [org.springframework.orm.jpa.vendor.HibernateJpaDialect$HibernateConnectionHandle@2c83ba67]
2020-05-03 18:30:16,267 INFO com.surshree.app.services.CustomUserDetailsService [http-nio-8080-exec-1] Granted Authorities --> ROLE_ADMN
2020-05-03 18:30:16,267 INFO com.surshree.app.services.CustomUserDetailsService [http-nio-8080-exec-1] Granted Authorities --> ROLE_CONT
2020-05-03 18:30:16,268 INFO com.surshree.app.services.CustomUserDetailsService [http-nio-8080-exec-1] Granted Authorities --> FUNC_VIEW_ADMIN_MENU
2020-05-03 18:30:16,268 INFO com.surshree.app.services.CustomUserDetailsService [http-nio-8080-exec-1] Granted Authorities --> FUNC_CONT_MENU
2020-05-03 18:30:16,269 INFO com.surshree.app.services.CustomUserDetailsService [http-nio-8080-exec-1] Granted Authorities --> FUNC_CONT_MENU
2020-05-03 18:30:16,269 DEBUG org.springframework.transaction.support.AbstractPlatformTransactionManager [http-nio-8080-exec-1] Initiating transaction commit
2020-05-03 18:30:16,269 DEBUG org.springframework.orm.jpa.JpaTransactionManager [http-nio-8080-exec-1] Committing JPA transaction on EntityManager [SessionImpl(929714719<open>)]
2020-05-03 18:30:16,270 DEBUG org.springframework.orm.jpa.JpaTransactionManager [http-nio-8080-exec-1] Not closing pre-bound JPA EntityManager after transaction
2020-05-03 18:30:16,285 DEBUG org.springframework.web.servlet.mvc.method.annotation.AbstractMessageConverterMethodProcessor [http-nio-8080-exec-1] Using 'application/json', given [application/json] and supported [application/json, application/*+json, application/json, application/*+json]
2020-05-03 18:30:16,285 DEBUG org.springframework.core.log.LogFormatUtils [http-nio-8080-exec-1] Writing [[com.surshree.app.models.comp.EnrollmentResponse@2d0fd205, com.surshree.app.models.comp.EnrollmentRe (truncated)...]
2020-05-03 18:30:16,286 DEBUG org.springframework.security.web.header.writers.HstsHeaderWriter [http-nio-8080-exec-1] Not injecting HSTS header since it did not match the requestMatcher org.springframework.security.web.header.writers.HstsHeaderWriter$SecureRequestMatcher@6f31b89b
2020-05-03 18:30:16,287 DEBUG org.springframework.orm.jpa.support.OpenEntityManagerInViewInterceptor [http-nio-8080-exec-1] Closing JPA EntityManager in OpenEntityManagerInViewInterceptor
2020-05-03 18:30:16,287 DEBUG org.springframework.web.servlet.FrameworkServlet [http-nio-8080-exec-1] Completed 200 OK
2020-05-03 18:30:16,287 DEBUG org.springframework.security.web.access.ExceptionTranslationFilter [http-nio-8080-exec-1] Chain processed normally
2020-05-03 18:30:16,288 DEBUG org.springframework.security.web.context.SecurityContextPersistenceFilter [http-nio-8080-exec-1] SecurityContextHolder now cleared, as request processing completed
2020-05-03 18:30:16,432 DEBUG org.springframework.security.web.util.matcher.OrRequestMatcher [http-nio-8080-exec-2] Trying to match using Ant [pattern='/oauth/token']
2020-05-03 18:30:16,432 DEBUG org.springframework.security.web.util.matcher.AntPathRequestMatcher [http-nio-8080-exec-2] Checking match of request : '/competitions/active'; against '/oauth/token'
2020-05-03 18:30:16,432 DEBUG org.springframework.security.web.util.matcher.OrRequestMatcher [http-nio-8080-exec-2] Trying to match using Ant [pattern='/oauth/token_key']
2020-05-03 18:30:16,432 DEBUG org.springframework.security.web.util.matcher.AntPathRequestMatcher [http-nio-8080-exec-2] Checking match of request : '/competitions/active'; against '/oauth/token_key'
2020-05-03 18:30:16,432 DEBUG org.springframework.security.web.util.matcher.OrRequestMatcher [http-nio-8080-exec-2] Trying to match using Ant [pattern='/oauth/check_token']
2020-05-03 18:30:16,432 DEBUG org.springframework.security.web.util.matcher.AntPathRequestMatcher [http-nio-8080-exec-2] Checking match of request : '/competitions/active'; against '/oauth/check_token'
2020-05-03 18:30:16,433 DEBUG org.springframework.security.web.util.matcher.OrRequestMatcher [http-nio-8080-exec-2] No matches found
2020-05-03 18:30:16,433 DEBUG org.springframework.security.web.FilterChainProxy$VirtualFilterChain [http-nio-8080-exec-2] /competitions/active at position 1 of 11 in additional filter chain; firing Filter: 'WebAsyncManagerIntegrationFilter'
2020-05-03 18:30:16,433 DEBUG org.springframework.security.web.FilterChainProxy$VirtualFilterChain [http-nio-8080-exec-2] /competitions/active at position 2 of 11 in additional filter chain; firing Filter: 'SecurityContextPersistenceFilter'
2020-05-03 18:30:16,433 DEBUG org.springframework.security.web.FilterChainProxy$VirtualFilterChain [http-nio-8080-exec-2] /competitions/active at position 3 of 11 in additional filter chain; firing Filter: 'HeaderWriterFilter'
2020-05-03 18:30:16,434 DEBUG org.springframework.security.web.FilterChainProxy$VirtualFilterChain [http-nio-8080-exec-2] /competitions/active at position 4 of 11 in additional filter chain; firing Filter: 'LogoutFilter'
2020-05-03 18:30:16,434 DEBUG org.springframework.security.web.util.matcher.OrRequestMatcher [http-nio-8080-exec-2] Trying to match using Ant [pattern='/logout', GET]
2020-05-03 18:30:16,434 DEBUG org.springframework.security.web.util.matcher.AntPathRequestMatcher [http-nio-8080-exec-2] Checking match of request : '/competitions/active'; against '/logout'
2020-05-03 18:30:16,434 DEBUG org.springframework.security.web.util.matcher.OrRequestMatcher [http-nio-8080-exec-2] Trying to match using Ant [pattern='/logout', POST]
2020-05-03 18:30:16,434 DEBUG org.springframework.security.web.util.matcher.AntPathRequestMatcher [http-nio-8080-exec-2] Request 'GET /competitions/active' doesn't match 'POST /logout'
2020-05-03 18:30:16,434 DEBUG org.springframework.security.web.util.matcher.OrRequestMatcher [http-nio-8080-exec-2] Trying to match using Ant [pattern='/logout', PUT]
2020-05-03 18:30:16,435 DEBUG org.springframework.security.web.util.matcher.AntPathRequestMatcher [http-nio-8080-exec-2] Request 'GET /competitions/active' doesn't match 'PUT /logout'
2020-05-03 18:30:16,435 DEBUG org.springframework.security.web.util.matcher.OrRequestMatcher [http-nio-8080-exec-2] Trying to match using Ant [pattern='/logout', DELETE]
2020-05-03 18:30:16,435 DEBUG org.springframework.security.web.util.matcher.AntPathRequestMatcher [http-nio-8080-exec-2] Request 'GET /competitions/active' doesn't match 'DELETE /logout'
2020-05-03 18:30:16,435 DEBUG org.springframework.security.web.util.matcher.OrRequestMatcher [http-nio-8080-exec-2] No matches found
2020-05-03 18:30:16,435 DEBUG org.springframework.security.web.FilterChainProxy$VirtualFilterChain [http-nio-8080-exec-2] /competitions/active at position 5 of 11 in additional filter chain; firing Filter: 'OAuth2AuthenticationProcessingFilter'
2020-05-03 18:30:16,436 DEBUG org.springframework.jdbc.core.JdbcTemplate [http-nio-8080-exec-2] Executing prepared SQL query
2020-05-03 18:30:16,437 DEBUG org.springframework.jdbc.core.JdbcTemplate [http-nio-8080-exec-2] Executing prepared SQL statement [select token_id, token from oauth_access_token where token_id = ?]
2020-05-03 18:30:16,437 DEBUG org.springframework.jdbc.datasource.DataSourceUtils [http-nio-8080-exec-2] Fetching JDBC Connection from DataSource
2020-05-03 18:30:16,438 DEBUG org.springframework.jdbc.core.JdbcTemplate [http-nio-8080-exec-2] Executing prepared SQL query
2020-05-03 18:30:16,439 DEBUG org.springframework.jdbc.core.JdbcTemplate [http-nio-8080-exec-2] Executing prepared SQL statement [select token_id, authentication from oauth_access_token where token_id = ?]
2020-05-03 18:30:16,439 DEBUG org.springframework.jdbc.datasource.DataSourceUtils [http-nio-8080-exec-2] Fetching JDBC Connection from DataSource
2020-05-03 18:30:16,440 DEBUG org.springframework.security.oauth2.provider.authentication.OAuth2AuthenticationProcessingFilter [http-nio-8080-exec-2] Authentication success: org.springframework.security.oauth2.provider.OAuth2Authentication@e2f94861: Principal: admin; Credentials: [PROTECTED]; Authenticated: true; Details: remoteAddress=192.168.43.1, tokenType=BearertokenValue=<TOKEN>; Granted Authorities: ROLE_ADMN, ROLE_CONT, FUNC_VIEW_ADMIN_MENU, FUNC_CONT_MENU, FUNC_CONT_MENU
2020-05-03 18:30:16,440 DEBUG org.springframework.security.web.FilterChainProxy$VirtualFilterChain [http-nio-8080-exec-2] /competitions/active at position 6 of 11 in additional filter chain; firing Filter: 'RequestCacheAwareFilter'
2020-05-03 18:30:16,440 DEBUG org.springframework.security.web.FilterChainProxy$VirtualFilterChain [http-nio-8080-exec-2] /competitions/active at position 7 of 11 in additional filter chain; firing Filter: 'SecurityContextHolderAwareRequestFilter'
2020-05-03 18:30:16,440 DEBUG org.springframework.security.web.FilterChainProxy$VirtualFilterChain [http-nio-8080-exec-2] /competitions/active at position 8 of 11 in additional filter chain; firing Filter: 'AnonymousAuthenticationFilter'
2020-05-03 18:30:16,441 DEBUG org.springframework.security.web.authentication.AnonymousAuthenticationFilter [http-nio-8080-exec-2] SecurityContextHolder not populated with anonymous token, as it already contained: 'org.springframework.security.oauth2.provider.OAuth2Authentication@e2f94861: Principal: admin; Credentials: [PROTECTED]; Authenticated: true; Details: remoteAddress=192.168.43.1, tokenType=BearertokenValue=<TOKEN>; Granted Authorities: ROLE_ADMN, ROLE_CONT, FUNC_VIEW_ADMIN_MENU, FUNC_CONT_MENU, FUNC_CONT_MENU'
2020-05-03 18:30:16,441 DEBUG org.springframework.security.web.FilterChainProxy$VirtualFilterChain [http-nio-8080-exec-2] /competitions/active at position 9 of 11 in additional filter chain; firing Filter: 'SessionManagementFilter'
2020-05-03 18:30:16,441 DEBUG org.springframework.security.web.authentication.session.CompositeSessionAuthenticationStrategy [http-nio-8080-exec-2] Delegating to org.springframework.security.web.authentication.session.ChangeSessionIdAuthenticationStrategy@2be89ba5
2020-05-03 18:30:16,441 DEBUG org.springframework.security.web.FilterChainProxy$VirtualFilterChain [http-nio-8080-exec-2] /competitions/active at position 10 of 11 in additional filter chain; firing Filter: 'ExceptionTranslationFilter'
2020-05-03 18:30:16,441 DEBUG org.springframework.security.web.FilterChainProxy$VirtualFilterChain [http-nio-8080-exec-2] /competitions/active at position 11 of 11 in additional filter chain; firing Filter: 'FilterSecurityInterceptor'
2020-05-03 18:30:16,441 DEBUG org.springframework.security.access.intercept.AbstractSecurityInterceptor [http-nio-8080-exec-2] Secure object: FilterInvocation: URL: /competitions/active; Attributes: [#oauth2.throwOnError(authenticated)]
2020-05-03 18:30:16,442 DEBUG org.springframework.security.access.intercept.AbstractSecurityInterceptor [http-nio-8080-exec-2] Previously Authenticated: org.springframework.security.oauth2.provider.OAuth2Authentication@e2f94861: Principal: admin; Credentials: [PROTECTED]; Authenticated: true; Details: remoteAddress=192.168.43.1, tokenType=BearertokenValue=<TOKEN>; Granted Authorities: ROLE_ADMN, ROLE_CONT, FUNC_VIEW_ADMIN_MENU, FUNC_CONT_MENU, FUNC_CONT_MENU
2020-05-03 18:30:16,442 DEBUG org.springframework.security.access.vote.AffirmativeBased [http-nio-8080-exec-2] Voter: org.springframework.security.web.access.expression.WebExpressionVoter@56f71341, returned: 1
2020-05-03 18:30:16,443 DEBUG org.springframework.security.access.intercept.AbstractSecurityInterceptor [http-nio-8080-exec-2] Authorization successful
2020-05-03 18:30:16,443 DEBUG org.springframework.security.access.intercept.AbstractSecurityInterceptor [http-nio-8080-exec-2] RunAsManager did not change Authentication object
2020-05-03 18:30:16,443 DEBUG org.springframework.security.web.FilterChainProxy$VirtualFilterChain [http-nio-8080-exec-2] /competitions/active reached end of additional filter chain; proceeding with original chain
2020-05-03 18:30:16,444 DEBUG org.springframework.core.log.LogFormatUtils [http-nio-8080-exec-2] GET "/competitions/active", parameters={}
2020-05-03 18:30:16,444 DEBUG org.springframework.web.servlet.handler.AbstractHandlerMapping [http-nio-8080-exec-2] Mapped to com.surshree.app.controllers.CompetitionController#getActiveCompetitions()
2020-05-03 18:30:16,446 DEBUG org.springframework.orm.jpa.support.OpenEntityManagerInViewInterceptor [http-nio-8080-exec-2] Opening JPA EntityManager in OpenEntityManagerInViewInterceptor
2020-05-03 18:30:16,481 DEBUG org.springframework.web.servlet.mvc.method.annotation.AbstractMessageConverterMethodProcessor [http-nio-8080-exec-2] Using 'application/json', given [application/json] and supported [application/json, application/*+json, application/json, application/*+json]
2020-05-03 18:30:16,482 DEBUG org.springframework.core.log.LogFormatUtils [http-nio-8080-exec-2] Writing [[com.surshree.app.models.comp.CompetitionRequestResponseModel@4c8ee44c, com.surshree.app.models.comp (truncated)...]
2020-05-03 18:30:16,483 DEBUG org.springframework.security.web.header.writers.HstsHeaderWriter [http-nio-8080-exec-2] Not injecting HSTS header since it did not match the requestMatcher org.springframework.security.web.header.writers.HstsHeaderWriter$SecureRequestMatcher@6f31b89b
2020-05-03 18:30:16,484 DEBUG org.springframework.orm.jpa.support.OpenEntityManagerInViewInterceptor [http-nio-8080-exec-2] Closing JPA EntityManager in OpenEntityManagerInViewInterceptor
2020-05-03 18:30:16,484 DEBUG org.springframework.web.servlet.FrameworkServlet [http-nio-8080-exec-2] Completed 200 OK
2020-05-03 18:30:16,484 DEBUG org.springframework.security.web.access.ExceptionTranslationFilter [http-nio-8080-exec-2] Chain processed normally
2020-05-03 18:30:16,485 DEBUG org.springframework.security.web.context.SecurityContextPersistenceFilter [http-nio-8080-exec-2] SecurityContextHolder now cleared, as request processing completed
2020-05-03 18:30:16,615 DEBUG org.springframework.security.web.util.matcher.OrRequestMatcher [http-nio-8080-exec-3] Trying to match using Ant [pattern='/oauth/token']
2020-05-03 18:30:16,622 DEBUG org.springframework.security.web.util.matcher.AntPathRequestMatcher [http-nio-8080-exec-3] Checking match of request : '/competitions/enrollment'; against '/oauth/token'
2020-05-03 18:30:16,623 DEBUG org.springframework.security.web.util.matcher.OrRequestMatcher [http-nio-8080-exec-3] Trying to match using Ant [pattern='/oauth/token_key']
2020-05-03 18:30:16,623 DEBUG org.springframework.security.web.util.matcher.AntPathRequestMatcher [http-nio-8080-exec-3] Checking match of request : '/competitions/enrollment'; against '/oauth/token_key'
2020-05-03 18:30:16,623 DEBUG org.springframework.security.web.util.matcher.OrRequestMatcher [http-nio-8080-exec-3] Trying to match using Ant [pattern='/oauth/check_token']
2020-05-03 18:30:16,623 DEBUG org.springframework.security.web.util.matcher.AntPathRequestMatcher [http-nio-8080-exec-3] Checking match of request : '/competitions/enrollment'; against '/oauth/check_token'
2020-05-03 18:30:16,624 DEBUG org.springframework.security.web.util.matcher.OrRequestMatcher [http-nio-8080-exec-3] No matches found
2020-05-03 18:30:16,624 DEBUG org.springframework.security.web.FilterChainProxy$VirtualFilterChain [http-nio-8080-exec-3] /competitions/enrollment at position 1 of 11 in additional filter chain; firing Filter: 'WebAsyncManagerIntegrationFilter'
2020-05-03 18:30:16,624 DEBUG org.springframework.security.web.FilterChainProxy$VirtualFilterChain [http-nio-8080-exec-3] /competitions/enrollment at position 2 of 11 in additional filter chain; firing Filter: 'SecurityContextPersistenceFilter'
2020-05-03 18:30:16,624 DEBUG org.springframework.security.web.FilterChainProxy$VirtualFilterChain [http-nio-8080-exec-3] /competitions/enrollment at position 3 of 11 in additional filter chain; firing Filter: 'HeaderWriterFilter'
2020-05-03 18:30:16,624 DEBUG org.springframework.security.web.FilterChainProxy$VirtualFilterChain [http-nio-8080-exec-3] /competitions/enrollment at position 4 of 11 in additional filter chain; firing Filter: 'LogoutFilter'
2020-05-03 18:30:16,624 DEBUG org.springframework.security.web.util.matcher.OrRequestMatcher [http-nio-8080-exec-3] Trying to match using Ant [pattern='/logout', GET]
2020-05-03 18:30:16,625 DEBUG org.springframework.security.web.util.matcher.AntPathRequestMatcher [http-nio-8080-exec-3] Checking match of request : '/competitions/enrollment'; against '/logout'
2020-05-03 18:30:16,625 DEBUG org.springframework.security.web.util.matcher.OrRequestMatcher [http-nio-8080-exec-3] Trying to match using Ant [pattern='/logout', POST]
2020-05-03 18:30:16,625 DEBUG org.springframework.security.web.util.matcher.AntPathRequestMatcher [http-nio-8080-exec-3] Request 'GET /competitions/enrollment' doesn't match 'POST /logout'
2020-05-03 18:30:16,625 DEBUG org.springframework.security.web.util.matcher.OrRequestMatcher [http-nio-8080-exec-3] Trying to match using Ant [pattern='/logout', PUT]
2020-05-03 18:30:16,625 DEBUG org.springframework.security.web.util.matcher.AntPathRequestMatcher [http-nio-8080-exec-3] Request 'GET /competitions/enrollment' doesn't match 'PUT /logout'
2020-05-03 18:30:16,625 DEBUG org.springframework.security.web.util.matcher.OrRequestMatcher [http-nio-8080-exec-3] Trying to match using Ant [pattern='/logout', DELETE]
2020-05-03 18:30:16,625 DEBUG org.springframework.security.web.util.matcher.AntPathRequestMatcher [http-nio-8080-exec-3] Request 'GET /competitions/enrollment' doesn't match 'DELETE /logout'
2020-05-03 18:30:16,626 DEBUG org.springframework.security.web.util.matcher.OrRequestMatcher [http-nio-8080-exec-3] No matches found
2020-05-03 18:30:16,626 DEBUG org.springframework.security.web.FilterChainProxy$VirtualFilterChain [http-nio-8080-exec-3] /competitions/enrollment at position 5 of 11 in additional filter chain; firing Filter: 'OAuth2AuthenticationProcessingFilter'
2020-05-03 18:30:16,626 DEBUG org.springframework.jdbc.core.JdbcTemplate [http-nio-8080-exec-3] Executing prepared SQL query
2020-05-03 18:30:16,626 DEBUG org.springframework.jdbc.core.JdbcTemplate [http-nio-8080-exec-3] Executing prepared SQL statement [select token_id, token from oauth_access_token where token_id = ?]
2020-05-03 18:30:16,626 DEBUG org.springframework.jdbc.datasource.DataSourceUtils [http-nio-8080-exec-3] Fetching JDBC Connection from DataSource
2020-05-03 18:30:16,627 DEBUG org.springframework.jdbc.core.JdbcTemplate [http-nio-8080-exec-3] Executing prepared SQL query
2020-05-03 18:30:16,628 DEBUG org.springframework.jdbc.core.JdbcTemplate [http-nio-8080-exec-3] Executing prepared SQL statement [select token_id, authentication from oauth_access_token where token_id = ?]
2020-05-03 18:30:16,628 DEBUG org.springframework.jdbc.datasource.DataSourceUtils [http-nio-8080-exec-3] Fetching JDBC Connection from DataSource
2020-05-03 18:30:16,629 DEBUG org.springframework.security.oauth2.provider.authentication.OAuth2AuthenticationProcessingFilter [http-nio-8080-exec-3] Authentication success: org.springframework.security.oauth2.provider.OAuth2Authentication@e2f94861: Principal: admin; Credentials: [PROTECTED]; Authenticated: true; Details: remoteAddress=192.168.43.1, tokenType=BearertokenValue=<TOKEN>; Granted Authorities: ROLE_ADMN, ROLE_CONT, FUNC_VIEW_ADMIN_MENU, FUNC_CONT_MENU, FUNC_CONT_MENU
2020-05-03 18:30:16,629 DEBUG org.springframework.security.web.FilterChainProxy$VirtualFilterChain [http-nio-8080-exec-3] /competitions/enrollment at position 6 of 11 in additional filter chain; firing Filter: 'RequestCacheAwareFilter'
2020-05-03 18:30:16,629 DEBUG org.springframework.security.web.FilterChainProxy$VirtualFilterChain [http-nio-8080-exec-3] /competitions/enrollment at position 7 of 11 in additional filter chain; firing Filter: 'SecurityContextHolderAwareRequestFilter'
2020-05-03 18:30:16,630 DEBUG org.springframework.security.web.FilterChainProxy$VirtualFilterChain [http-nio-8080-exec-3] /competitions/enrollment at position 8 of 11 in additional filter chain; firing Filter: 'AnonymousAuthenticationFilter'
2020-05-03 18:30:16,630 DEBUG org.springframework.security.web.authentication.AnonymousAuthenticationFilter [http-nio-8080-exec-3] SecurityContextHolder not populated with anonymous token, as it already contained: 'org.springframework.security.oauth2.provider.OAuth2Authentication@e2f94861: Principal: admin; Credentials: [PROTECTED]; Authenticated: true; Details: remoteAddress=192.168.43.1, tokenType=BearertokenValue=<TOKEN>; Granted Authorities: ROLE_ADMN, ROLE_CONT, FUNC_VIEW_ADMIN_MENU, FUNC_CONT_MENU, FUNC_CONT_MENU'
2020-05-03 18:30:16,630 DEBUG org.springframework.security.web.FilterChainProxy$VirtualFilterChain [http-nio-8080-exec-3] /competitions/enrollment at position 9 of 11 in additional filter chain; firing Filter: 'SessionManagementFilter'
2020-05-03 18:30:16,630 DEBUG org.springframework.security.web.authentication.session.CompositeSessionAuthenticationStrategy [http-nio-8080-exec-3] Delegating to org.springframework.security.web.authentication.session.ChangeSessionIdAuthenticationStrategy@2be89ba5
2020-05-03 18:30:16,630 DEBUG org.springframework.security.web.FilterChainProxy$VirtualFilterChain [http-nio-8080-exec-3] /competitions/enrollment at position 10 of 11 in additional filter chain; firing Filter: 'ExceptionTranslationFilter'
2020-05-03 18:30:16,631 DEBUG org.springframework.security.web.FilterChainProxy$VirtualFilterChain [http-nio-8080-exec-3] /competitions/enrollment at position 11 of 11 in additional filter chain; firing Filter: 'FilterSecurityInterceptor'
2020-05-03 18:30:16,631 DEBUG org.springframework.security.access.intercept.AbstractSecurityInterceptor [http-nio-8080-exec-3] Secure object: FilterInvocation: URL: /competitions/enrollment; Attributes: [#oauth2.throwOnError(authenticated)]
2020-05-03 18:30:16,631 DEBUG org.springframework.security.access.intercept.AbstractSecurityInterceptor [http-nio-8080-exec-3] Previously Authenticated: org.springframework.security.oauth2.provider.OAuth2Authentication@e2f94861: Principal: admin; Credentials: [PROTECTED]; Authenticated: true; Details: remoteAddress=192.168.43.1, tokenType=BearertokenValue=<TOKEN>; Granted Authorities: ROLE_ADMN, ROLE_CONT, FUNC_VIEW_ADMIN_MENU, FUNC_CONT_MENU, FUNC_CONT_MENU
2020-05-03 18:30:16,631 DEBUG org.springframework.security.access.vote.AffirmativeBased [http-nio-8080-exec-3] Voter: org.springframework.security.web.access.expression.WebExpressionVoter@56f71341, returned: 1
2020-05-03 18:30:16,631 DEBUG org.springframework.security.access.intercept.AbstractSecurityInterceptor [http-nio-8080-exec-3] Authorization successful
2020-05-03 18:30:16,632 DEBUG org.springframework.security.access.intercept.AbstractSecurityInterceptor [http-nio-8080-exec-3] RunAsManager did not change Authentication object
2020-05-03 18:30:16,632 DEBUG org.springframework.security.web.FilterChainProxy$VirtualFilterChain [http-nio-8080-exec-3] /competitions/enrollment reached end of additional filter chain; proceeding with original chain
2020-05-03 18:30:16,632 DEBUG org.springframework.core.log.LogFormatUtils [http-nio-8080-exec-3] GET "/competitions/enrollment", parameters={}
2020-05-03 18:30:16,632 DEBUG org.springframework.web.servlet.handler.AbstractHandlerMapping [http-nio-8080-exec-3] Mapped to com.surshree.app.controllers.CompetitionController#getEnrolledCompetition()
2020-05-03 18:30:16,633 DEBUG org.springframework.orm.jpa.support.OpenEntityManagerInViewInterceptor [http-nio-8080-exec-3] Opening JPA EntityManager in OpenEntityManagerInViewInterceptor
2020-05-03 18:30:16,634 DEBUG org.springframework.orm.jpa.JpaTransactionManager [http-nio-8080-exec-3] Found thread-bound EntityManager [SessionImpl(1062904778<open>)] for JPA transaction
2020-05-03 18:30:16,634 DEBUG org.springframework.transaction.support.AbstractPlatformTransactionManager [http-nio-8080-exec-3] Creating new transaction with name [com.surshree.app.services.CustomUserDetailsService.loadUserByUsername]: PROPAGATION_REQUIRED,ISOLATION_DEFAULT
2020-05-03 18:30:16,634 DEBUG org.springframework.orm.jpa.JpaTransactionManager [http-nio-8080-exec-3] Exposing JPA transaction as JDBC [org.springframework.orm.jpa.vendor.HibernateJpaDialect$HibernateConnectionHandle@6d5394fe]
2020-05-03 18:30:16,635 INFO com.surshree.app.services.CustomUserDetailsService [http-nio-8080-exec-3] Granted Authorities --> ROLE_ADMN
2020-05-03 18:30:16,635 INFO com.surshree.app.services.CustomUserDetailsService [http-nio-8080-exec-3] Granted Authorities --> ROLE_CONT
2020-05-03 18:30:16,635 INFO com.surshree.app.services.CustomUserDetailsService [http-nio-8080-exec-3] Granted Authorities --> FUNC_VIEW_ADMIN_MENU
2020-05-03 18:30:16,635 INFO com.surshree.app.services.CustomUserDetailsService [http-nio-8080-exec-3] Granted Authorities --> FUNC_CONT_MENU
2020-05-03 18:30:16,636 INFO com.surshree.app.services.CustomUserDetailsService [http-nio-8080-exec-3] Granted Authorities --> FUNC_CONT_MENU
2020-05-03 18:30:16,636 DEBUG org.springframework.transaction.support.AbstractPlatformTransactionManager [http-nio-8080-exec-3] Initiating transaction commit
2020-05-03 18:30:16,636 DEBUG org.springframework.orm.jpa.JpaTransactionManager [http-nio-8080-exec-3] Committing JPA transaction on EntityManager [SessionImpl(1062904778<open>)]
2020-05-03 18:30:16,636 DEBUG org.springframework.orm.jpa.JpaTransactionManager [http-nio-8080-exec-3] Not closing pre-bound JPA EntityManager after transaction
2020-05-03 18:30:16,648 DEBUG org.springframework.web.servlet.mvc.method.annotation.AbstractMessageConverterMethodProcessor [http-nio-8080-exec-3] Using 'application/json', given [application/json] and supported [application/json, application/*+json, application/json, application/*+json]
2020-05-03 18:30:16,648 DEBUG org.springframework.core.log.LogFormatUtils [http-nio-8080-exec-3] Writing [[com.surshree.app.models.comp.EnrollmentResponse@af90594, com.surshree.app.models.comp.EnrollmentRes (truncated)...]
2020-05-03 18:30:16,649 DEBUG org.springframework.security.web.header.writers.HstsHeaderWriter [http-nio-8080-exec-3] Not injecting HSTS header since it did not match the requestMatcher org.springframework.security.web.header.writers.HstsHeaderWriter$SecureRequestMatcher@6f31b89b
2020-05-03 18:30:16,649 DEBUG org.springframework.orm.jpa.support.OpenEntityManagerInViewInterceptor [http-nio-8080-exec-3] Closing JPA EntityManager in OpenEntityManagerInViewInterceptor
2020-05-03 18:30:16,650 DEBUG org.springframework.web.servlet.FrameworkServlet [http-nio-8080-exec-3] Completed 200 OK
2020-05-03 18:30:16,650 DEBUG org.springframework.security.web.access.ExceptionTranslationFilter [http-nio-8080-exec-3] Chain processed normally
2020-05-03 18:30:16,650 DEBUG org.springframework.security.web.context.SecurityContextPersistenceFilter [http-nio-8080-exec-3] SecurityContextHolder now cleared, as request processing completed
2020-05-03 18:30:33,478 DEBUG org.springframework.security.web.util.matcher.OrRequestMatcher [http-nio-8080-exec-5] Trying to match using Ant [pattern='/oauth/token']
2020-05-03 18:30:33,478 DEBUG org.springframework.security.web.util.matcher.AntPathRequestMatcher [http-nio-8080-exec-5] Checking match of request : '/competitions/search'; against '/oauth/token'
2020-05-03 18:30:33,479 DEBUG org.springframework.security.web.util.matcher.OrRequestMatcher [http-nio-8080-exec-5] Trying to match using Ant [pattern='/oauth/token_key']
2020-05-03 18:30:33,479 DEBUG org.springframework.security.web.util.matcher.AntPathRequestMatcher [http-nio-8080-exec-5] Checking match of request : '/competitions/search'; against '/oauth/token_key'
2020-05-03 18:30:33,479 DEBUG org.springframework.security.web.util.matcher.OrRequestMatcher [http-nio-8080-exec-5] Trying to match using Ant [pattern='/oauth/check_token']
2020-05-03 18:30:33,479 DEBUG org.springframework.security.web.util.matcher.AntPathRequestMatcher [http-nio-8080-exec-5] Checking match of request : '/competitions/search'; against '/oauth/check_token'
2020-05-03 18:30:33,479 DEBUG org.springframework.security.web.util.matcher.OrRequestMatcher [http-nio-8080-exec-5] No matches found
2020-05-03 18:30:33,479 DEBUG org.springframework.security.web.util.matcher.AntPathRequestMatcher [http-nio-8080-exec-5] Request '/competitions/search' matched by universal pattern '/**'
2020-05-03 18:30:33,480 DEBUG org.springframework.security.web.FilterChainProxy$VirtualFilterChain [http-nio-8080-exec-5] /competitions/search at position 1 of 13 in additional filter chain; firing Filter: 'WebAsyncManagerIntegrationFilter'
2020-05-03 18:30:33,480 DEBUG org.springframework.security.web.FilterChainProxy$VirtualFilterChain [http-nio-8080-exec-5] /competitions/search at position 2 of 13 in additional filter chain; firing Filter: 'SecurityContextPersistenceFilter'
2020-05-03 18:30:33,480 DEBUG org.springframework.security.web.context.HttpSessionSecurityContextRepository [http-nio-8080-exec-5] No HttpSession currently exists
2020-05-03 18:30:33,480 DEBUG org.springframework.security.web.context.HttpSessionSecurityContextRepository [http-nio-8080-exec-5] No SecurityContext was available from the HttpSession: null. A new one will be created.
2020-05-03 18:30:33,480 DEBUG org.springframework.security.web.FilterChainProxy$VirtualFilterChain [http-nio-8080-exec-5] /competitions/search at position 3 of 13 in additional filter chain; firing Filter: 'HeaderWriterFilter'
2020-05-03 18:30:33,480 DEBUG org.springframework.security.web.FilterChainProxy$VirtualFilterChain [http-nio-8080-exec-5] /competitions/search at position 4 of 13 in additional filter chain; firing Filter: 'CorsFilter'
2020-05-03 18:30:33,481 DEBUG org.springframework.web.servlet.handler.AbstractHandlerMapping [http-nio-8080-exec-5] Mapped to com.surshree.app.controllers.CompetitionController#searchCompetitions(CompetitionSearchModel)
2020-05-03 18:30:33,481 DEBUG org.springframework.security.web.header.writers.HstsHeaderWriter [http-nio-8080-exec-5] Not injecting HSTS header since it did not match the requestMatcher org.springframework.security.web.header.writers.HstsHeaderWriter$SecureRequestMatcher@287b04d4
2020-05-03 18:30:33,481 DEBUG org.springframework.security.web.context.HttpSessionSecurityContextRepository$SaveToSessionResponseWrapper [http-nio-8080-exec-5] SecurityContext is empty or contents are anonymous - context will not be stored in HttpSession.
2020-05-03 18:30:33,481 DEBUG org.springframework.security.web.context.SecurityContextPersistenceFilter [http-nio-8080-exec-5] SecurityContextHolder now cleared, as request processing completed
2020-05-03 18:30:33,499 DEBUG org.springframework.security.web.util.matcher.OrRequestMatcher [http-nio-8080-exec-6] Trying to match using Ant [pattern='/oauth/token']
2020-05-03 18:30:33,499 DEBUG org.springframework.security.web.util.matcher.AntPathRequestMatcher [http-nio-8080-exec-6] Checking match of request : '/competitions/search'; against '/oauth/token'
2020-05-03 18:30:33,499 DEBUG org.springframework.security.web.util.matcher.OrRequestMatcher [http-nio-8080-exec-6] Trying to match using Ant [pattern='/oauth/token_key']
2020-05-03 18:30:33,500 DEBUG org.springframework.security.web.util.matcher.AntPathRequestMatcher [http-nio-8080-exec-6] Checking match of request : '/competitions/search'; against '/oauth/token_key'
2020-05-03 18:30:33,500 DEBUG org.springframework.security.web.util.matcher.OrRequestMatcher [http-nio-8080-exec-6] Trying to match using Ant [pattern='/oauth/check_token']
2020-05-03 18:30:33,500 DEBUG org.springframework.security.web.util.matcher.AntPathRequestMatcher [http-nio-8080-exec-6] Checking match of request : '/competitions/search'; against '/oauth/check_token'
2020-05-03 18:30:33,500 DEBUG org.springframework.security.web.util.matcher.OrRequestMatcher [http-nio-8080-exec-6] No matches found
2020-05-03 18:30:33,500 DEBUG org.springframework.security.web.FilterChainProxy$VirtualFilterChain [http-nio-8080-exec-6] /competitions/search at position 1 of 11 in additional filter chain; firing Filter: 'WebAsyncManagerIntegrationFilter'
2020-05-03 18:30:33,501 DEBUG org.springframework.security.web.FilterChainProxy$VirtualFilterChain [http-nio-8080-exec-6] /competitions/search at position 2 of 11 in additional filter chain; firing Filter: 'SecurityContextPersistenceFilter'
2020-05-03 18:30:33,501 DEBUG org.springframework.security.web.FilterChainProxy$VirtualFilterChain [http-nio-8080-exec-6] /competitions/search at position 3 of 11 in additional filter chain; firing Filter: 'HeaderWriterFilter'
2020-05-03 18:30:33,501 DEBUG org.springframework.security.web.FilterChainProxy$VirtualFilterChain [http-nio-8080-exec-6] /competitions/search at position 4 of 11 in additional filter chain; firing Filter: 'LogoutFilter'
2020-05-03 18:30:33,501 DEBUG org.springframework.security.web.util.matcher.OrRequestMatcher [http-nio-8080-exec-6] Trying to match using Ant [pattern='/logout', GET]
2020-05-03 18:30:33,501 DEBUG org.springframework.security.web.util.matcher.AntPathRequestMatcher [http-nio-8080-exec-6] Request 'POST /competitions/search' doesn't match 'GET /logout'
2020-05-03 18:30:33,502 DEBUG org.springframework.security.web.util.matcher.OrRequestMatcher [http-nio-8080-exec-6] Trying to match using Ant [pattern='/logout', POST]
2020-05-03 18:30:33,502 DEBUG org.springframework.security.web.util.matcher.AntPathRequestMatcher [http-nio-8080-exec-6] Checking match of request : '/competitions/search'; against '/logout'
2020-05-03 18:30:33,502 DEBUG org.springframework.security.web.util.matcher.OrRequestMatcher [http-nio-8080-exec-6] Trying to match using Ant [pattern='/logout', PUT]
2020-05-03 18:30:33,502 DEBUG org.springframework.security.web.util.matcher.AntPathRequestMatcher [http-nio-8080-exec-6] Request 'POST /competitions/search' doesn't match 'PUT /logout'
2020-05-03 18:30:33,502 DEBUG org.springframework.security.web.util.matcher.OrRequestMatcher [http-nio-8080-exec-6] Trying to match using Ant [pattern='/logout', DELETE]
2020-05-03 18:30:33,503 DEBUG org.springframework.security.web.util.matcher.AntPathRequestMatcher [http-nio-8080-exec-6] Request 'POST /competitions/search' doesn't match 'DELETE /logout'
2020-05-03 18:30:33,503 DEBUG org.springframework.security.web.util.matcher.OrRequestMatcher [http-nio-8080-exec-6] No matches found
2020-05-03 18:30:33,503 DEBUG org.springframework.security.web.FilterChainProxy$VirtualFilterChain [http-nio-8080-exec-6] /competitions/search at position 5 of 11 in additional filter chain; firing Filter: 'OAuth2AuthenticationProcessingFilter'
2020-05-03 18:30:33,504 DEBUG org.springframework.jdbc.core.JdbcTemplate [http-nio-8080-exec-6] Executing prepared SQL query
2020-05-03 18:30:33,504 DEBUG org.springframework.jdbc.core.JdbcTemplate [http-nio-8080-exec-6] Executing prepared SQL statement [select token_id, token from oauth_access_token where token_id = ?]
2020-05-03 18:30:33,504 DEBUG org.springframework.jdbc.datasource.DataSourceUtils [http-nio-8080-exec-6] Fetching JDBC Connection from DataSource
2020-05-03 18:30:33,506 DEBUG org.springframework.jdbc.core.JdbcTemplate [http-nio-8080-exec-6] Executing prepared SQL query
2020-05-03 18:30:33,506 DEBUG org.springframework.jdbc.core.JdbcTemplate [http-nio-8080-exec-6] Executing prepared SQL statement [select token_id, authentication from oauth_access_token where token_id = ?]
2020-05-03 18:30:33,507 DEBUG org.springframework.jdbc.datasource.DataSourceUtils [http-nio-8080-exec-6] Fetching JDBC Connection from DataSource
2020-05-03 18:30:33,508 DEBUG org.springframework.security.oauth2.provider.authentication.OAuth2AuthenticationProcessingFilter [http-nio-8080-exec-6] Authentication success: org.springframework.security.oauth2.provider.OAuth2Authentication@e2f94861: Principal: admin; Credentials: [PROTECTED]; Authenticated: true; Details: remoteAddress=192.168.43.1, tokenType=BearertokenValue=<TOKEN>; Granted Authorities: ROLE_ADMN, ROLE_CONT, FUNC_VIEW_ADMIN_MENU, FUNC_CONT_MENU, FUNC_CONT_MENU
2020-05-03 18:30:33,508 DEBUG org.springframework.security.web.FilterChainProxy$VirtualFilterChain [http-nio-8080-exec-6] /competitions/search at position 6 of 11 in additional filter chain; firing Filter: 'RequestCacheAwareFilter'
2020-05-03 18:30:33,509 DEBUG org.springframework.security.web.FilterChainProxy$VirtualFilterChain [http-nio-8080-exec-6] /competitions/search at position 7 of 11 in additional filter chain; firing Filter: 'SecurityContextHolderAwareRequestFilter'
2020-05-03 18:30:33,509 DEBUG org.springframework.security.web.FilterChainProxy$VirtualFilterChain [http-nio-8080-exec-6] /competitions/search at position 8 of 11 in additional filter chain; firing Filter: 'AnonymousAuthenticationFilter'
2020-05-03 18:30:33,509 DEBUG org.springframework.security.web.authentication.AnonymousAuthenticationFilter [http-nio-8080-exec-6] SecurityContextHolder not populated with anonymous token, as it already contained: 'org.springframework.security.oauth2.provider.OAuth2Authentication@e2f94861: Principal: admin; Credentials: [PROTECTED]; Authenticated: true; Details: remoteAddress=192.168.43.1, tokenType=BearertokenValue=<TOKEN>; Granted Authorities: ROLE_ADMN, ROLE_CONT, FUNC_VIEW_ADMIN_MENU, FUNC_CONT_MENU, FUNC_CONT_MENU'
2020-05-03 18:30:33,510 DEBUG org.springframework.security.web.FilterChainProxy$VirtualFilterChain [http-nio-8080-exec-6] /competitions/search at position 9 of 11 in additional filter chain; firing Filter: 'SessionManagementFilter'
2020-05-03 18:30:33,510 DEBUG org.springframework.security.web.authentication.session.CompositeSessionAuthenticationStrategy [http-nio-8080-exec-6] Delegating to org.springframework.security.web.authentication.session.ChangeSessionIdAuthenticationStrategy@2be89ba5
2020-05-03 18:30:33,510 DEBUG org.springframework.security.web.FilterChainProxy$VirtualFilterChain [http-nio-8080-exec-6] /competitions/search at position 10 of 11 in additional filter chain; firing Filter: 'ExceptionTranslationFilter'
2020-05-03 18:30:33,510 DEBUG org.springframework.security.web.FilterChainProxy$VirtualFilterChain [http-nio-8080-exec-6] /competitions/search at position 11 of 11 in additional filter chain; firing Filter: 'FilterSecurityInterceptor'
2020-05-03 18:30:33,511 DEBUG org.springframework.security.access.intercept.AbstractSecurityInterceptor [http-nio-8080-exec-6] Secure object: FilterInvocation: URL: /competitions/search; Attributes: [#oauth2.throwOnError(authenticated)]
2020-05-03 18:30:33,511 DEBUG org.springframework.security.access.intercept.AbstractSecurityInterceptor [http-nio-8080-exec-6] Previously Authenticated: org.springframework.security.oauth2.provider.OAuth2Authentication@e2f94861: Principal: admin; Credentials: [PROTECTED]; Authenticated: true; Details: remoteAddress=192.168.43.1, tokenType=BearertokenValue=<TOKEN>; Granted Authorities: ROLE_ADMN, ROLE_CONT, FUNC_VIEW_ADMIN_MENU, FUNC_CONT_MENU, FUNC_CONT_MENU
2020-05-03 18:30:33,511 DEBUG org.springframework.security.access.vote.AffirmativeBased [http-nio-8080-exec-6] Voter: org.springframework.security.web.access.expression.WebExpressionVoter@56f71341, returned: 1
2020-05-03 18:30:33,512 DEBUG org.springframework.security.access.intercept.AbstractSecurityInterceptor [http-nio-8080-exec-6] Authorization successful
2020-05-03 18:30:33,512 DEBUG org.springframework.security.access.intercept.AbstractSecurityInterceptor [http-nio-8080-exec-6] RunAsManager did not change Authentication object
2020-05-03 18:30:33,512 DEBUG org.springframework.security.web.FilterChainProxy$VirtualFilterChain [http-nio-8080-exec-6] /competitions/search reached end of additional filter chain; proceeding with original chain
2020-05-03 18:30:33,512 DEBUG org.springframework.core.log.LogFormatUtils [http-nio-8080-exec-6] POST "/competitions/search", parameters={}
2020-05-03 18:30:33,513 DEBUG org.springframework.web.servlet.handler.AbstractHandlerMapping [http-nio-8080-exec-6] Mapped to com.surshree.app.controllers.CompetitionController#searchCompetitions(CompetitionSearchModel)
2020-05-03 18:30:33,513 DEBUG org.springframework.orm.jpa.support.OpenEntityManagerInViewInterceptor [http-nio-8080-exec-6] Opening JPA EntityManager in OpenEntityManagerInViewInterceptor
2020-05-03 18:30:33,514 DEBUG org.springframework.core.log.LogFormatUtils [http-nio-8080-exec-6] Read "application/json;charset=UTF-8" to [com.surshree.app.models.comp.CompetitionSearchModel@537f5382]
2020-05-03 18:30:33,522 DEBUG org.springframework.web.servlet.mvc.method.annotation.AbstractMessageConverterMethodProcessor [http-nio-8080-exec-6] Using 'application/json', given [application/json] and supported [application/json, application/*+json, application/json, application/*+json]
2020-05-03 18:30:33,524 DEBUG org.springframework.core.log.LogFormatUtils [http-nio-8080-exec-6] Writing [[com.surshree.app.models.comp.CompetitionRequestResponseModel@6173e87c, com.surshree.app.models.comp (truncated)...]
2020-05-03 18:30:33,527 DEBUG org.springframework.security.web.header.writers.HstsHeaderWriter [http-nio-8080-exec-6] Not injecting HSTS header since it did not match the requestMatcher org.springframework.security.web.header.writers.HstsHeaderWriter$SecureRequestMatcher@6f31b89b
2020-05-03 18:30:33,529 DEBUG org.springframework.orm.jpa.support.OpenEntityManagerInViewInterceptor [http-nio-8080-exec-6] Closing JPA EntityManager in OpenEntityManagerInViewInterceptor
2020-05-03 18:30:33,529 DEBUG org.springframework.web.servlet.FrameworkServlet [http-nio-8080-exec-6] Completed 200 OK
2020-05-03 18:30:33,530 DEBUG org.springframework.security.web.access.ExceptionTranslationFilter [http-nio-8080-exec-6] Chain processed normally
2020-05-03 18:30:33,530 DEBUG org.springframework.security.web.context.SecurityContextPersistenceFilter [http-nio-8080-exec-6] SecurityContextHolder now cleared, as request processing completed
2020-05-03 18:30:49,188 DEBUG org.springframework.security.web.util.matcher.OrRequestMatcher [http-nio-8080-exec-7] Trying to match using Ant [pattern='/oauth/token']
2020-05-03 18:30:49,188 DEBUG org.springframework.security.web.util.matcher.AntPathRequestMatcher [http-nio-8080-exec-7] Checking match of request : '/competitions/7'; against '/oauth/token'
2020-05-03 18:30:49,188 DEBUG org.springframework.security.web.util.matcher.OrRequestMatcher [http-nio-8080-exec-7] Trying to match using Ant [pattern='/oauth/token_key']
2020-05-03 18:30:49,188 DEBUG org.springframework.security.web.util.matcher.AntPathRequestMatcher [http-nio-8080-exec-7] Checking match of request : '/competitions/7'; against '/oauth/token_key'
2020-05-03 18:30:49,189 DEBUG org.springframework.security.web.util.matcher.OrRequestMatcher [http-nio-8080-exec-7] Trying to match using Ant [pattern='/oauth/check_token']
2020-05-03 18:30:49,189 DEBUG org.springframework.security.web.util.matcher.AntPathRequestMatcher [http-nio-8080-exec-7] Checking match of request : '/competitions/7'; against '/oauth/check_token'
2020-05-03 18:30:49,189 DEBUG org.springframework.security.web.util.matcher.OrRequestMatcher [http-nio-8080-exec-7] No matches found
2020-05-03 18:30:49,189 DEBUG org.springframework.security.web.util.matcher.AntPathRequestMatcher [http-nio-8080-exec-7] Request '/competitions/7' matched by universal pattern '/**'
2020-05-03 18:30:49,189 DEBUG org.springframework.security.web.FilterChainProxy$VirtualFilterChain [http-nio-8080-exec-7] /competitions/7 at position 1 of 13 in additional filter chain; firing Filter: 'WebAsyncManagerIntegrationFilter'
2020-05-03 18:30:49,190 DEBUG org.springframework.security.web.FilterChainProxy$VirtualFilterChain [http-nio-8080-exec-7] /competitions/7 at position 2 of 13 in additional filter chain; firing Filter: 'SecurityContextPersistenceFilter'
2020-05-03 18:30:49,190 DEBUG org.springframework.security.web.context.HttpSessionSecurityContextRepository [http-nio-8080-exec-7] No HttpSession currently exists
2020-05-03 18:30:49,190 DEBUG org.springframework.security.web.context.HttpSessionSecurityContextRepository [http-nio-8080-exec-7] No SecurityContext was available from the HttpSession: null. A new one will be created.
2020-05-03 18:30:49,190 DEBUG org.springframework.security.web.FilterChainProxy$VirtualFilterChain [http-nio-8080-exec-7] /competitions/7 at position 3 of 13 in additional filter chain; firing Filter: 'HeaderWriterFilter'
2020-05-03 18:30:49,190 DEBUG org.springframework.security.web.FilterChainProxy$VirtualFilterChain [http-nio-8080-exec-7] /competitions/7 at position 4 of 13 in additional filter chain; firing Filter: 'CorsFilter'
2020-05-03 18:30:49,191 DEBUG org.springframework.web.servlet.handler.AbstractHandlerMapping [http-nio-8080-exec-7] Mapped to com.surshree.app.controllers.CompetitionController#getCompetition(Long)
2020-05-03 18:30:49,191 DEBUG org.springframework.security.web.header.writers.HstsHeaderWriter [http-nio-8080-exec-7] Not injecting HSTS header since it did not match the requestMatcher org.springframework.security.web.header.writers.HstsHeaderWriter$SecureRequestMatcher@287b04d4
2020-05-03 18:30:49,191 DEBUG org.springframework.security.web.context.HttpSessionSecurityContextRepository$SaveToSessionResponseWrapper [http-nio-8080-exec-7] SecurityContext is empty or contents are anonymous - context will not be stored in HttpSession.
2020-05-03 18:30:49,192 DEBUG org.springframework.security.web.context.SecurityContextPersistenceFilter [http-nio-8080-exec-7] SecurityContextHolder now cleared, as request processing completed
2020-05-03 18:30:49,199 DEBUG org.springframework.security.web.util.matcher.OrRequestMatcher [http-nio-8080-exec-8] Trying to match using Ant [pattern='/oauth/token']
2020-05-03 18:30:49,200 DEBUG org.springframework.security.web.util.matcher.AntPathRequestMatcher [http-nio-8080-exec-8] Checking match of request : '/competitions/7'; against '/oauth/token'
2020-05-03 18:30:49,200 DEBUG org.springframework.security.web.util.matcher.OrRequestMatcher [http-nio-8080-exec-8] Trying to match using Ant [pattern='/oauth/token_key']
2020-05-03 18:30:49,200 DEBUG org.springframework.security.web.util.matcher.AntPathRequestMatcher [http-nio-8080-exec-8] Checking match of request : '/competitions/7'; against '/oauth/token_key'
2020-05-03 18:30:49,201 DEBUG org.springframework.security.web.util.matcher.OrRequestMatcher [http-nio-8080-exec-8] Trying to match using Ant [pattern='/oauth/check_token']
2020-05-03 18:30:49,201 DEBUG org.springframework.security.web.util.matcher.AntPathRequestMatcher [http-nio-8080-exec-8] Checking match of request : '/competitions/7'; against '/oauth/check_token'
2020-05-03 18:30:49,201 DEBUG org.springframework.security.web.util.matcher.OrRequestMatcher [http-nio-8080-exec-8] No matches found
2020-05-03 18:30:49,201 DEBUG org.springframework.security.web.FilterChainProxy$VirtualFilterChain [http-nio-8080-exec-8] /competitions/7 at position 1 of 11 in additional filter chain; firing Filter: 'WebAsyncManagerIntegrationFilter'
2020-05-03 18:30:49,201 DEBUG org.springframework.security.web.FilterChainProxy$VirtualFilterChain [http-nio-8080-exec-8] /competitions/7 at position 2 of 11 in additional filter chain; firing Filter: 'SecurityContextPersistenceFilter'
2020-05-03 18:30:49,202 DEBUG org.springframework.security.web.FilterChainProxy$VirtualFilterChain [http-nio-8080-exec-8] /competitions/7 at position 3 of 11 in additional filter chain; firing Filter: 'HeaderWriterFilter'
2020-05-03 18:30:49,202 DEBUG org.springframework.security.web.FilterChainProxy$VirtualFilterChain [http-nio-8080-exec-8] /competitions/7 at position 4 of 11 in additional filter chain; firing Filter: 'LogoutFilter'
2020-05-03 18:30:49,202 DEBUG org.springframework.security.web.util.matcher.OrRequestMatcher [http-nio-8080-exec-8] Trying to match using Ant [pattern='/logout', GET]
2020-05-03 18:30:49,202 DEBUG org.springframework.security.web.util.matcher.AntPathRequestMatcher [http-nio-8080-exec-8] Checking match of request : '/competitions/7'; against '/logout'
2020-05-03 18:30:49,204 DEBUG org.springframework.security.web.util.matcher.OrRequestMatcher [http-nio-8080-exec-8] Trying to match using Ant [pattern='/logout', POST]
2020-05-03 18:30:49,204 DEBUG org.springframework.security.web.util.matcher.AntPathRequestMatcher [http-nio-8080-exec-8] Request 'GET /competitions/7' doesn't match 'POST /logout'
2020-05-03 18:30:49,205 DEBUG org.springframework.security.web.util.matcher.OrRequestMatcher [http-nio-8080-exec-8] Trying to match using Ant [pattern='/logout', PUT]
2020-05-03 18:30:49,205 DEBUG org.springframework.security.web.util.matcher.AntPathRequestMatcher [http-nio-8080-exec-8] Request 'GET /competitions/7' doesn't match 'PUT /logout'
2020-05-03 18:30:49,205 DEBUG org.springframework.security.web.util.matcher.OrRequestMatcher [http-nio-8080-exec-8] Trying to match using Ant [pattern='/logout', DELETE]
2020-05-03 18:30:49,205 DEBUG org.springframework.security.web.util.matcher.AntPathRequestMatcher [http-nio-8080-exec-8] Request 'GET /competitions/7' doesn't match 'DELETE /logout'
2020-05-03 18:30:49,207 DEBUG org.springframework.security.web.util.matcher.OrRequestMatcher [http-nio-8080-exec-8] No matches found
2020-05-03 18:30:49,207 DEBUG org.springframework.security.web.FilterChainProxy$VirtualFilterChain [http-nio-8080-exec-8] /competitions/7 at position 5 of 11 in additional filter chain; firing Filter: 'OAuth2AuthenticationProcessingFilter'
2020-05-03 18:30:49,208 DEBUG org.springframework.jdbc.core.JdbcTemplate [http-nio-8080-exec-8] Executing prepared SQL query
2020-05-03 18:30:49,208 DEBUG org.springframework.jdbc.core.JdbcTemplate [http-nio-8080-exec-8] Executing prepared SQL statement [select token_id, token from oauth_access_token where token_id = ?]
2020-05-03 18:30:49,208 DEBUG org.springframework.jdbc.datasource.DataSourceUtils [http-nio-8080-exec-8] Fetching JDBC Connection from DataSource
2020-05-03 18:30:49,210 DEBUG org.springframework.jdbc.core.JdbcTemplate [http-nio-8080-exec-8] Executing prepared SQL query
2020-05-03 18:30:49,210 DEBUG org.springframework.jdbc.core.JdbcTemplate [http-nio-8080-exec-8] Executing prepared SQL statement [select token_id, authentication from oauth_access_token where token_id = ?]
2020-05-03 18:30:49,210 DEBUG org.springframework.jdbc.datasource.DataSourceUtils [http-nio-8080-exec-8] Fetching JDBC Connection from DataSource
2020-05-03 18:30:49,211 DEBUG org.springframework.security.oauth2.provider.authentication.OAuth2AuthenticationProcessingFilter [http-nio-8080-exec-8] Authentication success: org.springframework.security.oauth2.provider.OAuth2Authentication@e2f94861: Principal: admin; Credentials: [PROTECTED]; Authenticated: true; Details: remoteAddress=192.168.43.1, tokenType=BearertokenValue=<TOKEN>; Granted Authorities: ROLE_ADMN, ROLE_CONT, FUNC_VIEW_ADMIN_MENU, FUNC_CONT_MENU, FUNC_CONT_MENU
2020-05-03 18:30:49,212 DEBUG org.springframework.security.web.FilterChainProxy$VirtualFilterChain [http-nio-8080-exec-8] /competitions/7 at position 6 of 11 in additional filter chain; firing Filter: 'RequestCacheAwareFilter'
2020-05-03 18:30:49,212 DEBUG org.springframework.security.web.FilterChainProxy$VirtualFilterChain [http-nio-8080-exec-8] /competitions/7 at position 7 of 11 in additional filter chain; firing Filter: 'SecurityContextHolderAwareRequestFilter'
2020-05-03 18:30:49,212 DEBUG org.springframework.security.web.FilterChainProxy$VirtualFilterChain [http-nio-8080-exec-8] /competitions/7 at position 8 of 11 in additional filter chain; firing Filter: 'AnonymousAuthenticationFilter'
2020-05-03 18:30:49,213 DEBUG org.springframework.security.web.authentication.AnonymousAuthenticationFilter [http-nio-8080-exec-8] SecurityContextHolder not populated with anonymous token, as it already contained: 'org.springframework.security.oauth2.provider.OAuth2Authentication@e2f94861: Principal: admin; Credentials: [PROTECTED]; Authenticated: true; Details: remoteAddress=192.168.43.1, tokenType=BearertokenValue=<TOKEN>; Granted Authorities: ROLE_ADMN, ROLE_CONT, FUNC_VIEW_ADMIN_MENU, FUNC_CONT_MENU, FUNC_CONT_MENU'
2020-05-03 18:30:49,213 DEBUG org.springframework.security.web.FilterChainProxy$VirtualFilterChain [http-nio-8080-exec-8] /competitions/7 at position 9 of 11 in additional filter chain; firing Filter: 'SessionManagementFilter'
2020-05-03 18:30:49,213 DEBUG org.springframework.security.web.authentication.session.CompositeSessionAuthenticationStrategy [http-nio-8080-exec-8] Delegating to org.springframework.security.web.authentication.session.ChangeSessionIdAuthenticationStrategy@2be89ba5
2020-05-03 18:30:49,214 DEBUG org.springframework.security.web.FilterChainProxy$VirtualFilterChain [http-nio-8080-exec-8] /competitions/7 at position 10 of 11 in additional filter chain; firing Filter: 'ExceptionTranslationFilter'
2020-05-03 18:30:49,214 DEBUG org.springframework.security.web.FilterChainProxy$VirtualFilterChain [http-nio-8080-exec-8] /competitions/7 at position 11 of 11 in additional filter chain; firing Filter: 'FilterSecurityInterceptor'
2020-05-03 18:30:49,214 DEBUG org.springframework.security.access.intercept.AbstractSecurityInterceptor [http-nio-8080-exec-8] Secure object: FilterInvocation: URL: /competitions/7; Attributes: [#oauth2.throwOnError(authenticated)]
2020-05-03 18:30:49,215 DEBUG org.springframework.security.access.intercept.AbstractSecurityInterceptor [http-nio-8080-exec-8] Previously Authenticated: org.springframework.security.oauth2.provider.OAuth2Authentication@e2f94861: Principal: admin; Credentials: [PROTECTED]; Authenticated: true; Details: remoteAddress=192.168.43.1, tokenType=BearertokenValue=<TOKEN>; Granted Authorities: ROLE_ADMN, ROLE_CONT, FUNC_VIEW_ADMIN_MENU, FUNC_CONT_MENU, FUNC_CONT_MENU
2020-05-03 18:30:49,215 DEBUG org.springframework.security.access.vote.AffirmativeBased [http-nio-8080-exec-8] Voter: org.springframework.security.web.access.expression.WebExpressionVoter@56f71341, returned: 1
2020-05-03 18:30:49,215 DEBUG org.springframework.security.access.intercept.AbstractSecurityInterceptor [http-nio-8080-exec-8] Authorization successful
2020-05-03 18:30:49,216 DEBUG org.springframework.security.access.intercept.AbstractSecurityInterceptor [http-nio-8080-exec-8] RunAsManager did not change Authentication object
2020-05-03 18:30:49,216 DEBUG org.springframework.security.web.FilterChainProxy$VirtualFilterChain [http-nio-8080-exec-8] /competitions/7 reached end of additional filter chain; proceeding with original chain
2020-05-03 18:30:49,216 DEBUG org.springframework.core.log.LogFormatUtils [http-nio-8080-exec-8] GET "/competitions/7", parameters={}
2020-05-03 18:30:49,217 DEBUG org.springframework.web.servlet.handler.AbstractHandlerMapping [http-nio-8080-exec-8] Mapped to com.surshree.app.controllers.CompetitionController#getCompetition(Long)
2020-05-03 18:30:49,218 DEBUG org.springframework.orm.jpa.support.OpenEntityManagerInViewInterceptor [http-nio-8080-exec-8] Opening JPA EntityManager in OpenEntityManagerInViewInterceptor
2020-05-03 18:30:49,219 DEBUG org.springframework.orm.jpa.JpaTransactionManager [http-nio-8080-exec-8] Found thread-bound EntityManager [SessionImpl(1006894527<open>)] for JPA transaction
2020-05-03 18:30:49,219 DEBUG org.springframework.transaction.support.AbstractPlatformTransactionManager [http-nio-8080-exec-8] Creating new transaction with name [org.springframework.data.jpa.repository.support.SimpleJpaRepository.findById]: PROPAGATION_REQUIRED,ISOLATION_DEFAULT,readOnly
2020-05-03 18:30:49,220 DEBUG org.springframework.jdbc.datasource.DataSourceUtils [http-nio-8080-exec-8] Setting JDBC Connection [HikariProxyConnection@313151363 wrapping org.postgresql.jdbc.PgConnection@33806c2] read-only
2020-05-03 18:30:49,221 DEBUG org.springframework.orm.jpa.JpaTransactionManager [http-nio-8080-exec-8] Exposing JPA transaction as JDBC [org.springframework.orm.jpa.vendor.HibernateJpaDialect$HibernateConnectionHandle@3a3781bf]
2020-05-03 18:30:49,226 DEBUG org.springframework.transaction.support.AbstractPlatformTransactionManager [http-nio-8080-exec-8] Initiating transaction commit
2020-05-03 18:30:49,227 DEBUG org.springframework.orm.jpa.JpaTransactionManager [http-nio-8080-exec-8] Committing JPA transaction on EntityManager [SessionImpl(1006894527<open>)]
2020-05-03 18:30:49,228 DEBUG org.springframework.jdbc.datasource.DataSourceUtils [http-nio-8080-exec-8] Resetting read-only flag of JDBC Connection [HikariProxyConnection@313151363 wrapping org.postgresql.jdbc.PgConnection@33806c2]
2020-05-03 18:30:49,229 DEBUG org.springframework.orm.jpa.JpaTransactionManager [http-nio-8080-exec-8] Not closing pre-bound JPA EntityManager after transaction
2020-05-03 18:30:49,230 DEBUG org.springframework.web.servlet.mvc.method.annotation.AbstractMessageConverterMethodProcessor [http-nio-8080-exec-8] Using 'application/json', given [application/json] and supported [application/json, application/*+json, application/json, application/*+json]
2020-05-03 18:30:49,231 DEBUG org.springframework.core.log.LogFormatUtils [http-nio-8080-exec-8] Writing [com.surshree.app.models.comp.CompetitionRequestResponseModel@7efb7de7]
2020-05-03 18:30:49,231 DEBUG org.springframework.security.web.header.writers.HstsHeaderWriter [http-nio-8080-exec-8] Not injecting HSTS header since it did not match the requestMatcher org.springframework.security.web.header.writers.HstsHeaderWriter$SecureRequestMatcher@6f31b89b
2020-05-03 18:30:49,232 DEBUG org.springframework.orm.jpa.support.OpenEntityManagerInViewInterceptor [http-nio-8080-exec-8] Closing JPA EntityManager in OpenEntityManagerInViewInterceptor
2020-05-03 18:30:49,233 DEBUG org.springframework.web.servlet.FrameworkServlet [http-nio-8080-exec-8] Completed 200 OK
2020-05-03 18:30:49,233 DEBUG org.springframework.security.web.access.ExceptionTranslationFilter [http-nio-8080-exec-8] Chain processed normally
2020-05-03 18:30:49,233 DEBUG org.springframework.security.web.context.SecurityContextPersistenceFilter [http-nio-8080-exec-8] SecurityContextHolder now cleared, as request processing completed
2020-05-03 18:34:32,942 INFO com.surshree.app.scheduling.CacheScheduler [scheduling-1] Clear user cache : START
2020-05-03 18:34:32,955 INFO com.surshree.app.scheduling.CacheScheduler [scheduling-1] Clear user cache : END
2020-05-03 18:35:31,911 DEBUG org.springframework.security.web.util.matcher.OrRequestMatcher [http-nio-8080-exec-1] Trying to match using Ant [pattern='/oauth/token']
2020-05-03 18:35:32,036 DEBUG org.springframework.security.web.util.matcher.AntPathRequestMatcher [http-nio-8080-exec-1] Checking match of request : '/competitions/active'; against '/oauth/token'
2020-05-03 18:35:32,037 DEBUG org.springframework.security.web.util.matcher.OrRequestMatcher [http-nio-8080-exec-1] Trying to match using Ant [pattern='/oauth/token_key']
2020-05-03 18:35:32,037 DEBUG org.springframework.security.web.util.matcher.AntPathRequestMatcher [http-nio-8080-exec-1] Checking match of request : '/competitions/active'; against '/oauth/token_key'
2020-05-03 18:35:32,039 DEBUG org.springframework.security.web.util.matcher.OrRequestMatcher [http-nio-8080-exec-1] Trying to match using Ant [pattern='/oauth/check_token']
2020-05-03 18:35:32,039 DEBUG org.springframework.security.web.util.matcher.AntPathRequestMatcher [http-nio-8080-exec-1] Checking match of request : '/competitions/active'; against '/oauth/check_token'
2020-05-03 18:35:32,039 DEBUG org.springframework.security.web.util.matcher.OrRequestMatcher [http-nio-8080-exec-1] No matches found
2020-05-03 18:35:32,040 DEBUG org.springframework.security.web.FilterChainProxy$VirtualFilterChain [http-nio-8080-exec-1] /competitions/active at position 1 of 11 in additional filter chain; firing Filter: 'WebAsyncManagerIntegrationFilter'
2020-05-03 18:35:32,041 DEBUG org.springframework.security.web.FilterChainProxy$VirtualFilterChain [http-nio-8080-exec-1] /competitions/active at position 2 of 11 in additional filter chain; firing Filter: 'SecurityContextPersistenceFilter'
2020-05-03 18:35:32,042 DEBUG org.springframework.security.web.FilterChainProxy$VirtualFilterChain [http-nio-8080-exec-1] /competitions/active at position 3 of 11 in additional filter chain; firing Filter: 'HeaderWriterFilter'
2020-05-03 18:35:32,043 DEBUG org.springframework.security.web.FilterChainProxy$VirtualFilterChain [http-nio-8080-exec-1] /competitions/active at position 4 of 11 in additional filter chain; firing Filter: 'LogoutFilter'
2020-05-03 18:35:32,046 DEBUG org.springframework.security.web.util.matcher.OrRequestMatcher [http-nio-8080-exec-1] Trying to match using Ant [pattern='/logout', GET]
2020-05-03 18:35:32,049 DEBUG org.springframework.security.web.util.matcher.AntPathRequestMatcher [http-nio-8080-exec-1] Checking match of request : '/competitions/active'; against '/logout'
2020-05-03 18:35:32,050 DEBUG org.springframework.security.web.util.matcher.OrRequestMatcher [http-nio-8080-exec-1] Trying to match using Ant [pattern='/logout', POST]
2020-05-03 18:35:32,050 DEBUG org.springframework.security.web.util.matcher.AntPathRequestMatcher [http-nio-8080-exec-1] Request 'GET /competitions/active' doesn't match 'POST /logout'
2020-05-03 18:35:32,050 DEBUG org.springframework.security.web.util.matcher.OrRequestMatcher [http-nio-8080-exec-1] Trying to match using Ant [pattern='/logout', PUT]
2020-05-03 18:35:32,051 DEBUG org.springframework.security.web.util.matcher.AntPathRequestMatcher [http-nio-8080-exec-1] Request 'GET /competitions/active' doesn't match 'PUT /logout'
2020-05-03 18:35:32,051 DEBUG org.springframework.security.web.util.matcher.OrRequestMatcher [http-nio-8080-exec-1] Trying to match using Ant [pattern='/logout', DELETE]
2020-05-03 18:35:32,052 DEBUG org.springframework.security.web.util.matcher.AntPathRequestMatcher [http-nio-8080-exec-1] Request 'GET /competitions/active' doesn't match 'DELETE /logout'
2020-05-03 18:35:32,052 DEBUG org.springframework.security.web.util.matcher.OrRequestMatcher [http-nio-8080-exec-1] No matches found
2020-05-03 18:35:32,053 DEBUG org.springframework.security.web.FilterChainProxy$VirtualFilterChain [http-nio-8080-exec-1] /competitions/active at position 5 of 11 in additional filter chain; firing Filter: 'OAuth2AuthenticationProcessingFilter'
2020-05-03 18:35:32,057 DEBUG org.springframework.jdbc.core.JdbcTemplate [http-nio-8080-exec-1] Executing prepared SQL query
2020-05-03 18:35:32,058 DEBUG org.springframework.jdbc.core.JdbcTemplate [http-nio-8080-exec-1] Executing prepared SQL statement [select token_id, token from oauth_access_token where token_id = ?]
2020-05-03 18:35:32,059 DEBUG org.springframework.jdbc.datasource.DataSourceUtils [http-nio-8080-exec-1] Fetching JDBC Connection from DataSource
2020-05-03 18:35:32,092 DEBUG org.springframework.jdbc.core.JdbcTemplate [http-nio-8080-exec-1] Executing prepared SQL query
2020-05-03 18:35:32,093 DEBUG org.springframework.jdbc.core.JdbcTemplate [http-nio-8080-exec-1] Executing prepared SQL statement [select token_id, authentication from oauth_access_token where token_id = ?]
2020-05-03 18:35:32,094 DEBUG org.springframework.jdbc.datasource.DataSourceUtils [http-nio-8080-exec-1] Fetching JDBC Connection from DataSource
2020-05-03 18:35:32,109 DEBUG org.springframework.security.oauth2.provider.authentication.OAuth2AuthenticationProcessingFilter [http-nio-8080-exec-1] Authentication success: org.springframework.security.oauth2.provider.OAuth2Authentication@e2f94861: Principal: admin; Credentials: [PROTECTED]; Authenticated: true; Details: remoteAddress=192.168.43.52, tokenType=BearertokenValue=<TOKEN>; Granted Authorities: ROLE_ADMN, ROLE_CONT, FUNC_VIEW_ADMIN_MENU, FUNC_CONT_MENU, FUNC_CONT_MENU
2020-05-03 18:35:32,112 DEBUG org.springframework.security.web.FilterChainProxy$VirtualFilterChain [http-nio-8080-exec-1] /competitions/active at position 6 of 11 in additional filter chain; firing Filter: 'RequestCacheAwareFilter'
2020-05-03 18:35:32,113 DEBUG org.springframework.security.web.FilterChainProxy$VirtualFilterChain [http-nio-8080-exec-1] /competitions/active at position 7 of 11 in additional filter chain; firing Filter: 'SecurityContextHolderAwareRequestFilter'
2020-05-03 18:35:32,115 DEBUG org.springframework.security.web.FilterChainProxy$VirtualFilterChain [http-nio-8080-exec-1] /competitions/active at position 8 of 11 in additional filter chain; firing Filter: 'AnonymousAuthenticationFilter'
2020-05-03 18:35:32,116 DEBUG org.springframework.security.web.authentication.AnonymousAuthenticationFilter [http-nio-8080-exec-1] SecurityContextHolder not populated with anonymous token, as it already contained: 'org.springframework.security.oauth2.provider.OAuth2Authentication@e2f94861: Principal: admin; Credentials: [PROTECTED]; Authenticated: true; Details: remoteAddress=192.168.43.52, tokenType=BearertokenValue=<TOKEN>; Granted Authorities: ROLE_ADMN, ROLE_CONT, FUNC_VIEW_ADMIN_MENU, FUNC_CONT_MENU, FUNC_CONT_MENU'
2020-05-03 18:35:32,117 DEBUG org.springframework.security.web.FilterChainProxy$VirtualFilterChain [http-nio-8080-exec-1] /competitions/active at position 9 of 11 in additional filter chain; firing Filter: 'SessionManagementFilter'
2020-05-03 18:35:32,117 DEBUG org.springframework.security.web.authentication.session.CompositeSessionAuthenticationStrategy [http-nio-8080-exec-1] Delegating to org.springframework.security.web.authentication.session.ChangeSessionIdAuthenticationStrategy@2be89ba5
2020-05-03 18:35:32,118 DEBUG org.springframework.security.web.FilterChainProxy$VirtualFilterChain [http-nio-8080-exec-1] /competitions/active at position 10 of 11 in additional filter chain; firing Filter: 'ExceptionTranslationFilter'
2020-05-03 18:35:32,118 DEBUG org.springframework.security.web.FilterChainProxy$VirtualFilterChain [http-nio-8080-exec-1] /competitions/active at position 11 of 11 in additional filter chain; firing Filter: 'FilterSecurityInterceptor'
2020-05-03 18:35:32,119 DEBUG org.springframework.security.access.intercept.AbstractSecurityInterceptor [http-nio-8080-exec-1] Secure object: FilterInvocation: URL: /competitions/active; Attributes: [#oauth2.throwOnError(authenticated)]
2020-05-03 18:35:32,122 DEBUG org.springframework.security.access.intercept.AbstractSecurityInterceptor [http-nio-8080-exec-1] Previously Authenticated: org.springframework.security.oauth2.provider.OAuth2Authentication@e2f94861: Principal: admin; Credentials: [PROTECTED]; Authenticated: true; Details: remoteAddress=192.168.43.52, tokenType=BearertokenValue=<TOKEN>; Granted Authorities: ROLE_ADMN, ROLE_CONT, FUNC_VIEW_ADMIN_MENU, FUNC_CONT_MENU, FUNC_CONT_MENU
2020-05-03 18:35:32,127 DEBUG org.springframework.security.access.vote.AffirmativeBased [http-nio-8080-exec-1] Voter: org.springframework.security.web.access.expression.WebExpressionVoter@56f71341, returned: 1
2020-05-03 18:35:32,129 DEBUG org.springframework.security.access.intercept.AbstractSecurityInterceptor [http-nio-8080-exec-1] Authorization successful
2020-05-03 18:35:32,130 DEBUG org.springframework.security.access.intercept.AbstractSecurityInterceptor [http-nio-8080-exec-1] RunAsManager did not change Authentication object
2020-05-03 18:35:32,131 DEBUG org.springframework.security.web.FilterChainProxy$VirtualFilterChain [http-nio-8080-exec-1] /competitions/active reached end of additional filter chain; proceeding with original chain
2020-05-03 18:35:32,135 DEBUG org.springframework.core.log.LogFormatUtils [http-nio-8080-exec-1] GET "/competitions/active", parameters={}
2020-05-03 18:35:32,145 DEBUG org.springframework.web.servlet.handler.AbstractHandlerMapping [http-nio-8080-exec-1] Mapped to com.surshree.app.controllers.CompetitionController#getActiveCompetitions()
2020-05-03 18:35:32,149 DEBUG org.springframework.orm.jpa.support.OpenEntityManagerInViewInterceptor [http-nio-8080-exec-1] Opening JPA EntityManager in OpenEntityManagerInViewInterceptor
2020-05-03 18:35:32,196 DEBUG org.springframework.web.servlet.mvc.method.annotation.AbstractMessageConverterMethodProcessor [http-nio-8080-exec-1] Using 'application/json', given [application/json] and supported [application/json, application/*+json, application/json, application/*+json]
2020-05-03 18:35:32,197 DEBUG org.springframework.core.log.LogFormatUtils [http-nio-8080-exec-1] Writing [[com.surshree.app.models.comp.CompetitionRequestResponseModel@264c5c85, com.surshree.app.models.comp (truncated)...]
2020-05-03 18:35:32,204 DEBUG org.springframework.security.web.header.writers.HstsHeaderWriter [http-nio-8080-exec-1] Not injecting HSTS header since it did not match the requestMatcher org.springframework.security.web.header.writers.HstsHeaderWriter$SecureRequestMatcher@6f31b89b
2020-05-03 18:35:32,207 DEBUG org.springframework.orm.jpa.support.OpenEntityManagerInViewInterceptor [http-nio-8080-exec-1] Closing JPA EntityManager in OpenEntityManagerInViewInterceptor
2020-05-03 18:35:32,208 DEBUG org.springframework.web.servlet.FrameworkServlet [http-nio-8080-exec-1] Completed 200 OK
2020-05-03 18:35:32,209 DEBUG org.springframework.security.web.access.ExceptionTranslationFilter [http-nio-8080-exec-1] Chain processed normally
2020-05-03 18:35:32,210 DEBUG org.springframework.security.web.context.SecurityContextPersistenceFilter [http-nio-8080-exec-1] SecurityContextHolder now cleared, as request processing completed
2020-05-03 18:35:32,230 DEBUG org.springframework.security.web.util.matcher.OrRequestMatcher [http-nio-8080-exec-2] Trying to match using Ant [pattern='/oauth/token']
2020-05-03 18:35:32,231 DEBUG org.springframework.security.web.util.matcher.AntPathRequestMatcher [http-nio-8080-exec-2] Checking match of request : '/competitions/enrollment'; against '/oauth/token'
2020-05-03 18:35:32,232 DEBUG org.springframework.security.web.util.matcher.OrRequestMatcher [http-nio-8080-exec-2] Trying to match using Ant [pattern='/oauth/token_key']
2020-05-03 18:35:32,233 DEBUG org.springframework.security.web.util.matcher.AntPathRequestMatcher [http-nio-8080-exec-2] Checking match of request : '/competitions/enrollment'; against '/oauth/token_key'
2020-05-03 18:35:32,234 DEBUG org.springframework.security.web.util.matcher.OrRequestMatcher [http-nio-8080-exec-2] Trying to match using Ant [pattern='/oauth/check_token']
2020-05-03 18:35:32,234 DEBUG org.springframework.security.web.util.matcher.AntPathRequestMatcher [http-nio-8080-exec-2] Checking match of request : '/competitions/enrollment'; against '/oauth/check_token'
2020-05-03 18:35:32,235 DEBUG org.springframework.security.web.util.matcher.OrRequestMatcher [http-nio-8080-exec-2] No matches found
2020-05-03 18:35:32,236 DEBUG org.springframework.security.web.FilterChainProxy$VirtualFilterChain [http-nio-8080-exec-2] /competitions/enrollment at position 1 of 11 in additional filter chain; firing Filter: 'WebAsyncManagerIntegrationFilter'
2020-05-03 18:35:32,237 DEBUG org.springframework.security.web.FilterChainProxy$VirtualFilterChain [http-nio-8080-exec-2] /competitions/enrollment at position 2 of 11 in additional filter chain; firing Filter: 'SecurityContextPersistenceFilter'
2020-05-03 18:35:32,237 DEBUG org.springframework.security.web.FilterChainProxy$VirtualFilterChain [http-nio-8080-exec-2] /competitions/enrollment at position 3 of 11 in additional filter chain; firing Filter: 'HeaderWriterFilter'
2020-05-03 18:35:32,238 DEBUG org.springframework.security.web.FilterChainProxy$VirtualFilterChain [http-nio-8080-exec-2] /competitions/enrollment at position 4 of 11 in additional filter chain; firing Filter: 'LogoutFilter'
2020-05-03 18:35:32,238 DEBUG org.springframework.security.web.util.matcher.OrRequestMatcher [http-nio-8080-exec-2] Trying to match using Ant [pattern='/logout', GET]
2020-05-03 18:35:32,238 DEBUG org.springframework.security.web.util.matcher.AntPathRequestMatcher [http-nio-8080-exec-2] Checking match of request : '/competitions/enrollment'; against '/logout'
2020-05-03 18:35:32,239 DEBUG org.springframework.security.web.util.matcher.OrRequestMatcher [http-nio-8080-exec-2] Trying to match using Ant [pattern='/logout', POST]
2020-05-03 18:35:32,239 DEBUG org.springframework.security.web.util.matcher.AntPathRequestMatcher [http-nio-8080-exec-2] Request 'GET /competitions/enrollment' doesn't match 'POST /logout'
2020-05-03 18:35:32,239 DEBUG org.springframework.security.web.util.matcher.OrRequestMatcher [http-nio-8080-exec-2] Trying to match using Ant [pattern='/logout', PUT]
2020-05-03 18:35:32,240 DEBUG org.springframework.security.web.util.matcher.AntPathRequestMatcher [http-nio-8080-exec-2] Request 'GET /competitions/enrollment' doesn't match 'PUT /logout'
2020-05-03 18:35:32,240 DEBUG org.springframework.security.web.util.matcher.OrRequestMatcher [http-nio-8080-exec-2] Trying to match using Ant [pattern='/logout', DELETE]
2020-05-03 18:35:32,241 DEBUG org.springframework.security.web.util.matcher.AntPathRequestMatcher [http-nio-8080-exec-2] Request 'GET /competitions/enrollment' doesn't match 'DELETE /logout'
2020-05-03 18:35:32,241 DEBUG org.springframework.security.web.util.matcher.OrRequestMatcher [http-nio-8080-exec-2] No matches found
2020-05-03 18:35:32,241 DEBUG org.springframework.security.web.FilterChainProxy$VirtualFilterChain [http-nio-8080-exec-2] /competitions/enrollment at position 5 of 11 in additional filter chain; firing Filter: 'OAuth2AuthenticationProcessingFilter'
2020-05-03 18:35:32,242 DEBUG org.springframework.jdbc.core.JdbcTemplate [http-nio-8080-exec-2] Executing prepared SQL query
2020-05-03 18:35:32,242 DEBUG org.springframework.jdbc.core.JdbcTemplate [http-nio-8080-exec-2] Executing prepared SQL statement [select token_id, token from oauth_access_token where token_id = ?]
2020-05-03 18:35:32,242 DEBUG org.springframework.jdbc.datasource.DataSourceUtils [http-nio-8080-exec-2] Fetching JDBC Connection from DataSource
2020-05-03 18:35:32,244 DEBUG org.springframework.jdbc.core.JdbcTemplate [http-nio-8080-exec-2] Executing prepared SQL query
2020-05-03 18:35:32,245 DEBUG org.springframework.jdbc.core.JdbcTemplate [http-nio-8080-exec-2] Executing prepared SQL statement [select token_id, authentication from oauth_access_token where token_id = ?]
2020-05-03 18:35:32,246 DEBUG org.springframework.jdbc.datasource.DataSourceUtils [http-nio-8080-exec-2] Fetching JDBC Connection from DataSource
2020-05-03 18:35:32,249 DEBUG org.springframework.security.oauth2.provider.authentication.OAuth2AuthenticationProcessingFilter [http-nio-8080-exec-2] Authentication success: org.springframework.security.oauth2.provider.OAuth2Authentication@e2f94861: Principal: admin; Credentials: [PROTECTED]; Authenticated: true; Details: remoteAddress=192.168.43.52, tokenType=BearertokenValue=<TOKEN>; Granted Authorities: ROLE_ADMN, ROLE_CONT, FUNC_VIEW_ADMIN_MENU, FUNC_CONT_MENU, FUNC_CONT_MENU
2020-05-03 18:35:32,249 DEBUG org.springframework.security.web.FilterChainProxy$VirtualFilterChain [http-nio-8080-exec-2] /competitions/enrollment at position 6 of 11 in additional filter chain; firing Filter: 'RequestCacheAwareFilter'
2020-05-03 18:35:32,249 DEBUG org.springframework.security.web.FilterChainProxy$VirtualFilterChain [http-nio-8080-exec-2] /competitions/enrollment at position 7 of 11 in additional filter chain; firing Filter: 'SecurityContextHolderAwareRequestFilter'
2020-05-03 18:35:32,250 DEBUG org.springframework.security.web.FilterChainProxy$VirtualFilterChain [http-nio-8080-exec-2] /competitions/enrollment at position 8 of 11 in additional filter chain; firing Filter: 'AnonymousAuthenticationFilter'
2020-05-03 18:35:32,250 DEBUG org.springframework.security.web.authentication.AnonymousAuthenticationFilter [http-nio-8080-exec-2] SecurityContextHolder not populated with anonymous token, as it already contained: 'org.springframework.security.oauth2.provider.OAuth2Authentication@e2f94861: Principal: admin; Credentials: [PROTECTED]; Authenticated: true; Details: remoteAddress=192.168.43.52, tokenType=BearertokenValue=<TOKEN>; Granted Authorities: ROLE_ADMN, ROLE_CONT, FUNC_VIEW_ADMIN_MENU, FUNC_CONT_MENU, FUNC_CONT_MENU'
2020-05-03 18:35:32,250 DEBUG org.springframework.security.web.FilterChainProxy$VirtualFilterChain [http-nio-8080-exec-2] /competitions/enrollment at position 9 of 11 in additional filter chain; firing Filter: 'SessionManagementFilter'
2020-05-03 18:35:32,251 DEBUG org.springframework.security.web.authentication.session.CompositeSessionAuthenticationStrategy [http-nio-8080-exec-2] Delegating to org.springframework.security.web.authentication.session.ChangeSessionIdAuthenticationStrategy@2be89ba5
2020-05-03 18:35:32,251 DEBUG org.springframework.security.web.FilterChainProxy$VirtualFilterChain [http-nio-8080-exec-2] /competitions/enrollment at position 10 of 11 in additional filter chain; firing Filter: 'ExceptionTranslationFilter'
2020-05-03 18:35:32,251 DEBUG org.springframework.security.web.FilterChainProxy$VirtualFilterChain [http-nio-8080-exec-2] /competitions/enrollment at position 11 of 11 in additional filter chain; firing Filter: 'FilterSecurityInterceptor'
2020-05-03 18:35:32,251 DEBUG org.springframework.security.access.intercept.AbstractSecurityInterceptor [http-nio-8080-exec-2] Secure object: FilterInvocation: URL: /competitions/enrollment; Attributes: [#oauth2.throwOnError(authenticated)]
2020-05-03 18:35:32,252 DEBUG org.springframework.security.access.intercept.AbstractSecurityInterceptor [http-nio-8080-exec-2] Previously Authenticated: org.springframework.security.oauth2.provider.OAuth2Authentication@e2f94861: Principal: admin; Credentials: [PROTECTED]; Authenticated: true; Details: remoteAddress=192.168.43.52, tokenType=BearertokenValue=<TOKEN>; Granted Authorities: ROLE_ADMN, ROLE_CONT, FUNC_VIEW_ADMIN_MENU, FUNC_CONT_MENU, FUNC_CONT_MENU
2020-05-03 18:35:32,253 DEBUG org.springframework.security.access.vote.AffirmativeBased [http-nio-8080-exec-2] Voter: org.springframework.security.web.access.expression.WebExpressionVoter@56f71341, returned: 1
2020-05-03 18:35:32,254 DEBUG org.springframework.security.access.intercept.AbstractSecurityInterceptor [http-nio-8080-exec-2] Authorization successful
2020-05-03 18:35:32,254 DEBUG org.springframework.security.access.intercept.AbstractSecurityInterceptor [http-nio-8080-exec-2] RunAsManager did not change Authentication object
2020-05-03 18:35:32,254 DEBUG org.springframework.security.web.FilterChainProxy$VirtualFilterChain [http-nio-8080-exec-2] /competitions/enrollment reached end of additional filter chain; proceeding with original chain
2020-05-03 18:35:32,255 DEBUG org.springframework.core.log.LogFormatUtils [http-nio-8080-exec-2] GET "/competitions/enrollment", parameters={}
2020-05-03 18:35:32,256 DEBUG org.springframework.web.servlet.handler.AbstractHandlerMapping [http-nio-8080-exec-2] Mapped to com.surshree.app.controllers.CompetitionController#getEnrolledCompetition()
2020-05-03 18:35:32,258 DEBUG org.springframework.orm.jpa.support.OpenEntityManagerInViewInterceptor [http-nio-8080-exec-2] Opening JPA EntityManager in OpenEntityManagerInViewInterceptor
2020-05-03 18:35:32,262 DEBUG org.springframework.orm.jpa.JpaTransactionManager [http-nio-8080-exec-2] Found thread-bound EntityManager [SessionImpl(730384232<open>)] for JPA transaction
2020-05-03 18:35:32,263 DEBUG org.springframework.transaction.support.AbstractPlatformTransactionManager [http-nio-8080-exec-2] Creating new transaction with name [com.surshree.app.services.CustomUserDetailsService.loadUserByUsername]: PROPAGATION_REQUIRED,ISOLATION_DEFAULT
2020-05-03 18:35:32,265 DEBUG org.springframework.orm.jpa.JpaTransactionManager [http-nio-8080-exec-2] Exposing JPA transaction as JDBC [org.springframework.orm.jpa.vendor.HibernateJpaDialect$HibernateConnectionHandle@61eecfcc]
2020-05-03 18:35:32,294 INFO com.surshree.app.services.CustomUserDetailsService [http-nio-8080-exec-2] Granted Authorities --> ROLE_ADMN
2020-05-03 18:35:32,295 INFO com.surshree.app.services.CustomUserDetailsService [http-nio-8080-exec-2] Granted Authorities --> ROLE_CONT
2020-05-03 18:35:32,295 INFO com.surshree.app.services.CustomUserDetailsService [http-nio-8080-exec-2] Granted Authorities --> FUNC_CONT_MENU
2020-05-03 18:35:32,296 INFO com.surshree.app.services.CustomUserDetailsService [http-nio-8080-exec-2] Granted Authorities --> FUNC_VIEW_ADMIN_MENU
2020-05-03 18:35:32,302 INFO com.surshree.app.services.CustomUserDetailsService [http-nio-8080-exec-2] Granted Authorities --> FUNC_CONT_MENU
2020-05-03 18:35:32,304 DEBUG org.springframework.transaction.support.AbstractPlatformTransactionManager [http-nio-8080-exec-2] Initiating transaction commit
2020-05-03 18:35:32,305 DEBUG org.springframework.orm.jpa.JpaTransactionManager [http-nio-8080-exec-2] Committing JPA transaction on EntityManager [SessionImpl(730384232<open>)]
2020-05-03 18:35:32,312 DEBUG org.springframework.orm.jpa.JpaTransactionManager [http-nio-8080-exec-2] Not closing pre-bound JPA EntityManager after transaction
2020-05-03 18:35:32,371 DEBUG org.springframework.web.servlet.mvc.method.annotation.AbstractMessageConverterMethodProcessor [http-nio-8080-exec-2] Using 'application/json', given [application/json] and supported [application/json, application/*+json, application/json, application/*+json]
2020-05-03 18:35:32,371 DEBUG org.springframework.core.log.LogFormatUtils [http-nio-8080-exec-2] Writing [[com.surshree.app.models.comp.EnrollmentResponse@3504f56e, com.surshree.app.models.comp.EnrollmentRe (truncated)...]
2020-05-03 18:35:32,375 DEBUG org.springframework.security.web.header.writers.HstsHeaderWriter [http-nio-8080-exec-2] Not injecting HSTS header since it did not match the requestMatcher org.springframework.security.web.header.writers.HstsHeaderWriter$SecureRequestMatcher@6f31b89b
2020-05-03 18:35:32,378 DEBUG org.springframework.orm.jpa.support.OpenEntityManagerInViewInterceptor [http-nio-8080-exec-2] Closing JPA EntityManager in OpenEntityManagerInViewInterceptor
2020-05-03 18:35:32,379 DEBUG org.springframework.web.servlet.FrameworkServlet [http-nio-8080-exec-2] Completed 200 OK
2020-05-03 18:35:32,380 DEBUG org.springframework.security.web.access.ExceptionTranslationFilter [http-nio-8080-exec-2] Chain processed normally
2020-05-03 18:35:32,381 DEBUG org.springframework.security.web.context.SecurityContextPersistenceFilter [http-nio-8080-exec-2] SecurityContextHolder now cleared, as request processing completed
2020-05-03 18:35:41,901 DEBUG org.springframework.security.web.util.matcher.OrRequestMatcher [http-nio-8080-exec-3] Trying to match using Ant [pattern='/oauth/token']
2020-05-03 18:35:41,902 DEBUG org.springframework.security.web.util.matcher.AntPathRequestMatcher [http-nio-8080-exec-3] Checking match of request : '/competitions/enrollment/17'; against '/oauth/token'
2020-05-03 18:35:41,902 DEBUG org.springframework.security.web.util.matcher.OrRequestMatcher [http-nio-8080-exec-3] Trying to match using Ant [pattern='/oauth/token_key']
2020-05-03 18:35:41,903 DEBUG org.springframework.security.web.util.matcher.AntPathRequestMatcher [http-nio-8080-exec-3] Checking match of request : '/competitions/enrollment/17'; against '/oauth/token_key'
2020-05-03 18:35:41,903 DEBUG org.springframework.security.web.util.matcher.OrRequestMatcher [http-nio-8080-exec-3] Trying to match using Ant [pattern='/oauth/check_token']
2020-05-03 18:35:41,904 DEBUG org.springframework.security.web.util.matcher.AntPathRequestMatcher [http-nio-8080-exec-3] Checking match of request : '/competitions/enrollment/17'; against '/oauth/check_token'
2020-05-03 18:35:41,904 DEBUG org.springframework.security.web.util.matcher.OrRequestMatcher [http-nio-8080-exec-3] No matches found
2020-05-03 18:35:41,905 DEBUG org.springframework.security.web.util.matcher.AntPathRequestMatcher [http-nio-8080-exec-3] Request '/competitions/enrollment/17' matched by universal pattern '/**'
2020-05-03 18:35:41,905 DEBUG org.springframework.security.web.FilterChainProxy$VirtualFilterChain [http-nio-8080-exec-3] /competitions/enrollment/17 at position 1 of 13 in additional filter chain; firing Filter: 'WebAsyncManagerIntegrationFilter'
2020-05-03 18:35:41,905 DEBUG org.springframework.security.web.FilterChainProxy$VirtualFilterChain [http-nio-8080-exec-3] /competitions/enrollment/17 at position 2 of 13 in additional filter chain; firing Filter: 'SecurityContextPersistenceFilter'
2020-05-03 18:35:41,906 DEBUG org.springframework.security.web.context.HttpSessionSecurityContextRepository [http-nio-8080-exec-3] No HttpSession currently exists
2020-05-03 18:35:41,906 DEBUG org.springframework.security.web.context.HttpSessionSecurityContextRepository [http-nio-8080-exec-3] No SecurityContext was available from the HttpSession: null. A new one will be created.
2020-05-03 18:35:41,907 DEBUG org.springframework.security.web.FilterChainProxy$VirtualFilterChain [http-nio-8080-exec-3] /competitions/enrollment/17 at position 3 of 13 in additional filter chain; firing Filter: 'HeaderWriterFilter'
2020-05-03 18:35:41,908 DEBUG org.springframework.security.web.FilterChainProxy$VirtualFilterChain [http-nio-8080-exec-3] /competitions/enrollment/17 at position 4 of 13 in additional filter chain; firing Filter: 'CorsFilter'
2020-05-03 18:35:41,909 DEBUG org.springframework.web.servlet.handler.AbstractHandlerMapping [http-nio-8080-exec-3] Mapped to com.surshree.app.controllers.CompetitionController#enrollInCompetition(Long)
2020-05-03 18:35:41,911 DEBUG org.springframework.security.web.header.writers.HstsHeaderWriter [http-nio-8080-exec-3] Not injecting HSTS header since it did not match the requestMatcher org.springframework.security.web.header.writers.HstsHeaderWriter$SecureRequestMatcher@287b04d4
2020-05-03 18:35:41,911 DEBUG org.springframework.security.web.context.HttpSessionSecurityContextRepository$SaveToSessionResponseWrapper [http-nio-8080-exec-3] SecurityContext is empty or contents are anonymous - context will not be stored in HttpSession.
2020-05-03 18:35:41,911 DEBUG org.springframework.security.web.context.SecurityContextPersistenceFilter [http-nio-8080-exec-3] SecurityContextHolder now cleared, as request processing completed
2020-05-03 18:35:41,936 DEBUG org.springframework.security.web.util.matcher.OrRequestMatcher [http-nio-8080-exec-4] Trying to match using Ant [pattern='/oauth/token']
2020-05-03 18:35:41,936 DEBUG org.springframework.security.web.util.matcher.AntPathRequestMatcher [http-nio-8080-exec-4] Checking match of request : '/competitions/enrollment/17'; against '/oauth/token'
2020-05-03 18:35:41,937 DEBUG org.springframework.security.web.util.matcher.OrRequestMatcher [http-nio-8080-exec-4] Trying to match using Ant [pattern='/oauth/token_key']
2020-05-03 18:35:41,937 DEBUG org.springframework.security.web.util.matcher.AntPathRequestMatcher [http-nio-8080-exec-4] Checking match of request : '/competitions/enrollment/17'; against '/oauth/token_key'
2020-05-03 18:35:41,938 DEBUG org.springframework.security.web.util.matcher.OrRequestMatcher [http-nio-8080-exec-4] Trying to match using Ant [pattern='/oauth/check_token']
2020-05-03 18:35:41,938 DEBUG org.springframework.security.web.util.matcher.AntPathRequestMatcher [http-nio-8080-exec-4] Checking match of request : '/competitions/enrollment/17'; against '/oauth/check_token'
2020-05-03 18:35:41,939 DEBUG org.springframework.security.web.util.matcher.OrRequestMatcher [http-nio-8080-exec-4] No matches found
2020-05-03 18:35:41,939 DEBUG org.springframework.security.web.FilterChainProxy$VirtualFilterChain [http-nio-8080-exec-4] /competitions/enrollment/17 at position 1 of 11 in additional filter chain; firing Filter: 'WebAsyncManagerIntegrationFilter'
2020-05-03 18:35:41,940 DEBUG org.springframework.security.web.FilterChainProxy$VirtualFilterChain [http-nio-8080-exec-4] /competitions/enrollment/17 at position 2 of 11 in additional filter chain; firing Filter: 'SecurityContextPersistenceFilter'
2020-05-03 18:35:41,940 DEBUG org.springframework.security.web.FilterChainProxy$VirtualFilterChain [http-nio-8080-exec-4] /competitions/enrollment/17 at position 3 of 11 in additional filter chain; firing Filter: 'HeaderWriterFilter'
2020-05-03 18:35:41,940 DEBUG org.springframework.security.web.FilterChainProxy$VirtualFilterChain [http-nio-8080-exec-4] /competitions/enrollment/17 at position 4 of 11 in additional filter chain; firing Filter: 'LogoutFilter'
2020-05-03 18:35:41,940 DEBUG org.springframework.security.web.util.matcher.OrRequestMatcher [http-nio-8080-exec-4] Trying to match using Ant [pattern='/logout', GET]
2020-05-03 18:35:41,941 DEBUG org.springframework.security.web.util.matcher.AntPathRequestMatcher [http-nio-8080-exec-4] Request 'POST /competitions/enrollment/17' doesn't match 'GET /logout'
2020-05-03 18:35:41,941 DEBUG org.springframework.security.web.util.matcher.OrRequestMatcher [http-nio-8080-exec-4] Trying to match using Ant [pattern='/logout', POST]
2020-05-03 18:35:41,941 DEBUG org.springframework.security.web.util.matcher.AntPathRequestMatcher [http-nio-8080-exec-4] Checking match of request : '/competitions/enrollment/17'; against '/logout'
2020-05-03 18:35:41,942 DEBUG org.springframework.security.web.util.matcher.OrRequestMatcher [http-nio-8080-exec-4] Trying to match using Ant [pattern='/logout', PUT]
2020-05-03 18:35:41,942 DEBUG org.springframework.security.web.util.matcher.AntPathRequestMatcher [http-nio-8080-exec-4] Request 'POST /competitions/enrollment/17' doesn't match 'PUT /logout'
2020-05-03 18:35:41,942 DEBUG org.springframework.security.web.util.matcher.OrRequestMatcher [http-nio-8080-exec-4] Trying to match using Ant [pattern='/logout', DELETE]
2020-05-03 18:35:41,942 DEBUG org.springframework.security.web.util.matcher.AntPathRequestMatcher [http-nio-8080-exec-4] Request 'POST /competitions/enrollment/17' doesn't match 'DELETE /logout'
2020-05-03 18:35:41,943 DEBUG org.springframework.security.web.util.matcher.OrRequestMatcher [http-nio-8080-exec-4] No matches found
2020-05-03 18:35:41,943 DEBUG org.springframework.security.web.FilterChainProxy$VirtualFilterChain [http-nio-8080-exec-4] /competitions/enrollment/17 at position 5 of 11 in additional filter chain; firing Filter: 'OAuth2AuthenticationProcessingFilter'
2020-05-03 18:35:41,945 DEBUG org.springframework.jdbc.core.JdbcTemplate [http-nio-8080-exec-4] Executing prepared SQL query
2020-05-03 18:35:41,947 DEBUG org.springframework.jdbc.core.JdbcTemplate [http-nio-8080-exec-4] Executing prepared SQL statement [select token_id, token from oauth_access_token where token_id = ?]
2020-05-03 18:35:41,948 DEBUG org.springframework.jdbc.datasource.DataSourceUtils [http-nio-8080-exec-4] Fetching JDBC Connection from DataSource
2020-05-03 18:35:41,960 DEBUG org.springframework.jdbc.core.JdbcTemplate [http-nio-8080-exec-4] Executing prepared SQL query
2020-05-03 18:35:41,961 DEBUG org.springframework.jdbc.core.JdbcTemplate [http-nio-8080-exec-4] Executing prepared SQL statement [select token_id, authentication from oauth_access_token where token_id = ?]
2020-05-03 18:35:41,961 DEBUG org.springframework.jdbc.datasource.DataSourceUtils [http-nio-8080-exec-4] Fetching JDBC Connection from DataSource
2020-05-03 18:35:41,964 DEBUG org.springframework.security.oauth2.provider.authentication.OAuth2AuthenticationProcessingFilter [http-nio-8080-exec-4] Authentication success: org.springframework.security.oauth2.provider.OAuth2Authentication@e2f94861: Principal: admin; Credentials: [PROTECTED]; Authenticated: true; Details: remoteAddress=192.168.43.52, tokenType=BearertokenValue=<TOKEN>; Granted Authorities: ROLE_ADMN, ROLE_CONT, FUNC_VIEW_ADMIN_MENU, FUNC_CONT_MENU, FUNC_CONT_MENU
2020-05-03 18:35:41,964 DEBUG org.springframework.security.web.FilterChainProxy$VirtualFilterChain [http-nio-8080-exec-4] /competitions/enrollment/17 at position 6 of 11 in additional filter chain; firing Filter: 'RequestCacheAwareFilter'
2020-05-03 18:35:41,965 DEBUG org.springframework.security.web.FilterChainProxy$VirtualFilterChain [http-nio-8080-exec-4] /competitions/enrollment/17 at position 7 of 11 in additional filter chain; firing Filter: 'SecurityContextHolderAwareRequestFilter'
2020-05-03 18:35:41,965 DEBUG org.springframework.security.web.FilterChainProxy$VirtualFilterChain [http-nio-8080-exec-4] /competitions/enrollment/17 at position 8 of 11 in additional filter chain; firing Filter: 'AnonymousAuthenticationFilter'
2020-05-03 18:35:41,965 DEBUG org.springframework.security.web.authentication.AnonymousAuthenticationFilter [http-nio-8080-exec-4] SecurityContextHolder not populated with anonymous token, as it already contained: 'org.springframework.security.oauth2.provider.OAuth2Authentication@e2f94861: Principal: admin; Credentials: [PROTECTED]; Authenticated: true; Details: remoteAddress=192.168.43.52, tokenType=BearertokenValue=<TOKEN>; Granted Authorities: ROLE_ADMN, ROLE_CONT, FUNC_VIEW_ADMIN_MENU, FUNC_CONT_MENU, FUNC_CONT_MENU'
2020-05-03 18:35:41,966 DEBUG org.springframework.security.web.FilterChainProxy$VirtualFilterChain [http-nio-8080-exec-4] /competitions/enrollment/17 at position 9 of 11 in additional filter chain; firing Filter: 'SessionManagementFilter'
2020-05-03 18:35:41,966 DEBUG org.springframework.security.web.authentication.session.CompositeSessionAuthenticationStrategy [http-nio-8080-exec-4] Delegating to org.springframework.security.web.authentication.session.ChangeSessionIdAuthenticationStrategy@2be89ba5
2020-05-03 18:35:41,966 DEBUG org.springframework.security.web.FilterChainProxy$VirtualFilterChain [http-nio-8080-exec-4] /competitions/enrollment/17 at position 10 of 11 in additional filter chain; firing Filter: 'ExceptionTranslationFilter'
2020-05-03 18:35:41,967 DEBUG org.springframework.security.web.FilterChainProxy$VirtualFilterChain [http-nio-8080-exec-4] /competitions/enrollment/17 at position 11 of 11 in additional filter chain; firing Filter: 'FilterSecurityInterceptor'
2020-05-03 18:35:41,967 DEBUG org.springframework.security.access.intercept.AbstractSecurityInterceptor [http-nio-8080-exec-4] Secure object: FilterInvocation: URL: /competitions/enrollment/17; Attributes: [#oauth2.throwOnError(authenticated)]
2020-05-03 18:35:41,968 DEBUG org.springframework.security.access.intercept.AbstractSecurityInterceptor [http-nio-8080-exec-4] Previously Authenticated: org.springframework.security.oauth2.provider.OAuth2Authentication@e2f94861: Principal: admin; Credentials: [PROTECTED]; Authenticated: true; Details: remoteAddress=192.168.43.52, tokenType=BearertokenValue=<TOKEN>; Granted Authorities: ROLE_ADMN, ROLE_CONT, FUNC_VIEW_ADMIN_MENU, FUNC_CONT_MENU, FUNC_CONT_MENU
2020-05-03 18:35:41,970 DEBUG org.springframework.security.access.vote.AffirmativeBased [http-nio-8080-exec-4] Voter: org.springframework.security.web.access.expression.WebExpressionVoter@56f71341, returned: 1
2020-05-03 18:35:41,970 DEBUG org.springframework.security.access.intercept.AbstractSecurityInterceptor [http-nio-8080-exec-4] Authorization successful
2020-05-03 18:35:41,971 DEBUG org.springframework.security.access.intercept.AbstractSecurityInterceptor [http-nio-8080-exec-4] RunAsManager did not change Authentication object
2020-05-03 18:35:41,972 DEBUG org.springframework.security.web.FilterChainProxy$VirtualFilterChain [http-nio-8080-exec-4] /competitions/enrollment/17 reached end of additional filter chain; proceeding with original chain
2020-05-03 18:35:41,973 DEBUG org.springframework.core.log.LogFormatUtils [http-nio-8080-exec-4] POST "/competitions/enrollment/17", parameters={}
2020-05-03 18:35:41,977 DEBUG org.springframework.web.servlet.handler.AbstractHandlerMapping [http-nio-8080-exec-4] Mapped to com.surshree.app.controllers.CompetitionController#enrollInCompetition(Long)
2020-05-03 18:35:41,979 DEBUG org.springframework.orm.jpa.support.OpenEntityManagerInViewInterceptor [http-nio-8080-exec-4] Opening JPA EntityManager in OpenEntityManagerInViewInterceptor
2020-05-03 18:35:42,015 DEBUG org.springframework.orm.jpa.JpaTransactionManager [http-nio-8080-exec-4] Found thread-bound EntityManager [SessionImpl(1101744068<open>)] for JPA transaction
2020-05-03 18:35:42,021 DEBUG org.springframework.transaction.support.AbstractPlatformTransactionManager [http-nio-8080-exec-4] Creating new transaction with name [com.surshree.app.services.CustomUserDetailsService.loadUserByUsername]: PROPAGATION_REQUIRED,ISOLATION_DEFAULT
2020-05-03 18:35:42,023 DEBUG org.springframework.orm.jpa.JpaTransactionManager [http-nio-8080-exec-4] Exposing JPA transaction as JDBC [org.springframework.orm.jpa.vendor.HibernateJpaDialect$HibernateConnectionHandle@3fa655a9]
2020-05-03 18:35:42,025 INFO com.surshree.app.services.CustomUserDetailsService [http-nio-8080-exec-4] Granted Authorities --> ROLE_ADMN
2020-05-03 18:35:42,028 INFO com.surshree.app.services.CustomUserDetailsService [http-nio-8080-exec-4] Granted Authorities --> ROLE_CONT
2020-05-03 18:35:42,030 INFO com.surshree.app.services.CustomUserDetailsService [http-nio-8080-exec-4] Granted Authorities --> FUNC_CONT_MENU
2020-05-03 18:35:42,031 INFO com.surshree.app.services.CustomUserDetailsService [http-nio-8080-exec-4] Granted Authorities --> FUNC_VIEW_ADMIN_MENU
2020-05-03 18:35:42,034 INFO com.surshree.app.services.CustomUserDetailsService [http-nio-8080-exec-4] Granted Authorities --> FUNC_CONT_MENU
2020-05-03 18:35:42,035 DEBUG org.springframework.transaction.support.AbstractPlatformTransactionManager [http-nio-8080-exec-4] Initiating transaction commit
2020-05-03 18:35:42,036 DEBUG org.springframework.orm.jpa.JpaTransactionManager [http-nio-8080-exec-4] Committing JPA transaction on EntityManager [SessionImpl(1101744068<open>)]
2020-05-03 18:35:42,041 DEBUG org.springframework.orm.jpa.JpaTransactionManager [http-nio-8080-exec-4] Not closing pre-bound JPA EntityManager after transaction
2020-05-03 18:35:42,045 DEBUG org.springframework.orm.jpa.JpaTransactionManager [http-nio-8080-exec-4] Found thread-bound EntityManager [SessionImpl(1101744068<open>)] for JPA transaction
2020-05-03 18:35:42,047 DEBUG org.springframework.transaction.support.AbstractPlatformTransactionManager [http-nio-8080-exec-4] Creating new transaction with name [org.springframework.data.jpa.repository.support.SimpleJpaRepository.findById]: PROPAGATION_REQUIRED,ISOLATION_DEFAULT,readOnly
2020-05-03 18:35:42,048 DEBUG org.springframework.jdbc.datasource.DataSourceUtils [http-nio-8080-exec-4] Setting JDBC Connection [HikariProxyConnection@517085279 wrapping org.postgresql.jdbc.PgConnection@33806c2] read-only
2020-05-03 18:35:42,049 DEBUG org.springframework.orm.jpa.JpaTransactionManager [http-nio-8080-exec-4] Exposing JPA transaction as JDBC [org.springframework.orm.jpa.vendor.HibernateJpaDialect$HibernateConnectionHandle@873f9e8]
2020-05-03 18:35:42,082 DEBUG org.springframework.transaction.support.AbstractPlatformTransactionManager [http-nio-8080-exec-4] Initiating transaction commit
2020-05-03 18:35:42,086 DEBUG org.springframework.orm.jpa.JpaTransactionManager [http-nio-8080-exec-4] Committing JPA transaction on EntityManager [SessionImpl(1101744068<open>)]
2020-05-03 18:35:42,103 DEBUG org.springframework.jdbc.datasource.DataSourceUtils [http-nio-8080-exec-4] Resetting read-only flag of JDBC Connection [HikariProxyConnection@517085279 wrapping org.postgresql.jdbc.PgConnection@33806c2]
2020-05-03 18:35:42,103 DEBUG org.springframework.orm.jpa.JpaTransactionManager [http-nio-8080-exec-4] Not closing pre-bound JPA EntityManager after transaction
2020-05-03 18:35:42,105 DEBUG org.springframework.web.servlet.mvc.method.annotation.AbstractMessageConverterMethodProcessor [http-nio-8080-exec-4] No match for [application/json], supported: []
2020-05-03 18:35:42,107 DEBUG org.springframework.orm.jpa.support.OpenEntityManagerInViewInterceptor [http-nio-8080-exec-4] Closing JPA EntityManager in OpenEntityManagerInViewInterceptor
2020-05-03 18:35:42,110 DEBUG org.springframework.web.servlet.FrameworkServlet [http-nio-8080-exec-4] Completed 200 OK
2020-05-03 18:35:42,110 DEBUG org.springframework.security.web.access.ExceptionTranslationFilter [http-nio-8080-exec-4] Chain processed normally
2020-05-03 18:35:42,110 DEBUG org.springframework.security.web.util.matcher.OrRequestMatcher [http-nio-8080-exec-5] Trying to match using Ant [pattern='/oauth/token']
2020-05-03 18:35:42,111 DEBUG org.springframework.security.web.util.matcher.AntPathRequestMatcher [http-nio-8080-exec-5] Checking match of request : '/competitions/17'; against '/oauth/token'
2020-05-03 18:35:42,111 DEBUG org.springframework.security.web.util.matcher.OrRequestMatcher [http-nio-8080-exec-5] Trying to match using Ant [pattern='/oauth/token_key']
2020-05-03 18:35:42,111 DEBUG org.springframework.security.web.util.matcher.AntPathRequestMatcher [http-nio-8080-exec-5] Checking match of request : '/competitions/17'; against '/oauth/token_key'
2020-05-03 18:35:42,111 DEBUG org.springframework.security.web.util.matcher.OrRequestMatcher [http-nio-8080-exec-5] Trying to match using Ant [pattern='/oauth/check_token']
2020-05-03 18:35:42,111 DEBUG org.springframework.security.web.util.matcher.AntPathRequestMatcher [http-nio-8080-exec-5] Checking match of request : '/competitions/17'; against '/oauth/check_token'
2020-05-03 18:35:42,112 DEBUG org.springframework.security.web.util.matcher.OrRequestMatcher [http-nio-8080-exec-5] No matches found
2020-05-03 18:35:42,112 DEBUG org.springframework.security.web.util.matcher.AntPathRequestMatcher [http-nio-8080-exec-5] Request '/competitions/17' matched by universal pattern '/**'
2020-05-03 18:35:42,112 DEBUG org.springframework.security.web.FilterChainProxy$VirtualFilterChain [http-nio-8080-exec-5] /competitions/17 at position 1 of 13 in additional filter chain; firing Filter: 'WebAsyncManagerIntegrationFilter'
2020-05-03 18:35:42,112 DEBUG org.springframework.security.web.FilterChainProxy$VirtualFilterChain [http-nio-8080-exec-5] /competitions/17 at position 2 of 13 in additional filter chain; firing Filter: 'SecurityContextPersistenceFilter'
2020-05-03 18:35:42,112 DEBUG org.springframework.security.web.context.HttpSessionSecurityContextRepository [http-nio-8080-exec-5] No HttpSession currently exists
2020-05-03 18:35:42,113 DEBUG org.springframework.security.web.context.HttpSessionSecurityContextRepository [http-nio-8080-exec-5] No SecurityContext was available from the HttpSession: null. A new one will be created.
2020-05-03 18:35:42,111 DEBUG org.springframework.security.web.header.writers.HstsHeaderWriter [http-nio-8080-exec-4] Not injecting HSTS header since it did not match the requestMatcher org.springframework.security.web.header.writers.HstsHeaderWriter$SecureRequestMatcher@6f31b89b
2020-05-03 18:35:42,113 DEBUG org.springframework.security.web.FilterChainProxy$VirtualFilterChain [http-nio-8080-exec-5] /competitions/17 at position 3 of 13 in additional filter chain; firing Filter: 'HeaderWriterFilter'
2020-05-03 18:35:42,113 DEBUG org.springframework.security.web.context.SecurityContextPersistenceFilter [http-nio-8080-exec-4] SecurityContextHolder now cleared, as request processing completed
2020-05-03 18:35:42,113 DEBUG org.springframework.security.web.FilterChainProxy$VirtualFilterChain [http-nio-8080-exec-5] /competitions/17 at position 4 of 13 in additional filter chain; firing Filter: 'CorsFilter'
2020-05-03 18:35:42,115 DEBUG org.springframework.web.servlet.handler.AbstractHandlerMapping [http-nio-8080-exec-5] Mapped to com.surshree.app.controllers.CompetitionController#getCompetition(Long)
2020-05-03 18:35:42,116 DEBUG org.springframework.security.web.header.writers.HstsHeaderWriter [http-nio-8080-exec-5] Not injecting HSTS header since it did not match the requestMatcher org.springframework.security.web.header.writers.HstsHeaderWriter$SecureRequestMatcher@287b04d4
2020-05-03 18:35:42,116 DEBUG org.springframework.security.web.context.HttpSessionSecurityContextRepository$SaveToSessionResponseWrapper [http-nio-8080-exec-5] SecurityContext is empty or contents are anonymous - context will not be stored in HttpSession.
2020-05-03 18:35:42,117 DEBUG org.springframework.security.web.context.SecurityContextPersistenceFilter [http-nio-8080-exec-5] SecurityContextHolder now cleared, as request processing completed
2020-05-03 18:35:42,120 DEBUG org.springframework.security.web.util.matcher.OrRequestMatcher [http-nio-8080-exec-6] Trying to match using Ant [pattern='/oauth/token']
2020-05-03 18:35:42,120 DEBUG org.springframework.security.web.util.matcher.AntPathRequestMatcher [http-nio-8080-exec-6] Checking match of request : '/competitions/17'; against '/oauth/token'
2020-05-03 18:35:42,120 DEBUG org.springframework.security.web.util.matcher.OrRequestMatcher [http-nio-8080-exec-6] Trying to match using Ant [pattern='/oauth/token_key']
2020-05-03 18:35:42,121 DEBUG org.springframework.security.web.util.matcher.AntPathRequestMatcher [http-nio-8080-exec-6] Checking match of request : '/competitions/17'; against '/oauth/token_key'
2020-05-03 18:35:42,121 DEBUG org.springframework.security.web.util.matcher.OrRequestMatcher [http-nio-8080-exec-6] Trying to match using Ant [pattern='/oauth/check_token']
2020-05-03 18:35:42,121 DEBUG org.springframework.security.web.util.matcher.AntPathRequestMatcher [http-nio-8080-exec-6] Checking match of request : '/competitions/17'; against '/oauth/check_token'
2020-05-03 18:35:42,121 DEBUG org.springframework.security.web.util.matcher.OrRequestMatcher [http-nio-8080-exec-6] No matches found
2020-05-03 18:35:42,121 DEBUG org.springframework.security.web.FilterChainProxy$VirtualFilterChain [http-nio-8080-exec-6] /competitions/17 at position 1 of 11 in additional filter chain; firing Filter: 'WebAsyncManagerIntegrationFilter'
2020-05-03 18:35:42,122 DEBUG org.springframework.security.web.FilterChainProxy$VirtualFilterChain [http-nio-8080-exec-6] /competitions/17 at position 2 of 11 in additional filter chain; firing Filter: 'SecurityContextPersistenceFilter'
2020-05-03 18:35:42,122 DEBUG org.springframework.security.web.FilterChainProxy$VirtualFilterChain [http-nio-8080-exec-6] /competitions/17 at position 3 of 11 in additional filter chain; firing Filter: 'HeaderWriterFilter'
2020-05-03 18:35:42,122 DEBUG org.springframework.security.web.FilterChainProxy$VirtualFilterChain [http-nio-8080-exec-6] /competitions/17 at position 4 of 11 in additional filter chain; firing Filter: 'LogoutFilter'
2020-05-03 18:35:42,122 DEBUG org.springframework.security.web.util.matcher.OrRequestMatcher [http-nio-8080-exec-6] Trying to match using Ant [pattern='/logout', GET]
2020-05-03 18:35:42,123 DEBUG org.springframework.security.web.util.matcher.AntPathRequestMatcher [http-nio-8080-exec-6] Checking match of request : '/competitions/17'; against '/logout'
2020-05-03 18:35:42,123 DEBUG org.springframework.security.web.util.matcher.OrRequestMatcher [http-nio-8080-exec-6] Trying to match using Ant [pattern='/logout', POST]
2020-05-03 18:35:42,123 DEBUG org.springframework.security.web.util.matcher.AntPathRequestMatcher [http-nio-8080-exec-6] Request 'GET /competitions/17' doesn't match 'POST /logout'
2020-05-03 18:35:42,123 DEBUG org.springframework.security.web.util.matcher.OrRequestMatcher [http-nio-8080-exec-6] Trying to match using Ant [pattern='/logout', PUT]
2020-05-03 18:35:42,123 DEBUG org.springframework.security.web.util.matcher.AntPathRequestMatcher [http-nio-8080-exec-6] Request 'GET /competitions/17' doesn't match 'PUT /logout'
2020-05-03 18:35:42,124 DEBUG org.springframework.security.web.util.matcher.OrRequestMatcher [http-nio-8080-exec-6] Trying to match using Ant [pattern='/logout', DELETE]
2020-05-03 18:35:42,124 DEBUG org.springframework.security.web.util.matcher.AntPathRequestMatcher [http-nio-8080-exec-6] Request 'GET /competitions/17' doesn't match 'DELETE /logout'
2020-05-03 18:35:42,124 DEBUG org.springframework.security.web.util.matcher.OrRequestMatcher [http-nio-8080-exec-6] No matches found
2020-05-03 18:35:42,125 DEBUG org.springframework.security.web.FilterChainProxy$VirtualFilterChain [http-nio-8080-exec-6] /competitions/17 at position 5 of 11 in additional filter chain; firing Filter: 'OAuth2AuthenticationProcessingFilter'
2020-05-03 18:35:42,125 DEBUG org.springframework.jdbc.core.JdbcTemplate [http-nio-8080-exec-6] Executing prepared SQL query
2020-05-03 18:35:42,125 DEBUG org.springframework.jdbc.core.JdbcTemplate [http-nio-8080-exec-6] Executing prepared SQL statement [select token_id, token from oauth_access_token where token_id = ?]
2020-05-03 18:35:42,126 DEBUG org.springframework.jdbc.datasource.DataSourceUtils [http-nio-8080-exec-6] Fetching JDBC Connection from DataSource
2020-05-03 18:35:42,129 DEBUG org.springframework.jdbc.core.JdbcTemplate [http-nio-8080-exec-6] Executing prepared SQL query
2020-05-03 18:35:42,130 DEBUG org.springframework.jdbc.core.JdbcTemplate [http-nio-8080-exec-6] Executing prepared SQL statement [select token_id, authentication from oauth_access_token where token_id = ?]
2020-05-03 18:35:42,131 DEBUG org.springframework.jdbc.datasource.DataSourceUtils [http-nio-8080-exec-6] Fetching JDBC Connection from DataSource
2020-05-03 18:35:42,133 DEBUG org.springframework.security.oauth2.provider.authentication.OAuth2AuthenticationProcessingFilter [http-nio-8080-exec-6] Authentication success: org.springframework.security.oauth2.provider.OAuth2Authentication@e2f94861: Principal: admin; Credentials: [PROTECTED]; Authenticated: true; Details: remoteAddress=192.168.43.52, tokenType=BearertokenValue=<TOKEN>; Granted Authorities: ROLE_ADMN, ROLE_CONT, FUNC_VIEW_ADMIN_MENU, FUNC_CONT_MENU, FUNC_CONT_MENU
2020-05-03 18:35:42,133 DEBUG org.springframework.security.web.FilterChainProxy$VirtualFilterChain [http-nio-8080-exec-6] /competitions/17 at position 6 of 11 in additional filter chain; firing Filter: 'RequestCacheAwareFilter'
2020-05-03 18:35:42,133 DEBUG org.springframework.security.web.FilterChainProxy$VirtualFilterChain [http-nio-8080-exec-6] /competitions/17 at position 7 of 11 in additional filter chain; firing Filter: 'SecurityContextHolderAwareRequestFilter'
2020-05-03 18:35:42,134 DEBUG org.springframework.security.web.FilterChainProxy$VirtualFilterChain [http-nio-8080-exec-6] /competitions/17 at position 8 of 11 in additional filter chain; firing Filter: 'AnonymousAuthenticationFilter'
2020-05-03 18:35:42,134 DEBUG org.springframework.security.web.authentication.AnonymousAuthenticationFilter [http-nio-8080-exec-6] SecurityContextHolder not populated with anonymous token, as it already contained: 'org.springframework.security.oauth2.provider.OAuth2Authentication@e2f94861: Principal: admin; Credentials: [PROTECTED]; Authenticated: true; Details: remoteAddress=192.168.43.52, tokenType=BearertokenValue=<TOKEN>; Granted Authorities: ROLE_ADMN, ROLE_CONT, FUNC_VIEW_ADMIN_MENU, FUNC_CONT_MENU, FUNC_CONT_MENU'
2020-05-03 18:35:42,135 DEBUG org.springframework.security.web.FilterChainProxy$VirtualFilterChain [http-nio-8080-exec-6] /competitions/17 at position 9 of 11 in additional filter chain; firing Filter: 'SessionManagementFilter'
2020-05-03 18:35:42,135 DEBUG org.springframework.security.web.authentication.session.CompositeSessionAuthenticationStrategy [http-nio-8080-exec-6] Delegating to org.springframework.security.web.authentication.session.ChangeSessionIdAuthenticationStrategy@2be89ba5
2020-05-03 18:35:42,135 DEBUG org.springframework.security.web.FilterChainProxy$VirtualFilterChain [http-nio-8080-exec-6] /competitions/17 at position 10 of 11 in additional filter chain; firing Filter: 'ExceptionTranslationFilter'
2020-05-03 18:35:42,135 DEBUG org.springframework.security.web.FilterChainProxy$VirtualFilterChain [http-nio-8080-exec-6] /competitions/17 at position 11 of 11 in additional filter chain; firing Filter: 'FilterSecurityInterceptor'
2020-05-03 18:35:42,136 DEBUG org.springframework.security.access.intercept.AbstractSecurityInterceptor [http-nio-8080-exec-6] Secure object: FilterInvocation: URL: /competitions/17; Attributes: [#oauth2.throwOnError(authenticated)]
2020-05-03 18:35:42,136 DEBUG org.springframework.security.access.intercept.AbstractSecurityInterceptor [http-nio-8080-exec-6] Previously Authenticated: org.springframework.security.oauth2.provider.OAuth2Authentication@e2f94861: Principal: admin; Credentials: [PROTECTED]; Authenticated: true; Details: remoteAddress=192.168.43.52, tokenType=BearertokenValue=<TOKEN>; Granted Authorities: ROLE_ADMN, ROLE_CONT, FUNC_VIEW_ADMIN_MENU, FUNC_CONT_MENU, FUNC_CONT_MENU
2020-05-03 18:35:42,137 DEBUG org.springframework.security.access.vote.AffirmativeBased [http-nio-8080-exec-6] Voter: org.springframework.security.web.access.expression.WebExpressionVoter@56f71341, returned: 1
2020-05-03 18:35:42,138 DEBUG org.springframework.security.access.intercept.AbstractSecurityInterceptor [http-nio-8080-exec-6] Authorization successful
2020-05-03 18:35:42,138 DEBUG org.springframework.security.access.intercept.AbstractSecurityInterceptor [http-nio-8080-exec-6] RunAsManager did not change Authentication object
2020-05-03 18:35:42,138 DEBUG org.springframework.security.web.FilterChainProxy$VirtualFilterChain [http-nio-8080-exec-6] /competitions/17 reached end of additional filter chain; proceeding with original chain
2020-05-03 18:35:42,139 DEBUG org.springframework.core.log.LogFormatUtils [http-nio-8080-exec-6] GET "/competitions/17", parameters={}
2020-05-03 18:35:42,140 DEBUG org.springframework.web.servlet.handler.AbstractHandlerMapping [http-nio-8080-exec-6] Mapped to com.surshree.app.controllers.CompetitionController#getCompetition(Long)
2020-05-03 18:35:42,170 DEBUG org.springframework.orm.jpa.support.OpenEntityManagerInViewInterceptor [http-nio-8080-exec-6] Opening JPA EntityManager in OpenEntityManagerInViewInterceptor
2020-05-03 18:35:42,171 DEBUG org.springframework.orm.jpa.JpaTransactionManager [http-nio-8080-exec-6] Found thread-bound EntityManager [SessionImpl(1374305277<open>)] for JPA transaction
2020-05-03 18:35:42,171 DEBUG org.springframework.transaction.support.AbstractPlatformTransactionManager [http-nio-8080-exec-6] Creating new transaction with name [org.springframework.data.jpa.repository.support.SimpleJpaRepository.findById]: PROPAGATION_REQUIRED,ISOLATION_DEFAULT,readOnly
2020-05-03 18:35:42,173 DEBUG org.springframework.jdbc.datasource.DataSourceUtils [http-nio-8080-exec-6] Setting JDBC Connection [HikariProxyConnection@163057656 wrapping org.postgresql.jdbc.PgConnection@33806c2] read-only
2020-05-03 18:35:42,175 DEBUG org.springframework.orm.jpa.JpaTransactionManager [http-nio-8080-exec-6] Exposing JPA transaction as JDBC [org.springframework.orm.jpa.vendor.HibernateJpaDialect$HibernateConnectionHandle@1e49186d]
2020-05-03 18:35:42,188 DEBUG org.springframework.transaction.support.AbstractPlatformTransactionManager [http-nio-8080-exec-6] Initiating transaction commit
2020-05-03 18:35:42,188 DEBUG org.springframework.orm.jpa.JpaTransactionManager [http-nio-8080-exec-6] Committing JPA transaction on EntityManager [SessionImpl(1374305277<open>)]
2020-05-03 18:35:42,190 DEBUG org.springframework.jdbc.datasource.DataSourceUtils [http-nio-8080-exec-6] Resetting read-only flag of JDBC Connection [HikariProxyConnection@163057656 wrapping org.postgresql.jdbc.PgConnection@33806c2]
2020-05-03 18:35:42,192 DEBUG org.springframework.orm.jpa.JpaTransactionManager [http-nio-8080-exec-6] Not closing pre-bound JPA EntityManager after transaction
2020-05-03 18:35:42,196 DEBUG org.springframework.web.servlet.mvc.method.annotation.AbstractMessageConverterMethodProcessor [http-nio-8080-exec-6] Using 'application/json', given [application/json] and supported [application/json, application/*+json, application/json, application/*+json]
2020-05-03 18:35:42,197 DEBUG org.springframework.core.log.LogFormatUtils [http-nio-8080-exec-6] Writing [com.surshree.app.models.comp.CompetitionRequestResponseModel@52e489e3]
2020-05-03 18:35:42,200 DEBUG org.springframework.security.web.header.writers.HstsHeaderWriter [http-nio-8080-exec-6] Not injecting HSTS header since it did not match the requestMatcher org.springframework.security.web.header.writers.HstsHeaderWriter$SecureRequestMatcher@6f31b89b
2020-05-03 18:35:42,203 DEBUG org.springframework.orm.jpa.support.OpenEntityManagerInViewInterceptor [http-nio-8080-exec-6] Closing JPA EntityManager in OpenEntityManagerInViewInterceptor
2020-05-03 18:35:42,205 DEBUG org.springframework.web.servlet.FrameworkServlet [http-nio-8080-exec-6] Completed 200 OK
2020-05-03 18:35:42,206 DEBUG org.springframework.security.web.access.ExceptionTranslationFilter [http-nio-8080-exec-6] Chain processed normally
2020-05-03 18:35:42,207 DEBUG org.springframework.security.web.context.SecurityContextPersistenceFilter [http-nio-8080-exec-6] SecurityContextHolder now cleared, as request processing completed
2020-05-03 18:35:42,420 DEBUG org.springframework.security.web.util.matcher.OrRequestMatcher [http-nio-8080-exec-7] Trying to match using Ant [pattern='/oauth/token']
2020-05-03 18:35:42,421 DEBUG org.springframework.security.web.util.matcher.AntPathRequestMatcher [http-nio-8080-exec-7] Checking match of request : '/competitions/enrollment'; against '/oauth/token'
2020-05-03 18:35:42,422 DEBUG org.springframework.security.web.util.matcher.OrRequestMatcher [http-nio-8080-exec-7] Trying to match using Ant [pattern='/oauth/token_key']
2020-05-03 18:35:42,422 DEBUG org.springframework.security.web.util.matcher.AntPathRequestMatcher [http-nio-8080-exec-7] Checking match of request : '/competitions/enrollment'; against '/oauth/token_key'
2020-05-03 18:35:42,423 DEBUG org.springframework.security.web.util.matcher.OrRequestMatcher [http-nio-8080-exec-7] Trying to match using Ant [pattern='/oauth/check_token']
2020-05-03 18:35:42,423 DEBUG org.springframework.security.web.util.matcher.AntPathRequestMatcher [http-nio-8080-exec-7] Checking match of request : '/competitions/enrollment'; against '/oauth/check_token'
2020-05-03 18:35:42,423 DEBUG org.springframework.security.web.util.matcher.OrRequestMatcher [http-nio-8080-exec-7] No matches found
2020-05-03 18:35:42,424 DEBUG org.springframework.security.web.FilterChainProxy$VirtualFilterChain [http-nio-8080-exec-7] /competitions/enrollment at position 1 of 11 in additional filter chain; firing Filter: 'WebAsyncManagerIntegrationFilter'
2020-05-03 18:35:42,424 DEBUG org.springframework.security.web.FilterChainProxy$VirtualFilterChain [http-nio-8080-exec-7] /competitions/enrollment at position 2 of 11 in additional filter chain; firing Filter: 'SecurityContextPersistenceFilter'
2020-05-03 18:35:42,424 DEBUG org.springframework.security.web.FilterChainProxy$VirtualFilterChain [http-nio-8080-exec-7] /competitions/enrollment at position 3 of 11 in additional filter chain; firing Filter: 'HeaderWriterFilter'
2020-05-03 18:35:42,424 DEBUG org.springframework.security.web.FilterChainProxy$VirtualFilterChain [http-nio-8080-exec-7] /competitions/enrollment at position 4 of 11 in additional filter chain; firing Filter: 'LogoutFilter'
2020-05-03 18:35:42,425 DEBUG org.springframework.security.web.util.matcher.OrRequestMatcher [http-nio-8080-exec-7] Trying to match using Ant [pattern='/logout', GET]
2020-05-03 18:35:42,425 DEBUG org.springframework.security.web.util.matcher.AntPathRequestMatcher [http-nio-8080-exec-7] Checking match of request : '/competitions/enrollment'; against '/logout'
2020-05-03 18:35:42,425 DEBUG org.springframework.security.web.util.matcher.OrRequestMatcher [http-nio-8080-exec-7] Trying to match using Ant [pattern='/logout', POST]
2020-05-03 18:35:42,426 DEBUG org.springframework.security.web.util.matcher.AntPathRequestMatcher [http-nio-8080-exec-7] Request 'GET /competitions/enrollment' doesn't match 'POST /logout'
2020-05-03 18:35:42,426 DEBUG org.springframework.security.web.util.matcher.OrRequestMatcher [http-nio-8080-exec-7] Trying to match using Ant [pattern='/logout', PUT]
2020-05-03 18:35:42,426 DEBUG org.springframework.security.web.util.matcher.AntPathRequestMatcher [http-nio-8080-exec-7] Request 'GET /competitions/enrollment' doesn't match 'PUT /logout'
2020-05-03 18:35:42,427 DEBUG org.springframework.security.web.util.matcher.OrRequestMatcher [http-nio-8080-exec-7] Trying to match using Ant [pattern='/logout', DELETE]
2020-05-03 18:35:42,427 DEBUG org.springframework.security.web.util.matcher.AntPathRequestMatcher [http-nio-8080-exec-7] Request 'GET /competitions/enrollment' doesn't match 'DELETE /logout'
2020-05-03 18:35:42,428 DEBUG org.springframework.security.web.util.matcher.OrRequestMatcher [http-nio-8080-exec-7] No matches found
2020-05-03 18:35:42,428 DEBUG org.springframework.security.web.FilterChainProxy$VirtualFilterChain [http-nio-8080-exec-7] /competitions/enrollment at position 5 of 11 in additional filter chain; firing Filter: 'OAuth2AuthenticationProcessingFilter'
2020-05-03 18:35:42,428 DEBUG org.springframework.jdbc.core.JdbcTemplate [http-nio-8080-exec-7] Executing prepared SQL query
2020-05-03 18:35:42,429 DEBUG org.springframework.jdbc.core.JdbcTemplate [http-nio-8080-exec-7] Executing prepared SQL statement [select token_id, token from oauth_access_token where token_id = ?]
2020-05-03 18:35:42,429 DEBUG org.springframework.jdbc.datasource.DataSourceUtils [http-nio-8080-exec-7] Fetching JDBC Connection from DataSource
2020-05-03 18:35:42,431 DEBUG org.springframework.jdbc.core.JdbcTemplate [http-nio-8080-exec-7] Executing prepared SQL query
2020-05-03 18:35:42,432 DEBUG org.springframework.jdbc.core.JdbcTemplate [http-nio-8080-exec-7] Executing prepared SQL statement [select token_id, authentication from oauth_access_token where token_id = ?]
2020-05-03 18:35:42,432 DEBUG org.springframework.jdbc.datasource.DataSourceUtils [http-nio-8080-exec-7] Fetching JDBC Connection from DataSource
2020-05-03 18:35:42,434 DEBUG org.springframework.security.oauth2.provider.authentication.OAuth2AuthenticationProcessingFilter [http-nio-8080-exec-7] Authentication success: org.springframework.security.oauth2.provider.OAuth2Authentication@e2f94861: Principal: admin; Credentials: [PROTECTED]; Authenticated: true; Details: remoteAddress=192.168.43.52, tokenType=BearertokenValue=<TOKEN>; Granted Authorities: ROLE_ADMN, ROLE_CONT, FUNC_VIEW_ADMIN_MENU, FUNC_CONT_MENU, FUNC_CONT_MENU
2020-05-03 18:35:42,435 DEBUG org.springframework.security.web.FilterChainProxy$VirtualFilterChain [http-nio-8080-exec-7] /competitions/enrollment at position 6 of 11 in additional filter chain; firing Filter: 'RequestCacheAwareFilter'
2020-05-03 18:35:42,435 DEBUG org.springframework.security.web.FilterChainProxy$VirtualFilterChain [http-nio-8080-exec-7] /competitions/enrollment at position 7 of 11 in additional filter chain; firing Filter: 'SecurityContextHolderAwareRequestFilter'
2020-05-03 18:35:42,436 DEBUG org.springframework.security.web.FilterChainProxy$VirtualFilterChain [http-nio-8080-exec-7] /competitions/enrollment at position 8 of 11 in additional filter chain; firing Filter: 'AnonymousAuthenticationFilter'
2020-05-03 18:35:42,436 DEBUG org.springframework.security.web.authentication.AnonymousAuthenticationFilter [http-nio-8080-exec-7] SecurityContextHolder not populated with anonymous token, as it already contained: 'org.springframework.security.oauth2.provider.OAuth2Authentication@e2f94861: Principal: admin; Credentials: [PROTECTED]; Authenticated: true; Details: remoteAddress=192.168.43.52, tokenType=BearertokenValue=<TOKEN>; Granted Authorities: ROLE_ADMN, ROLE_CONT, FUNC_VIEW_ADMIN_MENU, FUNC_CONT_MENU, FUNC_CONT_MENU'
2020-05-03 18:35:42,436 DEBUG org.springframework.security.web.FilterChainProxy$VirtualFilterChain [http-nio-8080-exec-7] /competitions/enrollment at position 9 of 11 in additional filter chain; firing Filter: 'SessionManagementFilter'
2020-05-03 18:35:42,437 DEBUG org.springframework.security.web.authentication.session.CompositeSessionAuthenticationStrategy [http-nio-8080-exec-7] Delegating to org.springframework.security.web.authentication.session.ChangeSessionIdAuthenticationStrategy@2be89ba5
2020-05-03 18:35:42,437 DEBUG org.springframework.security.web.FilterChainProxy$VirtualFilterChain [http-nio-8080-exec-7] /competitions/enrollment at position 10 of 11 in additional filter chain; firing Filter: 'ExceptionTranslationFilter'
2020-05-03 18:35:42,437 DEBUG org.springframework.security.web.FilterChainProxy$VirtualFilterChain [http-nio-8080-exec-7] /competitions/enrollment at position 11 of 11 in additional filter chain; firing Filter: 'FilterSecurityInterceptor'
2020-05-03 18:35:42,438 DEBUG org.springframework.security.access.intercept.AbstractSecurityInterceptor [http-nio-8080-exec-7] Secure object: FilterInvocation: URL: /competitions/enrollment; Attributes: [#oauth2.throwOnError(authenticated)]
2020-05-03 18:35:42,439 DEBUG org.springframework.security.access.intercept.AbstractSecurityInterceptor [http-nio-8080-exec-7] Previously Authenticated: org.springframework.security.oauth2.provider.OAuth2Authentication@e2f94861: Principal: admin; Credentials: [PROTECTED]; Authenticated: true; Details: remoteAddress=192.168.43.52, tokenType=BearertokenValue=<TOKEN>; Granted Authorities: ROLE_ADMN, ROLE_CONT, FUNC_VIEW_ADMIN_MENU, FUNC_CONT_MENU, FUNC_CONT_MENU
2020-05-03 18:35:42,440 DEBUG org.springframework.security.access.vote.AffirmativeBased [http-nio-8080-exec-7] Voter: org.springframework.security.web.access.expression.WebExpressionVoter@56f71341, returned: 1
2020-05-03 18:35:42,440 DEBUG org.springframework.security.access.intercept.AbstractSecurityInterceptor [http-nio-8080-exec-7] Authorization successful
2020-05-03 18:35:42,440 DEBUG org.springframework.security.access.intercept.AbstractSecurityInterceptor [http-nio-8080-exec-7] RunAsManager did not change Authentication object
2020-05-03 18:35:42,441 DEBUG org.springframework.security.web.FilterChainProxy$VirtualFilterChain [http-nio-8080-exec-7] /competitions/enrollment reached end of additional filter chain; proceeding with original chain
2020-05-03 18:35:42,441 DEBUG org.springframework.core.log.LogFormatUtils [http-nio-8080-exec-7] GET "/competitions/enrollment", parameters={}
2020-05-03 18:35:42,442 DEBUG org.springframework.web.servlet.handler.AbstractHandlerMapping [http-nio-8080-exec-7] Mapped to com.surshree.app.controllers.CompetitionController#getEnrolledCompetition()
2020-05-03 18:35:42,444 DEBUG org.springframework.orm.jpa.support.OpenEntityManagerInViewInterceptor [http-nio-8080-exec-7] Opening JPA EntityManager in OpenEntityManagerInViewInterceptor
2020-05-03 18:35:42,445 DEBUG org.springframework.orm.jpa.JpaTransactionManager [http-nio-8080-exec-7] Found thread-bound EntityManager [SessionImpl(1709381179<open>)] for JPA transaction
2020-05-03 18:35:42,446 DEBUG org.springframework.transaction.support.AbstractPlatformTransactionManager [http-nio-8080-exec-7] Creating new transaction with name [com.surshree.app.services.CustomUserDetailsService.loadUserByUsername]: PROPAGATION_REQUIRED,ISOLATION_DEFAULT
2020-05-03 18:35:42,447 DEBUG org.springframework.orm.jpa.JpaTransactionManager [http-nio-8080-exec-7] Exposing JPA transaction as JDBC [org.springframework.orm.jpa.vendor.HibernateJpaDialect$HibernateConnectionHandle@270c6776]
2020-05-03 18:35:42,449 INFO com.surshree.app.services.CustomUserDetailsService [http-nio-8080-exec-7] Granted Authorities --> ROLE_ADMN
2020-05-03 18:35:42,450 INFO com.surshree.app.services.CustomUserDetailsService [http-nio-8080-exec-7] Granted Authorities --> ROLE_CONT
2020-05-03 18:35:42,450 INFO com.surshree.app.services.CustomUserDetailsService [http-nio-8080-exec-7] Granted Authorities --> FUNC_CONT_MENU
2020-05-03 18:35:42,451 INFO com.surshree.app.services.CustomUserDetailsService [http-nio-8080-exec-7] Granted Authorities --> FUNC_VIEW_ADMIN_MENU
2020-05-03 18:35:42,452 INFO com.surshree.app.services.CustomUserDetailsService [http-nio-8080-exec-7] Granted Authorities --> FUNC_CONT_MENU
2020-05-03 18:35:42,452 DEBUG org.springframework.transaction.support.AbstractPlatformTransactionManager [http-nio-8080-exec-7] Initiating transaction commit
2020-05-03 18:35:42,455 DEBUG org.springframework.orm.jpa.JpaTransactionManager [http-nio-8080-exec-7] Committing JPA transaction on EntityManager [SessionImpl(1709381179<open>)]
2020-05-03 18:35:42,458 DEBUG org.springframework.orm.jpa.JpaTransactionManager [http-nio-8080-exec-7] Not closing pre-bound JPA EntityManager after transaction
2020-05-03 18:35:42,632 DEBUG org.springframework.web.servlet.mvc.method.annotation.AbstractMessageConverterMethodProcessor [http-nio-8080-exec-7] Using 'application/json', given [application/json] and supported [application/json, application/*+json, application/json, application/*+json]
2020-05-03 18:35:42,633 DEBUG org.springframework.core.log.LogFormatUtils [http-nio-8080-exec-7] Writing [[com.surshree.app.models.comp.EnrollmentResponse@6fb63809, com.surshree.app.models.comp.EnrollmentRe (truncated)...]
2020-05-03 18:35:42,636 DEBUG org.springframework.security.web.header.writers.HstsHeaderWriter [http-nio-8080-exec-7] Not injecting HSTS header since it did not match the requestMatcher org.springframework.security.web.header.writers.HstsHeaderWriter$SecureRequestMatcher@6f31b89b
2020-05-03 18:35:42,638 DEBUG org.springframework.orm.jpa.support.OpenEntityManagerInViewInterceptor [http-nio-8080-exec-7] Closing JPA EntityManager in OpenEntityManagerInViewInterceptor
2020-05-03 18:35:42,639 DEBUG org.springframework.web.servlet.FrameworkServlet [http-nio-8080-exec-7] Completed 200 OK
2020-05-03 18:35:42,639 DEBUG org.springframework.security.web.access.ExceptionTranslationFilter [http-nio-8080-exec-7] Chain processed normally
2020-05-03 18:35:42,639 DEBUG org.springframework.security.web.context.SecurityContextPersistenceFilter [http-nio-8080-exec-7] SecurityContextHolder now cleared, as request processing completed
2020-05-03 18:35:42,743 DEBUG org.springframework.security.web.util.matcher.OrRequestMatcher [http-nio-8080-exec-8] Trying to match using Ant [pattern='/oauth/token']
2020-05-03 18:35:42,744 DEBUG org.springframework.security.web.util.matcher.AntPathRequestMatcher [http-nio-8080-exec-8] Checking match of request : '/competitions/enrollment'; against '/oauth/token'
2020-05-03 18:35:42,745 DEBUG org.springframework.security.web.util.matcher.OrRequestMatcher [http-nio-8080-exec-8] Trying to match using Ant [pattern='/oauth/token_key']
2020-05-03 18:35:42,746 DEBUG org.springframework.security.web.util.matcher.AntPathRequestMatcher [http-nio-8080-exec-8] Checking match of request : '/competitions/enrollment'; against '/oauth/token_key'
2020-05-03 18:35:42,746 DEBUG org.springframework.security.web.util.matcher.OrRequestMatcher [http-nio-8080-exec-8] Trying to match using Ant [pattern='/oauth/check_token']
2020-05-03 18:35:42,746 DEBUG org.springframework.security.web.util.matcher.AntPathRequestMatcher [http-nio-8080-exec-8] Checking match of request : '/competitions/enrollment'; against '/oauth/check_token'
2020-05-03 18:35:42,747 DEBUG org.springframework.security.web.util.matcher.OrRequestMatcher [http-nio-8080-exec-8] No matches found
2020-05-03 18:35:42,747 DEBUG org.springframework.security.web.FilterChainProxy$VirtualFilterChain [http-nio-8080-exec-8] /competitions/enrollment at position 1 of 11 in additional filter chain; firing Filter: 'WebAsyncManagerIntegrationFilter'
2020-05-03 18:35:42,747 DEBUG org.springframework.security.web.FilterChainProxy$VirtualFilterChain [http-nio-8080-exec-8] /competitions/enrollment at position 2 of 11 in additional filter chain; firing Filter: 'SecurityContextPersistenceFilter'
2020-05-03 18:35:42,748 DEBUG org.springframework.security.web.FilterChainProxy$VirtualFilterChain [http-nio-8080-exec-8] /competitions/enrollment at position 3 of 11 in additional filter chain; firing Filter: 'HeaderWriterFilter'
2020-05-03 18:35:42,748 DEBUG org.springframework.security.web.FilterChainProxy$VirtualFilterChain [http-nio-8080-exec-8] /competitions/enrollment at position 4 of 11 in additional filter chain; firing Filter: 'LogoutFilter'
2020-05-03 18:35:42,748 DEBUG org.springframework.security.web.util.matcher.OrRequestMatcher [http-nio-8080-exec-8] Trying to match using Ant [pattern='/logout', GET]
2020-05-03 18:35:42,748 DEBUG org.springframework.security.web.util.matcher.AntPathRequestMatcher [http-nio-8080-exec-8] Checking match of request : '/competitions/enrollment'; against '/logout'
2020-05-03 18:35:42,749 DEBUG org.springframework.security.web.util.matcher.OrRequestMatcher [http-nio-8080-exec-8] Trying to match using Ant [pattern='/logout', POST]
2020-05-03 18:35:42,749 DEBUG org.springframework.security.web.util.matcher.AntPathRequestMatcher [http-nio-8080-exec-8] Request 'GET /competitions/enrollment' doesn't match 'POST /logout'
2020-05-03 18:35:42,749 DEBUG org.springframework.security.web.util.matcher.OrRequestMatcher [http-nio-8080-exec-8] Trying to match using Ant [pattern='/logout', PUT]
2020-05-03 18:35:42,749 DEBUG org.springframework.security.web.util.matcher.AntPathRequestMatcher [http-nio-8080-exec-8] Request 'GET /competitions/enrollment' doesn't match 'PUT /logout'
2020-05-03 18:35:42,749 DEBUG org.springframework.security.web.util.matcher.OrRequestMatcher [http-nio-8080-exec-8] Trying to match using Ant [pattern='/logout', DELETE]
2020-05-03 18:35:42,750 DEBUG org.springframework.security.web.util.matcher.AntPathRequestMatcher [http-nio-8080-exec-8] Request 'GET /competitions/enrollment' doesn't match 'DELETE /logout'
2020-05-03 18:35:42,750 DEBUG org.springframework.security.web.util.matcher.OrRequestMatcher [http-nio-8080-exec-8] No matches found
2020-05-03 18:35:42,750 DEBUG org.springframework.security.web.FilterChainProxy$VirtualFilterChain [http-nio-8080-exec-8] /competitions/enrollment at position 5 of 11 in additional filter chain; firing Filter: 'OAuth2AuthenticationProcessingFilter'
2020-05-03 18:35:42,750 DEBUG org.springframework.jdbc.core.JdbcTemplate [http-nio-8080-exec-8] Executing prepared SQL query
2020-05-03 18:35:42,751 DEBUG org.springframework.jdbc.core.JdbcTemplate [http-nio-8080-exec-8] Executing prepared SQL statement [select token_id, token from oauth_access_token where token_id = ?]
2020-05-03 18:35:42,751 DEBUG org.springframework.jdbc.datasource.DataSourceUtils [http-nio-8080-exec-8] Fetching JDBC Connection from DataSource
2020-05-03 18:35:42,753 DEBUG org.springframework.jdbc.core.JdbcTemplate [http-nio-8080-exec-8] Executing prepared SQL query
2020-05-03 18:35:42,754 DEBUG org.springframework.jdbc.core.JdbcTemplate [http-nio-8080-exec-8] Executing prepared SQL statement [select token_id, authentication from oauth_access_token where token_id = ?]
2020-05-03 18:35:42,754 DEBUG org.springframework.jdbc.datasource.DataSourceUtils [http-nio-8080-exec-8] Fetching JDBC Connection from DataSource
2020-05-03 18:35:42,756 DEBUG org.springframework.security.oauth2.provider.authentication.OAuth2AuthenticationProcessingFilter [http-nio-8080-exec-8] Authentication success: org.springframework.security.oauth2.provider.OAuth2Authentication@e2f94861: Principal: admin; Credentials: [PROTECTED]; Authenticated: true; Details: remoteAddress=192.168.43.52, tokenType=BearertokenValue=<TOKEN>; Granted Authorities: ROLE_ADMN, ROLE_CONT, FUNC_VIEW_ADMIN_MENU, FUNC_CONT_MENU, FUNC_CONT_MENU
2020-05-03 18:35:42,756 DEBUG org.springframework.security.web.FilterChainProxy$VirtualFilterChain [http-nio-8080-exec-8] /competitions/enrollment at position 6 of 11 in additional filter chain; firing Filter: 'RequestCacheAwareFilter'
2020-05-03 18:35:42,756 DEBUG org.springframework.security.web.FilterChainProxy$VirtualFilterChain [http-nio-8080-exec-8] /competitions/enrollment at position 7 of 11 in additional filter chain; firing Filter: 'SecurityContextHolderAwareRequestFilter'
2020-05-03 18:35:42,757 DEBUG org.springframework.security.web.FilterChainProxy$VirtualFilterChain [http-nio-8080-exec-8] /competitions/enrollment at position 8 of 11 in additional filter chain; firing Filter: 'AnonymousAuthenticationFilter'
2020-05-03 18:35:42,757 DEBUG org.springframework.security.web.authentication.AnonymousAuthenticationFilter [http-nio-8080-exec-8] SecurityContextHolder not populated with anonymous token, as it already contained: 'org.springframework.security.oauth2.provider.OAuth2Authentication@e2f94861: Principal: admin; Credentials: [PROTECTED]; Authenticated: true; Details: remoteAddress=192.168.43.52, tokenType=BearertokenValue=<TOKEN>; Granted Authorities: ROLE_ADMN, ROLE_CONT, FUNC_VIEW_ADMIN_MENU, FUNC_CONT_MENU, FUNC_CONT_MENU'
2020-05-03 18:35:42,757 DEBUG org.springframework.security.web.FilterChainProxy$VirtualFilterChain [http-nio-8080-exec-8] /competitions/enrollment at position 9 of 11 in additional filter chain; firing Filter: 'SessionManagementFilter'
2020-05-03 18:35:42,757 DEBUG org.springframework.security.web.authentication.session.CompositeSessionAuthenticationStrategy [http-nio-8080-exec-8] Delegating to org.springframework.security.web.authentication.session.ChangeSessionIdAuthenticationStrategy@2be89ba5
2020-05-03 18:35:42,758 DEBUG org.springframework.security.web.FilterChainProxy$VirtualFilterChain [http-nio-8080-exec-8] /competitions/enrollment at position 10 of 11 in additional filter chain; firing Filter: 'ExceptionTranslationFilter'
2020-05-03 18:35:42,758 DEBUG org.springframework.security.web.FilterChainProxy$VirtualFilterChain [http-nio-8080-exec-8] /competitions/enrollment at position 11 of 11 in additional filter chain; firing Filter: 'FilterSecurityInterceptor'
2020-05-03 18:35:42,758 DEBUG org.springframework.security.access.intercept.AbstractSecurityInterceptor [http-nio-8080-exec-8] Secure object: FilterInvocation: URL: /competitions/enrollment; Attributes: [#oauth2.throwOnError(authenticated)]
2020-05-03 18:35:42,759 DEBUG org.springframework.security.access.intercept.AbstractSecurityInterceptor [http-nio-8080-exec-8] Previously Authenticated: org.springframework.security.oauth2.provider.OAuth2Authentication@e2f94861: Principal: admin; Credentials: [PROTECTED]; Authenticated: true; Details: remoteAddress=192.168.43.52, tokenType=BearertokenValue=<TOKEN>; Granted Authorities: ROLE_ADMN, ROLE_CONT, FUNC_VIEW_ADMIN_MENU, FUNC_CONT_MENU, FUNC_CONT_MENU
2020-05-03 18:35:42,759 DEBUG org.springframework.security.access.vote.AffirmativeBased [http-nio-8080-exec-8] Voter: org.springframework.security.web.access.expression.WebExpressionVoter@56f71341, returned: 1
2020-05-03 18:35:42,760 DEBUG org.springframework.security.access.intercept.AbstractSecurityInterceptor [http-nio-8080-exec-8] Authorization successful
2020-05-03 18:35:42,760 DEBUG org.springframework.security.access.intercept.AbstractSecurityInterceptor [http-nio-8080-exec-8] RunAsManager did not change Authentication object
2020-05-03 18:35:42,760 DEBUG org.springframework.security.web.FilterChainProxy$VirtualFilterChain [http-nio-8080-exec-8] /competitions/enrollment reached end of additional filter chain; proceeding with original chain
2020-05-03 18:35:42,760 DEBUG org.springframework.core.log.LogFormatUtils [http-nio-8080-exec-8] GET "/competitions/enrollment", parameters={}
2020-05-03 18:35:42,761 DEBUG org.springframework.web.servlet.handler.AbstractHandlerMapping [http-nio-8080-exec-8] Mapped to com.surshree.app.controllers.CompetitionController#getEnrolledCompetition()
2020-05-03 18:35:42,762 DEBUG org.springframework.orm.jpa.support.OpenEntityManagerInViewInterceptor [http-nio-8080-exec-8] Opening JPA EntityManager in OpenEntityManagerInViewInterceptor
2020-05-03 18:35:42,764 DEBUG org.springframework.orm.jpa.JpaTransactionManager [http-nio-8080-exec-8] Found thread-bound EntityManager [SessionImpl(132589753<open>)] for JPA transaction
2020-05-03 18:35:42,765 DEBUG org.springframework.transaction.support.AbstractPlatformTransactionManager [http-nio-8080-exec-8] Creating new transaction with name [com.surshree.app.services.CustomUserDetailsService.loadUserByUsername]: PROPAGATION_REQUIRED,ISOLATION_DEFAULT
2020-05-03 18:35:42,781 DEBUG org.springframework.orm.jpa.JpaTransactionManager [http-nio-8080-exec-8] Exposing JPA transaction as JDBC [org.springframework.orm.jpa.vendor.HibernateJpaDialect$HibernateConnectionHandle@323c49ad]
2020-05-03 18:35:42,782 INFO com.surshree.app.services.CustomUserDetailsService [http-nio-8080-exec-8] Granted Authorities --> ROLE_ADMN
2020-05-03 18:35:42,783 INFO com.surshree.app.services.CustomUserDetailsService [http-nio-8080-exec-8] Granted Authorities --> ROLE_CONT
2020-05-03 18:35:42,785 INFO com.surshree.app.services.CustomUserDetailsService [http-nio-8080-exec-8] Granted Authorities --> FUNC_CONT_MENU
2020-05-03 18:35:42,786 INFO com.surshree.app.services.CustomUserDetailsService [http-nio-8080-exec-8] Granted Authorities --> FUNC_VIEW_ADMIN_MENU
2020-05-03 18:35:42,786 INFO com.surshree.app.services.CustomUserDetailsService [http-nio-8080-exec-8] Granted Authorities --> FUNC_CONT_MENU
2020-05-03 18:35:42,787 DEBUG org.springframework.transaction.support.AbstractPlatformTransactionManager [http-nio-8080-exec-8] Initiating transaction commit
2020-05-03 18:35:42,787 DEBUG org.springframework.orm.jpa.JpaTransactionManager [http-nio-8080-exec-8] Committing JPA transaction on EntityManager [SessionImpl(132589753<open>)]
2020-05-03 18:35:42,788 DEBUG org.springframework.orm.jpa.JpaTransactionManager [http-nio-8080-exec-8] Not closing pre-bound JPA EntityManager after transaction
2020-05-03 18:35:42,843 DEBUG org.springframework.web.servlet.mvc.method.annotation.AbstractMessageConverterMethodProcessor [http-nio-8080-exec-8] Using 'application/json', given [application/json] and supported [application/json, application/*+json, application/json, application/*+json]
2020-05-03 18:35:42,844 DEBUG org.springframework.core.log.LogFormatUtils [http-nio-8080-exec-8] Writing [[com.surshree.app.models.comp.EnrollmentResponse@63f5c6c3, com.surshree.app.models.comp.EnrollmentRe (truncated)...]
2020-05-03 18:35:42,845 DEBUG org.springframework.security.web.header.writers.HstsHeaderWriter [http-nio-8080-exec-8] Not injecting HSTS header since it did not match the requestMatcher org.springframework.security.web.header.writers.HstsHeaderWriter$SecureRequestMatcher@6f31b89b
2020-05-03 18:35:42,847 DEBUG org.springframework.orm.jpa.support.OpenEntityManagerInViewInterceptor [http-nio-8080-exec-8] Closing JPA EntityManager in OpenEntityManagerInViewInterceptor
2020-05-03 18:35:42,847 DEBUG org.springframework.web.servlet.FrameworkServlet [http-nio-8080-exec-8] Completed 200 OK
2020-05-03 18:35:42,848 DEBUG org.springframework.security.web.access.ExceptionTranslationFilter [http-nio-8080-exec-8] Chain processed normally
2020-05-03 18:35:42,849 DEBUG org.springframework.security.web.context.SecurityContextPersistenceFilter [http-nio-8080-exec-8] SecurityContextHolder now cleared, as request processing completed
2020-05-03 18:39:20,914 DEBUG org.springframework.boot.context.logging.ClasspathLoggingApplicationListener [main] Application started with classpath: unknown
2020-05-03 18:39:20,966 INFO org.springframework.boot.SpringApplication [main] No active profile set, falling back to default profiles: default
2020-05-03 18:39:20,969 DEBUG org.springframework.boot.SpringApplication [main] Loading source class com.surshree.app.SurShreeApplication,class org.springframework.cloud.bootstrap.BootstrapApplicationListener$BootstrapMarkerConfiguration
2020-05-03 18:39:21,041 DEBUG org.springframework.boot.logging.DeferredLog [main] Loaded config file 'file:/Users/ptiwari/Documents/project/ss/backend/surshri_be/build/resources/main/application.yml' (classpath:/application.yml)
2020-05-03 18:39:21,042 DEBUG org.springframework.context.support.AbstractApplicationContext [main] Refreshing org.springframework.boot.web.servlet.context.AnnotationConfigServletWebServerApplicationContext@2f4919b0
2020-05-03 18:39:21,065 DEBUG org.springframework.beans.factory.support.DefaultSingletonBeanRegistry [main] Creating shared instance of singleton bean 'org.springframework.context.annotation.internalConfigurationAnnotationProcessor'
2020-05-03 18:39:21,066 DEBUG org.springframework.beans.factory.support.DefaultSingletonBeanRegistry [main] Creating shared instance of singleton bean 'org.springframework.boot.autoconfigure.internalCachingMetadataReaderFactory'
2020-05-03 18:39:21,102 DEBUG org.springframework.context.annotation.ClassPathScanningCandidateComponentProvider [main] Identified candidate component class: file [/Users/ptiwari/Documents/project/ss/backend/surshri_be/build/classes/java/main/com/surshree/app/config/AuthorizationServerConfig.class]
2020-05-03 18:39:21,106 DEBUG org.springframework.context.annotation.ClassPathScanningCandidateComponentProvider [main] Identified candidate component class: file [/Users/ptiwari/Documents/project/ss/backend/surshri_be/build/classes/java/main/com/surshree/app/config/CacheConfig.class]
2020-05-03 18:39:21,107 DEBUG org.springframework.context.annotation.ClassPathScanningCandidateComponentProvider [main] Identified candidate component class: file [/Users/ptiwari/Documents/project/ss/backend/surshri_be/build/classes/java/main/com/surshree/app/config/CustomAuthenticationProvider.class]
2020-05-03 18:39:21,110 DEBUG org.springframework.context.annotation.ClassPathScanningCandidateComponentProvider [main] Identified candidate component class: file [/Users/ptiwari/Documents/project/ss/backend/surshri_be/build/classes/java/main/com/surshree/app/config/OAuthCheckTokenResponseBodyAdvice.class]
2020-05-03 18:39:21,111 DEBUG org.springframework.context.annotation.ClassPathScanningCandidateComponentProvider [main] Identified candidate component class: file [/Users/ptiwari/Documents/project/ss/backend/surshri_be/build/classes/java/main/com/surshree/app/config/ResourceServerConfig.class]
2020-05-03 18:39:21,113 DEBUG org.springframework.context.annotation.ClassPathScanningCandidateComponentProvider [main] Identified candidate component class: file [/Users/ptiwari/Documents/project/ss/backend/surshri_be/build/classes/java/main/com/surshree/app/config/UserAuthenticationConfig.class]
2020-05-03 18:39:21,123 DEBUG org.springframework.context.annotation.ClassPathScanningCandidateComponentProvider [main] Identified candidate component class: file [/Users/ptiwari/Documents/project/ss/backend/surshri_be/build/classes/java/main/com/surshree/app/config/WebSecurityConfig.class]
2020-05-03 18:39:21,139 DEBUG org.springframework.context.annotation.ClassPathScanningCandidateComponentProvider [main] Identified candidate component class: file [/Users/ptiwari/Documents/project/ss/backend/surshri_be/build/classes/java/main/com/surshree/app/controllers/AuthController.class]
2020-05-03 18:39:21,146 DEBUG org.springframework.context.annotation.ClassPathScanningCandidateComponentProvider [main] Identified candidate component class: file [/Users/ptiwari/Documents/project/ss/backend/surshri_be/build/classes/java/main/com/surshree/app/controllers/CompetitionController.class]
2020-05-03 18:39:21,150 DEBUG org.springframework.context.annotation.ClassPathScanningCandidateComponentProvider [main] Identified candidate component class: file [/Users/ptiwari/Documents/project/ss/backend/surshri_be/build/classes/java/main/com/surshree/app/controllers/FileController.class]
2020-05-03 18:39:21,153 DEBUG org.springframework.context.annotation.ClassPathScanningCandidateComponentProvider [main] Identified candidate component class: file [/Users/ptiwari/Documents/project/ss/backend/surshri_be/build/classes/java/main/com/surshree/app/controllers/MasterDataController.class]
2020-05-03 18:39:21,156 DEBUG org.springframework.context.annotation.ClassPathScanningCandidateComponentProvider [main] Identified candidate component class: file [/Users/ptiwari/Documents/project/ss/backend/surshri_be/build/classes/java/main/com/surshree/app/controllers/TestController.class]
2020-05-03 18:39:21,159 DEBUG org.springframework.context.annotation.ClassPathScanningCandidateComponentProvider [main] Identified candidate component class: file [/Users/ptiwari/Documents/project/ss/backend/surshri_be/build/classes/java/main/com/surshree/app/controllers/UserController.class]
2020-05-03 18:39:21,378 DEBUG org.springframework.context.annotation.ClassPathScanningCandidateComponentProvider [main] Identified candidate component class: file [/Users/ptiwari/Documents/project/ss/backend/surshri_be/build/classes/java/main/com/surshree/app/exception/CustomResponseEntityExceptionHandler.class]
2020-05-03 18:39:21,407 DEBUG org.springframework.context.annotation.ClassPathScanningCandidateComponentProvider [main] Identified candidate component class: file [/Users/ptiwari/Documents/project/ss/backend/surshri_be/build/classes/java/main/com/surshree/app/repository/CompetitionEntityRepoImpl.class]
2020-05-03 18:39:21,418 DEBUG org.springframework.context.annotation.ClassPathScanningCandidateComponentProvider [main] Identified candidate component class: file [/Users/ptiwari/Documents/project/ss/backend/surshri_be/build/classes/java/main/com/surshree/app/scheduling/CacheScheduler.class]
2020-05-03 18:39:21,425 DEBUG org.springframework.context.annotation.ClassPathScanningCandidateComponentProvider [main] Identified candidate component class: file [/Users/ptiwari/Documents/project/ss/backend/surshri_be/build/classes/java/main/com/surshree/app/services/CompetitionService.class]
2020-05-03 18:39:21,427 DEBUG org.springframework.context.annotation.ClassPathScanningCandidateComponentProvider [main] Identified candidate component class: file [/Users/ptiwari/Documents/project/ss/backend/surshri_be/build/classes/java/main/com/surshree/app/services/CustomUserDetailsService.class]
2020-05-03 18:39:21,429 DEBUG org.springframework.context.annotation.ClassPathScanningCandidateComponentProvider [main] Identified candidate component class: file [/Users/ptiwari/Documents/project/ss/backend/surshri_be/build/classes/java/main/com/surshree/app/services/FileService.class]
2020-05-03 18:39:21,431 DEBUG org.springframework.context.annotation.ClassPathScanningCandidateComponentProvider [main] Identified candidate component class: file [/Users/ptiwari/Documents/project/ss/backend/surshri_be/build/classes/java/main/com/surshree/app/services/OtpService.class]
2020-05-03 18:39:21,433 DEBUG org.springframework.context.annotation.ClassPathScanningCandidateComponentProvider [main] Identified candidate component class: file [/Users/ptiwari/Documents/project/ss/backend/surshri_be/build/classes/java/main/com/surshree/app/services/RoleService.class]
2020-05-03 18:39:21,440 DEBUG org.springframework.context.annotation.ClassPathScanningCandidateComponentProvider [main] Identified candidate component class: file [/Users/ptiwari/Documents/project/ss/backend/surshri_be/build/classes/java/main/com/surshree/app/util/JwtHelper.class]
2020-05-03 18:39:22,148 DEBUG org.springframework.core.env.PropertySourcesPropertyResolver [main] Found key 'security.oauth2.resource.token-info-uri' in PropertySource 'configurationProperties' with value of type String
2020-05-03 18:39:22,151 DEBUG org.springframework.core.env.PropertySourcesPropertyResolver [main] Found key 'security.oauth2.resource.token-info-uri' in PropertySource 'configurationProperties' with value of type String
2020-05-03 18:39:22,160 DEBUG org.springframework.core.env.PropertySourcesPropertyResolver [main] Found key 'security.oauth2.client.client-id' in PropertySource 'configurationProperties' with value of type String
2020-05-03 18:39:22,170 DEBUG org.springframework.core.env.PropertySourcesPropertyResolver [main] Found key 'security.oauth2.client.client-id' in PropertySource 'configurationProperties' with value of type String
2020-05-03 18:39:23,101 DEBUG org.springframework.core.env.PropertySourcesPropertyResolver [main] Found key 'spring.servlet.multipart.enabled' in PropertySource 'configurationProperties' with value of type Boolean
2020-05-03 18:39:23,348 INFO org.springframework.data.repository.config.RepositoryConfigurationDelegate [main] Bootstrapping Spring Data JPA repositories in DEFAULT mode.
2020-05-03 18:39:23,408 DEBUG org.springframework.data.repository.config.RepositoryConfigurationDelegate [main] Scanning for JPA repositories in packages com.surshree.app.
2020-05-03 18:39:23,466 DEBUG org.springframework.context.annotation.ClassPathScanningCandidateComponentProvider [main] Identified candidate component class: file [/Users/ptiwari/Documents/project/ss/backend/surshri_be/build/classes/java/main/com/surshree/app/repository/CompetitionEntityRepo.class]
2020-05-03 18:39:23,468 DEBUG org.springframework.context.annotation.ClassPathScanningCandidateComponentProvider [main] Identified candidate component class: file [/Users/ptiwari/Documents/project/ss/backend/surshri_be/build/classes/java/main/com/surshree/app/repository/FileContentRepo.class]
2020-05-03 18:39:23,470 DEBUG org.springframework.context.annotation.ClassPathScanningCandidateComponentProvider [main] Identified candidate component class: file [/Users/ptiwari/Documents/project/ss/backend/surshri_be/build/classes/java/main/com/surshree/app/repository/RoleRepo.class]
2020-05-03 18:39:23,471 DEBUG org.springframework.context.annotation.ClassPathScanningCandidateComponentProvider [main] Identified candidate component class: file [/Users/ptiwari/Documents/project/ss/backend/surshri_be/build/classes/java/main/com/surshree/app/repository/SubmittedEntriesRepo.class]
2020-05-03 18:39:23,474 DEBUG org.springframework.context.annotation.ClassPathScanningCandidateComponentProvider [main] Identified candidate component class: file [/Users/ptiwari/Documents/project/ss/backend/surshri_be/build/classes/java/main/com/surshree/app/repository/SubscriptionRepo.class]
2020-05-03 18:39:23,475 DEBUG org.springframework.context.annotation.ClassPathScanningCandidateComponentProvider [main] Identified candidate component class: file [/Users/ptiwari/Documents/project/ss/backend/surshri_be/build/classes/java/main/com/surshree/app/repository/UserDetailsRepo.class]
2020-05-03 18:39:23,478 DEBUG org.springframework.context.annotation.ClassPathScanningCandidateComponentProvider [main] Identified candidate component class: file [/Users/ptiwari/Documents/project/ss/backend/surshri_be/build/classes/java/main/com/surshree/app/repository/UserRepository.class]
2020-05-03 18:39:23,749 DEBUG org.springframework.context.annotation.ClassPathScanningCandidateComponentProvider [main] Identified candidate component class: file [/Users/ptiwari/Documents/project/ss/backend/surshri_be/build/classes/java/main/com/surshree/app/repository/CompetitionEntityRepoImpl.class]
2020-05-03 18:39:23,828 INFO org.springframework.data.repository.config.RepositoryConfigurationDelegate [main] Finished Spring Data repository scanning in 412ms. Found 7 JPA repository interfaces.
2020-05-03 18:39:24,201 DEBUG org.springframework.core.env.PropertySourcesPropertyResolver [main] Found key 'security.oauth2.client.client-id' in PropertySource 'configurationProperties' with value of type String
2020-05-03 18:39:24,215 DEBUG org.springframework.core.env.PropertySourcesPropertyResolver [main] Found key 'security.oauth2.client.client-id' in PropertySource 'configurationProperties' with value of type String
2020-05-03 18:39:24,221 DEBUG org.springframework.core.env.PropertySourcesPropertyResolver [main] Found key 'security.oauth2.client.client-id' in PropertySource 'configurationProperties' with value of type String
2020-05-03 18:39:25,061 DEBUG org.springframework.core.env.PropertySourcesPropertyResolver [main] Found key 'spring.servlet.multipart.enabled' in PropertySource 'configurationProperties' with value of type Boolean
2020-05-03 18:39:25,223 DEBUG org.springframework.beans.factory.support.DefaultSingletonBeanRegistry [main] Creating shared instance of singleton bean 'refreshScope'
2020-05-03 18:39:25,233 DEBUG org.springframework.beans.factory.support.DefaultSingletonBeanRegistry [main] Creating shared instance of singleton bean 'org.springframework.security.oauth2.config.annotation.web.configuration.AuthorizationServerEndpointsConfiguration$TokenKeyEndpointRegistrar'
2020-05-03 18:39:25,238 DEBUG org.springframework.beans.factory.support.DefaultSingletonBeanRegistry [main] Creating shared instance of singleton bean 'org.springframework.cloud.autoconfigure.RefreshAutoConfiguration$RefreshScopeBeanDefinitionEnhancer'
2020-05-03 18:39:25,570 DEBUG org.springframework.cloud.context.scope.GenericScope [main] Generating bean factory id from names: [/master, OAuthCheckTokenResponseBodyAdvice, applicationTaskExecutor, authController, authenticationEventPublisher, authenticationManagerBean, authenticationManagerBuilder, authorizationEndpoint, authorizationServerConfig, autowiredWebSecurityConfigurersIgnoreParents, basicErrorController, beanNameHandlerMapping, beanNameViewResolver, cacheAutoConfigurationValidator, cacheConfig, cacheInterceptor, cacheManager, cacheManagerCustomizers, cacheOperationSource, cacheScheduler, characterEncodingFilter, checkTokenEndpoint, classLoaderMetrics, clientDetailsService, clientDetailsServiceConfigurer, commonsFeatures, competitionController, competitionEntityRepo, competitionEntityRepoImpl, competitionService, compositeCompatibilityVerifier, compositeDiscoveryClient, configurationPropertiesBeans, configurationPropertiesRebinder, consumerTokenServices, contextRefresher, controllerEndpointDiscoverer, controllerEndpointHandlerMapping, controllerExposeExcludePropertyEndpointFilter, conventionErrorViewResolver, conversionServicePostProcessor, customAuthenticationProvider, customResponseEntityExceptionHandler, customUserDetailsService, dataSource, dataSourceInitializedPublisher, dataSourceInitializerPostProcessor, dbHealthContributor, defaultAuthorizationServerTokenServices, defaultServletHandlerMapping, defaultValidator, defaultViewResolver, delegatingApplicationListener, discoveryClientHealthIndicator, discoveryCompositeHealthContributor, diskSpaceHealthIndicator, dispatcherServlet, dispatcherServletMappingDescriptionProvider, dispatcherServletRegistration, emBeanDefinitionRegistrarPostProcessor, enableGlobalAuthenticationAutowiredConfigurer, endpointCachingOperationInvokerAdvisor, endpointMediaTypes, endpointOperationParameterMapper, entityManagerFactory, entityManagerFactoryBuilder, envInfoContributor, environmentManager, error, errorAttributes, errorPageCustomizer, errorPageRegistrarBeanPostProcessor, fileContentRepo, fileController, fileDescriptorMetrics, fileService, filterMappingDescriptionProvider, formContentFilter, getJdbcTokenStore, getJwtHelper, getPasswordEncoderBean, handlerExceptionResolver, handlerFunctionAdapter, healthAggregator, healthContributorRegistry, healthEndpoint, healthEndpointGroups, healthEndpointProperties, healthEndpointWebExtension, healthHttpCodeStatusMapper, healthIndicatorRegistry, healthStatusAggregator, healthStatusHttpMapper, hikariPoolDataSourceMetadataProvider, httpRequestHandlerAdapter, inetUtils, inetUtilsProperties, infoEndpoint, initializeAuthenticationProviderBeanManagerConfigurer, initializeUserDetailsBeanManagerConfigurer, jacksonGeoModule, jacksonObjectMapper, jacksonObjectMapperBuilder, jdbcTemplate, jpaContext, jpaMappingContext, jpaVendorAdapter, jsonComponentModule, jvmGcMetrics, jvmMemoryMetrics, jvmThreadMetrics, jwtHelper, localeCharsetMappingsCustomizer, logbackMetrics, loggingRebinder, management.endpoints.web-org.springframework.boot.actuate.autoconfigure.endpoint.web.WebEndpointProperties, management.endpoints.web.cors-org.springframework.boot.actuate.autoconfigure.endpoint.web.CorsEndpointProperties, management.health.diskspace-org.springframework.boot.actuate.autoconfigure.system.DiskSpaceHealthIndicatorProperties, management.health.status-org.springframework.boot.actuate.autoconfigure.health.HealthIndicatorProperties, management.info-org.springframework.boot.actuate.autoconfigure.info.InfoContributorProperties, management.metrics-org.springframework.boot.actuate.autoconfigure.metrics.MetricsProperties, management.metrics.export.simple-org.springframework.boot.actuate.autoconfigure.metrics.export.simple.SimpleProperties, management.server-org.springframework.boot.actuate.autoconfigure.web.server.ManagementServerProperties, managementServletContext, mappingJackson2HttpMessageConverter, messageConverters, meterRegistryPostProcessor, methodValidationPostProcessor, metricsHttpClientUriTagFilter, metricsHttpServerUriTagFilter, metricsRestTemplateCustomizer, metricsWebMvcConfigurer, micrometerClock, multipartConfigElement, multipartResolver, mvcContentNegotiationManager, mvcConversionService, mvcHandlerMappingIntrospector, mvcPathMatcher, mvcResourceUrlProvider, mvcUriComponentsContributor, mvcUrlPathHelper, mvcValidator, mvcViewResolver, namedParameterJdbcTemplate, oauth2ClientContext, oauth2EndpointHandlerMapping, oauth2RemoteResource, objectPostProcessor, openEntityManagerInViewInterceptor, openEntityManagerInViewInterceptorConfigurer, org.springframework.aop.config.internalAutoProxyCreator, org.springframework.boot.actuate.autoconfigure.endpoint.EndpointAutoConfiguration, org.springframework.boot.actuate.autoconfigure.endpoint.web.ServletEndpointManagementContextConfiguration, org.springframework.boot.actuate.autoconfigure.endpoint.web.ServletEndpointManagementContextConfiguration$WebMvcServletEndpointManagementContextConfiguration, org.springframework.boot.actuate.autoconfigure.endpoint.web.WebEndpointAutoConfiguration, org.springframework.boot.actuate.autoconfigure.endpoint.web.WebEndpointAutoConfiguration$WebEndpointServletConfiguration, org.springframework.boot.actuate.autoconfigure.endpoint.web.servlet.WebMvcEndpointManagementContextConfiguration, org.springframework.boot.actuate.autoconfigure.health.HealthContributorAutoConfiguration, org.springframework.boot.actuate.autoconfigure.health.HealthEndpointAutoConfiguration, org.springframework.boot.actuate.autoconfigure.health.HealthEndpointConfiguration, org.springframework.boot.actuate.autoconfigure.health.HealthEndpointWebExtensionConfiguration, org.springframework.boot.actuate.autoconfigure.health.LegacyHealthEndpointAdaptersConfiguration, org.springframework.boot.actuate.autoconfigure.health.LegacyHealthEndpointCompatibilityConfiguration, org.springframework.boot.actuate.autoconfigure.info.InfoContributorAutoConfiguration, org.springframework.boot.actuate.autoconfigure.info.InfoEndpointAutoConfiguration, org.springframework.boot.actuate.autoconfigure.jdbc.DataSourceHealthContributorAutoConfiguration, org.springframework.boot.actuate.autoconfigure.metrics.CompositeMeterRegistryAutoConfiguration, org.springframework.boot.actuate.autoconfigure.metrics.JvmMetricsAutoConfiguration, org.springframework.boot.actuate.autoconfigure.metrics.LogbackMetricsAutoConfiguration, org.springframework.boot.actuate.autoconfigure.metrics.MetricsAutoConfiguration, org.springframework.boot.actuate.autoconfigure.metrics.SystemMetricsAutoConfiguration, org.springframework.boot.actuate.autoconfigure.metrics.cache.CacheMeterBinderProvidersConfiguration, org.springframework.boot.actuate.autoconfigure.metrics.cache.CacheMetricsAutoConfiguration, org.springframework.boot.actuate.autoconfigure.metrics.export.simple.SimpleMetricsExportAutoConfiguration, org.springframework.boot.actuate.autoconfigure.metrics.jdbc.DataSourcePoolMetricsAutoConfiguration, org.springframework.boot.actuate.autoconfigure.metrics.jdbc.DataSourcePoolMetricsAutoConfiguration$DataSourcePoolMetadataMetricsConfiguration, org.springframework.boot.actuate.autoconfigure.metrics.jdbc.DataSourcePoolMetricsAutoConfiguration$HikariDataSourceMetricsConfiguration, org.springframework.boot.actuate.autoconfigure.metrics.orm.jpa.HibernateMetricsAutoConfiguration, org.springframework.boot.actuate.autoconfigure.metrics.web.client.HttpClientMetricsAutoConfiguration, org.springframework.boot.actuate.autoconfigure.metrics.web.client.RestTemplateMetricsConfiguration, org.springframework.boot.actuate.autoconfigure.metrics.web.servlet.WebMvcMetricsAutoConfiguration, org.springframework.boot.actuate.autoconfigure.metrics.web.tomcat.TomcatMetricsAutoConfiguration, org.springframework.boot.actuate.autoconfigure.security.servlet.SecurityRequestMatchersManagementContextConfiguration, org.springframework.boot.actuate.autoconfigure.security.servlet.SecurityRequestMatchersManagementContextConfiguration$MvcRequestMatcherConfiguration, org.springframework.boot.actuate.autoconfigure.system.DiskSpaceHealthContributorAutoConfiguration, org.springframework.boot.actuate.autoconfigure.web.mappings.MappingsEndpointAutoConfiguration, org.springframework.boot.actuate.autoconfigure.web.mappings.MappingsEndpointAutoConfiguration$ServletWebConfiguration, org.springframework.boot.actuate.autoconfigure.web.mappings.MappingsEndpointAutoConfiguration$ServletWebConfiguration$SpringMvcConfiguration, org.springframework.boot.actuate.autoconfigure.web.server.ManagementContextAutoConfiguration, org.springframework.boot.actuate.autoconfigure.web.server.ManagementContextAutoConfiguration$SameManagementContextConfiguration, org.springframework.boot.actuate.autoconfigure.web.server.ManagementContextAutoConfiguration$SameManagementContextConfiguration$EnableSameManagementContextConfiguration, org.springframework.boot.actuate.autoconfigure.web.servlet.ServletManagementContextAutoConfiguration, org.springframework.boot.autoconfigure.AutoConfigurationPackages, org.springframework.boot.autoconfigure.aop.AopAutoConfiguration, org.springframework.boot.autoconfigure.aop.AopAutoConfiguration$AspectJAutoProxyingConfiguration, org.springframework.boot.autoconfigure.aop.AopAutoConfiguration$AspectJAutoProxyingConfiguration$CglibAutoProxyConfiguration, org.springframework.boot.autoconfigure.cache.CacheAutoConfiguration, org.springframework.boot.autoconfigure.cache.CacheAutoConfiguration$CacheManagerEntityManagerFactoryDependsOnPostProcessor, org.springframework.boot.autoconfigure.cache.SimpleCacheConfiguration, org.springframework.boot.autoconfigure.context.ConfigurationPropertiesAutoConfiguration, org.springframework.boot.autoconfigure.context.PropertyPlaceholderAutoConfiguration, org.springframework.boot.autoconfigure.dao.PersistenceExceptionTranslationAutoConfiguration, org.springframework.boot.autoconfigure.data.web.SpringDataWebAutoConfiguration, org.springframework.boot.autoconfigure.http.HttpMessageConvertersAutoConfiguration, org.springframework.boot.autoconfigure.http.HttpMessageConvertersAutoConfiguration$StringHttpMessageConverterConfiguration, org.springframework.boot.autoconfigure.http.JacksonHttpMessageConvertersConfiguration, org.springframework.boot.autoconfigure.http.JacksonHttpMessageConvertersConfiguration$MappingJackson2HttpMessageConverterConfiguration, org.springframework.boot.autoconfigure.info.ProjectInfoAutoConfiguration, org.springframework.boot.autoconfigure.internalCachingMetadataReaderFactory, org.springframework.boot.autoconfigure.jackson.JacksonAutoConfiguration, org.springframework.boot.autoconfigure.jackson.JacksonAutoConfiguration$Jackson2ObjectMapperBuilderCustomizerConfiguration, org.springframework.boot.autoconfigure.jackson.JacksonAutoConfiguration$JacksonObjectMapperBuilderConfiguration, org.springframework.boot.autoconfigure.jackson.JacksonAutoConfiguration$JacksonObjectMapperConfiguration, org.springframework.boot.autoconfigure.jackson.JacksonAutoConfiguration$ParameterNamesModuleConfiguration, org.springframework.boot.autoconfigure.jdbc.DataSourceAutoConfiguration, org.springframework.boot.autoconfigure.jdbc.DataSourceAutoConfiguration$PooledDataSourceConfiguration, org.springframework.boot.autoconfigure.jdbc.DataSourceConfiguration$Hikari, org.springframework.boot.autoconfigure.jdbc.DataSourceInitializationConfiguration, org.springframework.boot.autoconfigure.jdbc.DataSourceInitializerInvoker, org.springframework.boot.autoconfigure.jdbc.DataSourceJmxConfiguration, org.springframework.boot.autoconfigure.jdbc.DataSourceJmxConfiguration$Hikari, org.springframework.boot.autoconfigure.jdbc.DataSourceTransactionManagerAutoConfiguration, org.springframework.boot.autoconfigure.jdbc.DataSourceTransactionManagerAutoConfiguration$DataSourceTransactionManagerConfiguration, org.springframework.boot.autoconfigure.jdbc.JdbcTemplateAutoConfiguration, org.springframework.boot.autoconfigure.jdbc.JdbcTemplateConfiguration, org.springframework.boot.autoconfigure.jdbc.NamedParameterJdbcTemplateConfiguration, org.springframework.boot.autoconfigure.jdbc.metadata.DataSourcePoolMetadataProvidersConfiguration, org.springframework.boot.autoconfigure.jdbc.metadata.DataSourcePoolMetadataProvidersConfiguration$HikariPoolDataSourceMetadataProviderConfiguration, org.springframework.boot.autoconfigure.orm.jpa.HibernateJpaAutoConfiguration, org.springframework.boot.autoconfigure.orm.jpa.HibernateJpaConfiguration, org.springframework.boot.autoconfigure.orm.jpa.JpaBaseConfiguration$JpaWebConfiguration, org.springframework.boot.autoconfigure.security.oauth2.OAuth2AutoConfiguration, org.springframework.boot.autoconfigure.security.oauth2.client.OAuth2ProtectedResourceDetailsConfiguration, org.springframework.boot.autoconfigure.security.oauth2.client.OAuth2RestOperationsConfiguration, org.springframework.boot.autoconfigure.security.oauth2.client.OAuth2RestOperationsConfiguration$RequestScopedConfiguration, org.springframework.boot.autoconfigure.security.oauth2.resource.OAuth2ResourceServerConfiguration, org.springframework.boot.autoconfigure.security.oauth2.resource.servlet.OAuth2ResourceServerAutoConfiguration, org.springframework.boot.autoconfigure.security.servlet.SecurityAutoConfiguration, org.springframework.boot.autoconfigure.security.servlet.SecurityFilterAutoConfiguration, org.springframework.boot.autoconfigure.task.TaskExecutionAutoConfiguration, org.springframework.boot.autoconfigure.task.TaskSchedulingAutoConfiguration, org.springframework.boot.autoconfigure.transaction.TransactionAutoConfiguration, org.springframework.boot.autoconfigure.transaction.TransactionAutoConfiguration$TransactionTemplateConfiguration, org.springframework.boot.autoconfigure.transaction.jta.JtaAutoConfiguration, org.springframework.boot.autoconfigure.validation.ValidationAutoConfiguration, org.springframework.boot.autoconfigure.web.client.RestTemplateAutoConfiguration, org.springframework.boot.autoconfigure.web.embedded.EmbeddedWebServerFactoryCustomizerAutoConfiguration, org.springframework.boot.autoconfigure.web.embedded.EmbeddedWebServerFactoryCustomizerAutoConfiguration$TomcatWebServerFactoryCustomizerConfiguration, org.springframework.boot.autoconfigure.web.servlet.DispatcherServletAutoConfiguration, org.springframework.boot.autoconfigure.web.servlet.DispatcherServletAutoConfiguration$DispatcherServletConfiguration, org.springframework.boot.autoconfigure.web.servlet.DispatcherServletAutoConfiguration$DispatcherServletRegistrationConfiguration, org.springframework.boot.autoconfigure.web.servlet.HttpEncodingAutoConfiguration, org.springframework.boot.autoconfigure.web.servlet.MultipartAutoConfiguration, org.springframework.boot.autoconfigure.web.servlet.ServletWebServerFactoryAutoConfiguration, org.springframework.boot.autoconfigure.web.servlet.ServletWebServerFactoryConfiguration$EmbeddedTomcat, org.springframework.boot.autoconfigure.web.servlet.WebMvcAutoConfiguration, org.springframework.boot.autoconfigure.web.servlet.WebMvcAutoConfiguration$EnableWebMvcConfiguration, org.springframework.boot.autoconfigure.web.servlet.WebMvcAutoConfiguration$WebMvcAutoConfigurationAdapter, org.springframework.boot.autoconfigure.web.servlet.error.ErrorMvcAutoConfiguration, org.springframework.boot.autoconfigure.web.servlet.error.ErrorMvcAutoConfiguration$DefaultErrorViewResolverConfiguration, org.springframework.boot.autoconfigure.web.servlet.error.ErrorMvcAutoConfiguration$WhitelabelErrorViewConfiguration, org.springframework.boot.autoconfigure.websocket.servlet.WebSocketServletAutoConfiguration, org.springframework.boot.autoconfigure.websocket.servlet.WebSocketServletAutoConfiguration$TomcatWebSocketConfiguration, org.springframework.boot.context.internalConfigurationPropertiesBinder, org.springframework.boot.context.internalConfigurationPropertiesBinderFactory, org.springframework.boot.context.properties.ConfigurationBeanFactoryMetadata, org.springframework.boot.context.properties.ConfigurationPropertiesBeanDefinitionValidator, org.springframework.boot.context.properties.ConfigurationPropertiesBindingPostProcessor, org.springframework.cache.annotation.ProxyCachingConfiguration, org.springframework.cache.config.internalCacheAdvisor, org.springframework.cloud.autoconfigure.ConfigurationPropertiesRebinderAutoConfiguration, org.springframework.cloud.autoconfigure.LifecycleMvcEndpointAutoConfiguration, org.springframework.cloud.autoconfigure.PauseResumeEndpointsConfiguration, org.springframework.cloud.autoconfigure.RefreshAutoConfiguration, org.springframework.cloud.autoconfigure.RefreshAutoConfiguration$JpaInvokerConfiguration, org.springframework.cloud.autoconfigure.RefreshAutoConfiguration$RefreshScopeBeanDefinitionEnhancer, org.springframework.cloud.autoconfigure.RefreshEndpointAutoConfiguration, org.springframework.cloud.autoconfigure.RefreshEndpointAutoConfiguration$RefreshEndpointConfiguration, org.springframework.cloud.autoconfigure.RestartEndpointWithoutIntegrationConfiguration, org.springframework.cloud.client.CommonsClientAutoConfiguration, org.springframework.cloud.client.CommonsClientAutoConfiguration$ActuatorConfiguration, org.springframework.cloud.client.CommonsClientAutoConfiguration$DiscoveryLoadBalancerConfiguration, org.springframework.cloud.client.ReactiveCommonsClientAutoConfiguration, org.springframework.cloud.client.discovery.composite.CompositeDiscoveryClientAutoConfiguration, org.springframework.cloud.client.discovery.simple.SimpleDiscoveryClientAutoConfiguration, org.springframework.cloud.client.serviceregistry.AutoServiceRegistrationAutoConfiguration, org.springframework.cloud.client.serviceregistry.AutoServiceRegistrationConfiguration, org.springframework.cloud.client.serviceregistry.ServiceRegistryAutoConfiguration, org.springframework.cloud.commons.httpclient.HttpClientConfiguration, org.springframework.cloud.commons.util.UtilAutoConfiguration, org.springframework.cloud.configuration.CompatibilityVerifierAutoConfiguration, org.springframework.context.annotation.internalAutowiredAnnotationProcessor, org.springframework.context.annotation.internalCommonAnnotationProcessor, org.springframework.context.annotation.internalConfigurationAnnotationProcessor, org.springframework.context.annotation.internalPersistenceAnnotationProcessor, org.springframework.context.annotation.internalScheduledAnnotationProcessor, org.springframework.context.event.internalEventListenerFactory, org.springframework.context.event.internalEventListenerProcessor, org.springframework.data.jpa.repository.config.JpaRepositoryConfigExtension#0, org.springframework.data.jpa.repository.support.JpaEvaluationContextExtension, org.springframework.data.jpa.util.JpaMetamodelCacheCleanup, org.springframework.data.web.config.ProjectingArgumentResolverRegistrar, org.springframework.data.web.config.SpringDataJacksonConfiguration, org.springframework.data.web.config.SpringDataWebConfiguration, org.springframework.scheduling.annotation.SchedulingConfiguration, org.springframework.security.config.annotation.authentication.configuration.AuthenticationConfiguration, org.springframework.security.config.annotation.configuration.ObjectPostProcessorConfiguration, org.springframework.security.config.annotation.web.configuration.WebMvcSecurityConfiguration, org.springframework.security.config.annotation.web.configuration.WebSecurityConfiguration, org.springframework.security.oauth2.config.annotation.configuration.ClientDetailsServiceConfiguration, org.springframework.security.oauth2.config.annotation.web.configuration.AuthorizationServerEndpointsConfiguration, org.springframework.security.oauth2.config.annotation.web.configuration.AuthorizationServerEndpointsConfiguration$TokenKeyEndpointRegistrar, org.springframework.security.oauth2.config.annotation.web.configuration.AuthorizationServerSecurityConfiguration, org.springframework.security.oauth2.config.annotation.web.configuration.ResourceServerConfiguration, org.springframework.transaction.annotation.ProxyTransactionManagementConfiguration, org.springframework.transaction.config.internalTransactionAdvisor, org.springframework.transaction.config.internalTransactionalEventListenerFactory, otpService, pageableCustomizer, pageableResolver, parameterNamesModule, pathMappedEndpoints, persistenceExceptionTranslationPostProcessor, pingHealthContributor, platformTransactionManagerCustomizers, preserveErrorControllerTargetClassPostProcessor, privilegeEvaluator, processorMetrics, projectingArgumentResolverBeanPostProcessor, propertiesMeterFilter, propertySourcesPlaceholderConfigurer, refreshEventListener, refreshScope, refreshScopeHealthIndicator, requestContextFilter, requestDataValueProcessor, requestMappingHandlerAdapter, requestMappingHandlerMapping, requestMatcherProvider, resourceHandlerMapping, resourceServerConfig, resourceServerProperties, restTemplateBuilder, restTemplateExchangeTagsProvider, roleRepo, roleService, routerFunctionMapping, scopedTarget.clientDetailsService, scopedTarget.oauth2ClientContext, security.oauth2.client-org.springframework.boot.autoconfigure.security.oauth2.OAuth2ClientProperties, securityFilterChainRegistration, server-org.springframework.boot.autoconfigure.web.ServerProperties, servletEndpointDiscoverer, servletEndpointRegistrar, servletExposeExcludePropertyEndpointFilter, servletMappingDescriptionProvider, servletWebChildContextFactory, servletWebServerFactoryCustomizer, simpleConfig, simpleControllerHandlerAdapter, simpleDiscoveryClient, simpleDiscoveryProperties, simpleMeterRegistry, sortCustomizer, sortResolver, spring.cache-org.springframework.boot.autoconfigure.cache.CacheProperties, spring.cloud.compatibility-verifier-org.springframework.cloud.configuration.CompatibilityVerifierProperties, spring.cloud.discovery.client.health-indicator-org.springframework.cloud.client.discovery.health.DiscoveryClientHealthIndicatorProperties, spring.cloud.service-registry.auto-registration-org.springframework.cloud.client.serviceregistry.AutoServiceRegistrationProperties, spring.data.web-org.springframework.boot.autoconfigure.data.web.SpringDataWebProperties, spring.datasource-org.springframework.boot.autoconfigure.jdbc.DataSourceProperties, spring.http-org.springframework.boot.autoconfigure.http.HttpProperties, spring.info-org.springframework.boot.autoconfigure.info.ProjectInfoProperties, spring.jackson-org.springframework.boot.autoconfigure.jackson.JacksonProperties, spring.jdbc-org.springframework.boot.autoconfigure.jdbc.JdbcProperties, spring.jpa-org.springframework.boot.autoconfigure.orm.jpa.JpaProperties, spring.jpa.hibernate-org.springframework.boot.autoconfigure.orm.jpa.HibernateProperties, spring.mvc-org.springframework.boot.autoconfigure.web.servlet.WebMvcProperties, spring.resources-org.springframework.boot.autoconfigure.web.ResourceProperties, spring.security-org.springframework.boot.autoconfigure.security.SecurityProperties, spring.security.oauth2.resourceserver-org.springframework.boot.autoconfigure.security.oauth2.resource.OAuth2ResourceServerProperties, spring.servlet.multipart-org.springframework.boot.autoconfigure.web.servlet.MultipartProperties, spring.task.execution-org.springframework.boot.autoconfigure.task.TaskExecutionProperties, spring.task.scheduling-org.springframework.boot.autoconfigure.task.TaskSchedulingProperties, spring.transaction-org.springframework.boot.autoconfigure.transaction.TransactionProperties, springBootVersionVerifier, springSecurityFilterChain, standardJacksonObjectMapperBuilderCustomizer, stringHttpMessageConverter, submittedEntriesRepo, subscriptionRepo, surShreeApplication, taskExecutorBuilder, taskScheduler, taskSchedulerBuilder, testController, tokenEndpoint, tomcatMetricsBinder, tomcatServletWebServerFactory, tomcatServletWebServerFactoryCustomizer, tomcatWebServerFactoryCustomizer, transactionAttributeSource, transactionInterceptor, transactionManager, transactionTemplate, uptimeMetrics, userAuthenticationConfig, userController, userDetailsRepo, userRepository, viewControllerHandlerMapping, viewResolver, webEndpointDiscoverer, webEndpointPathMapper, webEndpointServletHandlerMapping, webExposeExcludePropertyEndpointFilter, webMvcMetricsFilter, webMvcTagsProvider, webSecurityConfig, webSecurityExpressionHandler, webServerFactoryCustomizerBeanPostProcessor, websocketServletWebServerCustomizer, welcomePageHandlerMapping, whitelabelApprovalEndpoint, whitelabelErrorEndpoint]
2020-05-03 18:39:25,576 INFO org.springframework.cloud.context.scope.GenericScope [main] BeanFactory id=64f3e5b8-c00c-32f7-8e03-df3c04d7c69e
2020-05-03 18:39:25,581 DEBUG org.springframework.beans.factory.support.DefaultSingletonBeanRegistry [main] Creating shared instance of singleton bean 'propertySourcesPlaceholderConfigurer'
2020-05-03 18:39:25,585 DEBUG org.springframework.beans.factory.support.DefaultSingletonBeanRegistry [main] Creating shared instance of singleton bean 'emBeanDefinitionRegistrarPostProcessor'
2020-05-03 18:39:25,586 DEBUG org.springframework.beans.factory.support.DefaultSingletonBeanRegistry [main] Creating shared instance of singleton bean 'org.springframework.boot.context.properties.ConfigurationPropertiesBeanDefinitionValidator'
2020-05-03 18:39:25,587 DEBUG org.springframework.beans.factory.support.DefaultSingletonBeanRegistry [main] Creating shared instance of singleton bean 'org.springframework.boot.autoconfigure.cache.CacheAutoConfiguration$CacheManagerEntityManagerFactoryDependsOnPostProcessor'
2020-05-03 18:39:26,060 DEBUG org.springframework.beans.factory.support.DefaultSingletonBeanRegistry [main] Creating shared instance of singleton bean 'org.springframework.context.event.internalEventListenerProcessor'
2020-05-03 18:39:26,063 DEBUG org.springframework.beans.factory.support.DefaultSingletonBeanRegistry [main] Creating shared instance of singleton bean 'conversionServicePostProcessor'
2020-05-03 18:39:26,068 DEBUG org.springframework.beans.factory.support.DefaultSingletonBeanRegistry [main] Creating shared instance of singleton bean 'preserveErrorControllerTargetClassPostProcessor'
2020-05-03 18:39:26,072 DEBUG org.springframework.beans.factory.support.DefaultSingletonBeanRegistry [main] Creating shared instance of singleton bean 'org.springframework.context.event.internalEventListenerFactory'
2020-05-03 18:39:26,073 DEBUG org.springframework.beans.factory.support.DefaultSingletonBeanRegistry [main] Creating shared instance of singleton bean 'org.springframework.transaction.config.internalTransactionalEventListenerFactory'
2020-05-03 18:39:26,103 DEBUG org.springframework.beans.factory.support.DefaultSingletonBeanRegistry [main] Creating shared instance of singleton bean 'org.springframework.context.annotation.internalAutowiredAnnotationProcessor'
2020-05-03 18:39:26,104 DEBUG org.springframework.beans.factory.support.DefaultSingletonBeanRegistry [main] Creating shared instance of singleton bean 'org.springframework.context.annotation.internalCommonAnnotationProcessor'
2020-05-03 18:39:26,105 DEBUG org.springframework.beans.factory.support.DefaultSingletonBeanRegistry [main] Creating shared instance of singleton bean 'org.springframework.context.annotation.internalPersistenceAnnotationProcessor'
2020-05-03 18:39:26,105 DEBUG org.springframework.beans.factory.support.DefaultSingletonBeanRegistry [main] Creating shared instance of singleton bean 'org.springframework.boot.context.properties.ConfigurationPropertiesBindingPostProcessor'
2020-05-03 18:39:26,105 DEBUG org.springframework.beans.factory.support.DefaultSingletonBeanRegistry [main] Creating shared instance of singleton bean 'org.springframework.boot.context.internalConfigurationPropertiesBinder'
2020-05-03 18:39:26,105 DEBUG org.springframework.beans.factory.support.DefaultSingletonBeanRegistry [main] Creating shared instance of singleton bean 'org.springframework.boot.context.internalConfigurationPropertiesBinderFactory'
2020-05-03 18:39:26,107 DEBUG org.springframework.beans.factory.support.DefaultSingletonBeanRegistry [main] Creating shared instance of singleton bean 'org.springframework.context.annotation.internalScheduledAnnotationProcessor'
2020-05-03 18:39:26,107 DEBUG org.springframework.beans.factory.support.DefaultSingletonBeanRegistry [main] Creating shared instance of singleton bean 'org.springframework.scheduling.annotation.SchedulingConfiguration'
2020-05-03 18:39:26,138 DEBUG org.springframework.beans.factory.support.DefaultSingletonBeanRegistry [main] Creating shared instance of singleton bean 'org.springframework.aop.config.internalAutoProxyCreator'
2020-05-03 18:39:26,203 DEBUG org.springframework.beans.factory.support.DefaultSingletonBeanRegistry [main] Creating shared instance of singleton bean 'methodValidationPostProcessor'
2020-05-03 18:39:26,255 DEBUG org.springframework.beans.factory.support.ConstructorResolver [main] Autowiring by type from bean name 'methodValidationPostProcessor' via factory method to bean named 'environment'
2020-05-03 18:39:26,266 DEBUG org.springframework.beans.factory.support.DefaultSingletonBeanRegistry [main] Creating shared instance of singleton bean 'dataSourceInitializerPostProcessor'
2020-05-03 18:39:26,268 DEBUG org.springframework.beans.factory.support.DefaultSingletonBeanRegistry [main] Creating shared instance of singleton bean 'persistenceExceptionTranslationPostProcessor'
2020-05-03 18:39:26,270 DEBUG org.springframework.beans.factory.support.ConstructorResolver [main] Autowiring by type from bean name 'persistenceExceptionTranslationPostProcessor' via factory method to bean named 'environment'
2020-05-03 18:39:26,274 DEBUG org.springframework.beans.factory.support.DefaultSingletonBeanRegistry [main] Creating shared instance of singleton bean 'webServerFactoryCustomizerBeanPostProcessor'
2020-05-03 18:39:26,275 DEBUG org.springframework.beans.factory.support.DefaultSingletonBeanRegistry [main] Creating shared instance of singleton bean 'errorPageRegistrarBeanPostProcessor'
2020-05-03 18:39:26,276 DEBUG org.springframework.beans.factory.support.DefaultSingletonBeanRegistry [main] Creating shared instance of singleton bean 'dataSourceInitializedPublisher'
2020-05-03 18:39:26,280 DEBUG org.springframework.beans.factory.support.DefaultSingletonBeanRegistry [main] Creating shared instance of singleton bean 'meterRegistryPostProcessor'
2020-05-03 18:39:26,284 DEBUG org.springframework.beans.factory.support.DefaultSingletonBeanRegistry [main] Creating shared instance of singleton bean 'org.springframework.cache.config.internalCacheAdvisor'
2020-05-03 18:39:26,285 DEBUG org.springframework.beans.factory.support.DefaultSingletonBeanRegistry [main] Creating shared instance of singleton bean 'org.springframework.cache.annotation.ProxyCachingConfiguration'
2020-05-03 18:39:26,287 DEBUG org.springframework.beans.factory.support.DefaultSingletonBeanRegistry [main] Creating shared instance of singleton bean 'org.springframework.transaction.config.internalTransactionAdvisor'
2020-05-03 18:39:26,290 DEBUG org.springframework.beans.factory.support.DefaultSingletonBeanRegistry [main] Creating shared instance of singleton bean 'org.springframework.transaction.annotation.ProxyTransactionManagementConfiguration'
2020-05-03 18:39:26,321 DEBUG org.springframework.beans.factory.support.DefaultSingletonBeanRegistry [main] Creating shared instance of singleton bean 'transactionAttributeSource'
2020-05-03 18:39:26,329 DEBUG org.springframework.beans.factory.support.DefaultSingletonBeanRegistry [main] Creating shared instance of singleton bean 'transactionInterceptor'
2020-05-03 18:39:26,332 DEBUG org.springframework.beans.factory.support.ConstructorResolver [main] Autowiring by type from bean name 'transactionInterceptor' via factory method to bean named 'transactionAttributeSource'
2020-05-03 18:39:26,344 DEBUG org.springframework.beans.factory.support.ConstructorResolver [main] Autowiring by type from bean name 'org.springframework.transaction.config.internalTransactionAdvisor' via factory method to bean named 'transactionAttributeSource'
2020-05-03 18:39:26,344 DEBUG org.springframework.beans.factory.support.ConstructorResolver [main] Autowiring by type from bean name 'org.springframework.transaction.config.internalTransactionAdvisor' via factory method to bean named 'transactionInterceptor'
2020-05-03 18:39:26,366 DEBUG org.springframework.beans.factory.support.DefaultSingletonBeanRegistry [main] Creating shared instance of singleton bean 'cacheOperationSource'
2020-05-03 18:39:26,410 DEBUG org.springframework.beans.factory.support.DefaultSingletonBeanRegistry [main] Creating shared instance of singleton bean 'cacheInterceptor'
2020-05-03 18:39:26,461 DEBUG org.springframework.beans.factory.support.ConstructorResolver [main] Autowiring by type from bean name 'meterRegistryPostProcessor' via factory method to bean named 'org.springframework.boot.web.servlet.context.AnnotationConfigServletWebServerApplicationContext@2f4919b0'
2020-05-03 18:39:26,504 DEBUG org.springframework.beans.factory.support.DefaultSingletonBeanRegistry [main] Creating shared instance of singleton bean 'projectingArgumentResolverBeanPostProcessor'
2020-05-03 18:39:26,526 DEBUG org.springframework.beans.factory.support.DefaultSingletonBeanRegistry [main] Creating shared instance of singleton bean 'configurationPropertiesBeans'
2020-05-03 18:39:26,541 DEBUG org.springframework.ui.context.support.UiApplicationContextUtils [main] Unable to locate ThemeSource with name 'themeSource': using default [org.springframework.ui.context.support.ResourceBundleThemeSource@13d019a4]
2020-05-03 18:39:26,550 DEBUG org.springframework.beans.factory.support.DefaultSingletonBeanRegistry [main] Creating shared instance of singleton bean 'tomcatServletWebServerFactory'
2020-05-03 18:39:26,552 DEBUG org.springframework.beans.factory.support.DefaultSingletonBeanRegistry [main] Creating shared instance of singleton bean 'org.springframework.boot.autoconfigure.web.servlet.ServletWebServerFactoryConfiguration$EmbeddedTomcat'
2020-05-03 18:39:26,698 DEBUG org.springframework.beans.factory.support.DefaultSingletonBeanRegistry [main] Creating shared instance of singleton bean 'websocketServletWebServerCustomizer'
2020-05-03 18:39:26,700 DEBUG org.springframework.beans.factory.support.DefaultSingletonBeanRegistry [main] Creating shared instance of singleton bean 'org.springframework.boot.autoconfigure.websocket.servlet.WebSocketServletAutoConfiguration$TomcatWebSocketConfiguration'
2020-05-03 18:39:26,709 DEBUG org.springframework.beans.factory.support.DefaultSingletonBeanRegistry [main] Creating shared instance of singleton bean 'servletWebServerFactoryCustomizer'
2020-05-03 18:39:26,710 DEBUG org.springframework.beans.factory.support.DefaultSingletonBeanRegistry [main] Creating shared instance of singleton bean 'org.springframework.boot.autoconfigure.web.servlet.ServletWebServerFactoryAutoConfiguration'
2020-05-03 18:39:26,718 DEBUG org.springframework.beans.factory.support.DefaultSingletonBeanRegistry [main] Creating shared instance of singleton bean 'server-org.springframework.boot.autoconfigure.web.ServerProperties'
2020-05-03 18:39:26,754 DEBUG org.springframework.beans.factory.support.ConstructorResolver [main] Autowiring by type from bean name 'servletWebServerFactoryCustomizer' via factory method to bean named 'server-org.springframework.boot.autoconfigure.web.ServerProperties'
2020-05-03 18:39:26,757 DEBUG org.springframework.beans.factory.support.DefaultSingletonBeanRegistry [main] Creating shared instance of singleton bean 'tomcatServletWebServerFactoryCustomizer'
2020-05-03 18:39:26,762 DEBUG org.springframework.beans.factory.support.ConstructorResolver [main] Autowiring by type from bean name 'tomcatServletWebServerFactoryCustomizer' via factory method to bean named 'server-org.springframework.boot.autoconfigure.web.ServerProperties'
2020-05-03 18:39:26,765 DEBUG org.springframework.beans.factory.support.DefaultSingletonBeanRegistry [main] Creating shared instance of singleton bean 'tomcatWebServerFactoryCustomizer'
2020-05-03 18:39:26,766 DEBUG org.springframework.beans.factory.support.DefaultSingletonBeanRegistry [main] Creating shared instance of singleton bean 'org.springframework.boot.autoconfigure.web.embedded.EmbeddedWebServerFactoryCustomizerAutoConfiguration$TomcatWebServerFactoryCustomizerConfiguration'
2020-05-03 18:39:26,776 DEBUG org.springframework.beans.factory.support.ConstructorResolver [main] Autowiring by type from bean name 'tomcatWebServerFactoryCustomizer' via factory method to bean named 'environment'
2020-05-03 18:39:26,777 DEBUG org.springframework.beans.factory.support.ConstructorResolver [main] Autowiring by type from bean name 'tomcatWebServerFactoryCustomizer' via factory method to bean named 'server-org.springframework.boot.autoconfigure.web.ServerProperties'
2020-05-03 18:39:26,784 DEBUG org.springframework.beans.factory.support.DefaultSingletonBeanRegistry [main] Creating shared instance of singleton bean 'localeCharsetMappingsCustomizer'
2020-05-03 18:39:26,785 DEBUG org.springframework.beans.factory.support.DefaultSingletonBeanRegistry [main] Creating shared instance of singleton bean 'org.springframework.boot.autoconfigure.web.servlet.HttpEncodingAutoConfiguration'
2020-05-03 18:39:26,787 DEBUG org.springframework.beans.factory.support.DefaultSingletonBeanRegistry [main] Creating shared instance of singleton bean 'spring.http-org.springframework.boot.autoconfigure.http.HttpProperties'
2020-05-03 18:39:26,791 DEBUG org.springframework.beans.factory.support.ConstructorResolver [main] Autowiring by type from bean name 'org.springframework.boot.autoconfigure.web.servlet.HttpEncodingAutoConfiguration' via constructor to bean named 'spring.http-org.springframework.boot.autoconfigure.http.HttpProperties'
2020-05-03 18:39:26,851 DEBUG org.springframework.beans.factory.support.DefaultSingletonBeanRegistry [main] Creating shared instance of singleton bean 'errorPageCustomizer'
2020-05-03 18:39:26,852 DEBUG org.springframework.beans.factory.support.DefaultSingletonBeanRegistry [main] Creating shared instance of singleton bean 'org.springframework.boot.autoconfigure.web.servlet.error.ErrorMvcAutoConfiguration'
2020-05-03 18:39:26,854 DEBUG org.springframework.beans.factory.support.ConstructorResolver [main] Autowiring by type from bean name 'org.springframework.boot.autoconfigure.web.servlet.error.ErrorMvcAutoConfiguration' via constructor to bean named 'server-org.springframework.boot.autoconfigure.web.ServerProperties'
2020-05-03 18:39:26,857 DEBUG org.springframework.beans.factory.support.DefaultSingletonBeanRegistry [main] Creating shared instance of singleton bean 'dispatcherServletRegistration'
2020-05-03 18:39:26,858 DEBUG org.springframework.beans.factory.support.DefaultSingletonBeanRegistry [main] Creating shared instance of singleton bean 'org.springframework.boot.autoconfigure.web.servlet.DispatcherServletAutoConfiguration$DispatcherServletRegistrationConfiguration'
2020-05-03 18:39:26,864 DEBUG org.springframework.beans.factory.support.DefaultSingletonBeanRegistry [main] Creating shared instance of singleton bean 'dispatcherServlet'
2020-05-03 18:39:26,869 DEBUG org.springframework.beans.factory.support.DefaultSingletonBeanRegistry [main] Creating shared instance of singleton bean 'org.springframework.boot.autoconfigure.web.servlet.DispatcherServletAutoConfiguration$DispatcherServletConfiguration'
2020-05-03 18:39:26,898 DEBUG org.springframework.beans.factory.support.DefaultSingletonBeanRegistry [main] Creating shared instance of singleton bean 'spring.mvc-org.springframework.boot.autoconfigure.web.servlet.WebMvcProperties'
2020-05-03 18:39:26,909 DEBUG org.springframework.beans.factory.support.ConstructorResolver [main] Autowiring by type from bean name 'dispatcherServlet' via factory method to bean named 'spring.http-org.springframework.boot.autoconfigure.http.HttpProperties'
2020-05-03 18:39:26,909 DEBUG org.springframework.beans.factory.support.ConstructorResolver [main] Autowiring by type from bean name 'dispatcherServlet' via factory method to bean named 'spring.mvc-org.springframework.boot.autoconfigure.web.servlet.WebMvcProperties'
2020-05-03 18:39:26,948 DEBUG org.springframework.beans.factory.support.ConstructorResolver [main] Autowiring by type from bean name 'dispatcherServletRegistration' via factory method to bean named 'dispatcherServlet'
2020-05-03 18:39:26,949 DEBUG org.springframework.beans.factory.support.ConstructorResolver [main] Autowiring by type from bean name 'dispatcherServletRegistration' via factory method to bean named 'spring.mvc-org.springframework.boot.autoconfigure.web.servlet.WebMvcProperties'
2020-05-03 18:39:26,956 DEBUG org.springframework.beans.factory.support.DefaultSingletonBeanRegistry [main] Creating shared instance of singleton bean 'multipartConfigElement'
2020-05-03 18:39:26,958 DEBUG org.springframework.beans.factory.support.DefaultSingletonBeanRegistry [main] Creating shared instance of singleton bean 'org.springframework.boot.autoconfigure.web.servlet.MultipartAutoConfiguration'
2020-05-03 18:39:26,963 DEBUG org.springframework.beans.factory.support.DefaultSingletonBeanRegistry [main] Creating shared instance of singleton bean 'spring.servlet.multipart-org.springframework.boot.autoconfigure.web.servlet.MultipartProperties'
2020-05-03 18:39:26,994 DEBUG org.springframework.beans.factory.support.ConstructorResolver [main] Autowiring by type from bean name 'org.springframework.boot.autoconfigure.web.servlet.MultipartAutoConfiguration' via constructor to bean named 'spring.servlet.multipart-org.springframework.boot.autoconfigure.web.servlet.MultipartProperties'
2020-05-03 18:39:27,027 DEBUG org.springframework.beans.factory.support.ConstructorResolver [main] Autowiring by type from bean name 'errorPageCustomizer' via factory method to bean named 'dispatcherServletRegistration'
2020-05-03 18:39:27,464 DEBUG org.springframework.boot.web.servlet.server.DocumentRoot [main] Code archive: /Users/ptiwari/.gradle/caches/modules-2/files-2.1/org.springframework.boot/spring-boot/2.2.6.RELEASE/3180b07556790401c4d9d47d634902fa085aa9b0/spring-boot-2.2.6.RELEASE.jar
2020-05-03 18:39:27,465 DEBUG org.springframework.boot.web.servlet.server.DocumentRoot [main] Code archive: /Users/ptiwari/.gradle/caches/modules-2/files-2.1/org.springframework.boot/spring-boot/2.2.6.RELEASE/3180b07556790401c4d9d47d634902fa085aa9b0/spring-boot-2.2.6.RELEASE.jar
2020-05-03 18:39:27,465 DEBUG org.springframework.boot.web.servlet.server.DocumentRoot [main] None of the document roots [src/main/webapp, public, static] point to a directory and will be ignored.
2020-05-03 18:39:27,532 INFO org.springframework.boot.web.embedded.tomcat.TomcatWebServer [main] Tomcat initialized with port(s): 8080 (http)
2020-05-03 18:39:27,553 INFO org.apache.juli.logging.DirectJDKLog [main] Initializing ProtocolHandler ["http-nio-8080"]
2020-05-03 18:39:27,554 INFO org.apache.juli.logging.DirectJDKLog [main] Starting service [Tomcat]
2020-05-03 18:39:27,554 INFO org.apache.juli.logging.DirectJDKLog [main] Starting Servlet engine: [Apache Tomcat/9.0.33]
2020-05-03 18:39:27,992 INFO org.apache.juli.logging.DirectJDKLog [main] Initializing Spring embedded WebApplicationContext
2020-05-03 18:39:28,027 DEBUG org.springframework.boot.web.servlet.context.ServletWebServerApplicationContext [main] Published root WebApplicationContext as ServletContext attribute with name [org.springframework.web.context.WebApplicationContext.ROOT]
2020-05-03 18:39:28,027 INFO org.springframework.boot.web.servlet.context.ServletWebServerApplicationContext [main] Root WebApplicationContext: initialization completed in 6986 ms
2020-05-03 18:39:28,062 DEBUG org.springframework.beans.factory.support.DefaultSingletonBeanRegistry [main] Creating shared instance of singleton bean 'webMvcMetricsFilter'
2020-05-03 18:39:28,069 DEBUG org.springframework.beans.factory.support.DefaultSingletonBeanRegistry [main] Creating shared instance of singleton bean 'org.springframework.boot.actuate.autoconfigure.metrics.web.servlet.WebMvcMetricsAutoConfiguration'
2020-05-03 18:39:28,071 DEBUG org.springframework.beans.factory.support.DefaultSingletonBeanRegistry [main] Creating shared instance of singleton bean 'management.metrics-org.springframework.boot.actuate.autoconfigure.metrics.MetricsProperties'
2020-05-03 18:39:28,081 DEBUG org.springframework.beans.factory.support.ConstructorResolver [main] Autowiring by type from bean name 'org.springframework.boot.actuate.autoconfigure.metrics.web.servlet.WebMvcMetricsAutoConfiguration' via constructor to bean named 'management.metrics-org.springframework.boot.actuate.autoconfigure.metrics.MetricsProperties'
2020-05-03 18:39:28,085 DEBUG org.springframework.beans.factory.support.DefaultSingletonBeanRegistry [main] Creating shared instance of singleton bean 'simpleMeterRegistry'
2020-05-03 18:39:28,085 DEBUG org.springframework.beans.factory.support.DefaultSingletonBeanRegistry [main] Creating shared instance of singleton bean 'org.springframework.boot.actuate.autoconfigure.metrics.export.simple.SimpleMetricsExportAutoConfiguration'
2020-05-03 18:39:28,088 DEBUG org.springframework.beans.factory.support.DefaultSingletonBeanRegistry [main] Creating shared instance of singleton bean 'simpleConfig'
2020-05-03 18:39:28,091 DEBUG org.springframework.beans.factory.support.DefaultSingletonBeanRegistry [main] Creating shared instance of singleton bean 'management.metrics.export.simple-org.springframework.boot.actuate.autoconfigure.metrics.export.simple.SimpleProperties'
2020-05-03 18:39:28,096 DEBUG org.springframework.beans.factory.support.ConstructorResolver [main] Autowiring by type from bean name 'simpleConfig' via factory method to bean named 'management.metrics.export.simple-org.springframework.boot.actuate.autoconfigure.metrics.export.simple.SimpleProperties'
2020-05-03 18:39:28,109 DEBUG org.springframework.beans.factory.support.DefaultSingletonBeanRegistry [main] Creating shared instance of singleton bean 'micrometerClock'
2020-05-03 18:39:28,110 DEBUG org.springframework.beans.factory.support.DefaultSingletonBeanRegistry [main] Creating shared instance of singleton bean 'org.springframework.boot.actuate.autoconfigure.metrics.MetricsAutoConfiguration'
2020-05-03 18:39:28,113 DEBUG org.springframework.beans.factory.support.ConstructorResolver [main] Autowiring by type from bean name 'simpleMeterRegistry' via factory method to bean named 'simpleConfig'
2020-05-03 18:39:28,113 DEBUG org.springframework.beans.factory.support.ConstructorResolver [main] Autowiring by type from bean name 'simpleMeterRegistry' via factory method to bean named 'micrometerClock'
2020-05-03 18:39:28,140 DEBUG org.springframework.beans.factory.support.DefaultSingletonBeanRegistry [main] Creating shared instance of singleton bean 'propertiesMeterFilter'
2020-05-03 18:39:28,142 DEBUG org.springframework.beans.factory.support.ConstructorResolver [main] Autowiring by type from bean name 'propertiesMeterFilter' via factory method to bean named 'management.metrics-org.springframework.boot.actuate.autoconfigure.metrics.MetricsProperties'
2020-05-03 18:39:28,152 DEBUG org.springframework.beans.factory.support.DefaultSingletonBeanRegistry [main] Creating shared instance of singleton bean 'metricsHttpClientUriTagFilter'
2020-05-03 18:39:28,153 DEBUG org.springframework.beans.factory.support.DefaultSingletonBeanRegistry [main] Creating shared instance of singleton bean 'org.springframework.boot.actuate.autoconfigure.metrics.web.client.HttpClientMetricsAutoConfiguration'
2020-05-03 18:39:28,159 DEBUG org.springframework.beans.factory.support.ConstructorResolver [main] Autowiring by type from bean name 'metricsHttpClientUriTagFilter' via factory method to bean named 'management.metrics-org.springframework.boot.actuate.autoconfigure.metrics.MetricsProperties'
2020-05-03 18:39:28,166 DEBUG org.springframework.beans.factory.support.DefaultSingletonBeanRegistry [main] Creating shared instance of singleton bean 'metricsHttpServerUriTagFilter'
2020-05-03 18:39:28,173 DEBUG org.springframework.beans.factory.support.DefaultSingletonBeanRegistry [main] Creating shared instance of singleton bean 'jvmGcMetrics'
2020-05-03 18:39:28,174 DEBUG org.springframework.beans.factory.support.DefaultSingletonBeanRegistry [main] Creating shared instance of singleton bean 'org.springframework.boot.actuate.autoconfigure.metrics.JvmMetricsAutoConfiguration'
2020-05-03 18:39:28,182 DEBUG org.springframework.beans.factory.support.DefaultSingletonBeanRegistry [main] Creating shared instance of singleton bean 'jvmMemoryMetrics'
2020-05-03 18:39:28,183 DEBUG org.springframework.beans.factory.support.DefaultSingletonBeanRegistry [main] Creating shared instance of singleton bean 'jvmThreadMetrics'
2020-05-03 18:39:28,184 DEBUG org.springframework.beans.factory.support.DefaultSingletonBeanRegistry [main] Creating shared instance of singleton bean 'classLoaderMetrics'
2020-05-03 18:39:28,186 DEBUG org.springframework.beans.factory.support.DefaultSingletonBeanRegistry [main] Creating shared instance of singleton bean 'logbackMetrics'
2020-05-03 18:39:28,186 DEBUG org.springframework.beans.factory.support.DefaultSingletonBeanRegistry [main] Creating shared instance of singleton bean 'org.springframework.boot.actuate.autoconfigure.metrics.LogbackMetricsAutoConfiguration'
2020-05-03 18:39:28,190 DEBUG org.springframework.beans.factory.support.DefaultSingletonBeanRegistry [main] Creating shared instance of singleton bean 'uptimeMetrics'
2020-05-03 18:39:28,190 DEBUG org.springframework.beans.factory.support.DefaultSingletonBeanRegistry [main] Creating shared instance of singleton bean 'org.springframework.boot.actuate.autoconfigure.metrics.SystemMetricsAutoConfiguration'
2020-05-03 18:39:28,193 DEBUG org.springframework.beans.factory.support.DefaultSingletonBeanRegistry [main] Creating shared instance of singleton bean 'processorMetrics'
2020-05-03 18:39:28,195 DEBUG org.springframework.beans.factory.support.DefaultSingletonBeanRegistry [main] Creating shared instance of singleton bean 'fileDescriptorMetrics'
2020-05-03 18:39:28,257 DEBUG org.springframework.beans.factory.support.DefaultSingletonBeanRegistry [main] Creating shared instance of singleton bean 'webMvcTagsProvider'
2020-05-03 18:39:28,261 DEBUG org.springframework.beans.factory.support.ConstructorResolver [main] Autowiring by type from bean name 'webMvcMetricsFilter' via factory method to bean named 'simpleMeterRegistry'
2020-05-03 18:39:28,262 DEBUG org.springframework.beans.factory.support.ConstructorResolver [main] Autowiring by type from bean name 'webMvcMetricsFilter' via factory method to bean named 'webMvcTagsProvider'
2020-05-03 18:39:28,268 DEBUG org.springframework.beans.factory.support.DefaultSingletonBeanRegistry [main] Creating shared instance of singleton bean 'securityFilterChainRegistration'
2020-05-03 18:39:28,268 DEBUG org.springframework.beans.factory.support.DefaultSingletonBeanRegistry [main] Creating shared instance of singleton bean 'org.springframework.boot.autoconfigure.security.servlet.SecurityFilterAutoConfiguration'
2020-05-03 18:39:28,274 DEBUG org.springframework.beans.factory.support.DefaultSingletonBeanRegistry [main] Creating shared instance of singleton bean 'spring.security-org.springframework.boot.autoconfigure.security.SecurityProperties'
2020-05-03 18:39:28,286 DEBUG org.springframework.beans.factory.support.ConstructorResolver [main] Autowiring by type from bean name 'securityFilterChainRegistration' via factory method to bean named 'spring.security-org.springframework.boot.autoconfigure.security.SecurityProperties'
2020-05-03 18:39:28,296 DEBUG org.springframework.beans.factory.support.DefaultSingletonBeanRegistry [main] Creating shared instance of singleton bean 'servletEndpointRegistrar'
2020-05-03 18:39:28,296 DEBUG org.springframework.beans.factory.support.DefaultSingletonBeanRegistry [main] Creating shared instance of singleton bean 'org.springframework.boot.actuate.autoconfigure.endpoint.web.ServletEndpointManagementContextConfiguration$WebMvcServletEndpointManagementContextConfiguration'
2020-05-03 18:39:28,300 DEBUG org.springframework.beans.factory.support.DefaultSingletonBeanRegistry [main] Creating shared instance of singleton bean 'management.endpoints.web-org.springframework.boot.actuate.autoconfigure.endpoint.web.WebEndpointProperties'
2020-05-03 18:39:28,318 DEBUG org.springframework.beans.factory.support.DefaultSingletonBeanRegistry [main] Creating shared instance of singleton bean 'servletEndpointDiscoverer'
2020-05-03 18:39:28,320 DEBUG org.springframework.beans.factory.support.DefaultSingletonBeanRegistry [main] Creating shared instance of singleton bean 'org.springframework.boot.actuate.autoconfigure.endpoint.web.WebEndpointAutoConfiguration$WebEndpointServletConfiguration'
2020-05-03 18:39:28,331 DEBUG org.springframework.beans.factory.support.ConstructorResolver [main] Autowiring by type from bean name 'servletEndpointDiscoverer' via factory method to bean named 'org.springframework.boot.web.servlet.context.AnnotationConfigServletWebServerApplicationContext@2f4919b0'
2020-05-03 18:39:28,336 DEBUG org.springframework.beans.factory.support.DefaultSingletonBeanRegistry [main] Creating shared instance of singleton bean 'webEndpointPathMapper'
2020-05-03 18:39:28,342 DEBUG org.springframework.beans.factory.support.DefaultSingletonBeanRegistry [main] Creating shared instance of singleton bean 'org.springframework.boot.actuate.autoconfigure.endpoint.web.WebEndpointAutoConfiguration'
2020-05-03 18:39:28,347 DEBUG org.springframework.beans.factory.support.ConstructorResolver [main] Autowiring by type from bean name 'org.springframework.boot.actuate.autoconfigure.endpoint.web.WebEndpointAutoConfiguration' via constructor to bean named 'org.springframework.boot.web.servlet.context.AnnotationConfigServletWebServerApplicationContext@2f4919b0'
2020-05-03 18:39:28,350 DEBUG org.springframework.beans.factory.support.ConstructorResolver [main] Autowiring by type from bean name 'org.springframework.boot.actuate.autoconfigure.endpoint.web.WebEndpointAutoConfiguration' via constructor to bean named 'management.endpoints.web-org.springframework.boot.actuate.autoconfigure.endpoint.web.WebEndpointProperties'
2020-05-03 18:39:28,390 DEBUG org.springframework.beans.factory.support.DefaultSingletonBeanRegistry [main] Creating shared instance of singleton bean 'servletExposeExcludePropertyEndpointFilter'
2020-05-03 18:39:28,392 DEBUG org.springframework.beans.factory.support.DefaultSingletonBeanRegistry [main] Creating shared instance of singleton bean 'org.springframework.boot.actuate.autoconfigure.endpoint.web.ServletEndpointManagementContextConfiguration'
2020-05-03 18:39:28,399 DEBUG org.springframework.beans.factory.support.ConstructorResolver [main] Autowiring by type from bean name 'servletExposeExcludePropertyEndpointFilter' via factory method to bean named 'management.endpoints.web-org.springframework.boot.actuate.autoconfigure.endpoint.web.WebEndpointProperties'
2020-05-03 18:39:28,428 DEBUG org.springframework.beans.factory.support.ConstructorResolver [main] Autowiring by type from bean name 'servletEndpointRegistrar' via factory method to bean named 'management.endpoints.web-org.springframework.boot.actuate.autoconfigure.endpoint.web.WebEndpointProperties'
2020-05-03 18:39:28,430 DEBUG org.springframework.beans.factory.support.ConstructorResolver [main] Autowiring by type from bean name 'servletEndpointRegistrar' via factory method to bean named 'servletEndpointDiscoverer'
2020-05-03 18:39:28,431 DEBUG org.springframework.beans.factory.support.ConstructorResolver [main] Autowiring by type from bean name 'servletEndpointRegistrar' via factory method to bean named 'dispatcherServletRegistration'
2020-05-03 18:39:28,452 DEBUG org.springframework.beans.factory.support.DefaultSingletonBeanRegistry [main] Creating shared instance of singleton bean 'healthEndpoint'
2020-05-03 18:39:28,455 DEBUG org.springframework.beans.factory.support.DefaultSingletonBeanRegistry [main] Creating shared instance of singleton bean 'org.springframework.boot.actuate.autoconfigure.health.HealthEndpointConfiguration'
2020-05-03 18:39:28,472 DEBUG org.springframework.beans.factory.support.DefaultSingletonBeanRegistry [main] Creating shared instance of singleton bean 'healthContributorRegistry'
2020-05-03 18:39:28,481 DEBUG org.springframework.beans.factory.support.DefaultSingletonBeanRegistry [main] Creating shared instance of singleton bean 'healthEndpointGroups'
2020-05-03 18:39:28,485 DEBUG org.springframework.beans.factory.support.DefaultSingletonBeanRegistry [main] Creating shared instance of singleton bean 'healthEndpointProperties'
2020-05-03 18:39:28,486 DEBUG org.springframework.beans.factory.support.DefaultSingletonBeanRegistry [main] Creating shared instance of singleton bean 'org.springframework.boot.actuate.autoconfigure.health.HealthEndpointAutoConfiguration'
2020-05-03 18:39:28,493 DEBUG org.springframework.beans.factory.support.DefaultSingletonBeanRegistry [main] Creating shared instance of singleton bean 'management.health.status-org.springframework.boot.actuate.autoconfigure.health.HealthIndicatorProperties'
2020-05-03 18:39:28,499 DEBUG org.springframework.beans.factory.support.ConstructorResolver [main] Autowiring by type from bean name 'healthEndpointProperties' via factory method to bean named 'management.health.status-org.springframework.boot.actuate.autoconfigure.health.HealthIndicatorProperties'
2020-05-03 18:39:28,510 DEBUG org.springframework.beans.factory.support.ConstructorResolver [main] Autowiring by type from bean name 'healthEndpointGroups' via factory method to bean named 'org.springframework.boot.web.servlet.context.AnnotationConfigServletWebServerApplicationContext@2f4919b0'
2020-05-03 18:39:28,511 DEBUG org.springframework.beans.factory.support.ConstructorResolver [main] Autowiring by type from bean name 'healthEndpointGroups' via factory method to bean named 'healthEndpointProperties'
2020-05-03 18:39:28,520 DEBUG org.springframework.beans.factory.support.DefaultSingletonBeanRegistry [main] Creating shared instance of singleton bean 'healthStatusAggregator'
2020-05-03 18:39:28,528 DEBUG org.springframework.beans.factory.support.ConstructorResolver [main] Autowiring by type from bean name 'healthStatusAggregator' via factory method to bean named 'healthEndpointProperties'
2020-05-03 18:39:28,543 DEBUG org.springframework.beans.factory.support.DefaultSingletonBeanRegistry [main] Creating shared instance of singleton bean 'healthHttpCodeStatusMapper'
2020-05-03 18:39:28,546 DEBUG org.springframework.beans.factory.support.ConstructorResolver [main] Autowiring by type from bean name 'healthHttpCodeStatusMapper' via factory method to bean named 'healthEndpointProperties'
2020-05-03 18:39:28,551 DEBUG org.springframework.beans.factory.support.ConstructorResolver [main] Autowiring by type from bean name 'healthContributorRegistry' via factory method to bean named 'org.springframework.boot.web.servlet.context.AnnotationConfigServletWebServerApplicationContext@2f4919b0'
2020-05-03 18:39:28,552 DEBUG org.springframework.beans.factory.support.ConstructorResolver [main] Autowiring by type from bean name 'healthContributorRegistry' via factory method to bean named 'healthEndpointGroups'
2020-05-03 18:39:28,554 DEBUG org.springframework.beans.factory.support.DefaultSingletonBeanRegistry [main] Creating shared instance of singleton bean 'diskSpaceHealthIndicator'
2020-05-03 18:39:28,554 DEBUG org.springframework.beans.factory.support.DefaultSingletonBeanRegistry [main] Creating shared instance of singleton bean 'org.springframework.boot.actuate.autoconfigure.system.DiskSpaceHealthContributorAutoConfiguration'
2020-05-03 18:39:28,563 DEBUG org.springframework.beans.factory.support.DefaultSingletonBeanRegistry [main] Creating shared instance of singleton bean 'management.health.diskspace-org.springframework.boot.actuate.autoconfigure.system.DiskSpaceHealthIndicatorProperties'
2020-05-03 18:39:28,567 DEBUG org.springframework.beans.factory.support.ConstructorResolver [main] Autowiring by type from bean name 'diskSpaceHealthIndicator' via factory method to bean named 'management.health.diskspace-org.springframework.boot.actuate.autoconfigure.system.DiskSpaceHealthIndicatorProperties'
2020-05-03 18:39:28,573 DEBUG org.springframework.beans.factory.support.DefaultSingletonBeanRegistry [main] Creating shared instance of singleton bean 'pingHealthContributor'
2020-05-03 18:39:28,575 DEBUG org.springframework.beans.factory.support.DefaultSingletonBeanRegistry [main] Creating shared instance of singleton bean 'org.springframework.boot.actuate.autoconfigure.health.HealthContributorAutoConfiguration'
2020-05-03 18:39:28,580 DEBUG org.springframework.beans.factory.support.DefaultSingletonBeanRegistry [main] Creating shared instance of singleton bean 'dbHealthContributor'
2020-05-03 18:39:28,580 DEBUG org.springframework.beans.factory.support.DefaultSingletonBeanRegistry [main] Creating shared instance of singleton bean 'org.springframework.boot.actuate.autoconfigure.jdbc.DataSourceHealthContributorAutoConfiguration'
2020-05-03 18:39:28,586 DEBUG org.springframework.beans.factory.support.DefaultSingletonBeanRegistry [main] Creating shared instance of singleton bean 'dataSource'
2020-05-03 18:39:28,587 DEBUG org.springframework.beans.factory.support.DefaultSingletonBeanRegistry [main] Creating shared instance of singleton bean 'org.springframework.boot.autoconfigure.jdbc.DataSourceConfiguration$Hikari'
2020-05-03 18:39:28,599 DEBUG org.springframework.beans.factory.support.DefaultSingletonBeanRegistry [main] Creating shared instance of singleton bean 'spring.datasource-org.springframework.boot.autoconfigure.jdbc.DataSourceProperties'
2020-05-03 18:39:28,669 DEBUG org.springframework.beans.factory.support.ConstructorResolver [main] Autowiring by type from bean name 'dataSource' via factory method to bean named 'spring.datasource-org.springframework.boot.autoconfigure.jdbc.DataSourceProperties'
2020-05-03 18:39:28,758 DEBUG org.springframework.beans.factory.support.DefaultSingletonBeanRegistry [main] Creating shared instance of singleton bean 'org.springframework.boot.autoconfigure.jdbc.DataSourceInitializerInvoker'
2020-05-03 18:39:28,783 DEBUG org.springframework.beans.factory.support.ConstructorResolver [main] Autowiring by type from bean name 'org.springframework.boot.autoconfigure.jdbc.DataSourceInitializerInvoker' via constructor to bean named 'spring.datasource-org.springframework.boot.autoconfigure.jdbc.DataSourceProperties'
2020-05-03 18:39:28,785 DEBUG org.springframework.beans.factory.support.ConstructorResolver [main] Autowiring by type from bean name 'org.springframework.boot.autoconfigure.jdbc.DataSourceInitializerInvoker' via constructor to bean named 'org.springframework.boot.web.servlet.context.AnnotationConfigServletWebServerApplicationContext@2f4919b0'
2020-05-03 18:39:28,895 DEBUG org.springframework.beans.factory.support.ConstructorResolver [main] Autowiring by type from bean name 'org.springframework.boot.actuate.autoconfigure.jdbc.DataSourceHealthContributorAutoConfiguration' via constructor to bean named 'dataSource'
2020-05-03 18:39:28,906 DEBUG org.springframework.beans.factory.support.DefaultSingletonBeanRegistry [main] Creating shared instance of singleton bean 'hikariPoolDataSourceMetadataProvider'
2020-05-03 18:39:28,916 DEBUG org.springframework.beans.factory.support.DefaultSingletonBeanRegistry [main] Creating shared instance of singleton bean 'org.springframework.boot.autoconfigure.jdbc.metadata.DataSourcePoolMetadataProvidersConfiguration$HikariPoolDataSourceMetadataProviderConfiguration'
2020-05-03 18:39:28,943 DEBUG org.springframework.beans.factory.support.ConstructorResolver [main] Autowiring by type from bean name 'dbHealthContributor' via factory method to bean named 'dataSource'
2020-05-03 18:39:28,953 DEBUG org.springframework.beans.factory.support.DefaultSingletonBeanRegistry [main] Creating shared instance of singleton bean 'refreshScopeHealthIndicator'
2020-05-03 18:39:28,957 DEBUG org.springframework.beans.factory.support.DefaultSingletonBeanRegistry [main] Creating shared instance of singleton bean 'org.springframework.cloud.autoconfigure.RefreshEndpointAutoConfiguration'
2020-05-03 18:39:28,965 DEBUG org.springframework.beans.factory.support.DefaultSingletonBeanRegistry [main] Creating shared instance of singleton bean 'configurationPropertiesRebinder'
2020-05-03 18:39:28,968 DEBUG org.springframework.beans.factory.support.DefaultSingletonBeanRegistry [main] Creating shared instance of singleton bean 'org.springframework.cloud.autoconfigure.ConfigurationPropertiesRebinderAutoConfiguration'
2020-05-03 18:39:28,974 DEBUG org.springframework.beans.factory.support.ConstructorResolver [main] Autowiring by type from bean name 'configurationPropertiesRebinder' via factory method to bean named 'configurationPropertiesBeans'
2020-05-03 18:39:28,981 DEBUG org.springframework.beans.factory.support.ConstructorResolver [main] Autowiring by type from bean name 'refreshScopeHealthIndicator' via factory method to bean named 'configurationPropertiesRebinder'
2020-05-03 18:39:28,983 DEBUG org.springframework.beans.factory.support.DefaultSingletonBeanRegistry [main] Creating shared instance of singleton bean 'discoveryCompositeHealthContributor'
2020-05-03 18:39:28,984 DEBUG org.springframework.beans.factory.support.DefaultSingletonBeanRegistry [main] Creating shared instance of singleton bean 'org.springframework.cloud.client.CommonsClientAutoConfiguration$DiscoveryLoadBalancerConfiguration'
2020-05-03 18:39:28,987 DEBUG org.springframework.beans.factory.support.DefaultSingletonBeanRegistry [main] Creating shared instance of singleton bean 'discoveryClientHealthIndicator'
2020-05-03 18:39:28,989 DEBUG org.springframework.beans.factory.support.DefaultSingletonBeanRegistry [main] Creating shared instance of singleton bean 'spring.cloud.discovery.client.health-indicator-org.springframework.cloud.client.discovery.health.DiscoveryClientHealthIndicatorProperties'
2020-05-03 18:39:28,994 DEBUG org.springframework.beans.factory.support.ConstructorResolver [main] Autowiring by type from bean name 'discoveryClientHealthIndicator' via factory method to bean named 'spring.cloud.discovery.client.health-indicator-org.springframework.cloud.client.discovery.health.DiscoveryClientHealthIndicatorProperties'
2020-05-03 18:39:28,998 DEBUG org.springframework.beans.factory.support.ConstructorResolver [main] Autowiring by type from bean name 'discoveryCompositeHealthContributor' via factory method to bean named 'discoveryClientHealthIndicator'
2020-05-03 18:39:29,012 DEBUG org.springframework.beans.factory.support.ConstructorResolver [main] Autowiring by type from bean name 'healthEndpoint' via factory method to bean named 'healthContributorRegistry'
2020-05-03 18:39:29,013 DEBUG org.springframework.beans.factory.support.ConstructorResolver [main] Autowiring by type from bean name 'healthEndpoint' via factory method to bean named 'healthEndpointGroups'
2020-05-03 18:39:29,028 DEBUG org.springframework.beans.factory.support.DefaultSingletonBeanRegistry [main] Creating shared instance of singleton bean 'infoEndpoint'
2020-05-03 18:39:29,029 DEBUG org.springframework.beans.factory.support.DefaultSingletonBeanRegistry [main] Creating shared instance of singleton bean 'org.springframework.boot.actuate.autoconfigure.info.InfoEndpointAutoConfiguration'
2020-05-03 18:39:29,033 DEBUG org.springframework.beans.factory.support.DefaultSingletonBeanRegistry [main] Creating shared instance of singleton bean 'envInfoContributor'
2020-05-03 18:39:29,034 DEBUG org.springframework.beans.factory.support.DefaultSingletonBeanRegistry [main] Creating shared instance of singleton bean 'org.springframework.boot.actuate.autoconfigure.info.InfoContributorAutoConfiguration'
2020-05-03 18:39:29,037 DEBUG org.springframework.beans.factory.support.ConstructorResolver [main] Autowiring by type from bean name 'envInfoContributor' via factory method to bean named 'environment'
2020-05-03 18:39:29,045 DEBUG org.springframework.beans.factory.support.DefaultSingletonBeanRegistry [main] Creating shared instance of singleton bean 'healthEndpointWebExtension'
2020-05-03 18:39:29,045 DEBUG org.springframework.beans.factory.support.DefaultSingletonBeanRegistry [main] Creating shared instance of singleton bean 'org.springframework.boot.actuate.autoconfigure.health.HealthEndpointWebExtensionConfiguration'
2020-05-03 18:39:29,049 DEBUG org.springframework.beans.factory.support.ConstructorResolver [main] Autowiring by type from bean name 'healthEndpointWebExtension' via factory method to bean named 'healthContributorRegistry'
2020-05-03 18:39:29,049 DEBUG org.springframework.beans.factory.support.ConstructorResolver [main] Autowiring by type from bean name 'healthEndpointWebExtension' via factory method to bean named 'healthEndpointGroups'
2020-05-03 18:39:29,059 DEBUG org.springframework.beans.factory.support.DefaultSingletonBeanRegistry [main] Creating shared instance of singleton bean 'requestContextFilter'
2020-05-03 18:39:29,062 DEBUG org.springframework.beans.factory.support.DefaultSingletonBeanRegistry [main] Creating shared instance of singleton bean 'formContentFilter'
2020-05-03 18:39:29,063 DEBUG org.springframework.beans.factory.support.DefaultSingletonBeanRegistry [main] Creating shared instance of singleton bean 'org.springframework.boot.autoconfigure.web.servlet.WebMvcAutoConfiguration'
2020-05-03 18:39:29,073 DEBUG org.springframework.beans.factory.support.DefaultSingletonBeanRegistry [main] Creating shared instance of singleton bean 'characterEncodingFilter'
2020-05-03 18:39:29,110 DEBUG org.springframework.boot.web.servlet.ServletContextInitializerBeans [main] Mapping filters: filterRegistrationBean urls=[/*] order=-2147483647, springSecurityFilterChain urls=[/*] order=-100, characterEncodingFilter urls=[/*] order=-2147483648, formContentFilter urls=[/*] order=-9900, requestContextFilter urls=[/*] order=-105
2020-05-03 18:39:29,112 DEBUG org.springframework.boot.web.servlet.ServletContextInitializerBeans [main] Mapping servlets: dispatcherServlet urls=[/]
2020-05-03 18:39:29,246 DEBUG org.springframework.web.filter.GenericFilterBean [main] Filter 'webMvcMetricsFilter' configured for use
2020-05-03 18:39:29,248 DEBUG org.springframework.web.filter.GenericFilterBean [main] Filter 'requestContextFilter' configured for use
2020-05-03 18:39:29,249 DEBUG org.springframework.web.filter.GenericFilterBean [main] Filter 'characterEncodingFilter' configured for use
2020-05-03 18:39:29,251 DEBUG org.springframework.web.filter.GenericFilterBean [main] Filter 'springSecurityFilterChain' configured for use
2020-05-03 18:39:29,253 DEBUG org.springframework.web.filter.GenericFilterBean [main] Filter 'formContentFilter' configured for use
2020-05-03 18:39:29,293 DEBUG org.springframework.beans.factory.support.DefaultSingletonBeanRegistry [main] Creating shared instance of singleton bean 'org.springframework.cloud.autoconfigure.RefreshAutoConfiguration$JpaInvokerConfiguration'
2020-05-03 18:39:29,313 DEBUG org.springframework.beans.factory.support.DefaultSingletonBeanRegistry [main] Creating shared instance of singleton bean 'cacheManager'
2020-05-03 18:39:29,313 DEBUG org.springframework.beans.factory.support.DefaultSingletonBeanRegistry [main] Creating shared instance of singleton bean 'org.springframework.boot.autoconfigure.cache.SimpleCacheConfiguration'
2020-05-03 18:39:29,316 DEBUG org.springframework.beans.factory.support.DefaultSingletonBeanRegistry [main] Creating shared instance of singleton bean 'spring.cache-org.springframework.boot.autoconfigure.cache.CacheProperties'
2020-05-03 18:39:29,334 DEBUG org.springframework.beans.factory.support.DefaultSingletonBeanRegistry [main] Creating shared instance of singleton bean 'cacheManagerCustomizers'
2020-05-03 18:39:29,335 DEBUG org.springframework.beans.factory.support.DefaultSingletonBeanRegistry [main] Creating shared instance of singleton bean 'org.springframework.boot.autoconfigure.cache.CacheAutoConfiguration'
2020-05-03 18:39:29,353 DEBUG org.springframework.beans.factory.support.DefaultSingletonBeanRegistry [main] Creating shared instance of singleton bean 'cacheConfig'
2020-05-03 18:39:29,367 DEBUG org.springframework.beans.factory.support.ConstructorResolver [main] Autowiring by type from bean name 'cacheManager' via factory method to bean named 'spring.cache-org.springframework.boot.autoconfigure.cache.CacheProperties'
2020-05-03 18:39:29,367 DEBUG org.springframework.beans.factory.support.ConstructorResolver [main] Autowiring by type from bean name 'cacheManager' via factory method to bean named 'cacheManagerCustomizers'
2020-05-03 18:39:29,381 INFO com.surshree.app.config.CacheConfig [main] Initializing cache.
2020-05-03 18:39:29,396 DEBUG org.springframework.beans.factory.support.DefaultSingletonBeanRegistry [main] Creating shared instance of singleton bean 'entityManagerFactory'
2020-05-03 18:39:29,397 DEBUG org.springframework.beans.factory.support.DefaultSingletonBeanRegistry [main] Creating shared instance of singleton bean 'org.springframework.boot.autoconfigure.orm.jpa.HibernateJpaConfiguration'
2020-05-03 18:39:29,404 DEBUG org.springframework.beans.factory.support.DefaultSingletonBeanRegistry [main] Creating shared instance of singleton bean 'spring.jpa-org.springframework.boot.autoconfigure.orm.jpa.JpaProperties'
2020-05-03 18:39:29,432 DEBUG org.springframework.beans.factory.support.DefaultSingletonBeanRegistry [main] Creating shared instance of singleton bean 'spring.jpa.hibernate-org.springframework.boot.autoconfigure.orm.jpa.HibernateProperties'
2020-05-03 18:39:29,442 DEBUG org.springframework.beans.factory.support.ConstructorResolver [main] Autowiring by type from bean name 'org.springframework.boot.autoconfigure.orm.jpa.HibernateJpaConfiguration' via constructor to bean named 'dataSource'
2020-05-03 18:39:29,445 DEBUG org.springframework.beans.factory.support.ConstructorResolver [main] Autowiring by type from bean name 'org.springframework.boot.autoconfigure.orm.jpa.HibernateJpaConfiguration' via constructor to bean named 'spring.jpa-org.springframework.boot.autoconfigure.orm.jpa.JpaProperties'
2020-05-03 18:39:29,446 DEBUG org.springframework.beans.factory.support.ConstructorResolver [main] Autowiring by type from bean name 'org.springframework.boot.autoconfigure.orm.jpa.HibernateJpaConfiguration' via constructor to bean named 'org.springframework.beans.factory.support.DefaultListableBeanFactory@5173200b'
2020-05-03 18:39:29,447 DEBUG org.springframework.beans.factory.support.ConstructorResolver [main] Autowiring by type from bean name 'org.springframework.boot.autoconfigure.orm.jpa.HibernateJpaConfiguration' via constructor to bean named 'spring.jpa.hibernate-org.springframework.boot.autoconfigure.orm.jpa.HibernateProperties'
2020-05-03 18:39:29,480 DEBUG org.springframework.beans.factory.support.DefaultSingletonBeanRegistry [main] Creating shared instance of singleton bean 'entityManagerFactoryBuilder'
2020-05-03 18:39:29,481 DEBUG org.springframework.beans.factory.support.DefaultSingletonBeanRegistry [main] Creating shared instance of singleton bean 'jpaVendorAdapter'
2020-05-03 18:39:29,537 DEBUG org.springframework.beans.factory.support.ConstructorResolver [main] Autowiring by type from bean name 'entityManagerFactoryBuilder' via factory method to bean named 'jpaVendorAdapter'
2020-05-03 18:39:29,542 DEBUG org.springframework.beans.factory.support.ConstructorResolver [main] Autowiring by type from bean name 'entityManagerFactory' via factory method to bean named 'entityManagerFactoryBuilder'
2020-05-03 18:39:29,556 DEBUG org.springframework.beans.factory.support.DefaultSingletonBeanRegistry [main] Creating shared instance of singleton bean 'org.springframework.boot.autoconfigure.AutoConfigurationPackages'
2020-05-03 18:39:29,557 DEBUG org.springframework.boot.autoconfigure.AutoConfigurationPackages$BasePackages [main] @EnableAutoConfiguration was declared on a class in the package 'com.surshree.app'. Automatic @Repository and @Entity scanning is enabled.
2020-05-03 18:39:29,679 DEBUG org.springframework.orm.jpa.LocalContainerEntityManagerFactoryBean [main] Building JPA container EntityManagerFactory for persistence unit 'default'
2020-05-03 18:39:29,751 INFO org.hibernate.jpa.internal.util.LogHelper [main] HHH000204: Processing PersistenceUnitInfo [name: default]
2020-05-03 18:39:29,940 INFO org.hibernate.Version [main] HHH000412: Hibernate ORM core version 5.4.12.Final
2020-05-03 18:39:30,289 INFO org.hibernate.annotations.common.reflection.java.JavaReflectionManager [main] HCANN000001: Hibernate Commons Annotations {5.1.0.Final}
2020-05-03 18:39:30,511 INFO com.zaxxer.hikari.HikariDataSource [main] HikariPool-1 - Starting...
2020-05-03 18:39:30,734 INFO com.zaxxer.hikari.HikariDataSource [main] HikariPool-1 - Start completed.
2020-05-03 18:39:30,849 INFO org.hibernate.dialect.Dialect [main] HHH000400: Using dialect: org.hibernate.dialect.PostgreSQL10Dialect
2020-05-03 18:39:34,297 INFO org.hibernate.engine.transaction.jta.platform.internal.JtaPlatformInitiator [main] HHH000490: Using JtaPlatform implementation: [org.hibernate.engine.transaction.jta.platform.internal.NoJtaPlatform]
2020-05-03 18:39:34,547 INFO org.springframework.orm.jpa.AbstractEntityManagerFactoryBean [main] Initialized JPA EntityManagerFactory for persistence unit 'default'
2020-05-03 18:39:34,555 DEBUG org.springframework.beans.factory.support.DefaultSingletonBeanRegistry [main] Creating shared instance of singleton bean 'surShreeApplication'
2020-05-03 18:39:34,557 DEBUG org.springframework.beans.factory.support.DefaultSingletonBeanRegistry [main] Creating shared instance of singleton bean 'authorizationServerConfig'
2020-05-03 18:39:34,562 DEBUG org.springframework.beans.factory.support.DefaultSingletonBeanRegistry [main] Creating shared instance of singleton bean 'authenticationManagerBean'
2020-05-03 18:39:34,562 DEBUG org.springframework.beans.factory.support.DefaultSingletonBeanRegistry [main] Creating shared instance of singleton bean 'webSecurityConfig'
2020-05-03 18:39:34,616 DEBUG org.springframework.beans.factory.support.DefaultSingletonBeanRegistry [main] Creating shared instance of singleton bean 'objectPostProcessor'
2020-05-03 18:39:34,618 DEBUG org.springframework.beans.factory.support.DefaultSingletonBeanRegistry [main] Creating shared instance of singleton bean 'org.springframework.security.config.annotation.configuration.ObjectPostProcessorConfiguration'
2020-05-03 18:39:34,624 DEBUG org.springframework.beans.factory.support.ConstructorResolver [main] Autowiring by type from bean name 'objectPostProcessor' via factory method to bean named 'org.springframework.beans.factory.support.DefaultListableBeanFactory@5173200b'
2020-05-03 18:39:34,635 DEBUG org.springframework.beans.factory.support.DefaultSingletonBeanRegistry [main] Creating shared instance of singleton bean 'mvcContentNegotiationManager'
2020-05-03 18:39:34,636 DEBUG org.springframework.beans.factory.support.DefaultSingletonBeanRegistry [main] Creating shared instance of singleton bean 'org.springframework.boot.autoconfigure.web.servlet.WebMvcAutoConfiguration$EnableWebMvcConfiguration'
2020-05-03 18:39:34,640 DEBUG org.springframework.beans.factory.support.DefaultSingletonBeanRegistry [main] Creating shared instance of singleton bean 'spring.resources-org.springframework.boot.autoconfigure.web.ResourceProperties'
2020-05-03 18:39:34,663 DEBUG org.springframework.beans.factory.support.ConstructorResolver [main] Autowiring by type from bean name 'org.springframework.boot.autoconfigure.web.servlet.WebMvcAutoConfiguration$EnableWebMvcConfiguration' via constructor to bean named 'spring.resources-org.springframework.boot.autoconfigure.web.ResourceProperties'
2020-05-03 18:39:34,664 DEBUG org.springframework.beans.factory.support.ConstructorResolver [main] Autowiring by type from bean name 'org.springframework.boot.autoconfigure.web.servlet.WebMvcAutoConfiguration$EnableWebMvcConfiguration' via constructor to bean named 'org.springframework.beans.factory.support.DefaultListableBeanFactory@5173200b'
2020-05-03 18:39:34,707 DEBUG org.springframework.beans.factory.support.DefaultSingletonBeanRegistry [main] Creating shared instance of singleton bean 'org.springframework.security.config.annotation.web.configuration.WebMvcSecurityConfiguration'
2020-05-03 18:39:34,711 DEBUG org.springframework.beans.factory.support.DefaultSingletonBeanRegistry [main] Creating shared instance of singleton bean 'org.springframework.boot.autoconfigure.web.servlet.WebMvcAutoConfiguration$WebMvcAutoConfigurationAdapter'
2020-05-03 18:39:34,736 DEBUG org.springframework.beans.factory.support.ConstructorResolver [main] Autowiring by type from bean name 'org.springframework.boot.autoconfigure.web.servlet.WebMvcAutoConfiguration$WebMvcAutoConfigurationAdapter' via constructor to bean named 'spring.resources-org.springframework.boot.autoconfigure.web.ResourceProperties'
2020-05-03 18:39:34,737 DEBUG org.springframework.beans.factory.support.ConstructorResolver [main] Autowiring by type from bean name 'org.springframework.boot.autoconfigure.web.servlet.WebMvcAutoConfiguration$WebMvcAutoConfigurationAdapter' via constructor to bean named 'spring.mvc-org.springframework.boot.autoconfigure.web.servlet.WebMvcProperties'
2020-05-03 18:39:34,746 DEBUG org.springframework.beans.factory.support.ConstructorResolver [main] Autowiring by type from bean name 'org.springframework.boot.autoconfigure.web.servlet.WebMvcAutoConfiguration$WebMvcAutoConfigurationAdapter' via constructor to bean named 'org.springframework.beans.factory.support.DefaultListableBeanFactory@5173200b'
2020-05-03 18:39:34,768 DEBUG org.springframework.beans.factory.support.DefaultSingletonBeanRegistry [main] Creating shared instance of singleton bean 'openEntityManagerInViewInterceptorConfigurer'
2020-05-03 18:39:34,770 DEBUG org.springframework.beans.factory.support.DefaultSingletonBeanRegistry [main] Creating shared instance of singleton bean 'org.springframework.boot.autoconfigure.orm.jpa.JpaBaseConfiguration$JpaWebConfiguration'
2020-05-03 18:39:34,774 DEBUG org.springframework.beans.factory.support.ConstructorResolver [main] Autowiring by type from bean name 'org.springframework.boot.autoconfigure.orm.jpa.JpaBaseConfiguration$JpaWebConfiguration' via constructor to bean named 'spring.jpa-org.springframework.boot.autoconfigure.orm.jpa.JpaProperties'
2020-05-03 18:39:34,788 DEBUG org.springframework.beans.factory.support.DefaultSingletonBeanRegistry [main] Creating shared instance of singleton bean 'openEntityManagerInViewInterceptor'
2020-05-03 18:39:34,790 WARN org.springframework.boot.autoconfigure.orm.jpa.JpaBaseConfiguration$JpaWebConfiguration [main] spring.jpa.open-in-view is enabled by default. Therefore, database queries may be performed during view rendering. Explicitly configure spring.jpa.open-in-view to disable this warning
2020-05-03 18:39:34,822 DEBUG org.springframework.beans.factory.support.ConstructorResolver [main] Autowiring by type from bean name 'openEntityManagerInViewInterceptorConfigurer' via factory method to bean named 'openEntityManagerInViewInterceptor'
2020-05-03 18:39:34,830 DEBUG org.springframework.beans.factory.support.DefaultSingletonBeanRegistry [main] Creating shared instance of singleton bean 'metricsWebMvcConfigurer'
2020-05-03 18:39:34,837 DEBUG org.springframework.beans.factory.support.ConstructorResolver [main] Autowiring by type from bean name 'metricsWebMvcConfigurer' via factory method to bean named 'simpleMeterRegistry'
2020-05-03 18:39:34,837 DEBUG org.springframework.beans.factory.support.ConstructorResolver [main] Autowiring by type from bean name 'metricsWebMvcConfigurer' via factory method to bean named 'webMvcTagsProvider'
2020-05-03 18:39:34,839 DEBUG org.springframework.beans.factory.support.DefaultSingletonBeanRegistry [main] Creating shared instance of singleton bean 'org.springframework.data.web.config.SpringDataWebConfiguration'
2020-05-03 18:39:34,842 DEBUG org.springframework.core.LocalVariableTableParameterNameDiscoverer [main] Cannot find '.class' file for class [class org.springframework.data.web.config.SpringDataWebConfiguration$$EnhancerBySpringCGLIB$$e301cbff] - unable to determine constructor/method parameter names
2020-05-03 18:39:34,847 DEBUG org.springframework.beans.factory.support.ConstructorResolver [main] Autowiring by type from bean name 'org.springframework.data.web.config.SpringDataWebConfiguration' via constructor to bean named 'org.springframework.boot.web.servlet.context.AnnotationConfigServletWebServerApplicationContext@2f4919b0'
2020-05-03 18:39:34,857 DEBUG org.springframework.beans.factory.support.DefaultSingletonBeanRegistry [main] Creating shared instance of singleton bean 'pageableCustomizer'
2020-05-03 18:39:34,959 DEBUG org.springframework.beans.factory.support.DefaultSingletonBeanRegistry [main] Creating shared instance of singleton bean 'org.springframework.boot.autoconfigure.data.web.SpringDataWebAutoConfiguration'
2020-05-03 18:39:34,965 DEBUG org.springframework.beans.factory.support.DefaultSingletonBeanRegistry [main] Creating shared instance of singleton bean 'spring.data.web-org.springframework.boot.autoconfigure.data.web.SpringDataWebProperties'
2020-05-03 18:39:34,979 DEBUG org.springframework.beans.factory.support.ConstructorResolver [main] Autowiring by type from bean name 'org.springframework.boot.autoconfigure.data.web.SpringDataWebAutoConfiguration' via constructor to bean named 'spring.data.web-org.springframework.boot.autoconfigure.data.web.SpringDataWebProperties'
2020-05-03 18:39:34,996 DEBUG org.springframework.beans.factory.support.DefaultSingletonBeanRegistry [main] Creating shared instance of singleton bean 'sortCustomizer'
2020-05-03 18:39:35,048 DEBUG org.springframework.beans.factory.support.DefaultSingletonBeanRegistry [main] Creating shared instance of singleton bean 'org.springframework.security.config.annotation.authentication.configuration.AuthenticationConfiguration'
2020-05-03 18:39:35,064 DEBUG org.springframework.beans.factory.support.DefaultSingletonBeanRegistry [main] Creating shared instance of singleton bean 'userAuthenticationConfig'
2020-05-03 18:39:35,074 DEBUG org.springframework.beans.factory.support.DefaultSingletonBeanRegistry [main] Creating shared instance of singleton bean 'customAuthenticationProvider'
2020-05-03 18:39:35,079 DEBUG org.springframework.beans.factory.support.DefaultSingletonBeanRegistry [main] Creating shared instance of singleton bean 'customUserDetailsService'
2020-05-03 18:39:35,090 DEBUG org.springframework.beans.factory.support.DefaultSingletonBeanRegistry [main] Creating shared instance of singleton bean 'userRepository'
2020-05-03 18:39:35,597 DEBUG org.springframework.beans.factory.support.DefaultSingletonBeanRegistry [main] Creating shared instance of singleton bean 'jpaMappingContext'
2020-05-03 18:39:35,599 DEBUG org.springframework.data.jpa.repository.config.JpaMetamodelMappingContextFactoryBean [main] Initializing JpaMetamodelMappingContext…
2020-05-03 18:39:35,628 DEBUG org.springframework.data.jpa.repository.config.JpaMetamodelMappingContextFactoryBean [main] Finished initializing JpaMetamodelMappingContext!
2020-05-03 18:39:35,724 DEBUG org.springframework.orm.jpa.SharedEntityManagerCreator$SharedEntityManagerInvocationHandler [main] Creating new EntityManager for shared EntityManager invocation
2020-05-03 18:39:35,855 DEBUG org.springframework.orm.jpa.SharedEntityManagerCreator$SharedEntityManagerInvocationHandler [main] Creating new EntityManager for shared EntityManager invocation
2020-05-03 18:39:36,134 DEBUG org.springframework.data.repository.core.support.RepositoryFactorySupport [main] Initializing repository instance for com.surshree.app.repository.UserRepository…
2020-05-03 18:39:36,183 DEBUG org.springframework.orm.jpa.SharedEntityManagerCreator$SharedEntityManagerInvocationHandler [main] Creating new EntityManager for shared EntityManager invocation
2020-05-03 18:39:36,462 DEBUG org.springframework.data.jpa.repository.query.JpaQueryFactory [main] Looking up query for method findByUsername
2020-05-03 18:39:36,482 DEBUG org.springframework.data.jpa.repository.query.NamedQuery [main] Looking up named query UserEntity.findByUsername
2020-05-03 18:39:36,497 DEBUG org.springframework.data.jpa.repository.query.NamedQuery [main] Did not find named query UserEntity.findByUsername
2020-05-03 18:39:36,508 DEBUG org.springframework.orm.jpa.SharedEntityManagerCreator$SharedEntityManagerInvocationHandler [main] Creating new EntityManager for shared EntityManager invocation
2020-05-03 18:39:36,679 DEBUG org.springframework.data.repository.core.support.RepositoryFactorySupport [main] Finished creation of repository instance for com.surshree.app.repository.UserRepository.
2020-05-03 18:39:36,715 DEBUG org.springframework.beans.factory.support.DefaultSingletonBeanRegistry [main] Creating shared instance of singleton bean 'userDetailsRepo'
2020-05-03 18:39:36,722 DEBUG org.springframework.orm.jpa.SharedEntityManagerCreator$SharedEntityManagerInvocationHandler [main] Creating new EntityManager for shared EntityManager invocation
2020-05-03 18:39:36,763 DEBUG org.springframework.data.repository.core.support.RepositoryFactorySupport [main] Initializing repository instance for com.surshree.app.repository.UserDetailsRepo…
2020-05-03 18:39:36,765 DEBUG org.springframework.orm.jpa.SharedEntityManagerCreator$SharedEntityManagerInvocationHandler [main] Creating new EntityManager for shared EntityManager invocation
2020-05-03 18:39:36,793 DEBUG org.springframework.data.jpa.repository.query.JpaQueryFactory [main] Looking up query for method findByUserName
2020-05-03 18:39:36,797 DEBUG org.springframework.data.jpa.repository.query.NamedQuery [main] Looking up named query UserDetailsEntity.findByUserName
2020-05-03 18:39:36,849 DEBUG org.springframework.orm.jpa.SharedEntityManagerCreator$SharedEntityManagerInvocationHandler [main] Creating new EntityManager for shared EntityManager invocation
2020-05-03 18:39:36,860 DEBUG org.springframework.data.jpa.repository.query.NamedQuery [main] Did not find named query UserDetailsEntity.findByUserName.count
2020-05-03 18:39:36,861 DEBUG org.springframework.orm.jpa.SharedEntityManagerCreator$SharedEntityManagerInvocationHandler [main] Creating new EntityManager for shared EntityManager invocation
2020-05-03 18:39:36,953 DEBUG org.springframework.data.jpa.repository.query.NamedQuery [main] Found named query UserDetailsEntity.findByUserName!
2020-05-03 18:39:36,967 DEBUG org.springframework.data.repository.core.support.RepositoryFactorySupport [main] Finished creation of repository instance for com.surshree.app.repository.UserDetailsRepo.
2020-05-03 18:39:37,069 DEBUG org.springframework.beans.factory.support.DefaultSingletonBeanRegistry [main] Creating shared instance of singleton bean 'otpService'
2020-05-03 18:39:37,168 DEBUG org.springframework.beans.factory.support.DefaultSingletonBeanRegistry [main] Creating shared instance of singleton bean 'getPasswordEncoderBean'
2020-05-03 18:39:37,191 DEBUG org.springframework.beans.factory.support.DefaultSingletonBeanRegistry [main] Creating shared instance of singleton bean 'enableGlobalAuthenticationAutowiredConfigurer'
2020-05-03 18:39:37,196 DEBUG org.springframework.beans.factory.support.ConstructorResolver [main] Autowiring by type from bean name 'enableGlobalAuthenticationAutowiredConfigurer' via factory method to bean named 'org.springframework.boot.web.servlet.context.AnnotationConfigServletWebServerApplicationContext@2f4919b0'
2020-05-03 18:39:37,202 DEBUG org.springframework.beans.factory.support.DefaultSingletonBeanRegistry [main] Creating shared instance of singleton bean 'initializeUserDetailsBeanManagerConfigurer'
2020-05-03 18:39:37,205 DEBUG org.springframework.beans.factory.support.ConstructorResolver [main] Autowiring by type from bean name 'initializeUserDetailsBeanManagerConfigurer' via factory method to bean named 'org.springframework.boot.web.servlet.context.AnnotationConfigServletWebServerApplicationContext@2f4919b0'
2020-05-03 18:39:37,208 DEBUG org.springframework.beans.factory.support.DefaultSingletonBeanRegistry [main] Creating shared instance of singleton bean 'initializeAuthenticationProviderBeanManagerConfigurer'
2020-05-03 18:39:37,208 DEBUG org.springframework.beans.factory.support.ConstructorResolver [main] Autowiring by type from bean name 'initializeAuthenticationProviderBeanManagerConfigurer' via factory method to bean named 'org.springframework.boot.web.servlet.context.AnnotationConfigServletWebServerApplicationContext@2f4919b0'
2020-05-03 18:39:37,231 DEBUG org.springframework.beans.factory.support.DefaultSingletonBeanRegistry [main] Creating shared instance of singleton bean 'OAuthCheckTokenResponseBodyAdvice'
2020-05-03 18:39:37,244 DEBUG org.springframework.beans.factory.support.DefaultSingletonBeanRegistry [main] Creating shared instance of singleton bean 'resourceServerConfig'
2020-05-03 18:39:37,247 DEBUG org.springframework.beans.factory.support.DefaultSingletonBeanRegistry [main] Creating shared instance of singleton bean 'authController'
2020-05-03 18:39:37,262 DEBUG org.springframework.beans.factory.support.DefaultSingletonBeanRegistry [main] Creating shared instance of singleton bean 'jwtHelper'
2020-05-03 18:39:37,268 DEBUG org.springframework.beans.factory.support.DefaultSingletonBeanRegistry [main] Creating shared instance of singleton bean 'competitionController'
2020-05-03 18:39:37,284 DEBUG org.springframework.beans.factory.support.DefaultSingletonBeanRegistry [main] Creating shared instance of singleton bean 'competitionService'
2020-05-03 18:39:37,288 DEBUG org.springframework.beans.factory.support.DefaultSingletonBeanRegistry [main] Creating shared instance of singleton bean 'competitionEntityRepoImpl'
2020-05-03 18:39:37,293 DEBUG org.springframework.beans.factory.support.DefaultSingletonBeanRegistry [main] Creating shared instance of singleton bean 'org.springframework.orm.jpa.SharedEntityManagerCreator#0'
2020-05-03 18:39:37,308 DEBUG org.springframework.beans.factory.support.DefaultSingletonBeanRegistry [main] Creating shared instance of singleton bean 'competitionEntityRepo'
2020-05-03 18:39:37,318 DEBUG org.springframework.orm.jpa.SharedEntityManagerCreator$SharedEntityManagerInvocationHandler [main] Creating new EntityManager for shared EntityManager invocation
2020-05-03 18:39:37,348 DEBUG org.springframework.data.repository.core.support.RepositoryFactorySupport [main] Initializing repository instance for com.surshree.app.repository.CompetitionEntityRepo…
2020-05-03 18:39:37,352 DEBUG org.springframework.orm.jpa.SharedEntityManagerCreator$SharedEntityManagerInvocationHandler [main] Creating new EntityManager for shared EntityManager invocation
2020-05-03 18:39:37,409 DEBUG org.springframework.data.jpa.repository.query.JpaQueryFactory [main] Looking up query for method findByIsActiveOrderByCreatedTsDesc
2020-05-03 18:39:37,412 DEBUG org.springframework.data.jpa.repository.query.NamedQuery [main] Looking up named query CompetitionEntity.findByIsActiveOrderByCreatedTsDesc
2020-05-03 18:39:37,414 DEBUG org.springframework.data.jpa.repository.query.NamedQuery [main] Did not find named query CompetitionEntity.findByIsActiveOrderByCreatedTsDesc
2020-05-03 18:39:37,416 DEBUG org.springframework.orm.jpa.SharedEntityManagerCreator$SharedEntityManagerInvocationHandler [main] Creating new EntityManager for shared EntityManager invocation
2020-05-03 18:39:37,436 DEBUG org.springframework.data.repository.core.support.RepositoryFactorySupport [main] Finished creation of repository instance for com.surshree.app.repository.CompetitionEntityRepo.
2020-05-03 18:39:37,446 DEBUG org.springframework.beans.factory.support.DefaultSingletonBeanRegistry [main] Creating shared instance of singleton bean 'submittedEntriesRepo'
2020-05-03 18:39:37,460 DEBUG org.springframework.orm.jpa.SharedEntityManagerCreator$SharedEntityManagerInvocationHandler [main] Creating new EntityManager for shared EntityManager invocation
2020-05-03 18:39:37,509 DEBUG org.springframework.data.repository.core.support.RepositoryFactorySupport [main] Initializing repository instance for com.surshree.app.repository.SubmittedEntriesRepo…
2020-05-03 18:39:37,515 DEBUG org.springframework.orm.jpa.SharedEntityManagerCreator$SharedEntityManagerInvocationHandler [main] Creating new EntityManager for shared EntityManager invocation
2020-05-03 18:39:37,535 DEBUG org.springframework.data.jpa.repository.query.JpaQueryFactory [main] Looking up query for method findByUserId
2020-05-03 18:39:37,536 DEBUG org.springframework.data.jpa.repository.query.NamedQuery [main] Looking up named query SubmittedEntriesEntity.findByUserId
2020-05-03 18:39:37,537 DEBUG org.springframework.orm.jpa.SharedEntityManagerCreator$SharedEntityManagerInvocationHandler [main] Creating new EntityManager for shared EntityManager invocation
2020-05-03 18:39:37,541 DEBUG org.springframework.data.jpa.repository.query.NamedQuery [main] Did not find named query SubmittedEntriesEntity.findByUserId.count
2020-05-03 18:39:37,542 DEBUG org.springframework.orm.jpa.SharedEntityManagerCreator$SharedEntityManagerInvocationHandler [main] Creating new EntityManager for shared EntityManager invocation
2020-05-03 18:39:37,553 DEBUG org.springframework.data.jpa.repository.query.NamedQuery [main] Found named query SubmittedEntriesEntity.findByUserId!
2020-05-03 18:39:37,561 DEBUG org.springframework.data.repository.core.support.RepositoryFactorySupport [main] Finished creation of repository instance for com.surshree.app.repository.SubmittedEntriesRepo.
2020-05-03 18:39:37,570 DEBUG org.springframework.beans.factory.support.DefaultSingletonBeanRegistry [main] Creating shared instance of singleton bean 'subscriptionRepo'
2020-05-03 18:39:37,580 DEBUG org.springframework.orm.jpa.SharedEntityManagerCreator$SharedEntityManagerInvocationHandler [main] Creating new EntityManager for shared EntityManager invocation
2020-05-03 18:39:37,603 DEBUG org.springframework.data.repository.core.support.RepositoryFactorySupport [main] Initializing repository instance for com.surshree.app.repository.SubscriptionRepo…
2020-05-03 18:39:37,606 DEBUG org.springframework.orm.jpa.SharedEntityManagerCreator$SharedEntityManagerInvocationHandler [main] Creating new EntityManager for shared EntityManager invocation
2020-05-03 18:39:37,632 DEBUG org.springframework.data.repository.core.support.RepositoryFactorySupport [main] Finished creation of repository instance for com.surshree.app.repository.SubscriptionRepo.
2020-05-03 18:39:37,656 DEBUG org.springframework.beans.factory.support.DefaultSingletonBeanRegistry [main] Creating shared instance of singleton bean 'fileService'
2020-05-03 18:39:37,665 DEBUG org.springframework.beans.factory.support.DefaultSingletonBeanRegistry [main] Creating shared instance of singleton bean 'fileContentRepo'
2020-05-03 18:39:37,673 DEBUG org.springframework.orm.jpa.SharedEntityManagerCreator$SharedEntityManagerInvocationHandler [main] Creating new EntityManager for shared EntityManager invocation
2020-05-03 18:39:37,675 DEBUG org.springframework.data.repository.core.support.RepositoryFactorySupport [main] Initializing repository instance for com.surshree.app.repository.FileContentRepo…
2020-05-03 18:39:37,680 DEBUG org.springframework.orm.jpa.SharedEntityManagerCreator$SharedEntityManagerInvocationHandler [main] Creating new EntityManager for shared EntityManager invocation
2020-05-03 18:39:37,701 DEBUG org.springframework.data.repository.core.support.RepositoryFactorySupport [main] Finished creation of repository instance for com.surshree.app.repository.FileContentRepo.
2020-05-03 18:39:37,715 DEBUG org.springframework.beans.factory.support.DefaultSingletonBeanRegistry [main] Creating shared instance of singleton bean 'fileController'
2020-05-03 18:39:37,725 DEBUG org.springframework.beans.factory.support.DefaultSingletonBeanRegistry [main] Creating shared instance of singleton bean '/master'
2020-05-03 18:39:37,728 DEBUG org.springframework.beans.factory.support.DefaultSingletonBeanRegistry [main] Creating shared instance of singleton bean 'testController'
2020-05-03 18:39:37,732 DEBUG org.springframework.beans.factory.support.DefaultSingletonBeanRegistry [main] Creating shared instance of singleton bean 'roleRepo'
2020-05-03 18:39:37,748 DEBUG org.springframework.orm.jpa.SharedEntityManagerCreator$SharedEntityManagerInvocationHandler [main] Creating new EntityManager for shared EntityManager invocation
2020-05-03 18:39:37,751 DEBUG org.springframework.data.repository.core.support.RepositoryFactorySupport [main] Initializing repository instance for com.surshree.app.repository.RoleRepo…
2020-05-03 18:39:37,753 DEBUG org.springframework.orm.jpa.SharedEntityManagerCreator$SharedEntityManagerInvocationHandler [main] Creating new EntityManager for shared EntityManager invocation
2020-05-03 18:39:37,783 DEBUG org.springframework.data.jpa.repository.query.JpaQueryFactory [main] Looking up query for method findByRoleName
2020-05-03 18:39:37,784 DEBUG org.springframework.data.jpa.repository.query.NamedQuery [main] Looking up named query MstRoleEntity.findByRoleName
2020-05-03 18:39:37,786 DEBUG org.springframework.data.jpa.repository.query.NamedQuery [main] Did not find named query MstRoleEntity.findByRoleName
2020-05-03 18:39:37,790 DEBUG org.springframework.orm.jpa.SharedEntityManagerCreator$SharedEntityManagerInvocationHandler [main] Creating new EntityManager for shared EntityManager invocation
2020-05-03 18:39:37,802 DEBUG org.springframework.data.repository.core.support.RepositoryFactorySupport [main] Finished creation of repository instance for com.surshree.app.repository.RoleRepo.
2020-05-03 18:39:37,816 DEBUG org.springframework.beans.factory.support.DefaultSingletonBeanRegistry [main] Creating shared instance of singleton bean 'userController'
2020-05-03 18:39:37,826 DEBUG org.springframework.beans.factory.support.DefaultSingletonBeanRegistry [main] Creating shared instance of singleton bean 'roleService'
2020-05-03 18:39:37,828 DEBUG org.springframework.beans.factory.support.DefaultSingletonBeanRegistry [main] Creating shared instance of singleton bean 'customResponseEntityExceptionHandler'
2020-05-03 18:39:37,849 DEBUG org.springframework.beans.factory.support.DefaultSingletonBeanRegistry [main] Creating shared instance of singleton bean 'cacheScheduler'
2020-05-03 18:39:37,876 DEBUG org.springframework.beans.factory.support.DefaultSingletonBeanRegistry [main] Creating shared instance of singleton bean 'org.springframework.security.oauth2.config.annotation.web.configuration.AuthorizationServerEndpointsConfiguration'
2020-05-03 18:39:37,883 DEBUG org.springframework.beans.factory.support.DefaultSingletonBeanRegistry [main] Creating shared instance of singleton bean 'clientDetailsService'
2020-05-03 18:39:37,928 DEBUG org.springframework.beans.factory.support.DefaultSingletonBeanRegistry [main] Creating shared instance of singleton bean 'getJdbcTokenStore'
2020-05-03 18:39:37,949 DEBUG org.springframework.beans.factory.support.DefaultSingletonBeanRegistry [main] Creating shared instance of singleton bean 'authorizationEndpoint'
2020-05-03 18:39:38,052 DEBUG org.springframework.beans.factory.support.DefaultSingletonBeanRegistry [main] Creating shared instance of singleton bean 'tokenEndpoint'
2020-05-03 18:39:38,058 DEBUG org.springframework.beans.factory.support.DefaultSingletonBeanRegistry [main] Creating shared instance of singleton bean 'checkTokenEndpoint'
2020-05-03 18:39:38,064 DEBUG org.springframework.beans.factory.support.DefaultSingletonBeanRegistry [main] Creating shared instance of singleton bean 'whitelabelApprovalEndpoint'
2020-05-03 18:39:38,067 DEBUG org.springframework.beans.factory.support.DefaultSingletonBeanRegistry [main] Creating shared instance of singleton bean 'whitelabelErrorEndpoint'
2020-05-03 18:39:38,069 DEBUG org.springframework.beans.factory.support.DefaultSingletonBeanRegistry [main] Creating shared instance of singleton bean 'oauth2EndpointHandlerMapping'
2020-05-03 18:39:38,155 DEBUG org.springframework.web.servlet.handler.AbstractHandlerMethodMapping [main] 7 mappings in 'oauth2EndpointHandlerMapping'
2020-05-03 18:39:38,165 DEBUG org.springframework.beans.factory.support.DefaultSingletonBeanRegistry [main] Creating shared instance of singleton bean 'consumerTokenServices'
2020-05-03 18:39:38,170 DEBUG org.springframework.beans.factory.support.DefaultSingletonBeanRegistry [main] Creating shared instance of singleton bean 'defaultAuthorizationServerTokenServices'
2020-05-03 18:39:38,179 DEBUG org.springframework.beans.factory.support.DefaultSingletonBeanRegistry [main] Creating shared instance of singleton bean 'org.springframework.security.oauth2.config.annotation.configuration.ClientDetailsServiceConfiguration'
2020-05-03 18:39:38,184 DEBUG org.springframework.beans.factory.support.DefaultSingletonBeanRegistry [main] Creating shared instance of singleton bean 'clientDetailsServiceConfigurer'
2020-05-03 18:39:38,198 DEBUG org.springframework.beans.factory.support.DefaultSingletonBeanRegistry [main] Creating shared instance of singleton bean 'org.springframework.security.oauth2.config.annotation.web.configuration.AuthorizationServerSecurityConfiguration'
2020-05-03 18:39:38,215 DEBUG org.springframework.beans.factory.support.DefaultSingletonBeanRegistry [main] Creating shared instance of singleton bean 'org.springframework.security.oauth2.config.annotation.web.configuration.ResourceServerConfiguration'
2020-05-03 18:39:38,235 DEBUG org.springframework.beans.factory.support.DefaultSingletonBeanRegistry [main] Creating shared instance of singleton bean 'authenticationEventPublisher'
2020-05-03 18:39:38,236 DEBUG org.springframework.beans.factory.support.DefaultSingletonBeanRegistry [main] Creating shared instance of singleton bean 'org.springframework.boot.autoconfigure.security.servlet.SecurityAutoConfiguration'
2020-05-03 18:39:38,237 DEBUG org.springframework.beans.factory.support.ConstructorResolver [main] Autowiring by type from bean name 'authenticationEventPublisher' via factory method to bean named 'org.springframework.boot.web.servlet.context.AnnotationConfigServletWebServerApplicationContext@2f4919b0'
2020-05-03 18:39:38,263 DEBUG org.springframework.beans.factory.support.DefaultSingletonBeanRegistry [main] Creating shared instance of singleton bean 'authenticationManagerBuilder'
2020-05-03 18:39:38,264 DEBUG org.springframework.beans.factory.support.ConstructorResolver [main] Autowiring by type from bean name 'authenticationManagerBuilder' via factory method to bean named 'objectPostProcessor'
2020-05-03 18:39:38,264 DEBUG org.springframework.beans.factory.support.ConstructorResolver [main] Autowiring by type from bean name 'authenticationManagerBuilder' via factory method to bean named 'org.springframework.boot.web.servlet.context.AnnotationConfigServletWebServerApplicationContext@2f4919b0'
2020-05-03 18:39:38,272 DEBUG org.springframework.beans.factory.support.DefaultSingletonBeanRegistry [main] Creating shared instance of singleton bean 'org.springframework.security.config.annotation.web.configuration.WebSecurityConfiguration'
2020-05-03 18:39:38,361 DEBUG org.springframework.beans.factory.support.DefaultSingletonBeanRegistry [main] Creating shared instance of singleton bean 'autowiredWebSecurityConfigurersIgnoreParents'
2020-05-03 18:39:38,365 DEBUG org.springframework.beans.factory.support.ConstructorResolver [main] Autowiring by type from bean name 'autowiredWebSecurityConfigurersIgnoreParents' via factory method to bean named 'org.springframework.beans.factory.support.DefaultListableBeanFactory@5173200b'
2020-05-03 18:39:38,445 DEBUG org.springframework.beans.factory.support.DefaultSingletonBeanRegistry [main] Creating shared instance of singleton bean 'delegatingApplicationListener'
2020-05-03 18:39:38,446 DEBUG org.springframework.beans.factory.support.DefaultSingletonBeanRegistry [main] Creating shared instance of singleton bean 'springSecurityFilterChain'
2020-05-03 18:39:38,449 DEBUG org.springframework.security.config.annotation.authentication.builders.AuthenticationManagerBuilder [main] No authenticationProviders and no parentAuthenticationManager defined. Returning null.
2020-05-03 18:39:39,048 DEBUG org.springframework.security.config.annotation.authentication.configuration.AuthenticationConfiguration$EnableGlobalAuthenticationAutowiredConfigurer [main] Eagerly initializing {webSecurityConfig=com.surshree.app.config.WebSecurityConfig$$EnhancerBySpringCGLIB$$8885a7bc@6aff157e}
2020-05-03 18:39:39,211 DEBUG org.springframework.security.web.access.expression.ExpressionBasedFilterInvocationSecurityMetadataSource [main] Adding web access control expression 'fullyAuthenticated', for Ant [pattern='/oauth/token']
2020-05-03 18:39:39,213 DEBUG org.springframework.security.web.access.expression.ExpressionBasedFilterInvocationSecurityMetadataSource [main] Adding web access control expression 'permitAll()', for Ant [pattern='/oauth/token_key']
2020-05-03 18:39:39,213 DEBUG org.springframework.security.web.access.expression.ExpressionBasedFilterInvocationSecurityMetadataSource [main] Adding web access control expression 'isAuthenticated()', for Ant [pattern='/oauth/check_token']
2020-05-03 18:39:39,224 DEBUG org.springframework.security.access.intercept.AbstractSecurityInterceptor [main] Validated configuration attributes
2020-05-03 18:39:39,225 DEBUG org.springframework.security.access.intercept.AbstractSecurityInterceptor [main] Validated configuration attributes
2020-05-03 18:39:39,236 INFO org.springframework.security.web.DefaultSecurityFilterChain [main] Creating filter chain: OrRequestMatcher [requestMatchers=[Ant [pattern='/oauth/token'], Ant [pattern='/oauth/token_key'], Ant [pattern='/oauth/check_token']]], [org.springframework.security.web.context.request.async.WebAsyncManagerIntegrationFilter@4f5d587c, org.springframework.security.web.context.SecurityContextPersistenceFilter@16baf8d0, org.springframework.security.web.header.HeaderWriterFilter@258f97f8, org.springframework.security.web.authentication.logout.LogoutFilter@44f8d884, org.springframework.web.filter.CorsFilter@138a51d5, org.springframework.security.web.authentication.www.BasicAuthenticationFilter@3b09582d, org.springframework.security.web.savedrequest.RequestCacheAwareFilter@3123ac1a, org.springframework.security.web.servletapi.SecurityContextHolderAwareRequestFilter@118cbb26, org.springframework.security.web.authentication.AnonymousAuthenticationFilter@413a2520, org.springframework.security.web.session.SessionManagementFilter@12e04531, org.springframework.security.web.access.ExceptionTranslationFilter@416bff93, org.springframework.security.web.access.intercept.FilterSecurityInterceptor@59fa5a39]
2020-05-03 18:39:39,262 DEBUG org.springframework.security.web.access.expression.ExpressionBasedFilterInvocationSecurityMetadataSource [main] Adding web access control expression 'authenticated', for any request
2020-05-03 18:39:39,263 DEBUG org.springframework.security.access.intercept.AbstractSecurityInterceptor [main] Validated configuration attributes
2020-05-03 18:39:39,263 DEBUG org.springframework.security.access.intercept.AbstractSecurityInterceptor [main] Validated configuration attributes
2020-05-03 18:39:39,264 INFO org.springframework.security.web.DefaultSecurityFilterChain [main] Creating filter chain: com.surshree.app.config.ResourceServerConfig$$Lambda$1045/0x00000008009ac040@6aa7d7a0, [org.springframework.security.web.context.request.async.WebAsyncManagerIntegrationFilter@4c3125ff, org.springframework.security.web.context.SecurityContextPersistenceFilter@17d606c9, org.springframework.security.web.header.HeaderWriterFilter@6a4c4261, org.springframework.security.web.authentication.logout.LogoutFilter@37e0614e, org.springframework.security.oauth2.provider.authentication.OAuth2AuthenticationProcessingFilter@57d8d8e2, org.springframework.security.web.savedrequest.RequestCacheAwareFilter@6f45a2fd, org.springframework.security.web.servletapi.SecurityContextHolderAwareRequestFilter@6792aa3e, org.springframework.security.web.authentication.AnonymousAuthenticationFilter@d2ca3a9, org.springframework.security.web.session.SessionManagementFilter@88fe9a8, org.springframework.security.web.access.ExceptionTranslationFilter@46c7c593, org.springframework.security.web.access.intercept.FilterSecurityInterceptor@560e1459]
2020-05-03 18:39:39,275 DEBUG org.springframework.security.web.access.expression.ExpressionBasedFilterInvocationSecurityMetadataSource [main] Adding web access control expression 'permitAll', for Ant [pattern='/oauth/token']
2020-05-03 18:39:39,275 DEBUG org.springframework.security.web.access.expression.ExpressionBasedFilterInvocationSecurityMetadataSource [main] Adding web access control expression 'permitAll', for Ant [pattern='/file/**', GET]
2020-05-03 18:39:39,276 DEBUG org.springframework.security.web.access.expression.ExpressionBasedFilterInvocationSecurityMetadataSource [main] Adding web access control expression 'authenticated', for any request
2020-05-03 18:39:39,277 DEBUG org.springframework.security.access.intercept.AbstractSecurityInterceptor [main] Validated configuration attributes
2020-05-03 18:39:39,279 DEBUG org.springframework.security.access.intercept.AbstractSecurityInterceptor [main] Validated configuration attributes
2020-05-03 18:39:39,284 DEBUG org.springframework.beans.factory.support.DefaultSingletonBeanRegistry [main] Creating shared instance of singleton bean 'mvcHandlerMappingIntrospector'
2020-05-03 18:39:39,288 DEBUG org.springframework.beans.factory.support.DefaultSingletonBeanRegistry [main] Creating shared instance of singleton bean 'requestMappingHandlerMapping'
2020-05-03 18:39:39,296 DEBUG org.springframework.beans.factory.support.DefaultSingletonBeanRegistry [main] Creating shared instance of singleton bean 'mvcConversionService'
2020-05-03 18:39:39,358 DEBUG org.springframework.beans.factory.support.DefaultSingletonBeanRegistry [main] Creating shared instance of singleton bean 'mvcResourceUrlProvider'
2020-05-03 18:39:39,363 DEBUG org.springframework.beans.factory.support.ConstructorResolver [main] Autowiring by type from bean name 'requestMappingHandlerMapping' via factory method to bean named 'mvcContentNegotiationManager'
2020-05-03 18:39:39,367 DEBUG org.springframework.beans.factory.support.ConstructorResolver [main] Autowiring by type from bean name 'requestMappingHandlerMapping' via factory method to bean named 'mvcConversionService'
2020-05-03 18:39:39,368 DEBUG org.springframework.beans.factory.support.ConstructorResolver [main] Autowiring by type from bean name 'requestMappingHandlerMapping' via factory method to bean named 'mvcResourceUrlProvider'
2020-05-03 18:39:39,376 DEBUG org.springframework.beans.factory.support.ConstructorResolver [main] Autowiring by type from bean name 'requestMappingHandlerMapping' via factory method to bean named 'mvcContentNegotiationManager'
2020-05-03 18:39:39,377 DEBUG org.springframework.beans.factory.support.ConstructorResolver [main] Autowiring by type from bean name 'requestMappingHandlerMapping' via factory method to bean named 'mvcConversionService'
2020-05-03 18:39:39,378 DEBUG org.springframework.beans.factory.support.ConstructorResolver [main] Autowiring by type from bean name 'requestMappingHandlerMapping' via factory method to bean named 'mvcResourceUrlProvider'
2020-05-03 18:39:39,437 DEBUG org.springframework.web.servlet.handler.AbstractHandlerMethodMapping [main] 23 mappings in 'requestMappingHandlerMapping'
2020-05-03 18:39:39,448 DEBUG org.springframework.beans.factory.support.DefaultSingletonBeanRegistry [main] Creating shared instance of singleton bean 'welcomePageHandlerMapping'
2020-05-03 18:39:39,450 DEBUG org.springframework.beans.factory.support.ConstructorResolver [main] Autowiring by type from bean name 'welcomePageHandlerMapping' via factory method to bean named 'org.springframework.boot.web.servlet.context.AnnotationConfigServletWebServerApplicationContext@2f4919b0'
2020-05-03 18:39:39,451 DEBUG org.springframework.beans.factory.support.ConstructorResolver [main] Autowiring by type from bean name 'welcomePageHandlerMapping' via factory method to bean named 'mvcConversionService'
2020-05-03 18:39:39,452 DEBUG org.springframework.beans.factory.support.ConstructorResolver [main] Autowiring by type from bean name 'welcomePageHandlerMapping' via factory method to bean named 'mvcResourceUrlProvider'
2020-05-03 18:39:39,469 DEBUG org.springframework.beans.factory.support.DefaultSingletonBeanRegistry [main] Creating shared instance of singleton bean 'viewControllerHandlerMapping'
2020-05-03 18:39:39,471 DEBUG org.springframework.beans.factory.support.DefaultSingletonBeanRegistry [main] Creating shared instance of singleton bean 'mvcPathMatcher'
2020-05-03 18:39:39,477 DEBUG org.springframework.beans.factory.support.DefaultSingletonBeanRegistry [main] Creating shared instance of singleton bean 'mvcUrlPathHelper'
2020-05-03 18:39:39,485 DEBUG org.springframework.beans.factory.support.ConstructorResolver [main] Autowiring by type from bean name 'viewControllerHandlerMapping' via factory method to bean named 'mvcPathMatcher'
2020-05-03 18:39:39,488 DEBUG org.springframework.beans.factory.support.ConstructorResolver [main] Autowiring by type from bean name 'viewControllerHandlerMapping' via factory method to bean named 'mvcUrlPathHelper'
2020-05-03 18:39:39,489 DEBUG org.springframework.beans.factory.support.ConstructorResolver [main] Autowiring by type from bean name 'viewControllerHandlerMapping' via factory method to bean named 'mvcConversionService'
2020-05-03 18:39:39,490 DEBUG org.springframework.beans.factory.support.ConstructorResolver [main] Autowiring by type from bean name 'viewControllerHandlerMapping' via factory method to bean named 'mvcResourceUrlProvider'
2020-05-03 18:39:39,492 DEBUG org.springframework.beans.factory.support.DefaultSingletonBeanRegistry [main] Creating shared instance of singleton bean 'beanNameHandlerMapping'
2020-05-03 18:39:39,507 DEBUG org.springframework.beans.factory.support.ConstructorResolver [main] Autowiring by type from bean name 'beanNameHandlerMapping' via factory method to bean named 'mvcConversionService'
2020-05-03 18:39:39,508 DEBUG org.springframework.beans.factory.support.ConstructorResolver [main] Autowiring by type from bean name 'beanNameHandlerMapping' via factory method to bean named 'mvcResourceUrlProvider'
2020-05-03 18:39:39,524 DEBUG org.springframework.web.servlet.handler.AbstractDetectingUrlHandlerMapping [main] Detected 1 mappings in 'beanNameHandlerMapping'
2020-05-03 18:39:39,531 DEBUG org.springframework.beans.factory.support.DefaultSingletonBeanRegistry [main] Creating shared instance of singleton bean 'routerFunctionMapping'
2020-05-03 18:39:39,533 DEBUG org.springframework.beans.factory.support.ConstructorResolver [main] Autowiring by type from bean name 'routerFunctionMapping' via factory method to bean named 'mvcConversionService'
2020-05-03 18:39:39,537 DEBUG org.springframework.beans.factory.support.ConstructorResolver [main] Autowiring by type from bean name 'routerFunctionMapping' via factory method to bean named 'mvcResourceUrlProvider'
2020-05-03 18:39:39,540 DEBUG org.springframework.beans.factory.support.DefaultSingletonBeanRegistry [main] Creating shared instance of singleton bean 'messageConverters'
2020-05-03 18:39:39,541 DEBUG org.springframework.beans.factory.support.DefaultSingletonBeanRegistry [main] Creating shared instance of singleton bean 'org.springframework.boot.autoconfigure.http.HttpMessageConvertersAutoConfiguration'
2020-05-03 18:39:39,557 DEBUG org.springframework.beans.factory.support.DefaultSingletonBeanRegistry [main] Creating shared instance of singleton bean 'stringHttpMessageConverter'
2020-05-03 18:39:39,558 DEBUG org.springframework.beans.factory.support.DefaultSingletonBeanRegistry [main] Creating shared instance of singleton bean 'org.springframework.boot.autoconfigure.http.HttpMessageConvertersAutoConfiguration$StringHttpMessageConverterConfiguration'
2020-05-03 18:39:39,561 DEBUG org.springframework.beans.factory.support.ConstructorResolver [main] Autowiring by type from bean name 'stringHttpMessageConverter' via factory method to bean named 'spring.http-org.springframework.boot.autoconfigure.http.HttpProperties'
2020-05-03 18:39:39,568 DEBUG org.springframework.beans.factory.support.DefaultSingletonBeanRegistry [main] Creating shared instance of singleton bean 'mappingJackson2HttpMessageConverter'
2020-05-03 18:39:39,570 DEBUG org.springframework.beans.factory.support.DefaultSingletonBeanRegistry [main] Creating shared instance of singleton bean 'org.springframework.boot.autoconfigure.http.JacksonHttpMessageConvertersConfiguration$MappingJackson2HttpMessageConverterConfiguration'
2020-05-03 18:39:39,576 DEBUG org.springframework.beans.factory.support.DefaultSingletonBeanRegistry [main] Creating shared instance of singleton bean 'jacksonObjectMapper'
2020-05-03 18:39:39,577 DEBUG org.springframework.beans.factory.support.DefaultSingletonBeanRegistry [main] Creating shared instance of singleton bean 'org.springframework.boot.autoconfigure.jackson.JacksonAutoConfiguration$JacksonObjectMapperConfiguration'
2020-05-03 18:39:39,583 DEBUG org.springframework.beans.factory.support.DefaultSingletonBeanRegistry [main] Creating shared instance of singleton bean 'org.springframework.boot.autoconfigure.jackson.JacksonAutoConfiguration$JacksonObjectMapperBuilderConfiguration'
2020-05-03 18:39:39,586 DEBUG org.springframework.beans.factory.support.DefaultSingletonBeanRegistry [main] Creating shared instance of singleton bean 'standardJacksonObjectMapperBuilderCustomizer'
2020-05-03 18:39:39,587 DEBUG org.springframework.beans.factory.support.DefaultSingletonBeanRegistry [main] Creating shared instance of singleton bean 'org.springframework.boot.autoconfigure.jackson.JacksonAutoConfiguration$Jackson2ObjectMapperBuilderCustomizerConfiguration'
2020-05-03 18:39:39,591 DEBUG org.springframework.beans.factory.support.DefaultSingletonBeanRegistry [main] Creating shared instance of singleton bean 'spring.jackson-org.springframework.boot.autoconfigure.jackson.JacksonProperties'
2020-05-03 18:39:39,611 DEBUG org.springframework.beans.factory.support.ConstructorResolver [main] Autowiring by type from bean name 'standardJacksonObjectMapperBuilderCustomizer' via factory method to bean named 'org.springframework.boot.web.servlet.context.AnnotationConfigServletWebServerApplicationContext@2f4919b0'
2020-05-03 18:39:39,612 DEBUG org.springframework.beans.factory.support.ConstructorResolver [main] Autowiring by type from bean name 'standardJacksonObjectMapperBuilderCustomizer' via factory method to bean named 'spring.jackson-org.springframework.boot.autoconfigure.jackson.JacksonProperties'
2020-05-03 18:39:39,614 DEBUG org.springframework.beans.factory.support.ConstructorResolver [main] Autowiring by type from bean name 'jacksonObjectMapperBuilder' via factory method to bean named 'org.springframework.boot.web.servlet.context.AnnotationConfigServletWebServerApplicationContext@2f4919b0'
2020-05-03 18:39:39,616 DEBUG org.springframework.beans.factory.support.ConstructorResolver [main] Autowiring by type from bean name 'jacksonObjectMapperBuilder' via factory method to bean named 'standardJacksonObjectMapperBuilderCustomizer'
2020-05-03 18:39:39,621 DEBUG org.springframework.beans.factory.support.DefaultSingletonBeanRegistry [main] Creating shared instance of singleton bean 'parameterNamesModule'
2020-05-03 18:39:39,623 DEBUG org.springframework.beans.factory.support.DefaultSingletonBeanRegistry [main] Creating shared instance of singleton bean 'org.springframework.boot.autoconfigure.jackson.JacksonAutoConfiguration$ParameterNamesModuleConfiguration'
2020-05-03 18:39:39,638 DEBUG org.springframework.beans.factory.support.DefaultSingletonBeanRegistry [main] Creating shared instance of singleton bean 'jsonComponentModule'
2020-05-03 18:39:39,640 DEBUG org.springframework.beans.factory.support.DefaultSingletonBeanRegistry [main] Creating shared instance of singleton bean 'org.springframework.boot.autoconfigure.jackson.JacksonAutoConfiguration'
2020-05-03 18:39:39,692 DEBUG org.springframework.beans.factory.support.DefaultSingletonBeanRegistry [main] Creating shared instance of singleton bean 'jacksonGeoModule'
2020-05-03 18:39:39,694 DEBUG org.springframework.beans.factory.support.DefaultSingletonBeanRegistry [main] Creating shared instance of singleton bean 'org.springframework.data.web.config.SpringDataJacksonConfiguration'
2020-05-03 18:39:39,705 DEBUG org.springframework.beans.factory.support.ConstructorResolver [main] Autowiring by type from bean name 'jacksonObjectMapper' via factory method to bean named 'jacksonObjectMapperBuilder'
2020-05-03 18:39:40,044 DEBUG org.springframework.beans.factory.support.ConstructorResolver [main] Autowiring by type from bean name 'mappingJackson2HttpMessageConverter' via factory method to bean named 'jacksonObjectMapper'
2020-05-03 18:39:40,081 DEBUG org.springframework.beans.factory.support.DefaultSingletonBeanRegistry [main] Creating shared instance of singleton bean 'resourceHandlerMapping'
2020-05-03 18:39:40,090 DEBUG org.springframework.beans.factory.support.ConstructorResolver [main] Autowiring by type from bean name 'resourceHandlerMapping' via factory method to bean named 'mvcUrlPathHelper'
2020-05-03 18:39:40,091 DEBUG org.springframework.beans.factory.support.ConstructorResolver [main] Autowiring by type from bean name 'resourceHandlerMapping' via factory method to bean named 'mvcPathMatcher'
2020-05-03 18:39:40,092 DEBUG org.springframework.beans.factory.support.ConstructorResolver [main] Autowiring by type from bean name 'resourceHandlerMapping' via factory method to bean named 'mvcContentNegotiationManager'
2020-05-03 18:39:40,092 DEBUG org.springframework.beans.factory.support.ConstructorResolver [main] Autowiring by type from bean name 'resourceHandlerMapping' via factory method to bean named 'mvcConversionService'
2020-05-03 18:39:40,093 DEBUG org.springframework.beans.factory.support.ConstructorResolver [main] Autowiring by type from bean name 'resourceHandlerMapping' via factory method to bean named 'mvcResourceUrlProvider'
2020-05-03 18:39:40,151 DEBUG org.springframework.web.servlet.handler.SimpleUrlHandlerMapping [main] Patterns [/webjars/**, /**] in 'resourceHandlerMapping'
2020-05-03 18:39:40,157 DEBUG org.springframework.beans.factory.support.DefaultSingletonBeanRegistry [main] Creating shared instance of singleton bean 'defaultServletHandlerMapping'
2020-05-03 18:39:40,159 DEBUG org.springframework.beans.factory.support.DefaultSingletonBeanRegistry [main] Creating shared instance of singleton bean 'webEndpointServletHandlerMapping'
2020-05-03 18:39:40,160 DEBUG org.springframework.beans.factory.support.DefaultSingletonBeanRegistry [main] Creating shared instance of singleton bean 'org.springframework.boot.actuate.autoconfigure.endpoint.web.servlet.WebMvcEndpointManagementContextConfiguration'
2020-05-03 18:39:40,162 DEBUG org.springframework.beans.factory.support.DefaultSingletonBeanRegistry [main] Creating shared instance of singleton bean 'webEndpointDiscoverer'
2020-05-03 18:39:40,164 DEBUG org.springframework.beans.factory.support.DefaultSingletonBeanRegistry [main] Creating shared instance of singleton bean 'endpointOperationParameterMapper'
2020-05-03 18:39:40,165 DEBUG org.springframework.beans.factory.support.DefaultSingletonBeanRegistry [main] Creating shared instance of singleton bean 'org.springframework.boot.actuate.autoconfigure.endpoint.EndpointAutoConfiguration'
2020-05-03 18:39:40,181 DEBUG org.springframework.beans.factory.support.DefaultSingletonBeanRegistry [main] Creating shared instance of singleton bean 'endpointMediaTypes'
2020-05-03 18:39:40,183 DEBUG org.springframework.beans.factory.support.ConstructorResolver [main] Autowiring by type from bean name 'webEndpointDiscoverer' via factory method to bean named 'endpointOperationParameterMapper'
2020-05-03 18:39:40,183 DEBUG org.springframework.beans.factory.support.ConstructorResolver [main] Autowiring by type from bean name 'webEndpointDiscoverer' via factory method to bean named 'endpointMediaTypes'
2020-05-03 18:39:40,188 DEBUG org.springframework.beans.factory.support.DefaultSingletonBeanRegistry [main] Creating shared instance of singleton bean 'endpointCachingOperationInvokerAdvisor'
2020-05-03 18:39:40,192 DEBUG org.springframework.beans.factory.support.ConstructorResolver [main] Autowiring by type from bean name 'endpointCachingOperationInvokerAdvisor' via factory method to bean named 'environment'
2020-05-03 18:39:40,198 DEBUG org.springframework.beans.factory.support.DefaultSingletonBeanRegistry [main] Creating shared instance of singleton bean 'webExposeExcludePropertyEndpointFilter'
2020-05-03 18:39:40,204 DEBUG org.springframework.beans.factory.support.DefaultSingletonBeanRegistry [main] Creating shared instance of singleton bean 'controllerEndpointDiscoverer'
2020-05-03 18:39:40,206 DEBUG org.springframework.beans.factory.support.DefaultSingletonBeanRegistry [main] Creating shared instance of singleton bean 'controllerExposeExcludePropertyEndpointFilter'
2020-05-03 18:39:40,210 DEBUG org.springframework.beans.factory.support.DefaultSingletonBeanRegistry [main] Creating shared instance of singleton bean 'management.endpoints.web.cors-org.springframework.boot.actuate.autoconfigure.endpoint.web.CorsEndpointProperties'
2020-05-03 18:39:40,215 DEBUG org.springframework.beans.factory.support.ConstructorResolver [main] Autowiring by type from bean name 'webEndpointServletHandlerMapping' via factory method to bean named 'webEndpointDiscoverer'
2020-05-03 18:39:40,217 DEBUG org.springframework.beans.factory.support.ConstructorResolver [main] Autowiring by type from bean name 'webEndpointServletHandlerMapping' via factory method to bean named 'servletEndpointDiscoverer'
2020-05-03 18:39:40,218 DEBUG org.springframework.beans.factory.support.ConstructorResolver [main] Autowiring by type from bean name 'webEndpointServletHandlerMapping' via factory method to bean named 'controllerEndpointDiscoverer'
2020-05-03 18:39:40,219 DEBUG org.springframework.beans.factory.support.ConstructorResolver [main] Autowiring by type from bean name 'webEndpointServletHandlerMapping' via factory method to bean named 'endpointMediaTypes'
2020-05-03 18:39:40,220 DEBUG org.springframework.beans.factory.support.ConstructorResolver [main] Autowiring by type from bean name 'webEndpointServletHandlerMapping' via factory method to bean named 'management.endpoints.web.cors-org.springframework.boot.actuate.autoconfigure.endpoint.web.CorsEndpointProperties'
2020-05-03 18:39:40,220 DEBUG org.springframework.beans.factory.support.ConstructorResolver [main] Autowiring by type from bean name 'webEndpointServletHandlerMapping' via factory method to bean named 'management.endpoints.web-org.springframework.boot.actuate.autoconfigure.endpoint.web.WebEndpointProperties'
2020-05-03 18:39:40,221 DEBUG org.springframework.beans.factory.support.ConstructorResolver [main] Autowiring by type from bean name 'webEndpointServletHandlerMapping' via factory method to bean named 'environment'
2020-05-03 18:39:40,279 INFO org.springframework.boot.actuate.endpoint.web.EndpointLinksResolver [main] Exposing 2 endpoint(s) beneath base path '/actuator'
2020-05-03 18:39:40,314 DEBUG org.springframework.beans.factory.support.DefaultSingletonBeanRegistry [main] Creating shared instance of singleton bean 'controllerEndpointHandlerMapping'
2020-05-03 18:39:40,316 DEBUG org.springframework.beans.factory.support.ConstructorResolver [main] Autowiring by type from bean name 'controllerEndpointHandlerMapping' via factory method to bean named 'controllerEndpointDiscoverer'
2020-05-03 18:39:40,317 DEBUG org.springframework.beans.factory.support.ConstructorResolver [main] Autowiring by type from bean name 'controllerEndpointHandlerMapping' via factory method to bean named 'management.endpoints.web.cors-org.springframework.boot.actuate.autoconfigure.endpoint.web.CorsEndpointProperties'
2020-05-03 18:39:40,318 DEBUG org.springframework.beans.factory.support.ConstructorResolver [main] Autowiring by type from bean name 'controllerEndpointHandlerMapping' via factory method to bean named 'management.endpoints.web-org.springframework.boot.actuate.autoconfigure.endpoint.web.WebEndpointProperties'
2020-05-03 18:39:40,341 INFO org.springframework.security.web.DefaultSecurityFilterChain [main] Creating filter chain: Ant [pattern='/**'], [org.springframework.security.web.context.request.async.WebAsyncManagerIntegrationFilter@2746bc43, org.springframework.security.web.context.SecurityContextPersistenceFilter@6ccd3cf1, org.springframework.security.web.header.HeaderWriterFilter@5c815478, org.springframework.web.filter.CorsFilter@16d31c48, org.springframework.security.web.csrf.CsrfFilter@77eb76f, org.springframework.security.web.authentication.logout.LogoutFilter@50508ed3, org.springframework.security.web.authentication.www.BasicAuthenticationFilter@5b784f16, org.springframework.security.web.savedrequest.RequestCacheAwareFilter@4c9235c0, org.springframework.security.web.servletapi.SecurityContextHolderAwareRequestFilter@1ae69abe, org.springframework.security.web.authentication.AnonymousAuthenticationFilter@783a35d8, org.springframework.security.web.session.SessionManagementFilter@1efa258e, org.springframework.security.web.access.ExceptionTranslationFilter@be56353, org.springframework.security.web.access.intercept.FilterSecurityInterceptor@6971f5f4]
2020-05-03 18:39:40,365 DEBUG org.springframework.beans.factory.support.DefaultSingletonBeanRegistry [main] Creating shared instance of singleton bean 'webSecurityExpressionHandler'
2020-05-03 18:39:40,367 DEBUG org.springframework.beans.factory.support.DefaultSingletonBeanRegistry [main] Creating shared instance of singleton bean 'privilegeEvaluator'
2020-05-03 18:39:40,372 DEBUG org.springframework.beans.factory.support.DefaultSingletonBeanRegistry [main] Creating shared instance of singleton bean 'requestDataValueProcessor'
2020-05-03 18:39:40,374 DEBUG org.springframework.beans.factory.support.DefaultSingletonBeanRegistry [main] Creating shared instance of singleton bean 'getJwtHelper'
2020-05-03 18:39:40,376 DEBUG org.springframework.beans.factory.support.DefaultSingletonBeanRegistry [main] Creating shared instance of singleton bean 'org.springframework.data.jpa.util.JpaMetamodelCacheCleanup'
2020-05-03 18:39:40,379 DEBUG org.springframework.beans.factory.support.DefaultSingletonBeanRegistry [main] Creating shared instance of singleton bean 'org.springframework.data.jpa.repository.support.JpaEvaluationContextExtension'
2020-05-03 18:39:40,384 DEBUG org.springframework.beans.factory.support.DefaultSingletonBeanRegistry [main] Creating shared instance of singleton bean 'org.springframework.boot.autoconfigure.context.PropertyPlaceholderAutoConfiguration'
2020-05-03 18:39:40,386 DEBUG org.springframework.beans.factory.support.DefaultSingletonBeanRegistry [main] Creating shared instance of singleton bean 'org.springframework.boot.autoconfigure.websocket.servlet.WebSocketServletAutoConfiguration'
2020-05-03 18:39:40,388 DEBUG org.springframework.beans.factory.support.DefaultSingletonBeanRegistry [main] Creating shared instance of singleton bean 'org.springframework.boot.context.properties.ConfigurationBeanFactoryMetadata'
2020-05-03 18:39:40,390 DEBUG org.springframework.beans.factory.support.DefaultSingletonBeanRegistry [main] Creating shared instance of singleton bean 'org.springframework.boot.autoconfigure.web.servlet.DispatcherServletAutoConfiguration'
2020-05-03 18:39:40,391 DEBUG org.springframework.beans.factory.support.DefaultSingletonBeanRegistry [main] Creating shared instance of singleton bean 'org.springframework.boot.autoconfigure.task.TaskExecutionAutoConfiguration'
2020-05-03 18:39:40,392 DEBUG org.springframework.beans.factory.support.DefaultSingletonBeanRegistry [main] Creating shared instance of singleton bean 'taskExecutorBuilder'
2020-05-03 18:39:40,396 DEBUG org.springframework.beans.factory.support.DefaultSingletonBeanRegistry [main] Creating shared instance of singleton bean 'spring.task.execution-org.springframework.boot.autoconfigure.task.TaskExecutionProperties'
2020-05-03 18:39:40,401 DEBUG org.springframework.beans.factory.support.ConstructorResolver [main] Autowiring by type from bean name 'taskExecutorBuilder' via factory method to bean named 'spring.task.execution-org.springframework.boot.autoconfigure.task.TaskExecutionProperties'
2020-05-03 18:39:40,411 DEBUG org.springframework.beans.factory.support.DefaultSingletonBeanRegistry [main] Creating shared instance of singleton bean 'org.springframework.boot.autoconfigure.validation.ValidationAutoConfiguration'
2020-05-03 18:39:40,413 DEBUG org.springframework.beans.factory.support.DefaultSingletonBeanRegistry [main] Creating shared instance of singleton bean 'defaultValidator'
2020-05-03 18:39:40,438 DEBUG org.springframework.beans.factory.support.DefaultSingletonBeanRegistry [main] Creating shared instance of singleton bean 'org.springframework.boot.autoconfigure.web.servlet.error.ErrorMvcAutoConfiguration$WhitelabelErrorViewConfiguration'
2020-05-03 18:39:40,441 DEBUG org.springframework.beans.factory.support.DefaultSingletonBeanRegistry [main] Creating shared instance of singleton bean 'error'
2020-05-03 18:39:40,444 DEBUG org.springframework.beans.factory.support.DefaultSingletonBeanRegistry [main] Creating shared instance of singleton bean 'beanNameViewResolver'
2020-05-03 18:39:40,448 DEBUG org.springframework.beans.factory.support.DefaultSingletonBeanRegistry [main] Creating shared instance of singleton bean 'org.springframework.boot.autoconfigure.web.servlet.error.ErrorMvcAutoConfiguration$DefaultErrorViewResolverConfiguration'
2020-05-03 18:39:40,449 DEBUG org.springframework.beans.factory.support.ConstructorResolver [main] Autowiring by type from bean name 'org.springframework.boot.autoconfigure.web.servlet.error.ErrorMvcAutoConfiguration$DefaultErrorViewResolverConfiguration' via constructor to bean named 'org.springframework.boot.web.servlet.context.AnnotationConfigServletWebServerApplicationContext@2f4919b0'
2020-05-03 18:39:40,450 DEBUG org.springframework.beans.factory.support.ConstructorResolver [main] Autowiring by type from bean name 'org.springframework.boot.autoconfigure.web.servlet.error.ErrorMvcAutoConfiguration$DefaultErrorViewResolverConfiguration' via constructor to bean named 'spring.resources-org.springframework.boot.autoconfigure.web.ResourceProperties'
2020-05-03 18:39:40,453 DEBUG org.springframework.beans.factory.support.DefaultSingletonBeanRegistry [main] Creating shared instance of singleton bean 'conventionErrorViewResolver'
2020-05-03 18:39:40,454 DEBUG org.springframework.beans.factory.support.DefaultSingletonBeanRegistry [main] Creating shared instance of singleton bean 'errorAttributes'
2020-05-03 18:39:40,456 DEBUG org.springframework.beans.factory.support.DefaultSingletonBeanRegistry [main] Creating shared instance of singleton bean 'basicErrorController'
2020-05-03 18:39:40,460 DEBUG org.springframework.beans.factory.support.ConstructorResolver [main] Autowiring by type from bean name 'basicErrorController' via factory method to bean named 'errorAttributes'
2020-05-03 18:39:40,472 DEBUG org.springframework.beans.factory.support.DefaultSingletonBeanRegistry [main] Creating shared instance of singleton bean 'org.springframework.boot.autoconfigure.security.oauth2.resource.OAuth2ResourceServerConfiguration'
2020-05-03 18:39:40,473 DEBUG org.springframework.core.LocalVariableTableParameterNameDiscoverer [main] Cannot find '.class' file for class [class org.springframework.boot.autoconfigure.security.oauth2.resource.OAuth2ResourceServerConfiguration$$EnhancerBySpringCGLIB$$a4b3b14c] - unable to determine constructor/method parameter names
2020-05-03 18:39:40,479 DEBUG org.springframework.beans.factory.support.DefaultSingletonBeanRegistry [main] Creating shared instance of singleton bean 'resourceServerProperties'
2020-05-03 18:39:40,480 DEBUG org.springframework.beans.factory.support.DefaultSingletonBeanRegistry [main] Creating shared instance of singleton bean 'org.springframework.boot.autoconfigure.security.oauth2.OAuth2AutoConfiguration'
2020-05-03 18:39:40,482 DEBUG org.springframework.core.LocalVariableTableParameterNameDiscoverer [main] Cannot find '.class' file for class [class org.springframework.boot.autoconfigure.security.oauth2.OAuth2AutoConfiguration$$EnhancerBySpringCGLIB$$38e759ac] - unable to determine constructor/method parameter names
2020-05-03 18:39:40,485 DEBUG org.springframework.beans.factory.support.DefaultSingletonBeanRegistry [main] Creating shared instance of singleton bean 'security.oauth2.client-org.springframework.boot.autoconfigure.security.oauth2.OAuth2ClientProperties'
2020-05-03 18:39:40,494 DEBUG org.springframework.beans.factory.support.ConstructorResolver [main] Autowiring by type from bean name 'org.springframework.boot.autoconfigure.security.oauth2.OAuth2AutoConfiguration' via constructor to bean named 'security.oauth2.client-org.springframework.boot.autoconfigure.security.oauth2.OAuth2ClientProperties'
2020-05-03 18:39:40,526 DEBUG org.springframework.beans.factory.support.ConstructorResolver [main] Autowiring by type from bean name 'org.springframework.boot.autoconfigure.security.oauth2.resource.OAuth2ResourceServerConfiguration' via constructor to bean named 'resourceServerProperties'
2020-05-03 18:39:40,529 DEBUG org.springframework.beans.factory.support.DefaultSingletonBeanRegistry [main] Creating shared instance of singleton bean 'org.springframework.boot.autoconfigure.security.oauth2.client.OAuth2ProtectedResourceDetailsConfiguration'
2020-05-03 18:39:40,533 DEBUG org.springframework.beans.factory.support.DefaultSingletonBeanRegistry [main] Creating shared instance of singleton bean 'oauth2RemoteResource'
2020-05-03 18:39:40,560 DEBUG org.springframework.beans.factory.support.DefaultSingletonBeanRegistry [main] Creating shared instance of singleton bean 'org.springframework.boot.autoconfigure.security.oauth2.client.OAuth2RestOperationsConfiguration$RequestScopedConfiguration'
2020-05-03 18:39:40,562 DEBUG org.springframework.beans.factory.support.DefaultSingletonBeanRegistry [main] Creating shared instance of singleton bean 'oauth2ClientContext'
2020-05-03 18:39:40,567 DEBUG org.springframework.beans.factory.support.DefaultSingletonBeanRegistry [main] Creating shared instance of singleton bean 'org.springframework.boot.autoconfigure.security.oauth2.client.OAuth2RestOperationsConfiguration'
2020-05-03 18:39:40,570 DEBUG org.springframework.beans.factory.support.DefaultSingletonBeanRegistry [main] Creating shared instance of singleton bean 'requestMappingHandlerAdapter'
2020-05-03 18:39:40,575 DEBUG org.springframework.beans.factory.support.DefaultSingletonBeanRegistry [main] Creating shared instance of singleton bean 'mvcValidator'
2020-05-03 18:39:40,582 DEBUG org.springframework.beans.factory.support.ConstructorResolver [main] Autowiring by type from bean name 'requestMappingHandlerAdapter' via factory method to bean named 'mvcContentNegotiationManager'
2020-05-03 18:39:40,582 DEBUG org.springframework.beans.factory.support.ConstructorResolver [main] Autowiring by type from bean name 'requestMappingHandlerAdapter' via factory method to bean named 'mvcConversionService'
2020-05-03 18:39:40,582 DEBUG org.springframework.beans.factory.support.ConstructorResolver [main] Autowiring by type from bean name 'requestMappingHandlerAdapter' via factory method to bean named 'mvcValidator'
2020-05-03 18:39:40,584 DEBUG org.springframework.beans.factory.support.ConstructorResolver [main] Autowiring by type from bean name 'requestMappingHandlerAdapter' via factory method to bean named 'mvcContentNegotiationManager'
2020-05-03 18:39:40,585 DEBUG org.springframework.beans.factory.support.ConstructorResolver [main] Autowiring by type from bean name 'requestMappingHandlerAdapter' via factory method to bean named 'mvcConversionService'
2020-05-03 18:39:40,587 DEBUG org.springframework.beans.factory.support.ConstructorResolver [main] Autowiring by type from bean name 'requestMappingHandlerAdapter' via factory method to bean named 'mvcValidator'
2020-05-03 18:39:40,612 DEBUG org.springframework.beans.factory.support.DefaultSingletonBeanRegistry [main] Creating shared instance of singleton bean 'sortResolver'
2020-05-03 18:39:40,641 DEBUG org.springframework.beans.factory.support.DefaultSingletonBeanRegistry [main] Creating shared instance of singleton bean 'pageableResolver'
2020-05-03 18:39:40,662 DEBUG org.springframework.beans.factory.support.DefaultSingletonBeanRegistry [main] Creating shared instance of singleton bean 'applicationTaskExecutor'
2020-05-03 18:39:40,665 DEBUG org.springframework.beans.factory.support.ConstructorResolver [main] Autowiring by type from bean name 'applicationTaskExecutor' via factory method to bean named 'taskExecutorBuilder'
2020-05-03 18:39:40,682 INFO org.springframework.scheduling.concurrent.ExecutorConfigurationSupport [main] Initializing ExecutorService 'applicationTaskExecutor'
2020-05-03 18:39:40,729 DEBUG org.springframework.web.servlet.mvc.method.annotation.RequestMappingHandlerAdapter [main] ControllerAdvice beans: 0 @ModelAttribute, 0 @InitBinder, 1 RequestBodyAdvice, 2 ResponseBodyAdvice
2020-05-03 18:39:40,865 DEBUG org.springframework.beans.factory.support.DefaultSingletonBeanRegistry [main] Creating shared instance of singleton bean 'handlerFunctionAdapter'
2020-05-03 18:39:40,871 DEBUG org.springframework.beans.factory.support.DefaultSingletonBeanRegistry [main] Creating shared instance of singleton bean 'mvcUriComponentsContributor'
2020-05-03 18:39:40,872 DEBUG org.springframework.beans.factory.support.ConstructorResolver [main] Autowiring by type from bean name 'mvcUriComponentsContributor' via factory method to bean named 'mvcConversionService'
2020-05-03 18:39:40,873 DEBUG org.springframework.beans.factory.support.ConstructorResolver [main] Autowiring by type from bean name 'mvcUriComponentsContributor' via factory method to bean named 'requestMappingHandlerAdapter'
2020-05-03 18:39:40,878 DEBUG org.springframework.beans.factory.support.DefaultSingletonBeanRegistry [main] Creating shared instance of singleton bean 'httpRequestHandlerAdapter'
2020-05-03 18:39:40,880 DEBUG org.springframework.beans.factory.support.DefaultSingletonBeanRegistry [main] Creating shared instance of singleton bean 'simpleControllerHandlerAdapter'
2020-05-03 18:39:40,882 DEBUG org.springframework.beans.factory.support.DefaultSingletonBeanRegistry [main] Creating shared instance of singleton bean 'handlerExceptionResolver'
2020-05-03 18:39:40,884 DEBUG org.springframework.beans.factory.support.ConstructorResolver [main] Autowiring by type from bean name 'handlerExceptionResolver' via factory method to bean named 'mvcContentNegotiationManager'
2020-05-03 18:39:40,900 DEBUG org.springframework.web.servlet.mvc.method.annotation.ExceptionHandlerExceptionResolver [main] ControllerAdvice beans: 1 @ExceptionHandler, 2 ResponseBodyAdvice
2020-05-03 18:39:40,905 DEBUG org.springframework.beans.factory.support.DefaultSingletonBeanRegistry [main] Creating shared instance of singleton bean 'mvcViewResolver'
2020-05-03 18:39:40,905 DEBUG org.springframework.beans.factory.support.ConstructorResolver [main] Autowiring by type from bean name 'mvcViewResolver' via factory method to bean named 'mvcContentNegotiationManager'
2020-05-03 18:39:40,912 DEBUG org.springframework.beans.factory.support.DefaultSingletonBeanRegistry [main] Creating shared instance of singleton bean 'defaultViewResolver'
2020-05-03 18:39:40,944 DEBUG org.springframework.beans.factory.support.DefaultSingletonBeanRegistry [main] Creating shared instance of singleton bean 'viewResolver'
2020-05-03 18:39:40,946 DEBUG org.springframework.beans.factory.support.ConstructorResolver [main] Autowiring by type from bean name 'viewResolver' via factory method to bean named 'org.springframework.beans.factory.support.DefaultListableBeanFactory@5173200b'
2020-05-03 18:39:40,964 DEBUG org.springframework.beans.factory.support.DefaultSingletonBeanRegistry [main] Creating shared instance of singleton bean 'org.springframework.boot.autoconfigure.transaction.jta.JtaAutoConfiguration'
2020-05-03 18:39:40,966 DEBUG org.springframework.beans.factory.support.DefaultSingletonBeanRegistry [main] Creating shared instance of singleton bean 'org.springframework.boot.autoconfigure.jdbc.DataSourceJmxConfiguration$Hikari'
2020-05-03 18:39:40,968 DEBUG org.springframework.beans.factory.support.ConstructorResolver [main] Autowiring by type from bean name 'org.springframework.boot.autoconfigure.jdbc.DataSourceJmxConfiguration$Hikari' via constructor to bean named 'dataSource'
2020-05-03 18:39:40,971 DEBUG org.springframework.beans.factory.support.DefaultSingletonBeanRegistry [main] Creating shared instance of singleton bean 'org.springframework.boot.autoconfigure.jdbc.DataSourceJmxConfiguration'
2020-05-03 18:39:40,974 DEBUG org.springframework.beans.factory.support.DefaultSingletonBeanRegistry [main] Creating shared instance of singleton bean 'org.springframework.boot.autoconfigure.jdbc.DataSourceAutoConfiguration$PooledDataSourceConfiguration'
2020-05-03 18:39:40,978 DEBUG org.springframework.beans.factory.support.DefaultSingletonBeanRegistry [main] Creating shared instance of singleton bean 'org.springframework.boot.autoconfigure.jdbc.metadata.DataSourcePoolMetadataProvidersConfiguration'
2020-05-03 18:39:40,980 DEBUG org.springframework.beans.factory.support.DefaultSingletonBeanRegistry [main] Creating shared instance of singleton bean 'org.springframework.boot.autoconfigure.jdbc.DataSourceInitializationConfiguration'
2020-05-03 18:39:40,982 DEBUG org.springframework.beans.factory.support.DefaultSingletonBeanRegistry [main] Creating shared instance of singleton bean 'org.springframework.boot.autoconfigure.jdbc.DataSourceAutoConfiguration'
2020-05-03 18:39:40,985 DEBUG org.springframework.beans.factory.support.DefaultSingletonBeanRegistry [main] Creating shared instance of singleton bean 'org.springframework.cloud.autoconfigure.RefreshAutoConfiguration'
2020-05-03 18:39:40,992 DEBUG org.springframework.beans.factory.support.DefaultSingletonBeanRegistry [main] Creating shared instance of singleton bean 'loggingRebinder'
2020-05-03 18:39:40,999 DEBUG org.springframework.beans.factory.support.DefaultSingletonBeanRegistry [main] Creating shared instance of singleton bean 'contextRefresher'
2020-05-03 18:39:41,005 DEBUG org.springframework.beans.factory.support.ConstructorResolver [main] Autowiring by type from bean name 'contextRefresher' via factory method to bean named 'org.springframework.boot.web.servlet.context.AnnotationConfigServletWebServerApplicationContext@2f4919b0'
2020-05-03 18:39:41,006 DEBUG org.springframework.beans.factory.support.ConstructorResolver [main] Autowiring by type from bean name 'contextRefresher' via factory method to bean named 'refreshScope'
2020-05-03 18:39:41,007 DEBUG org.springframework.beans.factory.support.DefaultSingletonBeanRegistry [main] Creating shared instance of singleton bean 'refreshEventListener'
2020-05-03 18:39:41,009 DEBUG org.springframework.beans.factory.support.ConstructorResolver [main] Autowiring by type from bean name 'refreshEventListener' via factory method to bean named 'contextRefresher'
2020-05-03 18:39:41,013 DEBUG org.springframework.beans.factory.support.DefaultSingletonBeanRegistry [main] Creating shared instance of singleton bean 'transactionManager'
2020-05-03 18:39:41,023 DEBUG org.springframework.beans.factory.support.DefaultSingletonBeanRegistry [main] Creating shared instance of singleton bean 'platformTransactionManagerCustomizers'
2020-05-03 18:39:41,023 DEBUG org.springframework.beans.factory.support.DefaultSingletonBeanRegistry [main] Creating shared instance of singleton bean 'org.springframework.boot.autoconfigure.transaction.TransactionAutoConfiguration'
2020-05-03 18:39:41,029 DEBUG org.springframework.beans.factory.support.DefaultSingletonBeanRegistry [main] Creating shared instance of singleton bean 'spring.transaction-org.springframework.boot.autoconfigure.transaction.TransactionProperties'
2020-05-03 18:39:41,051 DEBUG org.springframework.beans.factory.support.DefaultSingletonBeanRegistry [main] Creating shared instance of singleton bean 'org.springframework.boot.autoconfigure.orm.jpa.HibernateJpaAutoConfiguration'
2020-05-03 18:39:41,053 DEBUG org.springframework.beans.factory.support.DefaultSingletonBeanRegistry [main] Creating shared instance of singleton bean 'cacheAutoConfigurationValidator'
2020-05-03 18:39:41,055 DEBUG org.springframework.beans.factory.support.ConstructorResolver [main] Autowiring by type from bean name 'cacheAutoConfigurationValidator' via factory method to bean named 'spring.cache-org.springframework.boot.autoconfigure.cache.CacheProperties'
2020-05-03 18:39:41,059 DEBUG org.springframework.beans.factory.support.DefaultSingletonBeanRegistry [main] Creating shared instance of singleton bean 'org.springframework.boot.actuate.autoconfigure.web.servlet.ServletManagementContextAutoConfiguration'
2020-05-03 18:39:41,061 DEBUG org.springframework.beans.factory.support.DefaultSingletonBeanRegistry [main] Creating shared instance of singleton bean 'servletWebChildContextFactory'
2020-05-03 18:39:41,063 DEBUG org.springframework.beans.factory.support.DefaultSingletonBeanRegistry [main] Creating shared instance of singleton bean 'managementServletContext'
2020-05-03 18:39:41,064 DEBUG org.springframework.beans.factory.support.ConstructorResolver [main] Autowiring by type from bean name 'managementServletContext' via factory method to bean named 'management.endpoints.web-org.springframework.boot.actuate.autoconfigure.endpoint.web.WebEndpointProperties'
2020-05-03 18:39:41,067 DEBUG org.springframework.beans.factory.support.DefaultSingletonBeanRegistry [main] Creating shared instance of singleton bean 'org.springframework.boot.actuate.autoconfigure.health.LegacyHealthEndpointAdaptersConfiguration'
2020-05-03 18:39:41,071 DEBUG org.springframework.beans.factory.support.DefaultSingletonBeanRegistry [main] Creating shared instance of singleton bean 'org.springframework.boot.actuate.autoconfigure.health.LegacyHealthEndpointCompatibilityConfiguration'
2020-05-03 18:39:41,074 DEBUG org.springframework.beans.factory.support.DefaultSingletonBeanRegistry [main] Creating shared instance of singleton bean 'healthAggregator'
2020-05-03 18:39:41,076 DEBUG org.springframework.beans.factory.support.ConstructorResolver [main] Autowiring by type from bean name 'healthAggregator' via factory method to bean named 'management.health.status-org.springframework.boot.actuate.autoconfigure.health.HealthIndicatorProperties'
2020-05-03 18:39:41,083 DEBUG org.springframework.beans.factory.support.DefaultSingletonBeanRegistry [main] Creating shared instance of singleton bean 'healthStatusHttpMapper'
2020-05-03 18:39:41,084 DEBUG org.springframework.beans.factory.support.ConstructorResolver [main] Autowiring by type from bean name 'healthStatusHttpMapper' via factory method to bean named 'management.health.status-org.springframework.boot.actuate.autoconfigure.health.HealthIndicatorProperties'
2020-05-03 18:39:41,085 DEBUG org.springframework.beans.factory.support.DefaultSingletonBeanRegistry [main] Creating shared instance of singleton bean 'healthIndicatorRegistry'
2020-05-03 18:39:41,087 DEBUG org.springframework.beans.factory.support.ConstructorResolver [main] Autowiring by type from bean name 'healthIndicatorRegistry' via factory method to bean named 'healthContributorRegistry'
2020-05-03 18:39:41,089 DEBUG org.springframework.beans.factory.support.DefaultSingletonBeanRegistry [main] Creating shared instance of singleton bean 'org.springframework.boot.autoconfigure.info.ProjectInfoAutoConfiguration'
2020-05-03 18:39:41,091 DEBUG org.springframework.beans.factory.support.DefaultSingletonBeanRegistry [main] Creating shared instance of singleton bean 'spring.info-org.springframework.boot.autoconfigure.info.ProjectInfoProperties'
2020-05-03 18:39:41,098 DEBUG org.springframework.beans.factory.support.ConstructorResolver [main] Autowiring by type from bean name 'org.springframework.boot.autoconfigure.info.ProjectInfoAutoConfiguration' via constructor to bean named 'spring.info-org.springframework.boot.autoconfigure.info.ProjectInfoProperties'
2020-05-03 18:39:41,101 DEBUG org.springframework.beans.factory.support.DefaultSingletonBeanRegistry [main] Creating shared instance of singleton bean 'management.info-org.springframework.boot.actuate.autoconfigure.info.InfoContributorProperties'
2020-05-03 18:39:41,105 DEBUG org.springframework.beans.factory.support.DefaultSingletonBeanRegistry [main] Creating shared instance of singleton bean 'pathMappedEndpoints'
2020-05-03 18:39:41,108 DEBUG org.springframework.beans.factory.support.ConstructorResolver [main] Autowiring by type from bean name 'pathMappedEndpoints' via factory method to bean named 'servletEndpointDiscoverer'
2020-05-03 18:39:41,109 DEBUG org.springframework.beans.factory.support.ConstructorResolver [main] Autowiring by type from bean name 'pathMappedEndpoints' via factory method to bean named 'webEndpointDiscoverer'
2020-05-03 18:39:41,109 DEBUG org.springframework.beans.factory.support.ConstructorResolver [main] Autowiring by type from bean name 'pathMappedEndpoints' via factory method to bean named 'controllerEndpointDiscoverer'
2020-05-03 18:39:41,115 DEBUG org.springframework.beans.factory.support.DefaultSingletonBeanRegistry [main] Creating shared instance of singleton bean 'org.springframework.cloud.autoconfigure.LifecycleMvcEndpointAutoConfiguration'
2020-05-03 18:39:41,116 DEBUG org.springframework.beans.factory.support.DefaultSingletonBeanRegistry [main] Creating shared instance of singleton bean 'environmentManager'
2020-05-03 18:39:41,119 DEBUG org.springframework.beans.factory.support.ConstructorResolver [main] Autowiring by type from bean name 'environmentManager' via factory method to bean named 'environment'
2020-05-03 18:39:41,123 DEBUG org.springframework.beans.factory.support.DefaultSingletonBeanRegistry [main] Creating shared instance of singleton bean 'org.springframework.boot.actuate.autoconfigure.metrics.CompositeMeterRegistryAutoConfiguration'
2020-05-03 18:39:41,124 DEBUG org.springframework.beans.factory.support.DefaultSingletonBeanRegistry [main] Creating shared instance of singleton bean 'org.springframework.boot.actuate.autoconfigure.metrics.cache.CacheMeterBinderProvidersConfiguration'
2020-05-03 18:39:41,125 DEBUG org.springframework.beans.factory.support.DefaultSingletonBeanRegistry [main] Creating shared instance of singleton bean 'org.springframework.boot.actuate.autoconfigure.metrics.cache.CacheMetricsAutoConfiguration'
2020-05-03 18:39:41,127 DEBUG org.springframework.beans.factory.support.DefaultSingletonBeanRegistry [main] Creating shared instance of singleton bean 'org.springframework.boot.actuate.autoconfigure.metrics.jdbc.DataSourcePoolMetricsAutoConfiguration$HikariDataSourceMetricsConfiguration'
2020-05-03 18:39:41,128 DEBUG org.springframework.beans.factory.support.ConstructorResolver [main] Autowiring by type from bean name 'org.springframework.boot.actuate.autoconfigure.metrics.jdbc.DataSourcePoolMetricsAutoConfiguration$HikariDataSourceMetricsConfiguration' via constructor to bean named 'simpleMeterRegistry'
2020-05-03 18:39:41,148 DEBUG org.springframework.beans.factory.support.DefaultSingletonBeanRegistry [main] Creating shared instance of singleton bean 'org.springframework.boot.actuate.autoconfigure.metrics.jdbc.DataSourcePoolMetricsAutoConfiguration$DataSourcePoolMetadataMetricsConfiguration'
2020-05-03 18:39:41,166 DEBUG org.springframework.beans.factory.support.DefaultSingletonBeanRegistry [main] Creating shared instance of singleton bean 'org.springframework.boot.actuate.autoconfigure.metrics.jdbc.DataSourcePoolMetricsAutoConfiguration'
2020-05-03 18:39:41,166 DEBUG org.springframework.beans.factory.support.DefaultSingletonBeanRegistry [main] Creating shared instance of singleton bean 'org.springframework.boot.actuate.autoconfigure.metrics.orm.jpa.HibernateMetricsAutoConfiguration'
2020-05-03 18:39:41,177 DEBUG org.springframework.beans.factory.support.DefaultSingletonBeanRegistry [main] Creating shared instance of singleton bean 'org.springframework.boot.autoconfigure.http.JacksonHttpMessageConvertersConfiguration'
2020-05-03 18:39:41,178 DEBUG org.springframework.beans.factory.support.DefaultSingletonBeanRegistry [main] Creating shared instance of singleton bean 'org.springframework.boot.autoconfigure.web.client.RestTemplateAutoConfiguration'
2020-05-03 18:39:41,180 DEBUG org.springframework.beans.factory.support.DefaultSingletonBeanRegistry [main] Creating shared instance of singleton bean 'restTemplateBuilder'
2020-05-03 18:39:41,182 DEBUG org.springframework.beans.factory.support.DefaultSingletonBeanRegistry [main] Creating shared instance of singleton bean 'metricsRestTemplateCustomizer'
2020-05-03 18:39:41,183 DEBUG org.springframework.beans.factory.support.DefaultSingletonBeanRegistry [main] Creating shared instance of singleton bean 'org.springframework.boot.actuate.autoconfigure.metrics.web.client.RestTemplateMetricsConfiguration'
2020-05-03 18:39:41,184 DEBUG org.springframework.beans.factory.support.DefaultSingletonBeanRegistry [main] Creating shared instance of singleton bean 'restTemplateExchangeTagsProvider'
2020-05-03 18:39:41,190 DEBUG org.springframework.beans.factory.support.ConstructorResolver [main] Autowiring by type from bean name 'metricsRestTemplateCustomizer' via factory method to bean named 'simpleMeterRegistry'
2020-05-03 18:39:41,190 DEBUG org.springframework.beans.factory.support.ConstructorResolver [main] Autowiring by type from bean name 'metricsRestTemplateCustomizer' via factory method to bean named 'restTemplateExchangeTagsProvider'
2020-05-03 18:39:41,191 DEBUG org.springframework.beans.factory.support.ConstructorResolver [main] Autowiring by type from bean name 'metricsRestTemplateCustomizer' via factory method to bean named 'management.metrics-org.springframework.boot.actuate.autoconfigure.metrics.MetricsProperties'
2020-05-03 18:39:41,206 DEBUG org.springframework.beans.factory.support.DefaultSingletonBeanRegistry [main] Creating shared instance of singleton bean 'org.springframework.boot.actuate.autoconfigure.metrics.web.tomcat.TomcatMetricsAutoConfiguration'
2020-05-03 18:39:41,209 DEBUG org.springframework.beans.factory.support.DefaultSingletonBeanRegistry [main] Creating shared instance of singleton bean 'tomcatMetricsBinder'
2020-05-03 18:39:41,210 DEBUG org.springframework.beans.factory.support.ConstructorResolver [main] Autowiring by type from bean name 'tomcatMetricsBinder' via factory method to bean named 'simpleMeterRegistry'
2020-05-03 18:39:41,211 DEBUG org.springframework.beans.factory.support.DefaultSingletonBeanRegistry [main] Creating shared instance of singleton bean 'org.springframework.boot.autoconfigure.security.oauth2.resource.servlet.OAuth2ResourceServerAutoConfiguration'
2020-05-03 18:39:41,213 DEBUG org.springframework.beans.factory.support.DefaultSingletonBeanRegistry [main] Creating shared instance of singleton bean 'spring.security.oauth2.resourceserver-org.springframework.boot.autoconfigure.security.oauth2.resource.OAuth2ResourceServerProperties'
2020-05-03 18:39:41,216 DEBUG org.springframework.beans.factory.support.DefaultSingletonBeanRegistry [main] Creating shared instance of singleton bean 'org.springframework.boot.actuate.autoconfigure.web.mappings.MappingsEndpointAutoConfiguration$ServletWebConfiguration$SpringMvcConfiguration'
2020-05-03 18:39:41,216 DEBUG org.springframework.beans.factory.support.DefaultSingletonBeanRegistry [main] Creating shared instance of singleton bean 'dispatcherServletMappingDescriptionProvider'
2020-05-03 18:39:41,225 DEBUG org.springframework.beans.factory.support.DefaultSingletonBeanRegistry [main] Creating shared instance of singleton bean 'org.springframework.boot.actuate.autoconfigure.web.mappings.MappingsEndpointAutoConfiguration$ServletWebConfiguration'
2020-05-03 18:39:41,228 DEBUG org.springframework.beans.factory.support.DefaultSingletonBeanRegistry [main] Creating shared instance of singleton bean 'servletMappingDescriptionProvider'
2020-05-03 18:39:41,230 DEBUG org.springframework.beans.factory.support.DefaultSingletonBeanRegistry [main] Creating shared instance of singleton bean 'filterMappingDescriptionProvider'
2020-05-03 18:39:41,233 DEBUG org.springframework.beans.factory.support.DefaultSingletonBeanRegistry [main] Creating shared instance of singleton bean 'org.springframework.boot.actuate.autoconfigure.web.mappings.MappingsEndpointAutoConfiguration'
2020-05-03 18:39:41,236 DEBUG org.springframework.beans.factory.support.DefaultSingletonBeanRegistry [main] Creating shared instance of singleton bean 'org.springframework.boot.autoconfigure.aop.AopAutoConfiguration$AspectJAutoProxyingConfiguration$CglibAutoProxyConfiguration'
2020-05-03 18:39:41,237 DEBUG org.springframework.beans.factory.support.DefaultSingletonBeanRegistry [main] Creating shared instance of singleton bean 'org.springframework.boot.autoconfigure.aop.AopAutoConfiguration$AspectJAutoProxyingConfiguration'
2020-05-03 18:39:41,238 DEBUG org.springframework.beans.factory.support.DefaultSingletonBeanRegistry [main] Creating shared instance of singleton bean 'org.springframework.boot.autoconfigure.aop.AopAutoConfiguration'
2020-05-03 18:39:41,239 DEBUG org.springframework.beans.factory.support.DefaultSingletonBeanRegistry [main] Creating shared instance of singleton bean 'org.springframework.boot.autoconfigure.context.ConfigurationPropertiesAutoConfiguration'
2020-05-03 18:39:41,240 DEBUG org.springframework.beans.factory.support.DefaultSingletonBeanRegistry [main] Creating shared instance of singleton bean 'org.springframework.boot.autoconfigure.dao.PersistenceExceptionTranslationAutoConfiguration'
2020-05-03 18:39:41,241 DEBUG org.springframework.beans.factory.support.DefaultSingletonBeanRegistry [main] Creating shared instance of singleton bean 'org.springframework.data.web.config.ProjectingArgumentResolverRegistrar'
2020-05-03 18:39:41,245 DEBUG org.springframework.beans.factory.support.DefaultSingletonBeanRegistry [main] Creating shared instance of singleton bean 'org.springframework.boot.autoconfigure.jdbc.JdbcTemplateConfiguration'
2020-05-03 18:39:41,245 DEBUG org.springframework.beans.factory.support.DefaultSingletonBeanRegistry [main] Creating shared instance of singleton bean 'jdbcTemplate'
2020-05-03 18:39:41,247 DEBUG org.springframework.beans.factory.support.DefaultSingletonBeanRegistry [main] Creating shared instance of singleton bean 'spring.jdbc-org.springframework.boot.autoconfigure.jdbc.JdbcProperties'
2020-05-03 18:39:41,249 DEBUG org.springframework.beans.factory.support.ConstructorResolver [main] Autowiring by type from bean name 'jdbcTemplate' via factory method to bean named 'dataSource'
2020-05-03 18:39:41,250 DEBUG org.springframework.beans.factory.support.ConstructorResolver [main] Autowiring by type from bean name 'jdbcTemplate' via factory method to bean named 'spring.jdbc-org.springframework.boot.autoconfigure.jdbc.JdbcProperties'
2020-05-03 18:39:41,269 DEBUG org.springframework.beans.factory.support.DefaultSingletonBeanRegistry [main] Creating shared instance of singleton bean 'org.springframework.boot.autoconfigure.jdbc.NamedParameterJdbcTemplateConfiguration'
2020-05-03 18:39:41,273 DEBUG org.springframework.beans.factory.support.DefaultSingletonBeanRegistry [main] Creating shared instance of singleton bean 'namedParameterJdbcTemplate'
2020-05-03 18:39:41,276 DEBUG org.springframework.beans.factory.support.ConstructorResolver [main] Autowiring by type from bean name 'namedParameterJdbcTemplate' via factory method to bean named 'jdbcTemplate'
2020-05-03 18:39:41,291 DEBUG org.springframework.beans.factory.support.DefaultSingletonBeanRegistry [main] Creating shared instance of singleton bean 'org.springframework.boot.autoconfigure.jdbc.JdbcTemplateAutoConfiguration'
2020-05-03 18:39:41,293 DEBUG org.springframework.beans.factory.support.DefaultSingletonBeanRegistry [main] Creating shared instance of singleton bean 'org.springframework.boot.autoconfigure.task.TaskSchedulingAutoConfiguration'
2020-05-03 18:39:41,296 DEBUG org.springframework.beans.factory.support.DefaultSingletonBeanRegistry [main] Creating shared instance of singleton bean 'taskScheduler'
2020-05-03 18:39:41,299 DEBUG org.springframework.beans.factory.support.DefaultSingletonBeanRegistry [main] Creating shared instance of singleton bean 'taskSchedulerBuilder'
2020-05-03 18:39:41,303 DEBUG org.springframework.beans.factory.support.DefaultSingletonBeanRegistry [main] Creating shared instance of singleton bean 'spring.task.scheduling-org.springframework.boot.autoconfigure.task.TaskSchedulingProperties'
2020-05-03 18:39:41,307 DEBUG org.springframework.beans.factory.support.ConstructorResolver [main] Autowiring by type from bean name 'taskSchedulerBuilder' via factory method to bean named 'spring.task.scheduling-org.springframework.boot.autoconfigure.task.TaskSchedulingProperties'
2020-05-03 18:39:41,314 DEBUG org.springframework.beans.factory.support.ConstructorResolver [main] Autowiring by type from bean name 'taskScheduler' via factory method to bean named 'taskSchedulerBuilder'
2020-05-03 18:39:41,326 INFO org.springframework.scheduling.concurrent.ExecutorConfigurationSupport [main] Initializing ExecutorService 'taskScheduler'
2020-05-03 18:39:41,335 DEBUG org.springframework.beans.factory.support.DefaultSingletonBeanRegistry [main] Creating shared instance of singleton bean 'org.springframework.boot.autoconfigure.jdbc.DataSourceTransactionManagerAutoConfiguration$DataSourceTransactionManagerConfiguration'
2020-05-03 18:39:41,342 DEBUG org.springframework.beans.factory.support.DefaultSingletonBeanRegistry [main] Creating shared instance of singleton bean 'org.springframework.boot.autoconfigure.jdbc.DataSourceTransactionManagerAutoConfiguration'
2020-05-03 18:39:41,343 DEBUG org.springframework.beans.factory.support.DefaultSingletonBeanRegistry [main] Creating shared instance of singleton bean 'org.springframework.boot.autoconfigure.transaction.TransactionAutoConfiguration$TransactionTemplateConfiguration'
2020-05-03 18:39:41,344 DEBUG org.springframework.beans.factory.support.DefaultSingletonBeanRegistry [main] Creating shared instance of singleton bean 'transactionTemplate'
2020-05-03 18:39:41,346 DEBUG org.springframework.beans.factory.support.ConstructorResolver [main] Autowiring by type from bean name 'transactionTemplate' via factory method to bean named 'transactionManager'
2020-05-03 18:39:41,352 DEBUG org.springframework.beans.factory.support.DefaultSingletonBeanRegistry [main] Creating shared instance of singleton bean 'org.springframework.boot.autoconfigure.web.embedded.EmbeddedWebServerFactoryCustomizerAutoConfiguration'
2020-05-03 18:39:41,353 DEBUG org.springframework.beans.factory.support.DefaultSingletonBeanRegistry [main] Creating shared instance of singleton bean 'multipartResolver'
2020-05-03 18:39:41,359 DEBUG org.springframework.beans.factory.support.DefaultSingletonBeanRegistry [main] Creating shared instance of singleton bean 'org.springframework.cloud.autoconfigure.RefreshEndpointAutoConfiguration$RefreshEndpointConfiguration'
2020-05-03 18:39:41,363 DEBUG org.springframework.beans.factory.support.DefaultSingletonBeanRegistry [main] Creating shared instance of singleton bean 'org.springframework.cloud.autoconfigure.RestartEndpointWithoutIntegrationConfiguration'
2020-05-03 18:39:41,365 DEBUG org.springframework.beans.factory.support.DefaultSingletonBeanRegistry [main] Creating shared instance of singleton bean 'org.springframework.cloud.autoconfigure.PauseResumeEndpointsConfiguration'
2020-05-03 18:39:41,373 DEBUG org.springframework.beans.factory.support.DefaultSingletonBeanRegistry [main] Creating shared instance of singleton bean 'org.springframework.cloud.client.discovery.composite.CompositeDiscoveryClientAutoConfiguration'
2020-05-03 18:39:41,376 DEBUG org.springframework.beans.factory.support.DefaultSingletonBeanRegistry [main] Creating shared instance of singleton bean 'compositeDiscoveryClient'
2020-05-03 18:39:41,378 DEBUG org.springframework.beans.factory.support.DefaultSingletonBeanRegistry [main] Creating shared instance of singleton bean 'simpleDiscoveryClient'
2020-05-03 18:39:41,379 DEBUG org.springframework.beans.factory.support.DefaultSingletonBeanRegistry [main] Creating shared instance of singleton bean 'org.springframework.cloud.client.discovery.simple.SimpleDiscoveryClientAutoConfiguration'
2020-05-03 18:39:41,388 DEBUG org.springframework.beans.factory.support.DefaultSingletonBeanRegistry [main] Creating shared instance of singleton bean 'inetUtils'
2020-05-03 18:39:41,389 DEBUG org.springframework.beans.factory.support.DefaultSingletonBeanRegistry [main] Creating shared instance of singleton bean 'org.springframework.cloud.commons.util.UtilAutoConfiguration'
2020-05-03 18:39:41,390 DEBUG org.springframework.beans.factory.support.DefaultSingletonBeanRegistry [main] Creating shared instance of singleton bean 'inetUtilsProperties'
2020-05-03 18:39:41,402 DEBUG org.springframework.beans.factory.support.ConstructorResolver [main] Autowiring by type from bean name 'inetUtils' via factory method to bean named 'inetUtilsProperties'
2020-05-03 18:39:41,407 DEBUG org.springframework.beans.factory.support.DefaultSingletonBeanRegistry [main] Creating shared instance of singleton bean 'simpleDiscoveryProperties'
2020-05-03 18:39:41,414 DEBUG org.springframework.beans.factory.support.ConstructorResolver [main] Autowiring by type from bean name 'simpleDiscoveryClient' via factory method to bean named 'simpleDiscoveryProperties'
2020-05-03 18:39:41,417 DEBUG org.springframework.beans.factory.support.ConstructorResolver [main] Autowiring by type from bean name 'compositeDiscoveryClient' via factory method to bean named 'simpleDiscoveryClient'
2020-05-03 18:39:41,419 DEBUG org.springframework.beans.factory.support.DefaultSingletonBeanRegistry [main] Creating shared instance of singleton bean 'org.springframework.cloud.client.CommonsClientAutoConfiguration$ActuatorConfiguration'
2020-05-03 18:39:41,423 DEBUG org.springframework.beans.factory.support.DefaultSingletonBeanRegistry [main] Creating shared instance of singleton bean 'commonsFeatures'
2020-05-03 18:39:41,425 DEBUG org.springframework.beans.factory.support.DefaultSingletonBeanRegistry [main] Creating shared instance of singleton bean 'org.springframework.cloud.client.CommonsClientAutoConfiguration'
2020-05-03 18:39:41,426 DEBUG org.springframework.beans.factory.support.DefaultSingletonBeanRegistry [main] Creating shared instance of singleton bean 'org.springframework.cloud.client.ReactiveCommonsClientAutoConfiguration'
2020-05-03 18:39:41,428 DEBUG org.springframework.beans.factory.support.DefaultSingletonBeanRegistry [main] Creating shared instance of singleton bean 'org.springframework.cloud.client.serviceregistry.AutoServiceRegistrationConfiguration'
2020-05-03 18:39:41,429 DEBUG org.springframework.beans.factory.support.DefaultSingletonBeanRegistry [main] Creating shared instance of singleton bean 'spring.cloud.service-registry.auto-registration-org.springframework.cloud.client.serviceregistry.AutoServiceRegistrationProperties'
2020-05-03 18:39:41,433 DEBUG org.springframework.beans.factory.support.DefaultSingletonBeanRegistry [main] Creating shared instance of singleton bean 'org.springframework.cloud.client.serviceregistry.AutoServiceRegistrationAutoConfiguration'
2020-05-03 18:39:41,437 DEBUG org.springframework.beans.factory.support.DefaultSingletonBeanRegistry [main] Creating shared instance of singleton bean 'org.springframework.cloud.client.serviceregistry.ServiceRegistryAutoConfiguration'
2020-05-03 18:39:41,438 DEBUG org.springframework.beans.factory.support.DefaultSingletonBeanRegistry [main] Creating shared instance of singleton bean 'org.springframework.cloud.commons.httpclient.HttpClientConfiguration'
2020-05-03 18:39:41,440 DEBUG org.springframework.beans.factory.support.DefaultSingletonBeanRegistry [main] Creating shared instance of singleton bean 'org.springframework.cloud.configuration.CompatibilityVerifierAutoConfiguration'
2020-05-03 18:39:41,440 DEBUG org.springframework.beans.factory.support.DefaultSingletonBeanRegistry [main] Creating shared instance of singleton bean 'compositeCompatibilityVerifier'
2020-05-03 18:39:41,441 DEBUG org.springframework.beans.factory.support.DefaultSingletonBeanRegistry [main] Creating shared instance of singleton bean 'springBootVersionVerifier'
2020-05-03 18:39:41,442 DEBUG org.springframework.beans.factory.support.DefaultSingletonBeanRegistry [main] Creating shared instance of singleton bean 'spring.cloud.compatibility-verifier-org.springframework.cloud.configuration.CompatibilityVerifierProperties'
2020-05-03 18:39:41,448 DEBUG org.springframework.beans.factory.support.ConstructorResolver [main] Autowiring by type from bean name 'springBootVersionVerifier' via factory method to bean named 'spring.cloud.compatibility-verifier-org.springframework.cloud.configuration.CompatibilityVerifierProperties'
2020-05-03 18:39:41,459 DEBUG org.springframework.beans.factory.support.ConstructorResolver [main] Autowiring by type from bean name 'compositeCompatibilityVerifier' via factory method to bean named 'springBootVersionVerifier'
2020-05-03 18:39:41,460 DEBUG org.springframework.cloud.configuration.SpringBootVersionVerifier [main] Version found in Boot manifest [2.2.6.RELEASE]
2020-05-03 18:39:41,460 DEBUG org.springframework.cloud.configuration.SpringBootVersionVerifier [main] Predicate [Predicate for Boot 2.1] was matched
2020-05-03 18:39:41,461 DEBUG org.springframework.cloud.configuration.CompositeCompatibilityVerifier [main] All conditions are passing
2020-05-03 18:39:41,462 DEBUG org.springframework.beans.factory.support.DefaultSingletonBeanRegistry [main] Creating shared instance of singleton bean 'org.springframework.boot.actuate.autoconfigure.security.servlet.SecurityRequestMatchersManagementContextConfiguration$MvcRequestMatcherConfiguration'
2020-05-03 18:39:41,464 DEBUG org.springframework.beans.factory.support.DefaultSingletonBeanRegistry [main] Creating shared instance of singleton bean 'requestMatcherProvider'
2020-05-03 18:39:41,466 DEBUG org.springframework.beans.factory.support.ConstructorResolver [main] Autowiring by type from bean name 'requestMatcherProvider' via factory method to bean named 'dispatcherServletRegistration'
2020-05-03 18:39:41,472 DEBUG org.springframework.beans.factory.support.DefaultSingletonBeanRegistry [main] Creating shared instance of singleton bean 'org.springframework.boot.actuate.autoconfigure.security.servlet.SecurityRequestMatchersManagementContextConfiguration'
2020-05-03 18:39:41,476 DEBUG org.springframework.beans.factory.support.DefaultSingletonBeanRegistry [main] Creating shared instance of singleton bean 'org.springframework.boot.actuate.autoconfigure.web.server.ManagementContextAutoConfiguration$SameManagementContextConfiguration$EnableSameManagementContextConfiguration'
2020-05-03 18:39:41,478 DEBUG org.springframework.beans.factory.support.DefaultSingletonBeanRegistry [main] Creating shared instance of singleton bean 'org.springframework.boot.actuate.autoconfigure.web.server.ManagementContextAutoConfiguration$SameManagementContextConfiguration'
2020-05-03 18:39:41,479 DEBUG org.springframework.beans.factory.support.ConstructorResolver [main] Autowiring by type from bean name 'org.springframework.boot.actuate.autoconfigure.web.server.ManagementContextAutoConfiguration$SameManagementContextConfiguration' via constructor to bean named 'environment'
2020-05-03 18:39:41,481 DEBUG org.springframework.beans.factory.support.DefaultSingletonBeanRegistry [main] Creating shared instance of singleton bean 'org.springframework.boot.actuate.autoconfigure.web.server.ManagementContextAutoConfiguration'
2020-05-03 18:39:41,482 DEBUG org.springframework.beans.factory.support.DefaultSingletonBeanRegistry [main] Creating shared instance of singleton bean 'management.server-org.springframework.boot.actuate.autoconfigure.web.server.ManagementServerProperties'
2020-05-03 18:39:41,638 DEBUG org.springframework.boot.autoconfigure.logging.ConditionEvaluationReportLoggingListener [main] 


============================
CONDITIONS EVALUATION REPORT
============================


Positive matches:
-----------------

   AopAutoConfiguration matched:
      - @ConditionalOnProperty (spring.aop.auto=true) matched (OnPropertyCondition)

   AopAutoConfiguration.AspectJAutoProxyingConfiguration matched:
      - @ConditionalOnClass found required class 'org.aspectj.weaver.Advice' (OnClassCondition)

   AopAutoConfiguration.AspectJAutoProxyingConfiguration.CglibAutoProxyConfiguration matched:
      - @ConditionalOnProperty (spring.aop.proxy-target-class=true) matched (OnPropertyCondition)

   AutoServiceRegistrationAutoConfiguration matched:
      - @ConditionalOnProperty (spring.cloud.service-registry.auto-registration.enabled) matched (OnPropertyCondition)

   AutoServiceRegistrationConfiguration matched:
      - @ConditionalOnProperty (spring.cloud.service-registry.auto-registration.enabled) matched (OnPropertyCondition)

   CacheAutoConfiguration matched:
      - @ConditionalOnClass found required class 'org.springframework.cache.CacheManager' (OnClassCondition)
      - @ConditionalOnBean (types: org.springframework.cache.interceptor.CacheAspectSupport; SearchStrategy: all) found bean 'cacheInterceptor'; @ConditionalOnMissingBean (names: cacheResolver types: org.springframework.cache.CacheManager; SearchStrategy: all) did not find any beans (OnBeanCondition)

   CacheAutoConfiguration#cacheManagerCustomizers matched:
      - @ConditionalOnMissingBean (types: org.springframework.boot.autoconfigure.cache.CacheManagerCustomizers; SearchStrategy: all) did not find any beans (OnBeanCondition)

   CacheAutoConfiguration.CacheManagerEntityManagerFactoryDependsOnPostProcessor matched:
      - @ConditionalOnClass found required class 'org.springframework.orm.jpa.LocalContainerEntityManagerFactoryBean' (OnClassCondition)
      - @ConditionalOnBean (types: org.springframework.orm.jpa.AbstractEntityManagerFactoryBean; SearchStrategy: all) found bean '&entityManagerFactory' (OnBeanCondition)

   CacheMeterBinderProvidersConfiguration matched:
      - @ConditionalOnClass found required class 'io.micrometer.core.instrument.binder.MeterBinder' (OnClassCondition)

   CacheMetricsAutoConfiguration matched:
      - @ConditionalOnBean (types: org.springframework.cache.CacheManager; SearchStrategy: all) found bean 'cacheManager' (OnBeanCondition)

   CommonsClientAutoConfiguration.ActuatorConfiguration matched:
      - @ConditionalOnClass found required class 'org.springframework.boot.actuate.endpoint.annotation.Endpoint' (OnClassCondition)
      - @ConditionalOnProperty (spring.cloud.features.enabled) matched (OnPropertyCondition)

   CommonsClientAutoConfiguration.DiscoveryLoadBalancerConfiguration matched:
      - @ConditionalOnClass found required class 'org.springframework.boot.actuate.health.HealthIndicator' (OnClassCondition)
      - @ConditionalOnProperty (spring.cloud.discovery.enabled) matched; @ConditionalOnProperty (spring.cloud.discovery.blocking.enabled) matched (OnPropertyCondition)
      - @ConditionalOnBean (types: org.springframework.cloud.client.discovery.DiscoveryClient; SearchStrategy: all) found beans 'simpleDiscoveryClient', 'compositeDiscoveryClient' (OnBeanCondition)

   CommonsClientAutoConfiguration.DiscoveryLoadBalancerConfiguration#discoveryClientHealthIndicator matched:
      - @ConditionalOnProperty (spring.cloud.discovery.client.health-indicator.enabled) matched (OnPropertyCondition)

   CommonsClientAutoConfiguration.DiscoveryLoadBalancerConfiguration#discoveryCompositeHealthContributor matched:
      - @ConditionalOnProperty (spring.cloud.discovery.client.composite-indicator.enabled) matched (OnPropertyCondition)
      - @ConditionalOnBean (types: org.springframework.cloud.client.discovery.health.DiscoveryHealthIndicator; SearchStrategy: all) found bean 'discoveryClientHealthIndicator' (OnBeanCondition)

   CompatibilityVerifierAutoConfiguration matched:
      - @ConditionalOnProperty (spring.cloud.compatibility-verifier.enabled) matched (OnPropertyCondition)

   CompositeMeterRegistryAutoConfiguration matched:
      - @ConditionalOnClass found required class 'io.micrometer.core.instrument.composite.CompositeMeterRegistry' (OnClassCondition)

   ConfigurationPropertiesRebinderAutoConfiguration matched:
      - @ConditionalOnBean (types: org.springframework.boot.context.properties.ConfigurationPropertiesBindingPostProcessor; SearchStrategy: all) found bean 'org.springframework.boot.context.properties.ConfigurationPropertiesBindingPostProcessor' (OnBeanCondition)

   ConfigurationPropertiesRebinderAutoConfiguration#configurationPropertiesBeans matched:
      - @ConditionalOnMissingBean (types: org.springframework.cloud.context.properties.ConfigurationPropertiesBeans; SearchStrategy: current) did not find any beans (OnBeanCondition)

   ConfigurationPropertiesRebinderAutoConfiguration#configurationPropertiesRebinder matched:
      - @ConditionalOnMissingBean (types: org.springframework.cloud.context.properties.ConfigurationPropertiesRebinder; SearchStrategy: current) did not find any beans (OnBeanCondition)

   DataSourceAutoConfiguration matched:
      - @ConditionalOnClass found required classes 'javax.sql.DataSource', 'org.springframework.jdbc.datasource.embedded.EmbeddedDatabaseType' (OnClassCondition)

   DataSourceAutoConfiguration.PooledDataSourceConfiguration matched:
      - AnyNestedCondition 1 matched 1 did not; NestedCondition on DataSourceAutoConfiguration.PooledDataSourceCondition.PooledDataSourceAvailable PooledDataSource found supported DataSource; NestedCondition on DataSourceAutoConfiguration.PooledDataSourceCondition.ExplicitType @ConditionalOnProperty (spring.datasource.type) did not find property 'type' (DataSourceAutoConfiguration.PooledDataSourceCondition)
      - @ConditionalOnMissingBean (types: javax.sql.DataSource,javax.sql.XADataSource; SearchStrategy: all) did not find any beans (OnBeanCondition)

   DataSourceConfiguration.Hikari matched:
      - @ConditionalOnClass found required class 'com.zaxxer.hikari.HikariDataSource' (OnClassCondition)
      - @ConditionalOnProperty (spring.datasource.type=com.zaxxer.hikari.HikariDataSource) matched (OnPropertyCondition)
      - @ConditionalOnMissingBean (types: javax.sql.DataSource; SearchStrategy: all) did not find any beans (OnBeanCondition)

   DataSourceHealthContributorAutoConfiguration matched:
      - @ConditionalOnClass found required classes 'org.springframework.jdbc.core.JdbcTemplate', 'org.springframework.jdbc.datasource.lookup.AbstractRoutingDataSource' (OnClassCondition)
      - @ConditionalOnEnabledHealthIndicator management.health.defaults.enabled is considered true (OnEnabledHealthIndicatorCondition)
      - @ConditionalOnBean (types: javax.sql.DataSource; SearchStrategy: all) found bean 'dataSource' (OnBeanCondition)

   DataSourceHealthContributorAutoConfiguration#dbHealthContributor matched:
      - @ConditionalOnMissingBean (names: dbHealthIndicator,dbHealthContributor; SearchStrategy: all) did not find any beans (OnBeanCondition)

   DataSourceJmxConfiguration matched:
      - @ConditionalOnProperty (spring.jmx.enabled=true) matched (OnPropertyCondition)

   DataSourceJmxConfiguration.Hikari matched:
      - @ConditionalOnClass found required class 'com.zaxxer.hikari.HikariDataSource' (OnClassCondition)
      - @ConditionalOnSingleCandidate (types: javax.sql.DataSource; SearchStrategy: all) found a primary bean from beans 'dataSource' (OnBeanCondition)

   DataSourcePoolMetadataProvidersConfiguration.HikariPoolDataSourceMetadataProviderConfiguration matched:
      - @ConditionalOnClass found required class 'com.zaxxer.hikari.HikariDataSource' (OnClassCondition)

   DataSourcePoolMetricsAutoConfiguration matched:
      - @ConditionalOnClass found required classes 'javax.sql.DataSource', 'io.micrometer.core.instrument.MeterRegistry' (OnClassCondition)
      - @ConditionalOnBean (types: javax.sql.DataSource,io.micrometer.core.instrument.MeterRegistry; SearchStrategy: all) found beans 'simpleMeterRegistry', 'dataSource' (OnBeanCondition)

   DataSourcePoolMetricsAutoConfiguration.DataSourcePoolMetadataMetricsConfiguration matched:
      - @ConditionalOnBean (types: org.springframework.boot.jdbc.metadata.DataSourcePoolMetadataProvider; SearchStrategy: all) found bean 'hikariPoolDataSourceMetadataProvider' (OnBeanCondition)

   DataSourcePoolMetricsAutoConfiguration.HikariDataSourceMetricsConfiguration matched:
      - @ConditionalOnClass found required class 'com.zaxxer.hikari.HikariDataSource' (OnClassCondition)

   DataSourceTransactionManagerAutoConfiguration matched:
      - @ConditionalOnClass found required classes 'org.springframework.jdbc.core.JdbcTemplate', 'org.springframework.transaction.PlatformTransactionManager' (OnClassCondition)

   DataSourceTransactionManagerAutoConfiguration.DataSourceTransactionManagerConfiguration matched:
      - @ConditionalOnSingleCandidate (types: javax.sql.DataSource; SearchStrategy: all) found a primary bean from beans 'dataSource' (OnBeanCondition)

   DiskSpaceHealthContributorAutoConfiguration matched:
      - @ConditionalOnEnabledHealthIndicator management.health.defaults.enabled is considered true (OnEnabledHealthIndicatorCondition)

   DiskSpaceHealthContributorAutoConfiguration#diskSpaceHealthIndicator matched:
      - @ConditionalOnMissingBean (names: diskSpaceHealthIndicator; SearchStrategy: all) did not find any beans (OnBeanCondition)

   DispatcherServletAutoConfiguration matched:
      - @ConditionalOnClass found required class 'org.springframework.web.servlet.DispatcherServlet' (OnClassCondition)
      - found 'session' scope (OnWebApplicationCondition)

   DispatcherServletAutoConfiguration.DispatcherServletConfiguration matched:
      - @ConditionalOnClass found required class 'javax.servlet.ServletRegistration' (OnClassCondition)
      - Default DispatcherServlet did not find dispatcher servlet beans (DispatcherServletAutoConfiguration.DefaultDispatcherServletCondition)

   DispatcherServletAutoConfiguration.DispatcherServletRegistrationConfiguration matched:
      - @ConditionalOnClass found required class 'javax.servlet.ServletRegistration' (OnClassCondition)
      - DispatcherServlet Registration did not find servlet registration bean (DispatcherServletAutoConfiguration.DispatcherServletRegistrationCondition)

   DispatcherServletAutoConfiguration.DispatcherServletRegistrationConfiguration#dispatcherServletRegistration matched:
      - @ConditionalOnBean (names: dispatcherServlet types: org.springframework.web.servlet.DispatcherServlet; SearchStrategy: all) found bean 'dispatcherServlet' (OnBeanCondition)

   EmbeddedWebServerFactoryCustomizerAutoConfiguration matched:
      - @ConditionalOnWebApplication (required) found 'session' scope (OnWebApplicationCondition)

   EmbeddedWebServerFactoryCustomizerAutoConfiguration.TomcatWebServerFactoryCustomizerConfiguration matched:
      - @ConditionalOnClass found required classes 'org.apache.catalina.startup.Tomcat', 'org.apache.coyote.UpgradeProtocol' (OnClassCondition)

   EndpointAutoConfiguration#endpointCachingOperationInvokerAdvisor matched:
      - @ConditionalOnMissingBean (types: org.springframework.boot.actuate.endpoint.invoker.cache.CachingOperationInvokerAdvisor; SearchStrategy: all) did not find any beans (OnBeanCondition)

   EndpointAutoConfiguration#endpointOperationParameterMapper matched:
      - @ConditionalOnMissingBean (types: org.springframework.boot.actuate.endpoint.invoke.ParameterValueMapper; SearchStrategy: all) did not find any beans (OnBeanCondition)

   ErrorMvcAutoConfiguration matched:
      - @ConditionalOnClass found required classes 'javax.servlet.Servlet', 'org.springframework.web.servlet.DispatcherServlet' (OnClassCondition)
      - found 'session' scope (OnWebApplicationCondition)

   ErrorMvcAutoConfiguration#basicErrorController matched:
      - @ConditionalOnMissingBean (types: org.springframework.boot.web.servlet.error.ErrorController; SearchStrategy: current) did not find any beans (OnBeanCondition)

   ErrorMvcAutoConfiguration#errorAttributes matched:
      - @ConditionalOnMissingBean (types: org.springframework.boot.web.servlet.error.ErrorAttributes; SearchStrategy: current) did not find any beans (OnBeanCondition)

   ErrorMvcAutoConfiguration.DefaultErrorViewResolverConfiguration#conventionErrorViewResolver matched:
      - @ConditionalOnBean (types: org.springframework.web.servlet.DispatcherServlet; SearchStrategy: all) found bean 'dispatcherServlet'; @ConditionalOnMissingBean (types: org.springframework.boot.autoconfigure.web.servlet.error.ErrorViewResolver; SearchStrategy: all) did not find any beans (OnBeanCondition)

   ErrorMvcAutoConfiguration.WhitelabelErrorViewConfiguration matched:
      - @ConditionalOnProperty (server.error.whitelabel.enabled) matched (OnPropertyCondition)
      - ErrorTemplate Missing did not find error template view (ErrorMvcAutoConfiguration.ErrorTemplateMissingCondition)

   ErrorMvcAutoConfiguration.WhitelabelErrorViewConfiguration#beanNameViewResolver matched:
      - @ConditionalOnMissingBean (types: org.springframework.web.servlet.view.BeanNameViewResolver; SearchStrategy: all) did not find any beans (OnBeanCondition)

   ErrorMvcAutoConfiguration.WhitelabelErrorViewConfiguration#defaultErrorView matched:
      - @ConditionalOnMissingBean (names: error; SearchStrategy: all) did not find any beans (OnBeanCondition)

   HealthContributorAutoConfiguration#pingHealthContributor matched:
      - @ConditionalOnEnabledHealthIndicator management.health.defaults.enabled is considered true (OnEnabledHealthIndicatorCondition)

   HealthEndpointAutoConfiguration matched:
      - @ConditionalOnAvailableEndpoint no property management.endpoint.health.enabled found so using endpoint default; @ConditionalOnAvailableEndpoint marked as exposed by a 'management.endpoints.web.exposure' property (OnAvailableEndpointCondition)

   HealthEndpointConfiguration#healthContributorRegistry matched:
      - @ConditionalOnMissingBean (types: org.springframework.boot.actuate.health.HealthContributorRegistry; SearchStrategy: all) did not find any beans (OnBeanCondition)

   HealthEndpointConfiguration#healthEndpoint matched:
      - @ConditionalOnMissingBean (types: org.springframework.boot.actuate.health.HealthEndpoint; SearchStrategy: all) did not find any beans (OnBeanCondition)

   HealthEndpointConfiguration#healthEndpointGroups matched:
      - @ConditionalOnMissingBean (types: org.springframework.boot.actuate.health.HealthEndpointGroups; SearchStrategy: all) did not find any beans (OnBeanCondition)

   HealthEndpointConfiguration#healthHttpCodeStatusMapper matched:
      - @ConditionalOnMissingBean (types: org.springframework.boot.actuate.health.HttpCodeStatusMapper; SearchStrategy: all) did not find any beans (OnBeanCondition)

   HealthEndpointConfiguration#healthStatusAggregator matched:
      - @ConditionalOnMissingBean (types: org.springframework.boot.actuate.health.StatusAggregator; SearchStrategy: all) did not find any beans (OnBeanCondition)

   HealthEndpointWebExtensionConfiguration matched:
      - found 'session' scope (OnWebApplicationCondition)
      - @ConditionalOnBean (types: org.springframework.boot.actuate.health.HealthEndpoint; SearchStrategy: all) found bean 'healthEndpoint' (OnBeanCondition)

   HealthEndpointWebExtensionConfiguration#healthEndpointWebExtension matched:
      - @ConditionalOnBean (types: org.springframework.boot.actuate.health.HealthEndpoint; SearchStrategy: all) found bean 'healthEndpoint'; @ConditionalOnMissingBean (types: org.springframework.boot.actuate.health.HealthEndpointWebExtension; SearchStrategy: all) did not find any beans (OnBeanCondition)

   HibernateJpaAutoConfiguration matched:
      - @ConditionalOnClass found required classes 'org.springframework.orm.jpa.LocalContainerEntityManagerFactoryBean', 'javax.persistence.EntityManager', 'org.hibernate.engine.spi.SessionImplementor' (OnClassCondition)

   HibernateJpaConfiguration matched:
      - @ConditionalOnSingleCandidate (types: javax.sql.DataSource; SearchStrategy: all) found a primary bean from beans 'dataSource' (OnBeanCondition)

   HibernateMetricsAutoConfiguration matched:
      - @ConditionalOnClass found required classes 'javax.persistence.EntityManagerFactory', 'org.hibernate.SessionFactory', 'io.micrometer.core.instrument.MeterRegistry' (OnClassCondition)
      - @ConditionalOnBean (types: javax.persistence.EntityManagerFactory,io.micrometer.core.instrument.MeterRegistry; SearchStrategy: all) found beans 'entityManagerFactory', 'simpleMeterRegistry' (OnBeanCondition)

   HttpClientMetricsAutoConfiguration matched:
      - @ConditionalOnClass found required class 'io.micrometer.core.instrument.MeterRegistry' (OnClassCondition)
      - @ConditionalOnBean (types: io.micrometer.core.instrument.MeterRegistry; SearchStrategy: all) found bean 'simpleMeterRegistry' (OnBeanCondition)

   HttpEncodingAutoConfiguration matched:
      - @ConditionalOnClass found required class 'org.springframework.web.filter.CharacterEncodingFilter' (OnClassCondition)
      - found 'session' scope (OnWebApplicationCondition)
      - @ConditionalOnProperty (spring.http.encoding.enabled) matched (OnPropertyCondition)

   HttpEncodingAutoConfiguration#characterEncodingFilter matched:
      - @ConditionalOnMissingBean (types: org.springframework.web.filter.CharacterEncodingFilter; SearchStrategy: all) did not find any beans (OnBeanCondition)

   HttpMessageConvertersAutoConfiguration matched:
      - @ConditionalOnClass found required class 'org.springframework.http.converter.HttpMessageConverter' (OnClassCondition)
      - NoneNestedConditions 0 matched 1 did not; NestedCondition on HttpMessageConvertersAutoConfiguration.NotReactiveWebApplicationCondition.ReactiveWebApplication did not find reactive web application classes (HttpMessageConvertersAutoConfiguration.NotReactiveWebApplicationCondition)

   HttpMessageConvertersAutoConfiguration#messageConverters matched:
      - @ConditionalOnMissingBean (types: org.springframework.boot.autoconfigure.http.HttpMessageConverters; SearchStrategy: all) did not find any beans (OnBeanCondition)

   HttpMessageConvertersAutoConfiguration.StringHttpMessageConverterConfiguration matched:
      - @ConditionalOnClass found required class 'org.springframework.http.converter.StringHttpMessageConverter' (OnClassCondition)

   HttpMessageConvertersAutoConfiguration.StringHttpMessageConverterConfiguration#stringHttpMessageConverter matched:
      - @ConditionalOnMissingBean (types: org.springframework.http.converter.StringHttpMessageConverter; SearchStrategy: all) did not find any beans (OnBeanCondition)

   InfoContributorAutoConfiguration#envInfoContributor matched:
      - @ConditionalOnEnabledInfoContributor management.info.defaults.enabled is considered true (OnEnabledInfoContributorCondition)

   InfoEndpointAutoConfiguration matched:
      - @ConditionalOnAvailableEndpoint no property management.endpoint.info.enabled found so using endpoint default; @ConditionalOnAvailableEndpoint marked as exposed by a 'management.endpoints.web.exposure' property (OnAvailableEndpointCondition)

   InfoEndpointAutoConfiguration#infoEndpoint matched:
      - @ConditionalOnMissingBean (types: org.springframework.boot.actuate.info.InfoEndpoint; SearchStrategy: all) did not find any beans (OnBeanCondition)

   JacksonAutoConfiguration matched:
      - @ConditionalOnClass found required class 'com.fasterxml.jackson.databind.ObjectMapper' (OnClassCondition)

   JacksonAutoConfiguration.Jackson2ObjectMapperBuilderCustomizerConfiguration matched:
      - @ConditionalOnClass found required class 'org.springframework.http.converter.json.Jackson2ObjectMapperBuilder' (OnClassCondition)

   JacksonAutoConfiguration.JacksonObjectMapperBuilderConfiguration matched:
      - @ConditionalOnClass found required class 'org.springframework.http.converter.json.Jackson2ObjectMapperBuilder' (OnClassCondition)

   JacksonAutoConfiguration.JacksonObjectMapperBuilderConfiguration#jacksonObjectMapperBuilder matched:
      - @ConditionalOnMissingBean (types: org.springframework.http.converter.json.Jackson2ObjectMapperBuilder; SearchStrategy: all) did not find any beans (OnBeanCondition)

   JacksonAutoConfiguration.JacksonObjectMapperConfiguration matched:
      - @ConditionalOnClass found required class 'org.springframework.http.converter.json.Jackson2ObjectMapperBuilder' (OnClassCondition)

   JacksonAutoConfiguration.JacksonObjectMapperConfiguration#jacksonObjectMapper matched:
      - @ConditionalOnMissingBean (types: com.fasterxml.jackson.databind.ObjectMapper; SearchStrategy: all) did not find any beans (OnBeanCondition)

   JacksonAutoConfiguration.ParameterNamesModuleConfiguration matched:
      - @ConditionalOnClass found required class 'com.fasterxml.jackson.module.paramnames.ParameterNamesModule' (OnClassCondition)

   JacksonAutoConfiguration.ParameterNamesModuleConfiguration#parameterNamesModule matched:
      - @ConditionalOnMissingBean (types: com.fasterxml.jackson.module.paramnames.ParameterNamesModule; SearchStrategy: all) did not find any beans (OnBeanCondition)

   JacksonHttpMessageConvertersConfiguration.MappingJackson2HttpMessageConverterConfiguration matched:
      - @ConditionalOnClass found required class 'com.fasterxml.jackson.databind.ObjectMapper' (OnClassCondition)
      - @ConditionalOnProperty (spring.http.converters.preferred-json-mapper=jackson) matched (OnPropertyCondition)
      - @ConditionalOnBean (types: com.fasterxml.jackson.databind.ObjectMapper; SearchStrategy: all) found bean 'jacksonObjectMapper' (OnBeanCondition)

   JacksonHttpMessageConvertersConfiguration.MappingJackson2HttpMessageConverterConfiguration#mappingJackson2HttpMessageConverter matched:
      - @ConditionalOnMissingBean (types: org.springframework.http.converter.json.MappingJackson2HttpMessageConverter ignored: org.springframework.hateoas.server.mvc.TypeConstrainedMappingJackson2HttpMessageConverter,org.springframework.data.rest.webmvc.alps.AlpsJsonHttpMessageConverter; SearchStrategy: all) did not find any beans (OnBeanCondition)

   JdbcTemplateAutoConfiguration matched:
      - @ConditionalOnClass found required classes 'javax.sql.DataSource', 'org.springframework.jdbc.core.JdbcTemplate' (OnClassCondition)
      - @ConditionalOnSingleCandidate (types: javax.sql.DataSource; SearchStrategy: all) found a primary bean from beans 'dataSource' (OnBeanCondition)

   JdbcTemplateConfiguration matched:
      - @ConditionalOnMissingBean (types: org.springframework.jdbc.core.JdbcOperations; SearchStrategy: all) did not find any beans (OnBeanCondition)

   JpaBaseConfiguration#entityManagerFactory matched:
      - @ConditionalOnMissingBean (types: org.springframework.orm.jpa.LocalContainerEntityManagerFactoryBean,javax.persistence.EntityManagerFactory; SearchStrategy: all) did not find any beans (OnBeanCondition)

   JpaBaseConfiguration#entityManagerFactoryBuilder matched:
      - @ConditionalOnMissingBean (types: org.springframework.boot.orm.jpa.EntityManagerFactoryBuilder; SearchStrategy: all) did not find any beans (OnBeanCondition)

   JpaBaseConfiguration#jpaVendorAdapter matched:
      - @ConditionalOnMissingBean (types: org.springframework.orm.jpa.JpaVendorAdapter; SearchStrategy: all) did not find any beans (OnBeanCondition)

   JpaBaseConfiguration#transactionManager matched:
      - @ConditionalOnMissingBean (types: org.springframework.transaction.PlatformTransactionManager; SearchStrategy: all) did not find any beans (OnBeanCondition)

   JpaBaseConfiguration.JpaWebConfiguration matched:
      - @ConditionalOnClass found required class 'org.springframework.web.servlet.config.annotation.WebMvcConfigurer' (OnClassCondition)
      - found 'session' scope (OnWebApplicationCondition)
      - @ConditionalOnProperty (spring.jpa.open-in-view=true) matched (OnPropertyCondition)
      - @ConditionalOnMissingBean (types: org.springframework.orm.jpa.support.OpenEntityManagerInViewInterceptor,org.springframework.orm.jpa.support.OpenEntityManagerInViewFilter; SearchStrategy: all) did not find any beans (OnBeanCondition)

   JtaAutoConfiguration matched:
      - @ConditionalOnClass found required class 'javax.transaction.Transaction' (OnClassCondition)
      - @ConditionalOnProperty (spring.jta.enabled) matched (OnPropertyCondition)

   JvmMetricsAutoConfiguration matched:
      - @ConditionalOnClass found required class 'io.micrometer.core.instrument.MeterRegistry' (OnClassCondition)
      - @ConditionalOnBean (types: io.micrometer.core.instrument.MeterRegistry; SearchStrategy: all) found bean 'simpleMeterRegistry' (OnBeanCondition)

   JvmMetricsAutoConfiguration#classLoaderMetrics matched:
      - @ConditionalOnMissingBean (types: io.micrometer.core.instrument.binder.jvm.ClassLoaderMetrics; SearchStrategy: all) did not find any beans (OnBeanCondition)

   JvmMetricsAutoConfiguration#jvmGcMetrics matched:
      - @ConditionalOnMissingBean (types: io.micrometer.core.instrument.binder.jvm.JvmGcMetrics; SearchStrategy: all) did not find any beans (OnBeanCondition)

   JvmMetricsAutoConfiguration#jvmMemoryMetrics matched:
      - @ConditionalOnMissingBean (types: io.micrometer.core.instrument.binder.jvm.JvmMemoryMetrics; SearchStrategy: all) did not find any beans (OnBeanCondition)

   JvmMetricsAutoConfiguration#jvmThreadMetrics matched:
      - @ConditionalOnMissingBean (types: io.micrometer.core.instrument.binder.jvm.JvmThreadMetrics; SearchStrategy: all) did not find any beans (OnBeanCondition)

   LegacyHealthEndpointCompatibilityConfiguration#healthAggregator matched:
      - @ConditionalOnMissingBean (types: org.springframework.boot.actuate.health.HealthAggregator; SearchStrategy: all) did not find any beans (OnBeanCondition)

   LegacyHealthEndpointCompatibilityConfiguration#healthIndicatorRegistry matched:
      - @ConditionalOnMissingBean (types: org.springframework.boot.actuate.health.HealthIndicatorRegistry; SearchStrategy: all) did not find any beans (OnBeanCondition)

   LegacyHealthEndpointCompatibilityConfiguration#healthStatusHttpMapper matched:
      - @ConditionalOnMissingBean (types: org.springframework.boot.actuate.health.HealthStatusHttpMapper; SearchStrategy: all) did not find any beans (OnBeanCondition)

   LifecycleMvcEndpointAutoConfiguration#environmentManager matched:
      - @ConditionalOnMissingBean (types: org.springframework.cloud.context.environment.EnvironmentManager; SearchStrategy: all) did not find any beans (OnBeanCondition)

   LogbackMetricsAutoConfiguration matched:
      - @ConditionalOnClass found required classes 'io.micrometer.core.instrument.MeterRegistry', 'ch.qos.logback.classic.LoggerContext', 'org.slf4j.LoggerFactory' (OnClassCondition)
      - LogbackLoggingCondition ILoggerFactory is a Logback LoggerContext (LogbackMetricsAutoConfiguration.LogbackLoggingCondition)
      - @ConditionalOnBean (types: io.micrometer.core.instrument.MeterRegistry; SearchStrategy: all) found bean 'simpleMeterRegistry' (OnBeanCondition)

   LogbackMetricsAutoConfiguration#logbackMetrics matched:
      - @ConditionalOnMissingBean (types: io.micrometer.core.instrument.binder.logging.LogbackMetrics; SearchStrategy: all) did not find any beans (OnBeanCondition)

   ManagementContextAutoConfiguration.SameManagementContextConfiguration matched:
      - Management Port actual port type (SAME) matched required type (OnManagementPortCondition)

   MappingsEndpointAutoConfiguration.ServletWebConfiguration matched:
      - found 'session' scope (OnWebApplicationCondition)

   MappingsEndpointAutoConfiguration.ServletWebConfiguration.SpringMvcConfiguration matched:
      - @ConditionalOnClass found required class 'org.springframework.web.servlet.DispatcherServlet' (OnClassCondition)
      - @ConditionalOnBean (types: org.springframework.web.servlet.DispatcherServlet; SearchStrategy: all) found bean 'dispatcherServlet' (OnBeanCondition)

   MetricsAutoConfiguration matched:
      - @ConditionalOnClass found required class 'io.micrometer.core.annotation.Timed' (OnClassCondition)

   MetricsAutoConfiguration#micrometerClock matched:
      - @ConditionalOnMissingBean (types: io.micrometer.core.instrument.Clock; SearchStrategy: all) did not find any beans (OnBeanCondition)

   MultipartAutoConfiguration matched:
      - @ConditionalOnClass found required classes 'javax.servlet.Servlet', 'org.springframework.web.multipart.support.StandardServletMultipartResolver', 'javax.servlet.MultipartConfigElement' (OnClassCondition)
      - found 'session' scope (OnWebApplicationCondition)
      - @ConditionalOnProperty (spring.servlet.multipart.enabled) matched (OnPropertyCondition)

   MultipartAutoConfiguration#multipartConfigElement matched:
      - @ConditionalOnMissingBean (types: javax.servlet.MultipartConfigElement,org.springframework.web.multipart.commons.CommonsMultipartResolver; SearchStrategy: all) did not find any beans (OnBeanCondition)

   MultipartAutoConfiguration#multipartResolver matched:
      - @ConditionalOnMissingBean (types: org.springframework.web.multipart.MultipartResolver; SearchStrategy: all) did not find any beans (OnBeanCondition)

   NamedParameterJdbcTemplateConfiguration matched:
      - @ConditionalOnSingleCandidate (types: org.springframework.jdbc.core.JdbcTemplate; SearchStrategy: all) found a primary bean from beans 'jdbcTemplate'; @ConditionalOnMissingBean (types: org.springframework.jdbc.core.namedparam.NamedParameterJdbcOperations; SearchStrategy: all) did not find any beans (OnBeanCondition)

   OAuth2AutoConfiguration matched:
      - @ConditionalOnClass found required classes 'org.springframework.security.oauth2.common.OAuth2AccessToken', 'org.springframework.web.servlet.config.annotation.WebMvcConfigurer' (OnClassCondition)

   OAuth2ResourceServerAutoConfiguration matched:
      - found 'session' scope (OnWebApplicationCondition)

   OAuth2ResourceServerConfiguration matched:
      - @ConditionalOnClass found required classes 'org.springframework.security.oauth2.config.annotation.web.configuration.EnableResourceServer', 'org.springframework.boot.autoconfigure.security.SecurityProperties' (OnClassCondition)
      - @ConditionalOnWebApplication (required) found 'session' scope (OnWebApplicationCondition)
      - OAuth ResourceServer Condition found client-id property (OAuth2ResourceServerConfiguration.ResourceServerCondition)
      - @ConditionalOnBean (types: org.springframework.security.oauth2.config.annotation.web.configuration.ResourceServerConfiguration; SearchStrategy: all) found bean 'org.springframework.security.oauth2.config.annotation.web.configuration.ResourceServerConfiguration' (OnBeanCondition)

   OAuth2RestOperationsConfiguration matched:
      - @ConditionalOnClass found required class 'org.springframework.security.oauth2.config.annotation.web.configuration.EnableOAuth2Client' (OnClassCondition)

   OAuth2RestOperationsConfiguration.RequestScopedConfiguration matched:
      - OAuth Client ID found security.oauth2.client.client-id property (OAuth2RestOperationsConfiguration.OAuth2ClientIdCondition)
      - NoneNestedConditions 0 matched 1 did not; NestedCondition on OAuth2RestOperationsConfiguration.NoClientCredentialsCondition.ClientCredentialsActivated AnyNestedCondition 0 matched 2 did not; NestedCondition on OAuth2RestOperationsConfiguration.ClientCredentialsCondition.NoWebApplication @ConditionalOnWebApplication found 'session' scope and did not find reactive web application classes; NestedCondition on OAuth2RestOperationsConfiguration.ClientCredentialsCondition.ClientCredentialsConfigured @ConditionalOnProperty (security.oauth2.client.grant-type=client_credentials) did not find property 'grant-type' (OAuth2RestOperationsConfiguration.NoClientCredentialsCondition)
      - @ConditionalOnMissingBean (types: org.springframework.security.oauth2.config.annotation.web.configuration.OAuth2ClientConfiguration; SearchStrategy: all) did not find any beans (OnBeanCondition)

   PersistenceExceptionTranslationAutoConfiguration matched:
      - @ConditionalOnClass found required class 'org.springframework.dao.annotation.PersistenceExceptionTranslationPostProcessor' (OnClassCondition)

   PersistenceExceptionTranslationAutoConfiguration#persistenceExceptionTranslationPostProcessor matched:
      - @ConditionalOnProperty (spring.dao.exceptiontranslation.enabled) matched (OnPropertyCondition)
      - @ConditionalOnMissingBean (types: org.springframework.dao.annotation.PersistenceExceptionTranslationPostProcessor; SearchStrategy: all) did not find any beans (OnBeanCondition)

   PropertyPlaceholderAutoConfiguration#propertySourcesPlaceholderConfigurer matched:
      - @ConditionalOnMissingBean (types: org.springframework.context.support.PropertySourcesPlaceholderConfigurer; SearchStrategy: current) did not find any beans (OnBeanCondition)

   RefreshAutoConfiguration matched:
      - @ConditionalOnClass found required class 'org.springframework.cloud.context.scope.refresh.RefreshScope' (OnClassCondition)
      - @ConditionalOnProperty (spring.cloud.refresh.enabled) matched (OnPropertyCondition)

   RefreshAutoConfiguration#contextRefresher matched:
      - @ConditionalOnMissingBean (types: org.springframework.cloud.context.refresh.ContextRefresher; SearchStrategy: all) did not find any beans (OnBeanCondition)

   RefreshAutoConfiguration#loggingRebinder matched:
      - @ConditionalOnMissingBean (types: org.springframework.cloud.logging.LoggingRebinder; SearchStrategy: all) did not find any beans (OnBeanCondition)

   RefreshAutoConfiguration#refreshScope matched:
      - @ConditionalOnMissingBean (types: org.springframework.cloud.context.scope.refresh.RefreshScope; SearchStrategy: all) did not find any beans (OnBeanCondition)

   RefreshAutoConfiguration.JpaInvokerConfiguration matched:
      - @ConditionalOnClass found required class 'javax.persistence.EntityManagerFactory' (OnClassCondition)

   RefreshEndpointAutoConfiguration matched:
      - @ConditionalOnClass found required classes 'org.springframework.boot.actuate.autoconfigure.endpoint.EndpointAutoConfiguration', 'org.springframework.boot.actuate.health.Health' (OnClassCondition)

   RefreshEndpointAutoConfiguration#refreshScopeHealthIndicator matched:
      - @ConditionalOnMissingBean (types: org.springframework.cloud.health.RefreshScopeHealthIndicator; SearchStrategy: all) did not find any beans (OnBeanCondition)
      - @ConditionalOnEnabledHealthIndicator management.health.defaults.enabled is considered true (OnEnabledHealthIndicatorCondition)

   RefreshEndpointAutoConfiguration.RefreshEndpointConfiguration matched:
      - @ConditionalOnBean (types: org.springframework.cloud.bootstrap.config.PropertySourceBootstrapConfiguration; SearchStrategy: all) found bean 'org.springframework.cloud.bootstrap.config.PropertySourceBootstrapConfiguration' (OnBeanCondition)

   RestTemplateAutoConfiguration matched:
      - @ConditionalOnClass found required class 'org.springframework.web.client.RestTemplate' (OnClassCondition)
      - NoneNestedConditions 0 matched 1 did not; NestedCondition on RestTemplateAutoConfiguration.NotReactiveWebApplicationCondition.ReactiveWebApplication did not find reactive web application classes (RestTemplateAutoConfiguration.NotReactiveWebApplicationCondition)

   RestTemplateAutoConfiguration#restTemplateBuilder matched:
      - @ConditionalOnMissingBean (types: org.springframework.boot.web.client.RestTemplateBuilder; SearchStrategy: all) did not find any beans (OnBeanCondition)

   RestTemplateMetricsConfiguration matched:
      - @ConditionalOnClass found required class 'org.springframework.web.client.RestTemplate' (OnClassCondition)
      - @ConditionalOnBean (types: org.springframework.boot.web.client.RestTemplateBuilder; SearchStrategy: all) found bean 'restTemplateBuilder' (OnBeanCondition)

   RestTemplateMetricsConfiguration#restTemplateExchangeTagsProvider matched:
      - @ConditionalOnMissingBean (types: org.springframework.boot.actuate.metrics.web.client.RestTemplateExchangeTagsProvider; SearchStrategy: all) did not find any beans (OnBeanCondition)

   RestartEndpointWithoutIntegrationConfiguration matched:
      - @ConditionalOnMissingClass did not find unwanted class 'org.springframework.integration.monitor.IntegrationMBeanExporter' (OnClassCondition)

   SecurityAutoConfiguration matched:
      - @ConditionalOnClass found required class 'org.springframework.security.authentication.DefaultAuthenticationEventPublisher' (OnClassCondition)

   SecurityAutoConfiguration#authenticationEventPublisher matched:
      - @ConditionalOnMissingBean (types: org.springframework.security.authentication.AuthenticationEventPublisher; SearchStrategy: all) did not find any beans (OnBeanCondition)

   SecurityFilterAutoConfiguration matched:
      - @ConditionalOnClass found required classes 'org.springframework.security.web.context.AbstractSecurityWebApplicationInitializer', 'org.springframework.security.config.http.SessionCreationPolicy' (OnClassCondition)
      - found 'session' scope (OnWebApplicationCondition)

   SecurityFilterAutoConfiguration#securityFilterChainRegistration matched:
      - @ConditionalOnBean (names: springSecurityFilterChain; SearchStrategy: all) found bean 'springSecurityFilterChain' (OnBeanCondition)

   SecurityRequestMatchersManagementContextConfiguration matched:
      - @ConditionalOnClass found required class 'org.springframework.security.web.util.matcher.RequestMatcher' (OnClassCondition)
      - found 'session' scope (OnWebApplicationCondition)

   SecurityRequestMatchersManagementContextConfiguration.MvcRequestMatcherConfiguration matched:
      - @ConditionalOnClass found required class 'org.springframework.web.servlet.DispatcherServlet' (OnClassCondition)
      - @ConditionalOnBean (types: org.springframework.boot.autoconfigure.web.servlet.DispatcherServletPath; SearchStrategy: all) found bean 'dispatcherServletRegistration' (OnBeanCondition)

   SecurityRequestMatchersManagementContextConfiguration.MvcRequestMatcherConfiguration#requestMatcherProvider matched:
      - @ConditionalOnClass found required class 'org.springframework.web.servlet.DispatcherServlet' (OnClassCondition)
      - @ConditionalOnMissingBean (types: org.springframework.boot.autoconfigure.security.servlet.RequestMatcherProvider; SearchStrategy: all) did not find any beans (OnBeanCondition)

   ServletEndpointManagementContextConfiguration matched:
      - found 'session' scope (OnWebApplicationCondition)

   ServletEndpointManagementContextConfiguration.WebMvcServletEndpointManagementContextConfiguration matched:
      - @ConditionalOnClass found required class 'org.springframework.web.servlet.DispatcherServlet' (OnClassCondition)

   ServletManagementContextAutoConfiguration matched:
      - @ConditionalOnClass found required class 'javax.servlet.Servlet' (OnClassCondition)
      - found 'session' scope (OnWebApplicationCondition)

   ServletWebServerFactoryAutoConfiguration matched:
      - @ConditionalOnClass found required class 'javax.servlet.ServletRequest' (OnClassCondition)
      - found 'session' scope (OnWebApplicationCondition)

   ServletWebServerFactoryAutoConfiguration#tomcatServletWebServerFactoryCustomizer matched:
      - @ConditionalOnClass found required class 'org.apache.catalina.startup.Tomcat' (OnClassCondition)

   ServletWebServerFactoryConfiguration.EmbeddedTomcat matched:
      - @ConditionalOnClass found required classes 'javax.servlet.Servlet', 'org.apache.catalina.startup.Tomcat', 'org.apache.coyote.UpgradeProtocol' (OnClassCondition)
      - @ConditionalOnMissingBean (types: org.springframework.boot.web.servlet.server.ServletWebServerFactory; SearchStrategy: current) did not find any beans (OnBeanCondition)

   SimpleCacheConfiguration matched:
      - Cache org.springframework.boot.autoconfigure.cache.SimpleCacheConfiguration automatic cache type (CacheCondition)
      - @ConditionalOnMissingBean (types: org.springframework.cache.CacheManager; SearchStrategy: all) did not find any beans (OnBeanCondition)

   SimpleMetricsExportAutoConfiguration matched:
      - @ConditionalOnProperty (management.metrics.export.simple.enabled=true) matched (OnPropertyCondition)
      - @ConditionalOnBean (types: io.micrometer.core.instrument.Clock; SearchStrategy: all) found bean 'micrometerClock'; @ConditionalOnMissingBean (types: io.micrometer.core.instrument.MeterRegistry; SearchStrategy: all) did not find any beans (OnBeanCondition)

   SimpleMetricsExportAutoConfiguration#simpleConfig matched:
      - @ConditionalOnMissingBean (types: io.micrometer.core.instrument.simple.SimpleConfig; SearchStrategy: all) did not find any beans (OnBeanCondition)

   SpringDataWebAutoConfiguration matched:
      - @ConditionalOnClass found required classes 'org.springframework.data.web.PageableHandlerMethodArgumentResolver', 'org.springframework.web.servlet.config.annotation.WebMvcConfigurer' (OnClassCondition)
      - found 'session' scope (OnWebApplicationCondition)
      - @ConditionalOnMissingBean (types: org.springframework.data.web.PageableHandlerMethodArgumentResolver; SearchStrategy: all) did not find any beans (OnBeanCondition)

   SpringDataWebAutoConfiguration#pageableCustomizer matched:
      - @ConditionalOnMissingBean (types: org.springframework.data.web.config.PageableHandlerMethodArgumentResolverCustomizer; SearchStrategy: all) did not find any beans (OnBeanCondition)

   SpringDataWebAutoConfiguration#sortCustomizer matched:
      - @ConditionalOnMissingBean (types: org.springframework.data.web.config.SortHandlerMethodArgumentResolverCustomizer; SearchStrategy: all) did not find any beans (OnBeanCondition)

   SystemMetricsAutoConfiguration matched:
      - @ConditionalOnClass found required class 'io.micrometer.core.instrument.MeterRegistry' (OnClassCondition)
      - @ConditionalOnBean (types: io.micrometer.core.instrument.MeterRegistry; SearchStrategy: all) found bean 'simpleMeterRegistry' (OnBeanCondition)

   SystemMetricsAutoConfiguration#fileDescriptorMetrics matched:
      - @ConditionalOnMissingBean (types: io.micrometer.core.instrument.binder.system.FileDescriptorMetrics; SearchStrategy: all) did not find any beans (OnBeanCondition)

   SystemMetricsAutoConfiguration#processorMetrics matched:
      - @ConditionalOnMissingBean (types: io.micrometer.core.instrument.binder.system.ProcessorMetrics; SearchStrategy: all) did not find any beans (OnBeanCondition)

   SystemMetricsAutoConfiguration#uptimeMetrics matched:
      - @ConditionalOnMissingBean (types: io.micrometer.core.instrument.binder.system.UptimeMetrics; SearchStrategy: all) did not find any beans (OnBeanCondition)

   TaskExecutionAutoConfiguration matched:
      - @ConditionalOnClass found required class 'org.springframework.scheduling.concurrent.ThreadPoolTaskExecutor' (OnClassCondition)

   TaskExecutionAutoConfiguration#applicationTaskExecutor matched:
      - @ConditionalOnMissingBean (types: java.util.concurrent.Executor; SearchStrategy: all) did not find any beans (OnBeanCondition)

   TaskExecutionAutoConfiguration#taskExecutorBuilder matched:
      - @ConditionalOnMissingBean (types: org.springframework.boot.task.TaskExecutorBuilder; SearchStrategy: all) did not find any beans (OnBeanCondition)

   TaskSchedulingAutoConfiguration matched:
      - @ConditionalOnClass found required class 'org.springframework.scheduling.concurrent.ThreadPoolTaskScheduler' (OnClassCondition)

   TaskSchedulingAutoConfiguration#taskScheduler matched:
      - @ConditionalOnBean (names: org.springframework.context.annotation.internalScheduledAnnotationProcessor; SearchStrategy: all) found bean 'org.springframework.context.annotation.internalScheduledAnnotationProcessor'; @ConditionalOnMissingBean (types: org.springframework.scheduling.annotation.SchedulingConfigurer,org.springframework.scheduling.TaskScheduler,java.util.concurrent.ScheduledExecutorService; SearchStrategy: all) did not find any beans (OnBeanCondition)

   TaskSchedulingAutoConfiguration#taskSchedulerBuilder matched:
      - @ConditionalOnMissingBean (types: org.springframework.boot.task.TaskSchedulerBuilder; SearchStrategy: all) did not find any beans (OnBeanCondition)

   TomcatMetricsAutoConfiguration matched:
      - @ConditionalOnClass found required classes 'io.micrometer.core.instrument.binder.tomcat.TomcatMetrics', 'org.apache.catalina.Manager' (OnClassCondition)
      - @ConditionalOnWebApplication (required) found 'session' scope (OnWebApplicationCondition)

   TomcatMetricsAutoConfiguration#tomcatMetricsBinder matched:
      - @ConditionalOnBean (types: io.micrometer.core.instrument.MeterRegistry; SearchStrategy: all) found bean 'simpleMeterRegistry'; @ConditionalOnMissingBean (types: io.micrometer.core.instrument.binder.tomcat.TomcatMetrics,org.springframework.boot.actuate.metrics.web.tomcat.TomcatMetricsBinder; SearchStrategy: all) did not find any beans (OnBeanCondition)

   TransactionAutoConfiguration matched:
      - @ConditionalOnClass found required class 'org.springframework.transaction.PlatformTransactionManager' (OnClassCondition)

   TransactionAutoConfiguration#platformTransactionManagerCustomizers matched:
      - @ConditionalOnMissingBean (types: org.springframework.boot.autoconfigure.transaction.TransactionManagerCustomizers; SearchStrategy: all) did not find any beans (OnBeanCondition)

   TransactionAutoConfiguration.TransactionTemplateConfiguration matched:
      - @ConditionalOnSingleCandidate (types: org.springframework.transaction.PlatformTransactionManager; SearchStrategy: all) found a primary bean from beans 'transactionManager' (OnBeanCondition)

   TransactionAutoConfiguration.TransactionTemplateConfiguration#transactionTemplate matched:
      - @ConditionalOnMissingBean (types: org.springframework.transaction.support.TransactionOperations; SearchStrategy: all) did not find any beans (OnBeanCondition)

   UtilAutoConfiguration matched:
      - @ConditionalOnProperty (spring.cloud.util.enabled) matched (OnPropertyCondition)

   UtilAutoConfiguration#inetUtils matched:
      - @ConditionalOnMissingBean (types: org.springframework.cloud.commons.util.InetUtils; SearchStrategy: all) did not find any beans (OnBeanCondition)

   ValidationAutoConfiguration matched:
      - @ConditionalOnClass found required class 'javax.validation.executable.ExecutableValidator' (OnClassCondition)
      - @ConditionalOnResource found location classpath:META-INF/services/javax.validation.spi.ValidationProvider (OnResourceCondition)

   ValidationAutoConfiguration#defaultValidator matched:
      - @ConditionalOnMissingBean (types: javax.validation.Validator; SearchStrategy: all) did not find any beans (OnBeanCondition)

   ValidationAutoConfiguration#methodValidationPostProcessor matched:
      - @ConditionalOnMissingBean (types: org.springframework.validation.beanvalidation.MethodValidationPostProcessor; SearchStrategy: all) did not find any beans (OnBeanCondition)

   WebEndpointAutoConfiguration matched:
      - @ConditionalOnWebApplication (required) found 'session' scope (OnWebApplicationCondition)

   WebEndpointAutoConfiguration#controllerEndpointDiscoverer matched:
      - @ConditionalOnMissingBean (types: org.springframework.boot.actuate.endpoint.web.annotation.ControllerEndpointsSupplier; SearchStrategy: all) did not find any beans (OnBeanCondition)

   WebEndpointAutoConfiguration#endpointMediaTypes matched:
      - @ConditionalOnMissingBean (types: org.springframework.boot.actuate.endpoint.web.EndpointMediaTypes; SearchStrategy: all) did not find any beans (OnBeanCondition)

   WebEndpointAutoConfiguration#pathMappedEndpoints matched:
      - @ConditionalOnMissingBean (types: org.springframework.boot.actuate.endpoint.web.PathMappedEndpoints; SearchStrategy: all) did not find any beans (OnBeanCondition)

   WebEndpointAutoConfiguration#webEndpointDiscoverer matched:
      - @ConditionalOnMissingBean (types: org.springframework.boot.actuate.endpoint.web.WebEndpointsSupplier; SearchStrategy: all) did not find any beans (OnBeanCondition)

   WebEndpointAutoConfiguration.WebEndpointServletConfiguration matched:
      - found 'session' scope (OnWebApplicationCondition)

   WebEndpointAutoConfiguration.WebEndpointServletConfiguration#servletEndpointDiscoverer matched:
      - @ConditionalOnMissingBean (types: org.springframework.boot.actuate.endpoint.web.annotation.ServletEndpointsSupplier; SearchStrategy: all) did not find any beans (OnBeanCondition)

   WebMvcAutoConfiguration matched:
      - @ConditionalOnClass found required classes 'javax.servlet.Servlet', 'org.springframework.web.servlet.DispatcherServlet', 'org.springframework.web.servlet.config.annotation.WebMvcConfigurer' (OnClassCondition)
      - found 'session' scope (OnWebApplicationCondition)
      - @ConditionalOnMissingBean (types: org.springframework.web.servlet.config.annotation.WebMvcConfigurationSupport; SearchStrategy: all) did not find any beans (OnBeanCondition)

   WebMvcAutoConfiguration#formContentFilter matched:
      - @ConditionalOnProperty (spring.mvc.formcontent.filter.enabled) matched (OnPropertyCondition)
      - @ConditionalOnMissingBean (types: org.springframework.web.filter.FormContentFilter; SearchStrategy: all) did not find any beans (OnBeanCondition)

   WebMvcAutoConfiguration.WebMvcAutoConfigurationAdapter#defaultViewResolver matched:
      - @ConditionalOnMissingBean (types: org.springframework.web.servlet.view.InternalResourceViewResolver; SearchStrategy: all) did not find any beans (OnBeanCondition)

   WebMvcAutoConfiguration.WebMvcAutoConfigurationAdapter#requestContextFilter matched:
      - @ConditionalOnMissingBean (types: org.springframework.web.context.request.RequestContextListener,org.springframework.web.filter.RequestContextFilter; SearchStrategy: all) did not find any beans (OnBeanCondition)

   WebMvcAutoConfiguration.WebMvcAutoConfigurationAdapter#viewResolver matched:
      - @ConditionalOnBean (types: org.springframework.web.servlet.ViewResolver; SearchStrategy: all) found beans 'defaultViewResolver', 'beanNameViewResolver', 'mvcViewResolver'; @ConditionalOnMissingBean (names: viewResolver types: org.springframework.web.servlet.view.ContentNegotiatingViewResolver; SearchStrategy: all) did not find any beans (OnBeanCondition)

   WebMvcEndpointManagementContextConfiguration matched:
      - @ConditionalOnClass found required class 'org.springframework.web.servlet.DispatcherServlet' (OnClassCondition)
      - found 'session' scope (OnWebApplicationCondition)
      - @ConditionalOnBean (types: org.springframework.web.servlet.DispatcherServlet,org.springframework.boot.actuate.endpoint.web.WebEndpointsSupplier; SearchStrategy: all) found beans 'webEndpointDiscoverer', 'dispatcherServlet' (OnBeanCondition)

   WebMvcEndpointManagementContextConfiguration#controllerEndpointHandlerMapping matched:
      - @ConditionalOnMissingBean (types: org.springframework.boot.actuate.endpoint.web.servlet.ControllerEndpointHandlerMapping; SearchStrategy: all) did not find any beans (OnBeanCondition)

   WebMvcEndpointManagementContextConfiguration#webEndpointServletHandlerMapping matched:
      - @ConditionalOnMissingBean (types: org.springframework.boot.actuate.endpoint.web.servlet.WebMvcEndpointHandlerMapping; SearchStrategy: all) did not find any beans (OnBeanCondition)

   WebMvcMetricsAutoConfiguration matched:
      - @ConditionalOnClass found required class 'org.springframework.web.servlet.DispatcherServlet' (OnClassCondition)
      - found 'session' scope (OnWebApplicationCondition)
      - @ConditionalOnBean (types: io.micrometer.core.instrument.MeterRegistry; SearchStrategy: all) found bean 'simpleMeterRegistry' (OnBeanCondition)

   WebMvcMetricsAutoConfiguration#webMvcTagsProvider matched:
      - @ConditionalOnMissingBean (types: org.springframework.boot.actuate.metrics.web.servlet.WebMvcTagsProvider; SearchStrategy: all) did not find any beans (OnBeanCondition)

   WebSocketServletAutoConfiguration matched:
      - @ConditionalOnClass found required classes 'javax.servlet.Servlet', 'javax.websocket.server.ServerContainer' (OnClassCondition)
      - found 'session' scope (OnWebApplicationCondition)

   WebSocketServletAutoConfiguration.TomcatWebSocketConfiguration matched:
      - @ConditionalOnClass found required classes 'org.apache.catalina.startup.Tomcat', 'org.apache.tomcat.websocket.server.WsSci' (OnClassCondition)

   WebSocketServletAutoConfiguration.TomcatWebSocketConfiguration#websocketServletWebServerCustomizer matched:
      - @ConditionalOnMissingBean (names: websocketServletWebServerCustomizer; SearchStrategy: all) did not find any beans (OnBeanCondition)


Negative matches:
-----------------

   ActiveMQAutoConfiguration:
      Did not match:
         - @ConditionalOnClass did not find required class 'javax.jms.ConnectionFactory' (OnClassCondition)

   AopAutoConfiguration.AspectJAutoProxyingConfiguration.JdkDynamicAutoProxyConfiguration:
      Did not match:
         - @ConditionalOnProperty (spring.aop.proxy-target-class=false) did not find property 'proxy-target-class' (OnPropertyCondition)

   AopAutoConfiguration.ClassProxyingConfiguration:
      Did not match:
         - @ConditionalOnMissingClass found unwanted class 'org.aspectj.weaver.Advice' (OnClassCondition)

   AppOpticsMetricsExportAutoConfiguration:
      Did not match:
         - @ConditionalOnClass did not find required class 'io.micrometer.appoptics.AppOpticsMeterRegistry' (OnClassCondition)

   ArtemisAutoConfiguration:
      Did not match:
         - @ConditionalOnClass did not find required class 'javax.jms.ConnectionFactory' (OnClassCondition)

   AsyncLoadBalancerAutoConfiguration:
      Did not match:
         - @ConditionalOnBean (types: org.springframework.cloud.client.loadbalancer.LoadBalancerClient; SearchStrategy: all) did not find any beans of type org.springframework.cloud.client.loadbalancer.LoadBalancerClient (OnBeanCondition)
      Matched:
         - @ConditionalOnClass found required class 'org.springframework.web.client.AsyncRestTemplate' (OnClassCondition)

   AtlasMetricsExportAutoConfiguration:
      Did not match:
         - @ConditionalOnClass did not find required class 'io.micrometer.atlas.AtlasMeterRegistry' (OnClassCondition)

   AtomikosJtaConfiguration:
      Did not match:
         - @ConditionalOnClass did not find required class 'com.atomikos.icatch.jta.UserTransactionManager' (OnClassCondition)

   AuditAutoConfiguration:
      Did not match:
         - @ConditionalOnBean (types: org.springframework.boot.actuate.audit.AuditEventRepository; SearchStrategy: all) did not find any beans of type org.springframework.boot.actuate.audit.AuditEventRepository (OnBeanCondition)
      Matched:
         - @ConditionalOnProperty (management.auditevents.enabled) matched (OnPropertyCondition)

   AuditEventsEndpointAutoConfiguration:
      Did not match:
         - @ConditionalOnAvailableEndpoint no property management.endpoint.auditevents.enabled found so using endpoint default; @ConditionalOnAvailableEndpoint no 'management.endpoints' property marked it as exposed (OnAvailableEndpointCondition)

   AuthorizationServerTokenServicesConfiguration.JwtKeyStoreConfiguration:
      Did not match:
         - OAuth JWT KeyStore Condition did not find provided key store location (AuthorizationServerTokenServicesConfiguration.JwtKeyStoreCondition)

   AuthorizationServerTokenServicesConfiguration.JwtTokenServicesConfiguration:
      Did not match:
         - OAuth JWT Condition did not find provided private or symmetric key (AuthorizationServerTokenServicesConfiguration.JwtTokenCondition)

   BatchAutoConfiguration:
      Did not match:
         - @ConditionalOnClass did not find required class 'org.springframework.batch.core.launch.JobLauncher' (OnClassCondition)

   BeansEndpointAutoConfiguration:
      Did not match:
         - @ConditionalOnAvailableEndpoint no property management.endpoint.beans.enabled found so using endpoint default; @ConditionalOnAvailableEndpoint no 'management.endpoints' property marked it as exposed (OnAvailableEndpointCondition)

   BitronixJtaConfiguration:
      Did not match:
         - @ConditionalOnClass did not find required class 'bitronix.tm.jndi.BitronixContext' (OnClassCondition)

   CacheMeterBinderProvidersConfiguration.CaffeineCacheMeterBinderProviderConfiguration:
      Did not match:
         - @ConditionalOnClass did not find required class 'com.github.benmanes.caffeine.cache.Cache' (OnClassCondition)

   CacheMeterBinderProvidersConfiguration.EhCache2CacheMeterBinderProviderConfiguration:
      Did not match:
         - @ConditionalOnClass did not find required class 'net.sf.ehcache.Ehcache' (OnClassCondition)

   CacheMeterBinderProvidersConfiguration.HazelcastCacheMeterBinderProviderConfiguration:
      Did not match:
         - @ConditionalOnClass did not find required classes 'com.hazelcast.spring.cache.HazelcastCache', 'com.hazelcast.core.Hazelcast' (OnClassCondition)

   CacheMeterBinderProvidersConfiguration.JCacheCacheMeterBinderProviderConfiguration:
      Did not match:
         - @ConditionalOnClass did not find required class 'javax.cache.CacheManager' (OnClassCondition)

   CacheMetricsRegistrarConfiguration:
      Did not match:
         - @ConditionalOnBean (types: org.springframework.boot.actuate.metrics.cache.CacheMeterBinderProvider,io.micrometer.core.instrument.MeterRegistry; SearchStrategy: all) did not find any beans of type org.springframework.boot.actuate.metrics.cache.CacheMeterBinderProvider (OnBeanCondition)

   CachesEndpointAutoConfiguration:
      Did not match:
         - @ConditionalOnAvailableEndpoint no property management.endpoint.caches.enabled found so using endpoint default; @ConditionalOnAvailableEndpoint no 'management.endpoints' property marked it as exposed (OnAvailableEndpointCondition)
      Matched:
         - @ConditionalOnClass found required class 'org.springframework.cache.CacheManager' (OnClassCondition)

   CaffeineCacheConfiguration:
      Did not match:
         - @ConditionalOnClass did not find required class 'com.github.benmanes.caffeine.cache.Caffeine' (OnClassCondition)

   CassandraAutoConfiguration:
      Did not match:
         - @ConditionalOnClass did not find required class 'com.datastax.driver.core.Cluster' (OnClassCondition)

   CassandraDataAutoConfiguration:
      Did not match:
         - @ConditionalOnClass did not find required class 'com.datastax.driver.core.Cluster' (OnClassCondition)

   CassandraHealthContributorAutoConfiguration:
      Did not match:
         - @ConditionalOnClass did not find required class 'com.datastax.driver.core.Cluster' (OnClassCondition)

   CassandraReactiveDataAutoConfiguration:
      Did not match:
         - @ConditionalOnClass did not find required class 'com.datastax.driver.core.Cluster' (OnClassCondition)

   CassandraReactiveHealthContributorAutoConfiguration:
      Did not match:
         - @ConditionalOnClass did not find required class 'com.datastax.driver.core.Cluster' (OnClassCondition)

   CassandraReactiveRepositoriesAutoConfiguration:
      Did not match:
         - @ConditionalOnClass did not find required class 'org.springframework.data.cassandra.ReactiveSession' (OnClassCondition)

   CassandraRepositoriesAutoConfiguration:
      Did not match:
         - @ConditionalOnClass did not find required class 'com.datastax.driver.core.Session' (OnClassCondition)

   ClientHttpConnectorAutoConfiguration:
      Did not match:
         - @ConditionalOnClass did not find required class 'org.springframework.web.reactive.function.client.WebClient' (OnClassCondition)

   CloudFoundryActuatorAutoConfiguration:
      Did not match:
         - @ConditionalOnCloudPlatform did not find CLOUD_FOUNDRY (OnCloudPlatformCondition)
      Matched:
         - @ConditionalOnClass found required class 'org.springframework.web.servlet.DispatcherServlet' (OnClassCondition)
         - found 'session' scope (OnWebApplicationCondition)
         - @ConditionalOnProperty (management.cloudfoundry.enabled) matched (OnPropertyCondition)

   CloudHypermediaAutoConfiguration:
      Did not match:
         - @ConditionalOnBean (types: org.springframework.cloud.client.hypermedia.RemoteResource; SearchStrategy: all) did not find any beans of type org.springframework.cloud.client.hypermedia.RemoteResource (OnBeanCondition)

   CloudServiceConnectorsAutoConfiguration:
      Did not match:
         - @ConditionalOnClass did not find required class 'org.springframework.cloud.config.java.CloudScanConfiguration' (OnClassCondition)

   CodecsAutoConfiguration:
      Did not match:
         - @ConditionalOnClass did not find required class 'org.springframework.web.reactive.function.client.WebClient' (OnClassCondition)

   CommonsClientAutoConfiguration.ActuatorConfiguration#featuresEndpoint:
      Did not match:
         - @ConditionalOnAvailableEndpoint no property management.endpoint.features.enabled found so using endpoint default; @ConditionalOnAvailableEndpoint no 'management.endpoints' property marked it as exposed (OnAvailableEndpointCondition)

   CompositeMeterRegistryConfiguration:
      Did not match:
         - NoneNestedConditions 1 matched 1 did not; NestedCondition on CompositeMeterRegistryConfiguration.MultipleNonPrimaryMeterRegistriesCondition.SingleInjectableMeterRegistry @ConditionalOnSingleCandidate (types: io.micrometer.core.instrument.MeterRegistry; SearchStrategy: all) found a primary bean from beans 'simpleMeterRegistry'; NestedCondition on CompositeMeterRegistryConfiguration.MultipleNonPrimaryMeterRegistriesCondition.NoMeterRegistryCondition @ConditionalOnMissingBean (types: io.micrometer.core.instrument.MeterRegistry; SearchStrategy: all) found beans of type 'io.micrometer.core.instrument.MeterRegistry' simpleMeterRegistry (CompositeMeterRegistryConfiguration.MultipleNonPrimaryMeterRegistriesCondition)

   ConditionsReportEndpointAutoConfiguration:
      Did not match:
         - @ConditionalOnAvailableEndpoint no property management.endpoint.conditions.enabled found so using endpoint default; @ConditionalOnAvailableEndpoint no 'management.endpoints' property marked it as exposed (OnAvailableEndpointCondition)

   ConfigurationPropertiesReportEndpointAutoConfiguration:
      Did not match:
         - @ConditionalOnAvailableEndpoint no property management.endpoint.configprops.enabled found so using endpoint default; @ConditionalOnAvailableEndpoint no 'management.endpoints' property marked it as exposed (OnAvailableEndpointCondition)

   CouchbaseAutoConfiguration:
      Did not match:
         - @ConditionalOnClass did not find required class 'com.couchbase.client.java.Cluster' (OnClassCondition)

   CouchbaseCacheConfiguration:
      Did not match:
         - @ConditionalOnClass did not find required classes 'com.couchbase.client.java.Bucket', 'com.couchbase.client.spring.cache.CouchbaseCacheManager' (OnClassCondition)

   CouchbaseDataAutoConfiguration:
      Did not match:
         - @ConditionalOnClass did not find required class 'com.couchbase.client.java.Bucket' (OnClassCondition)

   CouchbaseHealthContributorAutoConfiguration:
      Did not match:
         - @ConditionalOnClass did not find required class 'com.couchbase.client.java.Cluster' (OnClassCondition)

   CouchbaseReactiveDataAutoConfiguration:
      Did not match:
         - @ConditionalOnClass did not find required class 'com.couchbase.client.java.Bucket' (OnClassCondition)

   CouchbaseReactiveHealthContributorAutoConfiguration:
      Did not match:
         - @ConditionalOnClass did not find required class 'com.couchbase.client.java.Cluster' (OnClassCondition)

   CouchbaseReactiveRepositoriesAutoConfiguration:
      Did not match:
         - @ConditionalOnClass did not find required class 'com.couchbase.client.java.Bucket' (OnClassCondition)

   CouchbaseRepositoriesAutoConfiguration:
      Did not match:
         - @ConditionalOnClass did not find required class 'com.couchbase.client.java.Bucket' (OnClassCondition)

   DataSourceAutoConfiguration.EmbeddedDatabaseConfiguration:
      Did not match:
         - EmbeddedDataSource spring.datasource.url is set (DataSourceAutoConfiguration.EmbeddedDatabaseCondition)

   DataSourceConfiguration.Dbcp2:
      Did not match:
         - @ConditionalOnClass did not find required class 'org.apache.commons.dbcp2.BasicDataSource' (OnClassCondition)

   DataSourceConfiguration.Generic:
      Did not match:
         - @ConditionalOnProperty (spring.datasource.type) did not find property 'spring.datasource.type' (OnPropertyCondition)

   DataSourceConfiguration.Tomcat:
      Did not match:
         - @ConditionalOnClass did not find required class 'org.apache.tomcat.jdbc.pool.DataSource' (OnClassCondition)

   DataSourceJmxConfiguration.TomcatDataSourceJmxConfiguration:
      Did not match:
         - @ConditionalOnClass did not find required class 'org.apache.tomcat.jdbc.pool.DataSourceProxy' (OnClassCondition)

   DataSourcePoolMetadataProvidersConfiguration.CommonsDbcp2PoolDataSourceMetadataProviderConfiguration:
      Did not match:
         - @ConditionalOnClass did not find required class 'org.apache.commons.dbcp2.BasicDataSource' (OnClassCondition)

   DataSourcePoolMetadataProvidersConfiguration.TomcatDataSourcePoolMetadataProviderConfiguration:
      Did not match:
         - @ConditionalOnClass did not find required class 'org.apache.tomcat.jdbc.pool.DataSource' (OnClassCondition)

   DataSourceTransactionManagerAutoConfiguration.DataSourceTransactionManagerConfiguration#transactionManager:
      Did not match:
         - @ConditionalOnMissingBean (types: org.springframework.transaction.PlatformTransactionManager; SearchStrategy: all) found beans of type 'org.springframework.transaction.PlatformTransactionManager' transactionManager (OnBeanCondition)

   DatadogMetricsExportAutoConfiguration:
      Did not match:
         - @ConditionalOnClass did not find required class 'io.micrometer.datadog.DatadogMeterRegistry' (OnClassCondition)

   DispatcherServletAutoConfiguration.DispatcherServletConfiguration#multipartResolver:
      Did not match:
         - @ConditionalOnBean (types: org.springframework.web.multipart.MultipartResolver; SearchStrategy: all) did not find any beans of type org.springframework.web.multipart.MultipartResolver (OnBeanCondition)

   DynatraceMetricsExportAutoConfiguration:
      Did not match:
         - @ConditionalOnClass did not find required class 'io.micrometer.dynatrace.DynatraceMeterRegistry' (OnClassCondition)

   EhCacheCacheConfiguration:
      Did not match:
         - @ConditionalOnClass did not find required class 'net.sf.ehcache.Cache' (OnClassCondition)

   ElasticMetricsExportAutoConfiguration:
      Did not match:
         - @ConditionalOnClass did not find required class 'io.micrometer.elastic.ElasticMeterRegistry' (OnClassCondition)

   ElasticSearchClientHealthContributorAutoConfiguration:
      Did not match:
         - @ConditionalOnClass did not find required class 'org.elasticsearch.client.Client' (OnClassCondition)

   ElasticSearchJestHealthContributorAutoConfiguration:
      Did not match:
         - @ConditionalOnClass did not find required class 'io.searchbox.client.JestClient' (OnClassCondition)

   ElasticSearchRestHealthContributorAutoConfiguration:
      Did not match:
         - @ConditionalOnClass did not find required class 'org.elasticsearch.client.RestClient' (OnClassCondition)

   ElasticsearchAutoConfiguration:
      Did not match:
         - @ConditionalOnClass did not find required class 'org.elasticsearch.client.Client' (OnClassCondition)

   ElasticsearchDataAutoConfiguration:
      Did not match:
         - @ConditionalOnClass did not find required class 'org.springframework.data.elasticsearch.core.ElasticsearchTemplate' (OnClassCondition)

   ElasticsearchRepositoriesAutoConfiguration:
      Did not match:
         - @ConditionalOnClass did not find required class 'org.elasticsearch.client.Client' (OnClassCondition)

   EmbeddedLdapAutoConfiguration:
      Did not match:
         - @ConditionalOnClass did not find required class 'com.unboundid.ldap.listener.InMemoryDirectoryServer' (OnClassCondition)

   EmbeddedMongoAutoConfiguration:
      Did not match:
         - @ConditionalOnClass did not find required class 'com.mongodb.MongoClient' (OnClassCondition)

   EmbeddedWebServerFactoryCustomizerAutoConfiguration.JettyWebServerFactoryCustomizerConfiguration:
      Did not match:
         - @ConditionalOnClass did not find required classes 'org.eclipse.jetty.server.Server', 'org.eclipse.jetty.util.Loader', 'org.eclipse.jetty.webapp.WebAppContext' (OnClassCondition)

   EmbeddedWebServerFactoryCustomizerAutoConfiguration.NettyWebServerFactoryCustomizerConfiguration:
      Did not match:
         - @ConditionalOnClass did not find required class 'reactor.netty.http.server.HttpServer' (OnClassCondition)

   EmbeddedWebServerFactoryCustomizerAutoConfiguration.UndertowWebServerFactoryCustomizerConfiguration:
      Did not match:
         - @ConditionalOnClass did not find required classes 'io.undertow.Undertow', 'org.xnio.SslClientAuthMode' (OnClassCondition)

   EnvironmentEndpointAutoConfiguration:
      Did not match:
         - @ConditionalOnAvailableEndpoint no property management.endpoint.env.enabled found so using endpoint default; @ConditionalOnAvailableEndpoint no 'management.endpoints' property marked it as exposed (OnAvailableEndpointCondition)

   ErrorWebFluxAutoConfiguration:
      Did not match:
         - @ConditionalOnClass did not find required class 'org.springframework.web.reactive.config.WebFluxConfigurer' (OnClassCondition)

   FlywayAutoConfiguration:
      Did not match:
         - @ConditionalOnClass did not find required class 'org.flywaydb.core.Flyway' (OnClassCondition)

   FlywayEndpointAutoConfiguration:
      Did not match:
         - @ConditionalOnClass did not find required class 'org.flywaydb.core.Flyway' (OnClassCondition)

   FreeMarkerAutoConfiguration:
      Did not match:
         - @ConditionalOnClass did not find required class 'freemarker.template.Configuration' (OnClassCondition)

   GangliaMetricsExportAutoConfiguration:
      Did not match:
         - @ConditionalOnClass did not find required class 'io.micrometer.ganglia.GangliaMeterRegistry' (OnClassCondition)

   GenericCacheConfiguration:
      Did not match:
         - @ConditionalOnBean (types: org.springframework.cache.Cache; SearchStrategy: all) did not find any beans of type org.springframework.cache.Cache (OnBeanCondition)
      Matched:
         - Cache org.springframework.boot.autoconfigure.cache.GenericCacheConfiguration automatic cache type (CacheCondition)

   GraphiteMetricsExportAutoConfiguration:
      Did not match:
         - @ConditionalOnClass did not find required class 'io.micrometer.graphite.GraphiteMeterRegistry' (OnClassCondition)

   GroovyTemplateAutoConfiguration:
      Did not match:
         - @ConditionalOnClass did not find required class 'groovy.text.markup.MarkupTemplateEngine' (OnClassCondition)

   GsonAutoConfiguration:
      Did not match:
         - @ConditionalOnClass did not find required class 'com.google.gson.Gson' (OnClassCondition)

   GsonHttpMessageConvertersConfiguration:
      Did not match:
         - @ConditionalOnClass did not find required class 'com.google.gson.Gson' (OnClassCondition)

   H2ConsoleAutoConfiguration:
      Did not match:
         - @ConditionalOnClass did not find required class 'org.h2.server.web.WebServlet' (OnClassCondition)

   HazelcastAutoConfiguration:
      Did not match:
         - @ConditionalOnClass did not find required class 'com.hazelcast.core.HazelcastInstance' (OnClassCondition)

   HazelcastCacheConfiguration:
      Did not match:
         - @ConditionalOnClass did not find required classes 'com.hazelcast.core.HazelcastInstance', 'com.hazelcast.spring.cache.HazelcastCacheManager' (OnClassCondition)

   HazelcastHealthContributorAutoConfiguration:
      Did not match:
         - @ConditionalOnClass did not find required class 'com.hazelcast.core.HazelcastInstance' (OnClassCondition)

   HazelcastJpaDependencyAutoConfiguration:
      Did not match:
         - @ConditionalOnClass did not find required class 'com.hazelcast.core.HazelcastInstance' (OnClassCondition)

   HealthEndpointReactiveWebExtensionConfiguration:
      Did not match:
         - did not find reactive web application classes (OnWebApplicationCondition)

   HeapDumpWebEndpointAutoConfiguration:
      Did not match:
         - @ConditionalOnAvailableEndpoint no property management.endpoint.heapdump.enabled found so using endpoint default; @ConditionalOnAvailableEndpoint no 'management.endpoints' property marked it as exposed (OnAvailableEndpointCondition)

   HttpClientConfiguration.ApacheHttpClientConfiguration:
      Did not match:
         - @ConditionalOnClass did not find required class 'org.apache.http.client.HttpClient' (OnClassCondition)

   HttpClientConfiguration.OkHttpClientConfiguration:
      Did not match:
         - @ConditionalOnClass did not find required class 'okhttp3.OkHttpClient' (OnClassCondition)

   HttpHandlerAutoConfiguration:
      Did not match:
         - @ConditionalOnClass did not find required class 'org.springframework.web.reactive.DispatcherHandler' (OnClassCondition)

   HttpTraceAutoConfiguration:
      Did not match:
         - @ConditionalOnBean (types: org.springframework.boot.actuate.trace.http.HttpTraceRepository; SearchStrategy: all) did not find any beans of type org.springframework.boot.actuate.trace.http.HttpTraceRepository (OnBeanCondition)
      Matched:
         - @ConditionalOnWebApplication (required) found 'session' scope (OnWebApplicationCondition)
         - @ConditionalOnProperty (management.trace.http.enabled) matched (OnPropertyCondition)

   HttpTraceAutoConfiguration.ReactiveTraceFilterConfiguration:
      Did not match:
         - did not find reactive web application classes (OnWebApplicationCondition)
         - Ancestor org.springframework.boot.actuate.autoconfigure.trace.http.HttpTraceAutoConfiguration did not match (ConditionEvaluationReport.AncestorsMatchedCondition)

   HttpTraceAutoConfiguration.ServletTraceFilterConfiguration:
      Did not match:
         - Ancestor org.springframework.boot.actuate.autoconfigure.trace.http.HttpTraceAutoConfiguration did not match (ConditionEvaluationReport.AncestorsMatchedCondition)
      Matched:
         - found 'session' scope (OnWebApplicationCondition)

   HttpTraceEndpointAutoConfiguration:
      Did not match:
         - @ConditionalOnAvailableEndpoint no property management.endpoint.httptrace.enabled found so using endpoint default; @ConditionalOnAvailableEndpoint no 'management.endpoints' property marked it as exposed (OnAvailableEndpointCondition)

   HumioMetricsExportAutoConfiguration:
      Did not match:
         - @ConditionalOnClass did not find required class 'io.micrometer.humio.HumioMeterRegistry' (OnClassCondition)

   HypermediaAutoConfiguration:
      Did not match:
         - @ConditionalOnClass did not find required class 'org.springframework.hateoas.EntityModel' (OnClassCondition)

   InfinispanCacheConfiguration:
      Did not match:
         - @ConditionalOnClass did not find required class 'org.infinispan.spring.embedded.provider.SpringEmbeddedCacheManager' (OnClassCondition)

   InfluxDbAutoConfiguration:
      Did not match:
         - @ConditionalOnClass did not find required class 'org.influxdb.InfluxDB' (OnClassCondition)

   InfluxDbHealthContributorAutoConfiguration:
      Did not match:
         - @ConditionalOnClass did not find required class 'org.influxdb.InfluxDB' (OnClassCondition)

   InfluxMetricsExportAutoConfiguration:
      Did not match:
         - @ConditionalOnClass did not find required class 'io.micrometer.influx.InfluxMeterRegistry' (OnClassCondition)

   InfoContributorAutoConfiguration#buildInfoContributor:
      Did not match:
         - @ConditionalOnSingleCandidate (types: org.springframework.boot.info.BuildProperties; SearchStrategy: all) did not find any beans (OnBeanCondition)
      Matched:
         - @ConditionalOnEnabledInfoContributor management.info.defaults.enabled is considered true (OnEnabledInfoContributorCondition)

   InfoContributorAutoConfiguration#gitInfoContributor:
      Did not match:
         - @ConditionalOnSingleCandidate (types: org.springframework.boot.info.GitProperties; SearchStrategy: all) did not find any beans (OnBeanCondition)
      Matched:
         - @ConditionalOnEnabledInfoContributor management.info.defaults.enabled is considered true (OnEnabledInfoContributorCondition)

   IntegrationAutoConfiguration:
      Did not match:
         - @ConditionalOnClass did not find required class 'org.springframework.integration.config.EnableIntegration' (OnClassCondition)

   IntegrationGraphEndpointAutoConfiguration:
      Did not match:
         - @ConditionalOnClass did not find required class 'org.springframework.integration.graph.IntegrationGraphServer' (OnClassCondition)

   JCacheCacheConfiguration:
      Did not match:
         - @ConditionalOnClass did not find required class 'javax.cache.Caching' (OnClassCondition)

   JacksonAutoConfiguration.JodaDateTimeJacksonConfiguration:
      Did not match:
         - @ConditionalOnClass did not find required classes 'com.fasterxml.jackson.datatype.joda.ser.DateTimeSerializer', 'com.fasterxml.jackson.datatype.joda.cfg.JacksonJodaDateFormat' (OnClassCondition)

   JacksonHttpMessageConvertersConfiguration.MappingJackson2XmlHttpMessageConverterConfiguration:
      Did not match:
         - @ConditionalOnClass did not find required class 'com.fasterxml.jackson.dataformat.xml.XmlMapper' (OnClassCondition)

   JdbcRepositoriesAutoConfiguration:
      Did not match:
         - @ConditionalOnClass did not find required class 'org.springframework.data.jdbc.repository.config.AbstractJdbcConfiguration' (OnClassCondition)

   JerseyAutoConfiguration:
      Did not match:
         - @ConditionalOnClass did not find required class 'org.glassfish.jersey.server.spring.SpringComponentProvider' (OnClassCondition)

   JerseySameManagementContextConfiguration:
      Did not match:
         - @ConditionalOnClass did not find required class 'org.glassfish.jersey.server.ResourceConfig' (OnClassCondition)

   JerseyServerMetricsAutoConfiguration:
      Did not match:
         - @ConditionalOnClass did not find required class 'io.micrometer.jersey2.server.MetricsApplicationEventListener' (OnClassCondition)

   JerseyWebEndpointManagementContextConfiguration:
      Did not match:
         - @ConditionalOnClass did not find required class 'org.glassfish.jersey.server.ResourceConfig' (OnClassCondition)

   JestAutoConfiguration:
      Did not match:
         - @ConditionalOnClass did not find required class 'io.searchbox.client.JestClient' (OnClassCondition)

   JettyMetricsAutoConfiguration:
      Did not match:
         - @ConditionalOnClass did not find required class 'org.eclipse.jetty.server.Server' (OnClassCondition)

   JmsAutoConfiguration:
      Did not match:
         - @ConditionalOnClass did not find required class 'javax.jms.Message' (OnClassCondition)

   JmsHealthContributorAutoConfiguration:
      Did not match:
         - @ConditionalOnClass did not find required class 'javax.jms.ConnectionFactory' (OnClassCondition)

   JmxAutoConfiguration:
      Did not match:
         - @ConditionalOnProperty (spring.jmx.enabled=true) did not find property 'enabled' (OnPropertyCondition)
      Matched:
         - @ConditionalOnClass found required class 'org.springframework.jmx.export.MBeanExporter' (OnClassCondition)

   JmxEndpointAutoConfiguration:
      Did not match:
         - @ConditionalOnProperty (spring.jmx.enabled=true) did not find property 'enabled' (OnPropertyCondition)

   JmxMetricsExportAutoConfiguration:
      Did not match:
         - @ConditionalOnClass did not find required class 'io.micrometer.jmx.JmxMeterRegistry' (OnClassCondition)

   JndiConnectionFactoryAutoConfiguration:
      Did not match:
         - @ConditionalOnClass did not find required class 'org.springframework.jms.core.JmsTemplate' (OnClassCondition)

   JndiDataSourceAutoConfiguration:
      Did not match:
         - @ConditionalOnProperty (spring.datasource.jndi-name) did not find property 'jndi-name' (OnPropertyCondition)
      Matched:
         - @ConditionalOnClass found required classes 'javax.sql.DataSource', 'org.springframework.jdbc.datasource.embedded.EmbeddedDatabaseType' (OnClassCondition)

   JndiJtaConfiguration:
      Did not match:
         - @ConditionalOnJndi JNDI environment is not available (OnJndiCondition)
      Matched:
         - @ConditionalOnClass found required class 'org.springframework.transaction.jta.JtaTransactionManager' (OnClassCondition)

   JolokiaEndpointAutoConfiguration:
      Did not match:
         - @ConditionalOnClass did not find required class 'org.jolokia.http.AgentServlet' (OnClassCondition)

   JooqAutoConfiguration:
      Did not match:
         - @ConditionalOnClass did not find required class 'org.jooq.DSLContext' (OnClassCondition)

   JpaRepositoriesAutoConfiguration:
      Did not match:
         - @ConditionalOnMissingBean (types: org.springframework.data.jpa.repository.support.JpaRepositoryFactoryBean,org.springframework.data.jpa.repository.config.JpaRepositoryConfigExtension; SearchStrategy: all) found beans of type 'org.springframework.data.jpa.repository.support.JpaRepositoryFactoryBean' &subscriptionRepo, &userDetailsRepo, &fileContentRepo, &submittedEntriesRepo, &roleRepo, &userRepository, &competitionEntityRepo and found beans of type 'org.springframework.data.jpa.repository.config.JpaRepositoryConfigExtension' org.springframework.data.jpa.repository.config.JpaRepositoryConfigExtension#0 (OnBeanCondition)
      Matched:
         - @ConditionalOnClass found required class 'org.springframework.data.jpa.repository.JpaRepository' (OnClassCondition)
         - @ConditionalOnProperty (spring.data.jpa.repositories.enabled=true) matched (OnPropertyCondition)

   JsonbAutoConfiguration:
      Did not match:
         - @ConditionalOnClass did not find required class 'javax.json.bind.Jsonb' (OnClassCondition)

   JsonbHttpMessageConvertersConfiguration:
      Did not match:
         - @ConditionalOnClass did not find required class 'javax.json.bind.Jsonb' (OnClassCondition)

   KafkaAutoConfiguration:
      Did not match:
         - @ConditionalOnClass did not find required class 'org.springframework.kafka.core.KafkaTemplate' (OnClassCondition)

   KafkaMetricsAutoConfiguration:
      Did not match:
         - @ConditionalOnClass did not find required class 'org.apache.kafka.clients.consumer.KafkaConsumer' (OnClassCondition)

   KairosMetricsExportAutoConfiguration:
      Did not match:
         - @ConditionalOnClass did not find required class 'io.micrometer.kairos.KairosMeterRegistry' (OnClassCondition)

   LdapAutoConfiguration:
      Did not match:
         - @ConditionalOnClass did not find required class 'org.springframework.ldap.core.ContextSource' (OnClassCondition)

   LdapHealthContributorAutoConfiguration:
      Did not match:
         - @ConditionalOnClass did not find required class 'org.springframework.ldap.core.LdapOperations' (OnClassCondition)

   LdapRepositoriesAutoConfiguration:
      Did not match:
         - @ConditionalOnClass did not find required class 'org.springframework.data.ldap.repository.LdapRepository' (OnClassCondition)

   LegacyHealthEndpointAdaptersConfiguration#healthAggregatorStatusAggregatorAdapter:
      Did not match:
         - @ConditionalOnBean (types: org.springframework.boot.actuate.health.HealthAggregator; SearchStrategy: all) did not find any beans of type org.springframework.boot.actuate.health.HealthAggregator (OnBeanCondition)

   LegacyHealthEndpointAdaptersConfiguration#healthStatusHttpMapperHttpCodeStatusMapperAdapter:
      Did not match:
         - @ConditionalOnBean (types: org.springframework.boot.actuate.health.HealthStatusHttpMapper; SearchStrategy: all) did not find any beans of type org.springframework.boot.actuate.health.HealthStatusHttpMapper (OnBeanCondition)

   LegacyHealthEndpointCompatibilityConfiguration.LegacyReactiveHealthEndpointCompatibilityConfiguration:
      Did not match:
         - @ConditionalOnClass did not find required class 'reactor.core.publisher.Mono' (OnClassCondition)

   LiquibaseAutoConfiguration:
      Did not match:
         - @ConditionalOnClass did not find required class 'liquibase.change.DatabaseChange' (OnClassCondition)

   LiquibaseEndpointAutoConfiguration:
      Did not match:
         - @ConditionalOnClass did not find required class 'liquibase.integration.spring.SpringLiquibase' (OnClassCondition)

   LoadBalancerAutoConfiguration:
      Did not match:
         - @ConditionalOnBean (types: org.springframework.cloud.client.loadbalancer.LoadBalancerClient; SearchStrategy: all) did not find any beans of type org.springframework.cloud.client.loadbalancer.LoadBalancerClient (OnBeanCondition)
      Matched:
         - @ConditionalOnClass found required class 'org.springframework.web.client.RestTemplate' (OnClassCondition)

   LoadBalancerAutoConfiguration.LoadBalancerInterceptorConfig:
      Did not match:
         - Ancestor org.springframework.cloud.client.loadbalancer.LoadBalancerAutoConfiguration did not match (ConditionEvaluationReport.AncestorsMatchedCondition)
      Matched:
         - @ConditionalOnMissingClass did not find unwanted class 'org.springframework.retry.support.RetryTemplate' (OnClassCondition)

   LoadBalancerAutoConfiguration.RetryAutoConfiguration:
      Did not match:
         - @ConditionalOnClass did not find required class 'org.springframework.retry.support.RetryTemplate' (OnClassCondition)
         - Ancestor org.springframework.cloud.client.loadbalancer.LoadBalancerAutoConfiguration did not match (ConditionEvaluationReport.AncestorsMatchedCondition)

   LoadBalancerAutoConfiguration.RetryInterceptorAutoConfiguration:
      Did not match:
         - @ConditionalOnClass did not find required class 'org.springframework.retry.support.RetryTemplate' (OnClassCondition)
         - Ancestor org.springframework.cloud.client.loadbalancer.LoadBalancerAutoConfiguration did not match (ConditionEvaluationReport.AncestorsMatchedCondition)

   LoadBalancerBeanPostProcessorAutoConfiguration:
      Did not match:
         - @ConditionalOnClass did not find required class 'org.springframework.web.reactive.function.client.WebClient' (OnClassCondition)

   Log4J2MetricsAutoConfiguration:
      Did not match:
         - @ConditionalOnClass did not find required class 'org.apache.logging.log4j.core.LoggerContext' (OnClassCondition)

   LogFileWebEndpointAutoConfiguration:
      Did not match:
         - @ConditionalOnAvailableEndpoint no property management.endpoint.logfile.enabled found so using endpoint default; @ConditionalOnAvailableEndpoint no 'management.endpoints' property marked it as exposed (OnAvailableEndpointCondition)

   LoggersEndpointAutoConfiguration:
      Did not match:
         - @ConditionalOnAvailableEndpoint no property management.endpoint.loggers.enabled found so using endpoint default; @ConditionalOnAvailableEndpoint no 'management.endpoints' property marked it as exposed (OnAvailableEndpointCondition)

   MailHealthContributorAutoConfiguration:
      Did not match:
         - @ConditionalOnBean (types: org.springframework.mail.javamail.JavaMailSenderImpl; SearchStrategy: all) did not find any beans of type org.springframework.mail.javamail.JavaMailSenderImpl (OnBeanCondition)
      Matched:
         - @ConditionalOnClass found required class 'org.springframework.mail.javamail.JavaMailSenderImpl' (OnClassCondition)
         - @ConditionalOnEnabledHealthIndicator management.health.defaults.enabled is considered true (OnEnabledHealthIndicatorCondition)

   MailSenderAutoConfiguration:
      Did not match:
         - @ConditionalOnClass did not find required class 'javax.mail.internet.MimeMessage' (OnClassCondition)

   MailSenderValidatorAutoConfiguration:
      Did not match:
         - @ConditionalOnProperty (spring.mail.test-connection) did not find property 'test-connection' (OnPropertyCondition)

   ManagementContextAutoConfiguration.DifferentManagementContextConfiguration:
      Did not match:
         - Management Port actual port type (SAME) did not match required type (DIFFERENT) (OnManagementPortCondition)

   ManagementWebSecurityAutoConfiguration:
      Did not match:
         - @ConditionalOnMissingBean (types: org.springframework.security.config.annotation.web.configuration.WebSecurityConfigurerAdapter; SearchStrategy: all) found beans of type 'org.springframework.security.config.annotation.web.configuration.WebSecurityConfigurerAdapter' webSecurityConfig, org.springframework.security.oauth2.config.annotation.web.configuration.AuthorizationServerSecurityConfiguration, org.springframework.security.oauth2.config.annotation.web.configuration.ResourceServerConfiguration (OnBeanCondition)
      Matched:
         - @ConditionalOnClass found required class 'org.springframework.security.config.annotation.web.configuration.WebSecurityConfigurerAdapter' (OnClassCondition)
         - found 'session' scope (OnWebApplicationCondition)

   MappingsEndpointAutoConfiguration#mappingsEndpoint:
      Did not match:
         - @ConditionalOnAvailableEndpoint no property management.endpoint.mappings.enabled found so using endpoint default; @ConditionalOnAvailableEndpoint no 'management.endpoints' property marked it as exposed (OnAvailableEndpointCondition)

   MappingsEndpointAutoConfiguration.ReactiveWebConfiguration:
      Did not match:
         - @ConditionalOnClass did not find required class 'org.springframework.web.reactive.DispatcherHandler' (OnClassCondition)

   MessageSourceAutoConfiguration:
      Did not match:
         - ResourceBundle did not find bundle with basename messages (MessageSourceAutoConfiguration.ResourceBundleCondition)

   MetricsEndpointAutoConfiguration:
      Did not match:
         - @ConditionalOnAvailableEndpoint no property management.endpoint.metrics.enabled found so using endpoint default; @ConditionalOnAvailableEndpoint no 'management.endpoints' property marked it as exposed (OnAvailableEndpointCondition)
      Matched:
         - @ConditionalOnClass found required class 'io.micrometer.core.annotation.Timed' (OnClassCondition)

   MongoAutoConfiguration:
      Did not match:
         - @ConditionalOnClass did not find required class 'com.mongodb.MongoClient' (OnClassCondition)

   MongoDataAutoConfiguration:
      Did not match:
         - @ConditionalOnClass did not find required class 'com.mongodb.client.MongoClient' (OnClassCondition)

   MongoHealthContributorAutoConfiguration:
      Did not match:
         - @ConditionalOnClass did not find required class 'org.springframework.data.mongodb.core.MongoTemplate' (OnClassCondition)

   MongoReactiveAutoConfiguration:
      Did not match:
         - @ConditionalOnClass did not find required class 'com.mongodb.reactivestreams.client.MongoClient' (OnClassCondition)

   MongoReactiveDataAutoConfiguration:
      Did not match:
         - @ConditionalOnClass did not find required class 'com.mongodb.reactivestreams.client.MongoClient' (OnClassCondition)

   MongoReactiveHealthContributorAutoConfiguration:
      Did not match:
         - @ConditionalOnClass did not find required class 'reactor.core.publisher.Flux' (OnClassCondition)

   MongoReactiveRepositoriesAutoConfiguration:
      Did not match:
         - @ConditionalOnClass did not find required class 'com.mongodb.reactivestreams.client.MongoClient' (OnClassCondition)

   MongoRepositoriesAutoConfiguration:
      Did not match:
         - @ConditionalOnClass did not find required class 'com.mongodb.MongoClient' (OnClassCondition)

   MustacheAutoConfiguration:
      Did not match:
         - @ConditionalOnClass did not find required class 'com.samskivert.mustache.Mustache' (OnClassCondition)

   Neo4jDataAutoConfiguration:
      Did not match:
         - @ConditionalOnClass did not find required class 'org.neo4j.ogm.session.SessionFactory' (OnClassCondition)

   Neo4jHealthContributorAutoConfiguration:
      Did not match:
         - @ConditionalOnClass did not find required class 'org.neo4j.ogm.session.SessionFactory' (OnClassCondition)

   Neo4jRepositoriesAutoConfiguration:
      Did not match:
         - @ConditionalOnClass did not find required class 'org.neo4j.ogm.session.Neo4jSession' (OnClassCondition)

   NewRelicMetricsExportAutoConfiguration:
      Did not match:
         - @ConditionalOnClass did not find required class 'io.micrometer.newrelic.NewRelicMeterRegistry' (OnClassCondition)

   NoOpCacheConfiguration:
      Did not match:
         - @ConditionalOnMissingBean (types: org.springframework.cache.CacheManager; SearchStrategy: all) found beans of type 'org.springframework.cache.CacheManager' cacheManager (OnBeanCondition)
      Matched:
         - Cache org.springframework.boot.autoconfigure.cache.NoOpCacheConfiguration automatic cache type (CacheCondition)

   NoOpMeterRegistryConfiguration:
      Did not match:
         - @ConditionalOnMissingBean (types: io.micrometer.core.instrument.MeterRegistry; SearchStrategy: all) found beans of type 'io.micrometer.core.instrument.MeterRegistry' simpleMeterRegistry (OnBeanCondition)

   NoopDiscoveryClientAutoConfiguration:
      Did not match:
         - @ConditionalOnMissingBean (types: org.springframework.cloud.client.discovery.DiscoveryClient; SearchStrategy: all) found beans of type 'org.springframework.cloud.client.discovery.DiscoveryClient' compositeDiscoveryClient, simpleDiscoveryClient (OnBeanCondition)

   NoopDiscoveryClientAutoConfiguration.Boot15PortFinderConfiguration:
      Did not match:
         - @ConditionalOnClass did not find required class 'org.springframework.boot.context.embedded.EmbeddedWebApplicationContext' (OnClassCondition)
         - Ancestor org.springframework.cloud.client.discovery.noop.NoopDiscoveryClientAutoConfiguration did not match (ConditionEvaluationReport.AncestorsMatchedCondition)

   OAuth2AuthorizationServerConfiguration:
      Did not match:
         - @ConditionalOnMissingBean (types: org.springframework.security.oauth2.config.annotation.web.configuration.AuthorizationServerConfigurer; SearchStrategy: all) found beans of type 'org.springframework.security.oauth2.config.annotation.web.configuration.AuthorizationServerConfigurer' authorizationServerConfig (OnBeanCondition)
      Matched:
         - @ConditionalOnClass found required class 'org.springframework.security.oauth2.config.annotation.web.configuration.EnableAuthorizationServer' (OnClassCondition)

   OAuth2ClientAutoConfiguration:
      Did not match:
         - @ConditionalOnClass did not find required class 'org.springframework.security.oauth2.client.registration.ClientRegistration' (OnClassCondition)

   OAuth2LoadBalancerClientAutoConfiguration:
      Did not match:
         - @ConditionalOnProperty (security.oauth2.resource.loadBalanced) did not find property 'security.oauth2.resource.loadBalanced' (OnPropertyCondition)
      Matched:
         - @ConditionalOnClass found required class 'org.springframework.security.oauth2.client.OAuth2RestTemplate' (OnClassCondition)

   OAuth2MethodSecurityConfiguration:
      Did not match:
         - @ConditionalOnBean (types: org.springframework.security.config.annotation.method.configuration.GlobalMethodSecurityConfiguration; SearchStrategy: all) did not find any beans of type org.springframework.security.config.annotation.method.configuration.GlobalMethodSecurityConfiguration (OnBeanCondition)
      Matched:
         - @ConditionalOnClass found required class 'org.springframework.security.oauth2.common.OAuth2AccessToken' (OnClassCondition)

   OAuth2ProxyAutoConfiguration:
      Did not match:
         - @ConditionalOnClass did not find required class 'com.netflix.zuul.ZuulFilter' (OnClassCondition)

   OAuth2ResourceServerAutoConfiguration.JwtConfiguration:
      Did not match:
         - @ConditionalOnClass did not find required classes 'org.springframework.security.oauth2.server.resource.authentication.JwtAuthenticationToken', 'org.springframework.security.oauth2.jwt.JwtDecoder' (OnClassCondition)

   OAuth2ResourceServerAutoConfiguration.OpaqueTokenConfiguration:
      Did not match:
         - @ConditionalOnClass did not find required classes 'org.springframework.security.oauth2.server.resource.BearerTokenAuthenticationToken', 'org.springframework.security.oauth2.server.resource.introspection.OpaqueTokenIntrospector' (OnClassCondition)

   OAuth2ResourceServerConfiguration#resourceServer:
      Did not match:
         - @ConditionalOnMissingBean (types: org.springframework.security.oauth2.config.annotation.web.configuration.ResourceServerConfigurer; SearchStrategy: all) found beans of type 'org.springframework.security.oauth2.config.annotation.web.configuration.ResourceServerConfigurer' resourceServerConfig (OnBeanCondition)

   OAuth2RestOperationsConfiguration.SessionScopedConfiguration:
      Did not match:
         - @ConditionalOnBean (types: org.springframework.security.oauth2.config.annotation.web.configuration.OAuth2ClientConfiguration; SearchStrategy: all) did not find any beans of type org.springframework.security.oauth2.config.annotation.web.configuration.OAuth2ClientConfiguration (OnBeanCondition)
      Matched:
         - OAuth Client ID found security.oauth2.client.client-id property (OAuth2RestOperationsConfiguration.OAuth2ClientIdCondition)
         - NoneNestedConditions 0 matched 1 did not; NestedCondition on OAuth2RestOperationsConfiguration.NoClientCredentialsCondition.ClientCredentialsActivated AnyNestedCondition 0 matched 2 did not; NestedCondition on OAuth2RestOperationsConfiguration.ClientCredentialsCondition.NoWebApplication @ConditionalOnWebApplication found 'session' scope and did not find reactive web application classes; NestedCondition on OAuth2RestOperationsConfiguration.ClientCredentialsCondition.ClientCredentialsConfigured @ConditionalOnProperty (security.oauth2.client.grant-type=client_credentials) did not find property 'grant-type' (OAuth2RestOperationsConfiguration.NoClientCredentialsCondition)

   OAuth2RestOperationsConfiguration.SingletonScopedConfiguration:
      Did not match:
         - AnyNestedCondition 0 matched 2 did not; NestedCondition on OAuth2RestOperationsConfiguration.ClientCredentialsCondition.NoWebApplication @ConditionalOnWebApplication found 'session' scope and did not find reactive web application classes; NestedCondition on OAuth2RestOperationsConfiguration.ClientCredentialsCondition.ClientCredentialsConfigured @ConditionalOnProperty (security.oauth2.client.grant-type=client_credentials) did not find property 'grant-type' (OAuth2RestOperationsConfiguration.ClientCredentialsCondition)

   PauseResumeEndpointsConfiguration#pauseEndpoint:
      Did not match:
         - @ConditionalOnBean (types: org.springframework.cloud.context.restart.RestartEndpoint; SearchStrategy: all) did not find any beans of type org.springframework.cloud.context.restart.RestartEndpoint (OnBeanCondition)

   PauseResumeEndpointsConfiguration#resumeEndpoint:
      Did not match:
         - @ConditionalOnBean (types: org.springframework.cloud.context.restart.RestartEndpoint; SearchStrategy: all) did not find any beans of type org.springframework.cloud.context.restart.RestartEndpoint (OnBeanCondition)

   ProjectInfoAutoConfiguration#buildProperties:
      Did not match:
         - @ConditionalOnResource did not find resource '${spring.info.build.location:classpath:META-INF/build-info.properties}' (OnResourceCondition)

   ProjectInfoAutoConfiguration#gitProperties:
      Did not match:
         - GitResource did not find git info at classpath:git.properties (ProjectInfoAutoConfiguration.GitResourceAvailableCondition)

   PrometheusMetricsExportAutoConfiguration:
      Did not match:
         - @ConditionalOnClass did not find required class 'io.micrometer.prometheus.PrometheusMeterRegistry' (OnClassCondition)

   QuartzAutoConfiguration:
      Did not match:
         - @ConditionalOnClass did not find required class 'org.quartz.Scheduler' (OnClassCondition)

   RSocketMessagingAutoConfiguration:
      Did not match:
         - @ConditionalOnClass did not find required class 'io.rsocket.RSocketFactory' (OnClassCondition)

   RSocketRequesterAutoConfiguration:
      Did not match:
         - @ConditionalOnClass did not find required class 'io.rsocket.RSocketFactory' (OnClassCondition)

   RSocketSecurityAutoConfiguration:
      Did not match:
         - @ConditionalOnClass did not find required class 'org.springframework.security.rsocket.core.SecuritySocketAcceptorInterceptor' (OnClassCondition)

   RSocketServerAutoConfiguration:
      Did not match:
         - @ConditionalOnClass did not find required class 'io.rsocket.RSocketFactory' (OnClassCondition)

   RSocketStrategiesAutoConfiguration:
      Did not match:
         - @ConditionalOnClass did not find required class 'io.netty.buffer.PooledByteBufAllocator' (OnClassCondition)

   RabbitAutoConfiguration:
      Did not match:
         - @ConditionalOnClass did not find required class 'com.rabbitmq.client.Channel' (OnClassCondition)

   RabbitHealthContributorAutoConfiguration:
      Did not match:
         - @ConditionalOnClass did not find required class 'org.springframework.amqp.rabbit.core.RabbitTemplate' (OnClassCondition)

   RabbitMetricsAutoConfiguration:
      Did not match:
         - @ConditionalOnClass did not find required class 'com.rabbitmq.client.ConnectionFactory' (OnClassCondition)

   ReactiveCloudFoundryActuatorAutoConfiguration:
      Did not match:
         - @ConditionalOnWebApplication did not find reactive web application classes (OnWebApplicationCondition)

   ReactiveCommonsClientAutoConfiguration.ReactiveDiscoveryLoadBalancerConfiguration:
      Did not match:
         - @ConditionalOnClass did not find required class 'org.springframework.web.reactive.function.client.WebClient' (OnClassCondition)

   ReactiveCompositeDiscoveryClientAutoConfiguration:
      Did not match:
         - @ConditionalOnClass did not find required class 'org.springframework.web.reactive.function.client.WebClient' (OnClassCondition)

   ReactiveElasticsearchRepositoriesAutoConfiguration:
      Did not match:
         - @ConditionalOnClass did not find required class 'org.springframework.data.elasticsearch.client.reactive.ReactiveElasticsearchClient' (OnClassCondition)

   ReactiveHealthEndpointConfiguration:
      Did not match:
         - @ConditionalOnClass did not find required class 'reactor.core.publisher.Flux' (OnClassCondition)

   ReactiveLoadBalancerAutoConfiguration:
      Did not match:
         - @ConditionalOnClass did not find required class 'org.springframework.web.reactive.function.client.WebClient' (OnClassCondition)

   ReactiveManagementContextAutoConfiguration:
      Did not match:
         - @ConditionalOnClass did not find required class 'reactor.core.publisher.Flux' (OnClassCondition)

   ReactiveManagementWebSecurityAutoConfiguration:
      Did not match:
         - @ConditionalOnWebApplication did not find reactive web application classes (OnWebApplicationCondition)

   ReactiveOAuth2ClientAutoConfiguration:
      Did not match:
         - @ConditionalOnClass did not find required class 'reactor.core.publisher.Flux' (OnClassCondition)

   ReactiveOAuth2ResourceServerAutoConfiguration:
      Did not match:
         - @ConditionalOnWebApplication did not find reactive web application classes (OnWebApplicationCondition)

   ReactiveRestClientAutoConfiguration:
      Did not match:
         - @ConditionalOnClass did not find required class 'reactor.netty.http.client.HttpClient' (OnClassCondition)

   ReactiveSecurityAutoConfiguration:
      Did not match:
         - @ConditionalOnClass did not find required class 'reactor.core.publisher.Flux' (OnClassCondition)

   ReactiveUserDetailsServiceAutoConfiguration:
      Did not match:
         - AnyNestedCondition 0 matched 2 did not; NestedCondition on ReactiveUserDetailsServiceAutoConfiguration.ReactiveUserDetailsServiceCondition.ReactiveWebApplicationCondition did not find reactive web application classes; NestedCondition on ReactiveUserDetailsServiceAutoConfiguration.ReactiveUserDetailsServiceCondition.RSocketSecurityEnabledCondition @ConditionalOnBean (types: org.springframework.messaging.rsocket.annotation.support.RSocketMessageHandler; SearchStrategy: all) did not find any beans of type org.springframework.messaging.rsocket.annotation.support.RSocketMessageHandler (ReactiveUserDetailsServiceAutoConfiguration.ReactiveUserDetailsServiceCondition)
      Matched:
         - @ConditionalOnClass found required class 'org.springframework.security.authentication.ReactiveAuthenticationManager' (OnClassCondition)

   ReactiveWebServerFactoryAutoConfiguration:
      Did not match:
         - @ConditionalOnWebApplication did not find reactive web application classes (OnWebApplicationCondition)

   ReactorLoadBalancerClientAutoConfiguration:
      Did not match:
         - @ConditionalOnClass did not find required class 'org.springframework.web.reactive.function.client.WebClient' (OnClassCondition)

   RedisAutoConfiguration:
      Did not match:
         - @ConditionalOnClass did not find required class 'org.springframework.data.redis.core.RedisOperations' (OnClassCondition)

   RedisCacheConfiguration:
      Did not match:
         - @ConditionalOnClass did not find required class 'org.springframework.data.redis.connection.RedisConnectionFactory' (OnClassCondition)

   RedisHealthContributorAutoConfiguration:
      Did not match:
         - @ConditionalOnClass did not find required class 'org.springframework.data.redis.connection.RedisConnectionFactory' (OnClassCondition)

   RedisReactiveAutoConfiguration:
      Did not match:
         - @ConditionalOnClass did not find required class 'reactor.core.publisher.Flux' (OnClassCondition)

   RedisReactiveHealthContributorAutoConfiguration:
      Did not match:
         - @ConditionalOnClass did not find required class 'reactor.core.publisher.Flux' (OnClassCondition)

   RedisRepositoriesAutoConfiguration:
      Did not match:
         - @ConditionalOnClass did not find required class 'org.springframework.data.redis.repository.configuration.EnableRedisRepositories' (OnClassCondition)

   RefreshEndpointAutoConfiguration.RefreshEndpointConfiguration#refreshEndpoint:
      Did not match:
         - @ConditionalOnAvailableEndpoint no property management.endpoint.refresh.enabled found so using endpoint default; @ConditionalOnAvailableEndpoint no 'management.endpoints' property marked it as exposed (OnAvailableEndpointCondition)
      Matched:
         - @ConditionalOnBean (types: org.springframework.cloud.context.refresh.ContextRefresher; SearchStrategy: all) found bean 'contextRefresher'; @ConditionalOnMissingBean (types: org.springframework.cloud.endpoint.RefreshEndpoint; SearchStrategy: all) did not find any beans (OnBeanCondition)

   RepositoryRestMvcAutoConfiguration:
      Did not match:
         - @ConditionalOnClass did not find required class 'org.springframework.data.rest.webmvc.config.RepositoryRestMvcConfiguration' (OnClassCondition)

   ResourceServerTokenRelayAutoConfiguration:
      Did not match:
         - AllNestedConditions 1 matched 1 did not; NestedCondition on ResourceServerTokenRelayAutoConfiguration.OAuth2OnClientInResourceServerCondition.Client @ConditionalOnBean (types: org.springframework.security.oauth2.config.annotation.web.configuration.OAuth2ClientConfiguration; SearchStrategy: all) did not find any beans of type org.springframework.security.oauth2.config.annotation.web.configuration.OAuth2ClientConfiguration; NestedCondition on ResourceServerTokenRelayAutoConfiguration.OAuth2OnClientInResourceServerCondition.Server @ConditionalOnBean (types: org.springframework.security.oauth2.config.annotation.web.configuration.ResourceServerConfiguration; SearchStrategy: all) found bean 'org.springframework.security.oauth2.config.annotation.web.configuration.ResourceServerConfiguration' (ResourceServerTokenRelayAutoConfiguration.OAuth2OnClientInResourceServerCondition)
      Matched:
         - @ConditionalOnClass found required class 'org.springframework.security.oauth2.config.annotation.web.configuration.ResourceServerConfiguration' (OnClassCondition)
         - @ConditionalOnWebApplication (required) found 'session' scope (OnWebApplicationCondition)

   ResourceServerTokenServicesConfiguration:
      Did not match:
         - @ConditionalOnMissingBean (types: org.springframework.security.oauth2.config.annotation.web.configuration.AuthorizationServerEndpointsConfiguration; SearchStrategy: all) found beans of type 'org.springframework.security.oauth2.config.annotation.web.configuration.AuthorizationServerEndpointsConfiguration' org.springframework.security.oauth2.config.annotation.web.configuration.AuthorizationServerEndpointsConfiguration (OnBeanCondition)

   ResourceServerTokenServicesConfiguration.JwkTokenStoreConfiguration:
      Did not match:
         - OAuth JWK Condition did not find key jwk set URI not provided (ResourceServerTokenServicesConfiguration.JwkCondition)
         - Ancestor org.springframework.boot.autoconfigure.security.oauth2.resource.ResourceServerTokenServicesConfiguration did not match (ConditionEvaluationReport.AncestorsMatchedCondition)

   ResourceServerTokenServicesConfiguration.JwtKeyStoreConfiguration:
      Did not match:
         - OAuth JWT KeyStore Condition did not find key store location not provided (ResourceServerTokenServicesConfiguration.JwtKeyStoreCondition)
         - Ancestor org.springframework.boot.autoconfigure.security.oauth2.resource.ResourceServerTokenServicesConfiguration did not match (ConditionEvaluationReport.AncestorsMatchedCondition)

   ResourceServerTokenServicesConfiguration.JwtTokenServicesConfiguration:
      Did not match:
         - OAuth JWT Condition did not find provided public key (ResourceServerTokenServicesConfiguration.JwtTokenCondition)
         - Ancestor org.springframework.boot.autoconfigure.security.oauth2.resource.ResourceServerTokenServicesConfiguration did not match (ConditionEvaluationReport.AncestorsMatchedCondition)

   ResourceServerTokenServicesConfiguration.RemoteTokenServicesConfiguration:
      Did not match:
         - Ancestor org.springframework.boot.autoconfigure.security.oauth2.resource.ResourceServerTokenServicesConfiguration did not match (ConditionEvaluationReport.AncestorsMatchedCondition)
      Matched:
         - NoneNestedConditions 0 matched 3 did not; NestedCondition on ResourceServerTokenServicesConfiguration.RemoteTokenCondition.HasKeyStoreConfiguration OAuth JWT KeyStore Condition did not find key store location not provided; NestedCondition on ResourceServerTokenServicesConfiguration.RemoteTokenCondition.HasJwkConfiguration OAuth JWK Condition did not find key jwk set URI not provided; NestedCondition on ResourceServerTokenServicesConfiguration.RemoteTokenCondition.HasJwtConfiguration OAuth JWT Condition did not find provided public key (ResourceServerTokenServicesConfiguration.RemoteTokenCondition)

   ResourceServerTokenServicesConfiguration.RemoteTokenServicesConfiguration.SocialTokenServicesConfiguration:
      Did not match:
         - @ConditionalOnClass did not find required class 'org.springframework.social.connect.support.OAuth2ConnectionFactory' (OnClassCondition)
         - Ancestor org.springframework.boot.autoconfigure.security.oauth2.resource.ResourceServerTokenServicesConfiguration did not match (ConditionEvaluationReport.AncestorsMatchedCondition)
         - Ancestor org.springframework.boot.autoconfigure.security.oauth2.resource.ResourceServerTokenServicesConfiguration$RemoteTokenServicesConfiguration did not match (ConditionEvaluationReport.AncestorsMatchedCondition)

   ResourceServerTokenServicesConfiguration.RemoteTokenServicesConfiguration.TokenInfoServicesConfiguration:
      Did not match:
         - Ancestor org.springframework.boot.autoconfigure.security.oauth2.resource.ResourceServerTokenServicesConfiguration did not match (ConditionEvaluationReport.AncestorsMatchedCondition)
         - Ancestor org.springframework.boot.autoconfigure.security.oauth2.resource.ResourceServerTokenServicesConfiguration$RemoteTokenServicesConfiguration did not match (ConditionEvaluationReport.AncestorsMatchedCondition)
      Matched:
         - OAuth TokenInfo Condition found preferred token-info-uri property (ResourceServerTokenServicesConfiguration.TokenInfoCondition)

   ResourceServerTokenServicesConfiguration.RemoteTokenServicesConfiguration.UserInfoTokenServicesConfiguration:
      Did not match:
         - OAuth TokenInfo Condition found preferred token-info-uri property (ResourceServerTokenServicesConfiguration.NotTokenInfoCondition)
         - Ancestor org.springframework.boot.autoconfigure.security.oauth2.resource.ResourceServerTokenServicesConfiguration did not match (ConditionEvaluationReport.AncestorsMatchedCondition)
         - Ancestor org.springframework.boot.autoconfigure.security.oauth2.resource.ResourceServerTokenServicesConfiguration$RemoteTokenServicesConfiguration did not match (ConditionEvaluationReport.AncestorsMatchedCondition)
      Matched:
         - @ConditionalOnMissingClass did not find unwanted class 'org.springframework.social.connect.support.OAuth2ConnectionFactory' (OnClassCondition)

   RestClientAutoConfiguration:
      Did not match:
         - @ConditionalOnClass did not find required class 'org.elasticsearch.client.RestClient' (OnClassCondition)

   RestartEndpointWithIntegrationConfiguration:
      Did not match:
         - @ConditionalOnClass did not find required class 'org.springframework.integration.monitor.IntegrationMBeanExporter' (OnClassCondition)

   RestartEndpointWithoutIntegrationConfiguration#restartEndpointWithoutIntegration:
      Did not match:
         - @ConditionalOnAvailableEndpoint no property management.endpoint.restart.enabled found so using endpoint default (OnAvailableEndpointCondition)

   Saml2RelyingPartyAutoConfiguration:
      Did not match:
         - @ConditionalOnClass did not find required class 'org.springframework.security.saml2.provider.service.registration.RelyingPartyRegistrationRepository' (OnClassCondition)

   ScheduledTasksEndpointAutoConfiguration:
      Did not match:
         - @ConditionalOnAvailableEndpoint no property management.endpoint.scheduledtasks.enabled found so using endpoint default; @ConditionalOnAvailableEndpoint no 'management.endpoints' property marked it as exposed (OnAvailableEndpointCondition)

   SecurityDataConfiguration:
      Did not match:
         - @ConditionalOnClass did not find required class 'org.springframework.security.data.repository.query.SecurityEvaluationContextExtension' (OnClassCondition)

   SecurityRequestMatchersManagementContextConfiguration.JerseyRequestMatcherConfiguration:
      Did not match:
         - @ConditionalOnClass did not find required class 'org.glassfish.jersey.server.ResourceConfig' (OnClassCondition)

   SendGridAutoConfiguration:
      Did not match:
         - @ConditionalOnClass did not find required class 'com.sendgrid.SendGrid' (OnClassCondition)

   ServiceRegistryAutoConfiguration.ServiceRegistryEndpointConfiguration:
      Did not match:
         - @ConditionalOnBean (types: org.springframework.cloud.client.serviceregistry.ServiceRegistry; SearchStrategy: all) did not find any beans of type org.springframework.cloud.client.serviceregistry.ServiceRegistry (OnBeanCondition)
      Matched:
         - @ConditionalOnClass found required class 'org.springframework.boot.actuate.endpoint.annotation.Endpoint' (OnClassCondition)

   ServletEndpointManagementContextConfiguration.JerseyServletEndpointManagementContextConfiguration:
      Did not match:
         - @ConditionalOnClass did not find required class 'org.glassfish.jersey.server.ResourceConfig' (OnClassCondition)

   ServletManagementContextAutoConfiguration.ApplicationContextFilterConfiguration:
      Did not match:
         - @ConditionalOnProperty (management.server.add-application-context-header=true) did not find property 'add-application-context-header' (OnPropertyCondition)

   ServletWebServerFactoryAutoConfiguration#forwardedHeaderFilter:
      Did not match:
         - @ConditionalOnProperty (server.forward-headers-strategy=framework) did not find property 'server.forward-headers-strategy' (OnPropertyCondition)

   ServletWebServerFactoryConfiguration.EmbeddedJetty:
      Did not match:
         - @ConditionalOnClass did not find required classes 'org.eclipse.jetty.server.Server', 'org.eclipse.jetty.util.Loader', 'org.eclipse.jetty.webapp.WebAppContext' (OnClassCondition)

   ServletWebServerFactoryConfiguration.EmbeddedUndertow:
      Did not match:
         - @ConditionalOnClass did not find required classes 'io.undertow.Undertow', 'org.xnio.SslClientAuthMode' (OnClassCondition)

   SessionAutoConfiguration:
      Did not match:
         - @ConditionalOnClass did not find required class 'org.springframework.session.Session' (OnClassCondition)

   SessionsEndpointAutoConfiguration:
      Did not match:
         - @ConditionalOnClass did not find required class 'org.springframework.session.FindByIndexNameSessionRepository' (OnClassCondition)

   ShutdownEndpointAutoConfiguration:
      Did not match:
         - @ConditionalOnAvailableEndpoint no property management.endpoint.shutdown.enabled found so using endpoint default (OnAvailableEndpointCondition)

   SignalFxMetricsExportAutoConfiguration:
      Did not match:
         - @ConditionalOnClass did not find required class 'io.micrometer.signalfx.SignalFxMeterRegistry' (OnClassCondition)

   SimpleReactiveDiscoveryClientAutoConfiguration:
      Did not match:
         - @ConditionalOnClass did not find required class 'org.springframework.web.reactive.function.client.WebClient' (OnClassCondition)

   SolrAutoConfiguration:
      Did not match:
         - @ConditionalOnClass did not find required class 'org.apache.solr.client.solrj.impl.CloudSolrClient' (OnClassCondition)

   SolrHealthContributorAutoConfiguration:
      Did not match:
         - @ConditionalOnClass did not find required class 'org.apache.solr.client.solrj.SolrClient' (OnClassCondition)

   SolrRepositoriesAutoConfiguration:
      Did not match:
         - @ConditionalOnClass did not find required class 'org.apache.solr.client.solrj.SolrClient' (OnClassCondition)

   SpringApplicationAdminJmxAutoConfiguration:
      Did not match:
         - @ConditionalOnProperty (spring.application.admin.enabled=true) did not find property 'enabled' (OnPropertyCondition)

   SpringBootWebSecurityConfiguration:
      Did not match:
         - @ConditionalOnMissingBean (types: org.springframework.security.config.annotation.web.configuration.WebSecurityConfigurerAdapter; SearchStrategy: all) found beans of type 'org.springframework.security.config.annotation.web.configuration.WebSecurityConfigurerAdapter' webSecurityConfig, org.springframework.security.oauth2.config.annotation.web.configuration.AuthorizationServerSecurityConfiguration, org.springframework.security.oauth2.config.annotation.web.configuration.ResourceServerConfiguration (OnBeanCondition)
      Matched:
         - @ConditionalOnClass found required class 'org.springframework.security.config.annotation.web.configuration.WebSecurityConfigurerAdapter' (OnClassCondition)
         - found 'session' scope (OnWebApplicationCondition)

   StatsdMetricsExportAutoConfiguration:
      Did not match:
         - @ConditionalOnClass did not find required class 'io.micrometer.statsd.StatsdMeterRegistry' (OnClassCondition)

   ThreadDumpEndpointAutoConfiguration:
      Did not match:
         - @ConditionalOnAvailableEndpoint no property management.endpoint.threaddump.enabled found so using endpoint default; @ConditionalOnAvailableEndpoint no 'management.endpoints' property marked it as exposed (OnAvailableEndpointCondition)

   ThymeleafAutoConfiguration:
      Did not match:
         - @ConditionalOnClass did not find required class 'org.thymeleaf.spring5.SpringTemplateEngine' (OnClassCondition)

   TokenRelayAutoConfiguration:
      Did not match:
         - @ConditionalOnClass did not find required class 'org.springframework.cloud.gateway.filter.GatewayFilter' (OnClassCondition)

   TransactionAutoConfiguration#transactionalOperator:
      Did not match:
         - @ConditionalOnSingleCandidate (types: org.springframework.transaction.ReactiveTransactionManager; SearchStrategy: all) did not find any beans (OnBeanCondition)

   TransactionAutoConfiguration.EnableTransactionManagementConfiguration:
      Did not match:
         - @ConditionalOnMissingBean (types: org.springframework.transaction.annotation.AbstractTransactionManagementConfiguration; SearchStrategy: all) found beans of type 'org.springframework.transaction.annotation.AbstractTransactionManagementConfiguration' org.springframework.transaction.annotation.ProxyTransactionManagementConfiguration (OnBeanCondition)

   TransactionAutoConfiguration.EnableTransactionManagementConfiguration.CglibAutoProxyConfiguration:
      Did not match:
         - Ancestor org.springframework.boot.autoconfigure.transaction.TransactionAutoConfiguration$EnableTransactionManagementConfiguration did not match (ConditionEvaluationReport.AncestorsMatchedCondition)
      Matched:
         - @ConditionalOnProperty (spring.aop.proxy-target-class=true) matched (OnPropertyCondition)

   TransactionAutoConfiguration.EnableTransactionManagementConfiguration.JdkDynamicAutoProxyConfiguration:
      Did not match:
         - @ConditionalOnProperty (spring.aop.proxy-target-class=false) did not find property 'proxy-target-class' (OnPropertyCondition)
         - Ancestor org.springframework.boot.autoconfigure.transaction.TransactionAutoConfiguration$EnableTransactionManagementConfiguration did not match (ConditionEvaluationReport.AncestorsMatchedCondition)

   UserDetailsServiceAutoConfiguration:
      Did not match:
         - @ConditionalOnMissingBean (types: org.springframework.security.authentication.AuthenticationManager,org.springframework.security.authentication.AuthenticationProvider,org.springframework.security.core.userdetails.UserDetailsService,org.springframework.security.oauth2.jwt.JwtDecoder,org.springframework.security.oauth2.server.resource.introspection.OpaqueTokenIntrospector; SearchStrategy: all) found beans of type 'org.springframework.security.authentication.AuthenticationManager' authenticationManagerBean and found beans of type 'org.springframework.security.core.userdetails.UserDetailsService' customUserDetailsService and found beans of type 'org.springframework.security.authentication.AuthenticationProvider' customAuthenticationProvider (OnBeanCondition)
      Matched:
         - @ConditionalOnClass found required class 'org.springframework.security.authentication.AuthenticationManager' (OnClassCondition)

   WavefrontMetricsExportAutoConfiguration:
      Did not match:
         - @ConditionalOnClass did not find required class 'io.micrometer.wavefront.WavefrontMeterRegistry' (OnClassCondition)

   WebClientAutoConfiguration:
      Did not match:
         - @ConditionalOnClass did not find required class 'org.springframework.web.reactive.function.client.WebClient' (OnClassCondition)

   WebClientMetricsConfiguration:
      Did not match:
         - @ConditionalOnClass did not find required class 'org.springframework.web.reactive.function.client.WebClient' (OnClassCondition)

   WebFluxAutoConfiguration:
      Did not match:
         - @ConditionalOnClass did not find required class 'org.springframework.web.reactive.config.WebFluxConfigurer' (OnClassCondition)

   WebFluxEndpointManagementContextConfiguration:
      Did not match:
         - @ConditionalOnClass did not find required class 'org.springframework.web.reactive.DispatcherHandler' (OnClassCondition)

   WebFluxMetricsAutoConfiguration:
      Did not match:
         - @ConditionalOnWebApplication did not find reactive web application classes (OnWebApplicationCondition)

   WebMvcAutoConfiguration#hiddenHttpMethodFilter:
      Did not match:
         - @ConditionalOnProperty (spring.mvc.hiddenmethod.filter.enabled) did not find property 'enabled' (OnPropertyCondition)

   WebMvcAutoConfiguration.ResourceChainCustomizerConfiguration:
      Did not match:
         - @ConditionalOnEnabledResourceChain did not find class org.webjars.WebJarAssetLocator (OnEnabledResourceChainCondition)

   WebMvcAutoConfiguration.WebMvcAutoConfigurationAdapter#beanNameViewResolver:
      Did not match:
         - @ConditionalOnMissingBean (types: org.springframework.web.servlet.view.BeanNameViewResolver; SearchStrategy: all) found beans of type 'org.springframework.web.servlet.view.BeanNameViewResolver' beanNameViewResolver (OnBeanCondition)

   WebMvcAutoConfiguration.WebMvcAutoConfigurationAdapter#localeResolver:
      Did not match:
         - @ConditionalOnProperty (spring.mvc.locale) did not find property 'locale' (OnPropertyCondition)

   WebSecurityEnablerConfiguration:
      Did not match:
         - @ConditionalOnMissingBean (names: springSecurityFilterChain; SearchStrategy: all) found beans named springSecurityFilterChain (OnBeanCondition)
      Matched:
         - found 'session' scope (OnWebApplicationCondition)

   WebServiceTemplateAutoConfiguration:
      Did not match:
         - @ConditionalOnClass did not find required class 'org.springframework.oxm.Marshaller' (OnClassCondition)

   WebServicesAutoConfiguration:
      Did not match:
         - @ConditionalOnClass did not find required class 'org.springframework.ws.transport.http.MessageDispatcherServlet' (OnClassCondition)

   WebSocketMessagingAutoConfiguration:
      Did not match:
         - @ConditionalOnClass did not find required class 'org.springframework.web.socket.config.annotation.WebSocketMessageBrokerConfigurer' (OnClassCondition)

   WebSocketReactiveAutoConfiguration:
      Did not match:
         - @ConditionalOnWebApplication did not find reactive web application classes (OnWebApplicationCondition)

   WebSocketServletAutoConfiguration.JettyWebSocketConfiguration:
      Did not match:
         - @ConditionalOnClass did not find required class 'org.eclipse.jetty.websocket.jsr356.server.deploy.WebSocketServerContainerInitializer' (OnClassCondition)

   WebSocketServletAutoConfiguration.UndertowWebSocketConfiguration:
      Did not match:
         - @ConditionalOnClass did not find required class 'io.undertow.websockets.jsr.Bootstrap' (OnClassCondition)

   WritableEnvironmentEndpointAutoConfiguration:
      Did not match:
         - @ConditionalOnProperty (management.endpoint.env.post.enabled) did not find property 'management.endpoint.env.post.enabled' (OnPropertyCondition)
      Matched:
         - @ConditionalOnClass found required classes 'org.springframework.boot.actuate.env.EnvironmentEndpoint', 'org.springframework.boot.actuate.autoconfigure.env.EnvironmentEndpointProperties' (OnClassCondition)

   XADataSourceAutoConfiguration:
      Did not match:
         - @ConditionalOnBean (types: org.springframework.boot.jdbc.XADataSourceWrapper; SearchStrategy: all) did not find any beans of type org.springframework.boot.jdbc.XADataSourceWrapper (OnBeanCondition)
      Matched:
         - @ConditionalOnClass found required classes 'javax.sql.DataSource', 'javax.transaction.TransactionManager', 'org.springframework.jdbc.datasource.embedded.EmbeddedDatabaseType' (OnClassCondition)


Exclusions:
-----------

    None


Unconditional classes:
----------------------

    org.springframework.boot.autoconfigure.context.ConfigurationPropertiesAutoConfiguration

    org.springframework.cloud.client.ReactiveCommonsClientAutoConfiguration

    org.springframework.boot.actuate.autoconfigure.info.InfoContributorAutoConfiguration

    org.springframework.cloud.client.discovery.simple.SimpleDiscoveryClientAutoConfiguration

    org.springframework.boot.autoconfigure.context.PropertyPlaceholderAutoConfiguration

    org.springframework.cloud.client.CommonsClientAutoConfiguration

    org.springframework.cloud.commons.httpclient.HttpClientConfiguration

    org.springframework.boot.actuate.autoconfigure.endpoint.EndpointAutoConfiguration

    org.springframework.boot.actuate.autoconfigure.web.server.ManagementContextAutoConfiguration

    org.springframework.cloud.client.discovery.composite.CompositeDiscoveryClientAutoConfiguration

    org.springframework.boot.actuate.autoconfigure.health.HealthContributorAutoConfiguration

    org.springframework.boot.actuate.autoconfigure.web.mappings.MappingsEndpointAutoConfiguration

    org.springframework.cloud.client.serviceregistry.ServiceRegistryAutoConfiguration

    org.springframework.cloud.autoconfigure.LifecycleMvcEndpointAutoConfiguration

    org.springframework.boot.autoconfigure.info.ProjectInfoAutoConfiguration



2020-05-03 18:39:41,719 INFO com.surshree.app.scheduling.CacheScheduler [scheduling-1] Clear user cache : START
2020-05-03 18:39:41,724 INFO com.surshree.app.scheduling.CacheScheduler [scheduling-1] Clear user cache : END
2020-05-03 18:39:41,735 INFO org.apache.juli.logging.DirectJDKLog [main] Starting ProtocolHandler ["http-nio-8080"]
2020-05-03 18:39:42,022 INFO org.springframework.boot.web.embedded.tomcat.TomcatWebServer [main] Tomcat started on port(s): 8080 (http) with context path ''
2020-05-03 18:39:42,053 INFO org.springframework.boot.StartupInfoLogger [main] Started SurShreeApplication in 23.909 seconds (JVM running for 25.071)
2020-05-03 18:39:46,094 INFO org.apache.juli.logging.DirectJDKLog [http-nio-8080-exec-1] Initializing Spring DispatcherServlet 'dispatcherServlet'
2020-05-03 18:39:46,095 INFO org.springframework.web.servlet.FrameworkServlet [http-nio-8080-exec-1] Initializing Servlet 'dispatcherServlet'
2020-05-03 18:39:46,095 DEBUG org.springframework.web.servlet.DispatcherServlet [http-nio-8080-exec-1] Detected StandardServletMultipartResolver
2020-05-03 18:39:46,113 DEBUG org.springframework.web.servlet.FrameworkServlet [http-nio-8080-exec-1] enableLoggingRequestDetails='false': request parameters and headers will be masked to prevent unsafe logging of potentially sensitive data
2020-05-03 18:39:46,114 INFO org.springframework.web.servlet.FrameworkServlet [http-nio-8080-exec-1] Completed initialization in 19 ms
2020-05-03 18:39:46,144 DEBUG org.springframework.security.web.util.matcher.OrRequestMatcher [http-nio-8080-exec-1] Trying to match using Ant [pattern='/oauth/token']
2020-05-03 18:39:46,144 DEBUG org.springframework.security.web.util.matcher.AntPathRequestMatcher [http-nio-8080-exec-1] Checking match of request : '/competitions/enrollment/17'; against '/oauth/token'
2020-05-03 18:39:46,144 DEBUG org.springframework.security.web.util.matcher.OrRequestMatcher [http-nio-8080-exec-1] Trying to match using Ant [pattern='/oauth/token_key']
2020-05-03 18:39:46,144 DEBUG org.springframework.security.web.util.matcher.AntPathRequestMatcher [http-nio-8080-exec-1] Checking match of request : '/competitions/enrollment/17'; against '/oauth/token_key'
2020-05-03 18:39:46,144 DEBUG org.springframework.security.web.util.matcher.OrRequestMatcher [http-nio-8080-exec-1] Trying to match using Ant [pattern='/oauth/check_token']
2020-05-03 18:39:46,144 DEBUG org.springframework.security.web.util.matcher.AntPathRequestMatcher [http-nio-8080-exec-1] Checking match of request : '/competitions/enrollment/17'; against '/oauth/check_token'
2020-05-03 18:39:46,145 DEBUG org.springframework.security.web.util.matcher.OrRequestMatcher [http-nio-8080-exec-1] No matches found
2020-05-03 18:39:46,146 DEBUG org.springframework.security.web.FilterChainProxy$VirtualFilterChain [http-nio-8080-exec-1] /competitions/enrollment/17 at position 1 of 11 in additional filter chain; firing Filter: 'WebAsyncManagerIntegrationFilter'
2020-05-03 18:39:46,149 DEBUG org.springframework.security.web.FilterChainProxy$VirtualFilterChain [http-nio-8080-exec-1] /competitions/enrollment/17 at position 2 of 11 in additional filter chain; firing Filter: 'SecurityContextPersistenceFilter'
2020-05-03 18:39:46,150 DEBUG org.springframework.security.web.FilterChainProxy$VirtualFilterChain [http-nio-8080-exec-1] /competitions/enrollment/17 at position 3 of 11 in additional filter chain; firing Filter: 'HeaderWriterFilter'
2020-05-03 18:39:46,153 DEBUG org.springframework.security.web.FilterChainProxy$VirtualFilterChain [http-nio-8080-exec-1] /competitions/enrollment/17 at position 4 of 11 in additional filter chain; firing Filter: 'LogoutFilter'
2020-05-03 18:39:46,154 DEBUG org.springframework.security.web.util.matcher.OrRequestMatcher [http-nio-8080-exec-1] Trying to match using Ant [pattern='/logout', GET]
2020-05-03 18:39:46,154 DEBUG org.springframework.security.web.util.matcher.AntPathRequestMatcher [http-nio-8080-exec-1] Request 'POST /competitions/enrollment/17' doesn't match 'GET /logout'
2020-05-03 18:39:46,154 DEBUG org.springframework.security.web.util.matcher.OrRequestMatcher [http-nio-8080-exec-1] Trying to match using Ant [pattern='/logout', POST]
2020-05-03 18:39:46,154 DEBUG org.springframework.security.web.util.matcher.AntPathRequestMatcher [http-nio-8080-exec-1] Checking match of request : '/competitions/enrollment/17'; against '/logout'
2020-05-03 18:39:46,154 DEBUG org.springframework.security.web.util.matcher.OrRequestMatcher [http-nio-8080-exec-1] Trying to match using Ant [pattern='/logout', PUT]
2020-05-03 18:39:46,155 DEBUG org.springframework.security.web.util.matcher.AntPathRequestMatcher [http-nio-8080-exec-1] Request 'POST /competitions/enrollment/17' doesn't match 'PUT /logout'
2020-05-03 18:39:46,155 DEBUG org.springframework.security.web.util.matcher.OrRequestMatcher [http-nio-8080-exec-1] Trying to match using Ant [pattern='/logout', DELETE]
2020-05-03 18:39:46,155 DEBUG org.springframework.security.web.util.matcher.AntPathRequestMatcher [http-nio-8080-exec-1] Request 'POST /competitions/enrollment/17' doesn't match 'DELETE /logout'
2020-05-03 18:39:46,155 DEBUG org.springframework.security.web.util.matcher.OrRequestMatcher [http-nio-8080-exec-1] No matches found
2020-05-03 18:39:46,155 DEBUG org.springframework.security.web.FilterChainProxy$VirtualFilterChain [http-nio-8080-exec-1] /competitions/enrollment/17 at position 5 of 11 in additional filter chain; firing Filter: 'OAuth2AuthenticationProcessingFilter'
2020-05-03 18:39:46,164 DEBUG org.springframework.jdbc.core.JdbcTemplate [http-nio-8080-exec-1] Executing prepared SQL query
2020-05-03 18:39:46,166 DEBUG org.springframework.jdbc.core.JdbcTemplate [http-nio-8080-exec-1] Executing prepared SQL statement [select token_id, token from oauth_access_token where token_id = ?]
2020-05-03 18:39:46,170 DEBUG org.springframework.jdbc.datasource.DataSourceUtils [http-nio-8080-exec-1] Fetching JDBC Connection from DataSource
2020-05-03 18:39:46,214 DEBUG org.springframework.jdbc.core.JdbcTemplate [http-nio-8080-exec-1] Executing prepared SQL query
2020-05-03 18:39:46,215 DEBUG org.springframework.jdbc.core.JdbcTemplate [http-nio-8080-exec-1] Executing prepared SQL statement [select token_id, authentication from oauth_access_token where token_id = ?]
2020-05-03 18:39:46,215 DEBUG org.springframework.jdbc.datasource.DataSourceUtils [http-nio-8080-exec-1] Fetching JDBC Connection from DataSource
2020-05-03 18:39:46,243 DEBUG org.springframework.security.oauth2.provider.authentication.OAuth2AuthenticationProcessingFilter [http-nio-8080-exec-1] Authentication success: org.springframework.security.oauth2.provider.OAuth2Authentication@e2f94861: Principal: admin; Credentials: [PROTECTED]; Authenticated: true; Details: remoteAddress=192.168.43.52, tokenType=BearertokenValue=<TOKEN>; Granted Authorities: ROLE_ADMN, ROLE_CONT, FUNC_VIEW_ADMIN_MENU, FUNC_CONT_MENU, FUNC_CONT_MENU
2020-05-03 18:39:46,244 DEBUG org.springframework.security.web.FilterChainProxy$VirtualFilterChain [http-nio-8080-exec-1] /competitions/enrollment/17 at position 6 of 11 in additional filter chain; firing Filter: 'RequestCacheAwareFilter'
2020-05-03 18:39:46,245 DEBUG org.springframework.security.web.FilterChainProxy$VirtualFilterChain [http-nio-8080-exec-1] /competitions/enrollment/17 at position 7 of 11 in additional filter chain; firing Filter: 'SecurityContextHolderAwareRequestFilter'
2020-05-03 18:39:46,247 DEBUG org.springframework.security.web.FilterChainProxy$VirtualFilterChain [http-nio-8080-exec-1] /competitions/enrollment/17 at position 8 of 11 in additional filter chain; firing Filter: 'AnonymousAuthenticationFilter'
2020-05-03 18:39:46,248 DEBUG org.springframework.security.web.authentication.AnonymousAuthenticationFilter [http-nio-8080-exec-1] SecurityContextHolder not populated with anonymous token, as it already contained: 'org.springframework.security.oauth2.provider.OAuth2Authentication@e2f94861: Principal: admin; Credentials: [PROTECTED]; Authenticated: true; Details: remoteAddress=192.168.43.52, tokenType=BearertokenValue=<TOKEN>; Granted Authorities: ROLE_ADMN, ROLE_CONT, FUNC_VIEW_ADMIN_MENU, FUNC_CONT_MENU, FUNC_CONT_MENU'
2020-05-03 18:39:46,248 DEBUG org.springframework.security.web.FilterChainProxy$VirtualFilterChain [http-nio-8080-exec-1] /competitions/enrollment/17 at position 9 of 11 in additional filter chain; firing Filter: 'SessionManagementFilter'
2020-05-03 18:39:46,249 DEBUG org.springframework.security.web.authentication.session.CompositeSessionAuthenticationStrategy [http-nio-8080-exec-1] Delegating to org.springframework.security.web.authentication.session.ChangeSessionIdAuthenticationStrategy@4d2bcca8
2020-05-03 18:39:46,249 DEBUG org.springframework.security.web.FilterChainProxy$VirtualFilterChain [http-nio-8080-exec-1] /competitions/enrollment/17 at position 10 of 11 in additional filter chain; firing Filter: 'ExceptionTranslationFilter'
2020-05-03 18:39:46,249 DEBUG org.springframework.security.web.FilterChainProxy$VirtualFilterChain [http-nio-8080-exec-1] /competitions/enrollment/17 at position 11 of 11 in additional filter chain; firing Filter: 'FilterSecurityInterceptor'
2020-05-03 18:39:46,252 DEBUG org.springframework.security.access.intercept.AbstractSecurityInterceptor [http-nio-8080-exec-1] Secure object: FilterInvocation: URL: /competitions/enrollment/17; Attributes: [#oauth2.throwOnError(authenticated)]
2020-05-03 18:39:46,253 DEBUG org.springframework.security.access.intercept.AbstractSecurityInterceptor [http-nio-8080-exec-1] Previously Authenticated: org.springframework.security.oauth2.provider.OAuth2Authentication@e2f94861: Principal: admin; Credentials: [PROTECTED]; Authenticated: true; Details: remoteAddress=192.168.43.52, tokenType=BearertokenValue=<TOKEN>; Granted Authorities: ROLE_ADMN, ROLE_CONT, FUNC_VIEW_ADMIN_MENU, FUNC_CONT_MENU, FUNC_CONT_MENU
2020-05-03 18:39:46,264 DEBUG org.springframework.security.access.vote.AffirmativeBased [http-nio-8080-exec-1] Voter: org.springframework.security.web.access.expression.WebExpressionVoter@1df16de2, returned: 1
2020-05-03 18:39:46,266 DEBUG org.springframework.security.access.intercept.AbstractSecurityInterceptor [http-nio-8080-exec-1] Authorization successful
2020-05-03 18:39:46,266 DEBUG org.springframework.security.access.intercept.AbstractSecurityInterceptor [http-nio-8080-exec-1] RunAsManager did not change Authentication object
2020-05-03 18:39:46,267 DEBUG org.springframework.security.web.FilterChainProxy$VirtualFilterChain [http-nio-8080-exec-1] /competitions/enrollment/17 reached end of additional filter chain; proceeding with original chain
2020-05-03 18:39:46,271 DEBUG org.springframework.core.log.LogFormatUtils [http-nio-8080-exec-1] POST "/competitions/enrollment/17", parameters={}
2020-05-03 18:39:46,278 DEBUG org.springframework.web.servlet.handler.AbstractHandlerMapping [http-nio-8080-exec-1] Mapped to com.surshree.app.controllers.CompetitionController#enrollInCompetition(Long)
2020-05-03 18:39:46,320 DEBUG org.springframework.orm.jpa.support.OpenEntityManagerInViewInterceptor [http-nio-8080-exec-1] Opening JPA EntityManager in OpenEntityManagerInViewInterceptor
2020-05-03 18:39:46,421 DEBUG org.springframework.orm.jpa.JpaTransactionManager [http-nio-8080-exec-1] Found thread-bound EntityManager [SessionImpl(1339089942<open>)] for JPA transaction
2020-05-03 18:39:46,422 DEBUG org.springframework.transaction.support.AbstractPlatformTransactionManager [http-nio-8080-exec-1] Creating new transaction with name [com.surshree.app.services.CustomUserDetailsService.loadUserByUsername]: PROPAGATION_REQUIRED,ISOLATION_DEFAULT
2020-05-03 18:39:46,438 DEBUG org.springframework.orm.jpa.JpaTransactionManager [http-nio-8080-exec-1] Exposing JPA transaction as JDBC [org.springframework.orm.jpa.vendor.HibernateJpaDialect$HibernateConnectionHandle@124fc87]
2020-05-03 18:39:46,672 INFO com.surshree.app.services.CustomUserDetailsService [http-nio-8080-exec-1] Granted Authorities --> ROLE_ADMN
2020-05-03 18:39:46,673 INFO com.surshree.app.services.CustomUserDetailsService [http-nio-8080-exec-1] Granted Authorities --> ROLE_CONT
2020-05-03 18:39:46,673 INFO com.surshree.app.services.CustomUserDetailsService [http-nio-8080-exec-1] Granted Authorities --> FUNC_CONT_MENU
2020-05-03 18:39:46,673 INFO com.surshree.app.services.CustomUserDetailsService [http-nio-8080-exec-1] Granted Authorities --> FUNC_VIEW_ADMIN_MENU
2020-05-03 18:39:46,673 INFO com.surshree.app.services.CustomUserDetailsService [http-nio-8080-exec-1] Granted Authorities --> FUNC_CONT_MENU
2020-05-03 18:39:46,674 DEBUG org.springframework.transaction.support.AbstractPlatformTransactionManager [http-nio-8080-exec-1] Initiating transaction commit
2020-05-03 18:39:46,674 DEBUG org.springframework.orm.jpa.JpaTransactionManager [http-nio-8080-exec-1] Committing JPA transaction on EntityManager [SessionImpl(1339089942<open>)]
2020-05-03 18:39:46,711 DEBUG org.springframework.orm.jpa.JpaTransactionManager [http-nio-8080-exec-1] Not closing pre-bound JPA EntityManager after transaction
2020-05-03 18:39:46,731 DEBUG org.springframework.data.repository.core.support.TransactionalRepositoryProxyPostProcessor$AbstractFallbackTransactionAttributeSource [http-nio-8080-exec-1] Adding transactional method 'findById' with attribute: PROPAGATION_REQUIRED,ISOLATION_DEFAULT,readOnly
2020-05-03 18:39:46,734 DEBUG org.springframework.orm.jpa.JpaTransactionManager [http-nio-8080-exec-1] Found thread-bound EntityManager [SessionImpl(1339089942<open>)] for JPA transaction
2020-05-03 18:39:46,735 DEBUG org.springframework.transaction.support.AbstractPlatformTransactionManager [http-nio-8080-exec-1] Creating new transaction with name [org.springframework.data.jpa.repository.support.SimpleJpaRepository.findById]: PROPAGATION_REQUIRED,ISOLATION_DEFAULT,readOnly
2020-05-03 18:39:46,741 DEBUG org.springframework.jdbc.datasource.DataSourceUtils [http-nio-8080-exec-1] Setting JDBC Connection [HikariProxyConnection@1722806986 wrapping org.postgresql.jdbc.PgConnection@457a99f2] read-only
2020-05-03 18:39:46,742 DEBUG org.springframework.orm.jpa.JpaTransactionManager [http-nio-8080-exec-1] Exposing JPA transaction as JDBC [org.springframework.orm.jpa.vendor.HibernateJpaDialect$HibernateConnectionHandle@29b1b1c9]
2020-05-03 18:39:46,754 DEBUG org.springframework.transaction.support.AbstractPlatformTransactionManager [http-nio-8080-exec-1] Initiating transaction commit
2020-05-03 18:39:46,756 DEBUG org.springframework.orm.jpa.JpaTransactionManager [http-nio-8080-exec-1] Committing JPA transaction on EntityManager [SessionImpl(1339089942<open>)]
2020-05-03 18:39:46,757 DEBUG org.springframework.jdbc.datasource.DataSourceUtils [http-nio-8080-exec-1] Resetting read-only flag of JDBC Connection [HikariProxyConnection@1722806986 wrapping org.postgresql.jdbc.PgConnection@457a99f2]
2020-05-03 18:39:46,758 DEBUG org.springframework.orm.jpa.JpaTransactionManager [http-nio-8080-exec-1] Not closing pre-bound JPA EntityManager after transaction
2020-05-03 18:39:46,758 DEBUG org.springframework.orm.jpa.JpaTransactionManager [http-nio-8080-exec-1] Found thread-bound EntityManager [SessionImpl(1339089942<open>)] for JPA transaction
2020-05-03 18:39:46,759 DEBUG org.springframework.transaction.support.AbstractPlatformTransactionManager [http-nio-8080-exec-1] Creating new transaction with name [com.surshree.app.services.CompetitionService.saveOrUpdate]: PROPAGATION_REQUIRED,ISOLATION_DEFAULT
2020-05-03 18:39:46,759 DEBUG org.springframework.orm.jpa.JpaTransactionManager [http-nio-8080-exec-1] Exposing JPA transaction as JDBC [org.springframework.orm.jpa.vendor.HibernateJpaDialect$HibernateConnectionHandle@6a880a15]
2020-05-03 18:39:46,761 DEBUG org.springframework.data.repository.core.support.TransactionalRepositoryProxyPostProcessor$AbstractFallbackTransactionAttributeSource [http-nio-8080-exec-1] Adding transactional method 'save' with attribute: PROPAGATION_REQUIRED,ISOLATION_DEFAULT
2020-05-03 18:39:46,762 DEBUG org.springframework.orm.jpa.JpaTransactionManager [http-nio-8080-exec-1] Found thread-bound EntityManager [SessionImpl(1339089942<open>)] for JPA transaction
2020-05-03 18:39:46,763 DEBUG org.springframework.transaction.support.AbstractPlatformTransactionManager [http-nio-8080-exec-1] Participating in existing transaction
2020-05-03 18:39:46,821 DEBUG org.springframework.transaction.support.AbstractPlatformTransactionManager [http-nio-8080-exec-1] Initiating transaction commit
2020-05-03 18:39:46,821 DEBUG org.springframework.orm.jpa.JpaTransactionManager [http-nio-8080-exec-1] Committing JPA transaction on EntityManager [SessionImpl(1339089942<open>)]
2020-05-03 18:39:46,862 DEBUG org.springframework.orm.jpa.JpaTransactionManager [http-nio-8080-exec-1] Not closing pre-bound JPA EntityManager after transaction
2020-05-03 18:39:46,956 DEBUG org.springframework.web.servlet.mvc.method.annotation.AbstractMessageConverterMethodProcessor [http-nio-8080-exec-1] No match for [application/json], supported: []
2020-05-03 18:39:46,959 DEBUG org.springframework.orm.jpa.support.OpenEntityManagerInViewInterceptor [http-nio-8080-exec-1] Closing JPA EntityManager in OpenEntityManagerInViewInterceptor
2020-05-03 18:39:46,963 DEBUG org.springframework.web.servlet.FrameworkServlet [http-nio-8080-exec-1] Completed 200 OK
2020-05-03 18:39:46,969 DEBUG org.springframework.security.web.access.ExceptionTranslationFilter [http-nio-8080-exec-1] Chain processed normally
2020-05-03 18:39:46,970 DEBUG org.springframework.security.web.header.writers.HstsHeaderWriter [http-nio-8080-exec-1] Not injecting HSTS header since it did not match the requestMatcher org.springframework.security.web.header.writers.HstsHeaderWriter$SecureRequestMatcher@338d701d
2020-05-03 18:39:46,970 DEBUG org.springframework.security.web.context.SecurityContextPersistenceFilter [http-nio-8080-exec-1] SecurityContextHolder now cleared, as request processing completed
2020-05-03 18:39:47,017 DEBUG org.springframework.security.web.util.matcher.OrRequestMatcher [http-nio-8080-exec-2] Trying to match using Ant [pattern='/oauth/token']
2020-05-03 18:39:47,018 DEBUG org.springframework.security.web.util.matcher.AntPathRequestMatcher [http-nio-8080-exec-2] Checking match of request : '/competitions/enrollment'; against '/oauth/token'
2020-05-03 18:39:47,018 DEBUG org.springframework.security.web.util.matcher.OrRequestMatcher [http-nio-8080-exec-2] Trying to match using Ant [pattern='/oauth/token_key']
2020-05-03 18:39:47,019 DEBUG org.springframework.security.web.util.matcher.AntPathRequestMatcher [http-nio-8080-exec-2] Checking match of request : '/competitions/enrollment'; against '/oauth/token_key'
2020-05-03 18:39:47,019 DEBUG org.springframework.security.web.util.matcher.OrRequestMatcher [http-nio-8080-exec-2] Trying to match using Ant [pattern='/oauth/check_token']
2020-05-03 18:39:47,019 DEBUG org.springframework.security.web.util.matcher.AntPathRequestMatcher [http-nio-8080-exec-2] Checking match of request : '/competitions/enrollment'; against '/oauth/check_token'
2020-05-03 18:39:47,020 DEBUG org.springframework.security.web.util.matcher.OrRequestMatcher [http-nio-8080-exec-2] No matches found
2020-05-03 18:39:47,020 DEBUG org.springframework.security.web.FilterChainProxy$VirtualFilterChain [http-nio-8080-exec-2] /competitions/enrollment at position 1 of 11 in additional filter chain; firing Filter: 'WebAsyncManagerIntegrationFilter'
2020-05-03 18:39:47,021 DEBUG org.springframework.security.web.FilterChainProxy$VirtualFilterChain [http-nio-8080-exec-2] /competitions/enrollment at position 2 of 11 in additional filter chain; firing Filter: 'SecurityContextPersistenceFilter'
2020-05-03 18:39:47,021 DEBUG org.springframework.security.web.FilterChainProxy$VirtualFilterChain [http-nio-8080-exec-2] /competitions/enrollment at position 3 of 11 in additional filter chain; firing Filter: 'HeaderWriterFilter'
2020-05-03 18:39:47,021 DEBUG org.springframework.security.web.FilterChainProxy$VirtualFilterChain [http-nio-8080-exec-2] /competitions/enrollment at position 4 of 11 in additional filter chain; firing Filter: 'LogoutFilter'
2020-05-03 18:39:47,022 DEBUG org.springframework.security.web.util.matcher.OrRequestMatcher [http-nio-8080-exec-2] Trying to match using Ant [pattern='/logout', GET]
2020-05-03 18:39:47,022 DEBUG org.springframework.security.web.util.matcher.AntPathRequestMatcher [http-nio-8080-exec-2] Checking match of request : '/competitions/enrollment'; against '/logout'
2020-05-03 18:39:47,022 DEBUG org.springframework.security.web.util.matcher.OrRequestMatcher [http-nio-8080-exec-2] Trying to match using Ant [pattern='/logout', POST]
2020-05-03 18:39:47,022 DEBUG org.springframework.security.web.util.matcher.AntPathRequestMatcher [http-nio-8080-exec-2] Request 'GET /competitions/enrollment' doesn't match 'POST /logout'
2020-05-03 18:39:47,023 DEBUG org.springframework.security.web.util.matcher.OrRequestMatcher [http-nio-8080-exec-2] Trying to match using Ant [pattern='/logout', PUT]
2020-05-03 18:39:47,023 DEBUG org.springframework.security.web.util.matcher.AntPathRequestMatcher [http-nio-8080-exec-2] Request 'GET /competitions/enrollment' doesn't match 'PUT /logout'
2020-05-03 18:39:47,023 DEBUG org.springframework.security.web.util.matcher.OrRequestMatcher [http-nio-8080-exec-2] Trying to match using Ant [pattern='/logout', DELETE]
2020-05-03 18:39:47,024 DEBUG org.springframework.security.web.util.matcher.AntPathRequestMatcher [http-nio-8080-exec-2] Request 'GET /competitions/enrollment' doesn't match 'DELETE /logout'
2020-05-03 18:39:47,024 DEBUG org.springframework.security.web.util.matcher.OrRequestMatcher [http-nio-8080-exec-2] No matches found
2020-05-03 18:39:47,024 DEBUG org.springframework.security.web.FilterChainProxy$VirtualFilterChain [http-nio-8080-exec-2] /competitions/enrollment at position 5 of 11 in additional filter chain; firing Filter: 'OAuth2AuthenticationProcessingFilter'
2020-05-03 18:39:47,025 DEBUG org.springframework.jdbc.core.JdbcTemplate [http-nio-8080-exec-2] Executing prepared SQL query
2020-05-03 18:39:47,026 DEBUG org.springframework.jdbc.core.JdbcTemplate [http-nio-8080-exec-2] Executing prepared SQL statement [select token_id, token from oauth_access_token where token_id = ?]
2020-05-03 18:39:47,027 DEBUG org.springframework.jdbc.datasource.DataSourceUtils [http-nio-8080-exec-2] Fetching JDBC Connection from DataSource
2020-05-03 18:39:47,031 DEBUG org.springframework.jdbc.core.JdbcTemplate [http-nio-8080-exec-2] Executing prepared SQL query
2020-05-03 18:39:47,033 DEBUG org.springframework.jdbc.core.JdbcTemplate [http-nio-8080-exec-2] Executing prepared SQL statement [select token_id, authentication from oauth_access_token where token_id = ?]
2020-05-03 18:39:47,035 DEBUG org.springframework.jdbc.datasource.DataSourceUtils [http-nio-8080-exec-2] Fetching JDBC Connection from DataSource
2020-05-03 18:39:47,044 DEBUG org.springframework.security.oauth2.provider.authentication.OAuth2AuthenticationProcessingFilter [http-nio-8080-exec-2] Authentication success: org.springframework.security.oauth2.provider.OAuth2Authentication@e2f94861: Principal: admin; Credentials: [PROTECTED]; Authenticated: true; Details: remoteAddress=192.168.43.52, tokenType=BearertokenValue=<TOKEN>; Granted Authorities: ROLE_ADMN, ROLE_CONT, FUNC_VIEW_ADMIN_MENU, FUNC_CONT_MENU, FUNC_CONT_MENU
2020-05-03 18:39:47,046 DEBUG org.springframework.security.web.FilterChainProxy$VirtualFilterChain [http-nio-8080-exec-2] /competitions/enrollment at position 6 of 11 in additional filter chain; firing Filter: 'RequestCacheAwareFilter'
2020-05-03 18:39:47,048 DEBUG org.springframework.security.web.FilterChainProxy$VirtualFilterChain [http-nio-8080-exec-2] /competitions/enrollment at position 7 of 11 in additional filter chain; firing Filter: 'SecurityContextHolderAwareRequestFilter'
2020-05-03 18:39:47,049 DEBUG org.springframework.security.web.FilterChainProxy$VirtualFilterChain [http-nio-8080-exec-2] /competitions/enrollment at position 8 of 11 in additional filter chain; firing Filter: 'AnonymousAuthenticationFilter'
2020-05-03 18:39:47,051 DEBUG org.springframework.security.web.authentication.AnonymousAuthenticationFilter [http-nio-8080-exec-2] SecurityContextHolder not populated with anonymous token, as it already contained: 'org.springframework.security.oauth2.provider.OAuth2Authentication@e2f94861: Principal: admin; Credentials: [PROTECTED]; Authenticated: true; Details: remoteAddress=192.168.43.52, tokenType=BearertokenValue=<TOKEN>; Granted Authorities: ROLE_ADMN, ROLE_CONT, FUNC_VIEW_ADMIN_MENU, FUNC_CONT_MENU, FUNC_CONT_MENU'
2020-05-03 18:39:47,076 DEBUG org.springframework.security.web.FilterChainProxy$VirtualFilterChain [http-nio-8080-exec-2] /competitions/enrollment at position 9 of 11 in additional filter chain; firing Filter: 'SessionManagementFilter'
2020-05-03 18:39:47,077 DEBUG org.springframework.security.web.authentication.session.CompositeSessionAuthenticationStrategy [http-nio-8080-exec-2] Delegating to org.springframework.security.web.authentication.session.ChangeSessionIdAuthenticationStrategy@4d2bcca8
2020-05-03 18:39:47,081 DEBUG org.springframework.security.web.FilterChainProxy$VirtualFilterChain [http-nio-8080-exec-2] /competitions/enrollment at position 10 of 11 in additional filter chain; firing Filter: 'ExceptionTranslationFilter'
2020-05-03 18:39:47,090 DEBUG org.springframework.security.web.FilterChainProxy$VirtualFilterChain [http-nio-8080-exec-2] /competitions/enrollment at position 11 of 11 in additional filter chain; firing Filter: 'FilterSecurityInterceptor'
2020-05-03 18:39:47,091 DEBUG org.springframework.security.access.intercept.AbstractSecurityInterceptor [http-nio-8080-exec-2] Secure object: FilterInvocation: URL: /competitions/enrollment; Attributes: [#oauth2.throwOnError(authenticated)]
2020-05-03 18:39:47,092 DEBUG org.springframework.security.access.intercept.AbstractSecurityInterceptor [http-nio-8080-exec-2] Previously Authenticated: org.springframework.security.oauth2.provider.OAuth2Authentication@e2f94861: Principal: admin; Credentials: [PROTECTED]; Authenticated: true; Details: remoteAddress=192.168.43.52, tokenType=BearertokenValue=<TOKEN>; Granted Authorities: ROLE_ADMN, ROLE_CONT, FUNC_VIEW_ADMIN_MENU, FUNC_CONT_MENU, FUNC_CONT_MENU
2020-05-03 18:39:47,093 DEBUG org.springframework.security.access.vote.AffirmativeBased [http-nio-8080-exec-2] Voter: org.springframework.security.web.access.expression.WebExpressionVoter@1df16de2, returned: 1
2020-05-03 18:39:47,094 DEBUG org.springframework.security.access.intercept.AbstractSecurityInterceptor [http-nio-8080-exec-2] Authorization successful
2020-05-03 18:39:47,095 DEBUG org.springframework.security.access.intercept.AbstractSecurityInterceptor [http-nio-8080-exec-2] RunAsManager did not change Authentication object
2020-05-03 18:39:47,095 DEBUG org.springframework.security.web.FilterChainProxy$VirtualFilterChain [http-nio-8080-exec-2] /competitions/enrollment reached end of additional filter chain; proceeding with original chain
2020-05-03 18:39:47,127 DEBUG org.springframework.core.log.LogFormatUtils [http-nio-8080-exec-2] GET "/competitions/enrollment", parameters={}
2020-05-03 18:39:47,157 DEBUG org.springframework.web.servlet.handler.AbstractHandlerMapping [http-nio-8080-exec-2] Mapped to com.surshree.app.controllers.CompetitionController#getEnrolledCompetition()
2020-05-03 18:39:47,158 DEBUG org.springframework.orm.jpa.support.OpenEntityManagerInViewInterceptor [http-nio-8080-exec-2] Opening JPA EntityManager in OpenEntityManagerInViewInterceptor
2020-05-03 18:39:47,161 DEBUG org.springframework.orm.jpa.JpaTransactionManager [http-nio-8080-exec-2] Found thread-bound EntityManager [SessionImpl(1178363508<open>)] for JPA transaction
2020-05-03 18:39:47,161 DEBUG org.springframework.transaction.support.AbstractPlatformTransactionManager [http-nio-8080-exec-2] Creating new transaction with name [com.surshree.app.services.CustomUserDetailsService.loadUserByUsername]: PROPAGATION_REQUIRED,ISOLATION_DEFAULT
2020-05-03 18:39:47,162 DEBUG org.springframework.orm.jpa.JpaTransactionManager [http-nio-8080-exec-2] Exposing JPA transaction as JDBC [org.springframework.orm.jpa.vendor.HibernateJpaDialect$HibernateConnectionHandle@48fb90c3]
2020-05-03 18:39:47,166 INFO com.surshree.app.services.CustomUserDetailsService [http-nio-8080-exec-2] Granted Authorities --> ROLE_ADMN
2020-05-03 18:39:47,166 INFO com.surshree.app.services.CustomUserDetailsService [http-nio-8080-exec-2] Granted Authorities --> ROLE_CONT
2020-05-03 18:39:47,166 INFO com.surshree.app.services.CustomUserDetailsService [http-nio-8080-exec-2] Granted Authorities --> FUNC_CONT_MENU
2020-05-03 18:39:47,167 INFO com.surshree.app.services.CustomUserDetailsService [http-nio-8080-exec-2] Granted Authorities --> FUNC_VIEW_ADMIN_MENU
2020-05-03 18:39:47,168 INFO com.surshree.app.services.CustomUserDetailsService [http-nio-8080-exec-2] Granted Authorities --> FUNC_CONT_MENU
2020-05-03 18:39:47,176 DEBUG org.springframework.transaction.support.AbstractPlatformTransactionManager [http-nio-8080-exec-2] Initiating transaction commit
2020-05-03 18:39:47,177 DEBUG org.springframework.orm.jpa.JpaTransactionManager [http-nio-8080-exec-2] Committing JPA transaction on EntityManager [SessionImpl(1178363508<open>)]
2020-05-03 18:39:47,177 DEBUG org.springframework.orm.jpa.JpaTransactionManager [http-nio-8080-exec-2] Not closing pre-bound JPA EntityManager after transaction
2020-05-03 18:39:47,448 DEBUG org.springframework.web.servlet.mvc.method.annotation.AbstractMessageConverterMethodProcessor [http-nio-8080-exec-2] Using 'application/json', given [application/json] and supported [application/json, application/*+json, application/json, application/*+json]
2020-05-03 18:39:47,453 DEBUG org.springframework.core.log.LogFormatUtils [http-nio-8080-exec-2] Writing [[com.surshree.app.models.comp.EnrollmentResponse@45b1838, com.surshree.app.models.comp.EnrollmentRes (truncated)...]
2020-05-03 18:39:47,562 DEBUG org.springframework.security.web.header.writers.HstsHeaderWriter [http-nio-8080-exec-2] Not injecting HSTS header since it did not match the requestMatcher org.springframework.security.web.header.writers.HstsHeaderWriter$SecureRequestMatcher@338d701d
2020-05-03 18:39:47,567 DEBUG org.springframework.orm.jpa.support.OpenEntityManagerInViewInterceptor [http-nio-8080-exec-2] Closing JPA EntityManager in OpenEntityManagerInViewInterceptor
2020-05-03 18:39:47,577 DEBUG org.springframework.web.servlet.FrameworkServlet [http-nio-8080-exec-2] Completed 200 OK
2020-05-03 18:39:47,578 DEBUG org.springframework.security.web.access.ExceptionTranslationFilter [http-nio-8080-exec-2] Chain processed normally
2020-05-03 18:39:47,579 DEBUG org.springframework.security.web.context.SecurityContextPersistenceFilter [http-nio-8080-exec-2] SecurityContextHolder now cleared, as request processing completed
2020-05-03 18:40:15,037 DEBUG org.springframework.security.web.util.matcher.OrRequestMatcher [http-nio-8080-exec-3] Trying to match using Ant [pattern='/oauth/token']
2020-05-03 18:40:15,038 DEBUG org.springframework.security.web.util.matcher.AntPathRequestMatcher [http-nio-8080-exec-3] Checking match of request : '/competitions/active'; against '/oauth/token'
2020-05-03 18:40:15,039 DEBUG org.springframework.security.web.util.matcher.OrRequestMatcher [http-nio-8080-exec-3] Trying to match using Ant [pattern='/oauth/token_key']
2020-05-03 18:40:15,039 DEBUG org.springframework.security.web.util.matcher.AntPathRequestMatcher [http-nio-8080-exec-3] Checking match of request : '/competitions/active'; against '/oauth/token_key'
2020-05-03 18:40:15,039 DEBUG org.springframework.security.web.util.matcher.OrRequestMatcher [http-nio-8080-exec-3] Trying to match using Ant [pattern='/oauth/check_token']
2020-05-03 18:40:15,040 DEBUG org.springframework.security.web.util.matcher.AntPathRequestMatcher [http-nio-8080-exec-3] Checking match of request : '/competitions/active'; against '/oauth/check_token'
2020-05-03 18:40:15,040 DEBUG org.springframework.security.web.util.matcher.OrRequestMatcher [http-nio-8080-exec-3] No matches found
2020-05-03 18:40:15,041 DEBUG org.springframework.security.web.FilterChainProxy$VirtualFilterChain [http-nio-8080-exec-3] /competitions/active at position 1 of 11 in additional filter chain; firing Filter: 'WebAsyncManagerIntegrationFilter'
2020-05-03 18:40:15,041 DEBUG org.springframework.security.web.FilterChainProxy$VirtualFilterChain [http-nio-8080-exec-3] /competitions/active at position 2 of 11 in additional filter chain; firing Filter: 'SecurityContextPersistenceFilter'
2020-05-03 18:40:15,043 DEBUG org.springframework.security.web.FilterChainProxy$VirtualFilterChain [http-nio-8080-exec-3] /competitions/active at position 3 of 11 in additional filter chain; firing Filter: 'HeaderWriterFilter'
2020-05-03 18:40:15,043 DEBUG org.springframework.security.web.FilterChainProxy$VirtualFilterChain [http-nio-8080-exec-3] /competitions/active at position 4 of 11 in additional filter chain; firing Filter: 'LogoutFilter'
2020-05-03 18:40:15,044 DEBUG org.springframework.security.web.util.matcher.OrRequestMatcher [http-nio-8080-exec-3] Trying to match using Ant [pattern='/logout', GET]
2020-05-03 18:40:15,045 DEBUG org.springframework.security.web.util.matcher.AntPathRequestMatcher [http-nio-8080-exec-3] Checking match of request : '/competitions/active'; against '/logout'
2020-05-03 18:40:15,046 DEBUG org.springframework.security.web.util.matcher.OrRequestMatcher [http-nio-8080-exec-3] Trying to match using Ant [pattern='/logout', POST]
2020-05-03 18:40:15,047 DEBUG org.springframework.security.web.util.matcher.AntPathRequestMatcher [http-nio-8080-exec-3] Request 'GET /competitions/active' doesn't match 'POST /logout'
2020-05-03 18:40:15,047 DEBUG org.springframework.security.web.util.matcher.OrRequestMatcher [http-nio-8080-exec-3] Trying to match using Ant [pattern='/logout', PUT]
2020-05-03 18:40:15,047 DEBUG org.springframework.security.web.util.matcher.AntPathRequestMatcher [http-nio-8080-exec-3] Request 'GET /competitions/active' doesn't match 'PUT /logout'
2020-05-03 18:40:15,048 DEBUG org.springframework.security.web.util.matcher.OrRequestMatcher [http-nio-8080-exec-3] Trying to match using Ant [pattern='/logout', DELETE]
2020-05-03 18:40:15,049 DEBUG org.springframework.security.web.util.matcher.AntPathRequestMatcher [http-nio-8080-exec-3] Request 'GET /competitions/active' doesn't match 'DELETE /logout'
2020-05-03 18:40:15,049 DEBUG org.springframework.security.web.util.matcher.OrRequestMatcher [http-nio-8080-exec-3] No matches found
2020-05-03 18:40:15,049 DEBUG org.springframework.security.web.FilterChainProxy$VirtualFilterChain [http-nio-8080-exec-3] /competitions/active at position 5 of 11 in additional filter chain; firing Filter: 'OAuth2AuthenticationProcessingFilter'
2020-05-03 18:40:15,050 DEBUG org.springframework.jdbc.core.JdbcTemplate [http-nio-8080-exec-3] Executing prepared SQL query
2020-05-03 18:40:15,050 DEBUG org.springframework.jdbc.core.JdbcTemplate [http-nio-8080-exec-3] Executing prepared SQL statement [select token_id, token from oauth_access_token where token_id = ?]
2020-05-03 18:40:15,051 DEBUG org.springframework.jdbc.datasource.DataSourceUtils [http-nio-8080-exec-3] Fetching JDBC Connection from DataSource
2020-05-03 18:40:15,078 DEBUG org.springframework.jdbc.core.JdbcTemplate [http-nio-8080-exec-3] Executing prepared SQL query
2020-05-03 18:40:15,078 DEBUG org.springframework.jdbc.core.JdbcTemplate [http-nio-8080-exec-3] Executing prepared SQL statement [select token_id, authentication from oauth_access_token where token_id = ?]
2020-05-03 18:40:15,079 DEBUG org.springframework.jdbc.datasource.DataSourceUtils [http-nio-8080-exec-3] Fetching JDBC Connection from DataSource
2020-05-03 18:40:15,086 DEBUG org.springframework.security.oauth2.provider.authentication.OAuth2AuthenticationProcessingFilter [http-nio-8080-exec-3] Authentication success: org.springframework.security.oauth2.provider.OAuth2Authentication@e2f94861: Principal: admin; Credentials: [PROTECTED]; Authenticated: true; Details: remoteAddress=192.168.43.52, tokenType=BearertokenValue=<TOKEN>; Granted Authorities: ROLE_ADMN, ROLE_CONT, FUNC_VIEW_ADMIN_MENU, FUNC_CONT_MENU, FUNC_CONT_MENU
2020-05-03 18:40:15,087 DEBUG org.springframework.security.web.FilterChainProxy$VirtualFilterChain [http-nio-8080-exec-3] /competitions/active at position 6 of 11 in additional filter chain; firing Filter: 'RequestCacheAwareFilter'
2020-05-03 18:40:15,088 DEBUG org.springframework.security.web.FilterChainProxy$VirtualFilterChain [http-nio-8080-exec-3] /competitions/active at position 7 of 11 in additional filter chain; firing Filter: 'SecurityContextHolderAwareRequestFilter'
2020-05-03 18:40:15,089 DEBUG org.springframework.security.web.FilterChainProxy$VirtualFilterChain [http-nio-8080-exec-3] /competitions/active at position 8 of 11 in additional filter chain; firing Filter: 'AnonymousAuthenticationFilter'
2020-05-03 18:40:15,090 DEBUG org.springframework.security.web.authentication.AnonymousAuthenticationFilter [http-nio-8080-exec-3] SecurityContextHolder not populated with anonymous token, as it already contained: 'org.springframework.security.oauth2.provider.OAuth2Authentication@e2f94861: Principal: admin; Credentials: [PROTECTED]; Authenticated: true; Details: remoteAddress=192.168.43.52, tokenType=BearertokenValue=<TOKEN>; Granted Authorities: ROLE_ADMN, ROLE_CONT, FUNC_VIEW_ADMIN_MENU, FUNC_CONT_MENU, FUNC_CONT_MENU'
2020-05-03 18:40:15,090 DEBUG org.springframework.security.web.FilterChainProxy$VirtualFilterChain [http-nio-8080-exec-3] /competitions/active at position 9 of 11 in additional filter chain; firing Filter: 'SessionManagementFilter'
2020-05-03 18:40:15,091 DEBUG org.springframework.security.web.authentication.session.CompositeSessionAuthenticationStrategy [http-nio-8080-exec-3] Delegating to org.springframework.security.web.authentication.session.ChangeSessionIdAuthenticationStrategy@4d2bcca8
2020-05-03 18:40:15,092 DEBUG org.springframework.security.web.FilterChainProxy$VirtualFilterChain [http-nio-8080-exec-3] /competitions/active at position 10 of 11 in additional filter chain; firing Filter: 'ExceptionTranslationFilter'
2020-05-03 18:40:15,093 DEBUG org.springframework.security.web.FilterChainProxy$VirtualFilterChain [http-nio-8080-exec-3] /competitions/active at position 11 of 11 in additional filter chain; firing Filter: 'FilterSecurityInterceptor'
2020-05-03 18:40:15,094 DEBUG org.springframework.security.access.intercept.AbstractSecurityInterceptor [http-nio-8080-exec-3] Secure object: FilterInvocation: URL: /competitions/active; Attributes: [#oauth2.throwOnError(authenticated)]
2020-05-03 18:40:15,094 DEBUG org.springframework.security.access.intercept.AbstractSecurityInterceptor [http-nio-8080-exec-3] Previously Authenticated: org.springframework.security.oauth2.provider.OAuth2Authentication@e2f94861: Principal: admin; Credentials: [PROTECTED]; Authenticated: true; Details: remoteAddress=192.168.43.52, tokenType=BearertokenValue=<TOKEN>; Granted Authorities: ROLE_ADMN, ROLE_CONT, FUNC_VIEW_ADMIN_MENU, FUNC_CONT_MENU, FUNC_CONT_MENU
2020-05-03 18:40:15,097 DEBUG org.springframework.security.access.vote.AffirmativeBased [http-nio-8080-exec-3] Voter: org.springframework.security.web.access.expression.WebExpressionVoter@1df16de2, returned: 1
2020-05-03 18:40:15,097 DEBUG org.springframework.security.access.intercept.AbstractSecurityInterceptor [http-nio-8080-exec-3] Authorization successful
2020-05-03 18:40:15,098 DEBUG org.springframework.security.access.intercept.AbstractSecurityInterceptor [http-nio-8080-exec-3] RunAsManager did not change Authentication object
2020-05-03 18:40:15,098 DEBUG org.springframework.security.web.FilterChainProxy$VirtualFilterChain [http-nio-8080-exec-3] /competitions/active reached end of additional filter chain; proceeding with original chain
2020-05-03 18:40:15,099 DEBUG org.springframework.core.log.LogFormatUtils [http-nio-8080-exec-3] GET "/competitions/active", parameters={}
2020-05-03 18:40:15,100 DEBUG org.springframework.web.servlet.handler.AbstractHandlerMapping [http-nio-8080-exec-3] Mapped to com.surshree.app.controllers.CompetitionController#getActiveCompetitions()
2020-05-03 18:40:15,101 DEBUG org.springframework.orm.jpa.support.OpenEntityManagerInViewInterceptor [http-nio-8080-exec-3] Opening JPA EntityManager in OpenEntityManagerInViewInterceptor
2020-05-03 18:40:15,168 DEBUG org.springframework.web.servlet.mvc.method.annotation.AbstractMessageConverterMethodProcessor [http-nio-8080-exec-3] Using 'application/json', given [application/json] and supported [application/json, application/*+json, application/json, application/*+json]
2020-05-03 18:40:15,168 DEBUG org.springframework.core.log.LogFormatUtils [http-nio-8080-exec-3] Writing [[com.surshree.app.models.comp.CompetitionRequestResponseModel@b8039bd, com.surshree.app.models.comp. (truncated)...]
2020-05-03 18:40:15,191 DEBUG org.springframework.security.web.header.writers.HstsHeaderWriter [http-nio-8080-exec-3] Not injecting HSTS header since it did not match the requestMatcher org.springframework.security.web.header.writers.HstsHeaderWriter$SecureRequestMatcher@338d701d
2020-05-03 18:40:15,193 DEBUG org.springframework.orm.jpa.support.OpenEntityManagerInViewInterceptor [http-nio-8080-exec-3] Closing JPA EntityManager in OpenEntityManagerInViewInterceptor
2020-05-03 18:40:15,194 DEBUG org.springframework.web.servlet.FrameworkServlet [http-nio-8080-exec-3] Completed 200 OK
2020-05-03 18:40:15,201 DEBUG org.springframework.security.web.access.ExceptionTranslationFilter [http-nio-8080-exec-3] Chain processed normally
2020-05-03 18:40:15,202 DEBUG org.springframework.security.web.context.SecurityContextPersistenceFilter [http-nio-8080-exec-3] SecurityContextHolder now cleared, as request processing completed
2020-05-03 18:40:15,253 DEBUG org.springframework.security.web.util.matcher.OrRequestMatcher [http-nio-8080-exec-4] Trying to match using Ant [pattern='/oauth/token']
2020-05-03 18:40:15,254 DEBUG org.springframework.security.web.util.matcher.AntPathRequestMatcher [http-nio-8080-exec-4] Checking match of request : '/competitions/enrollment'; against '/oauth/token'
2020-05-03 18:40:15,254 DEBUG org.springframework.security.web.util.matcher.OrRequestMatcher [http-nio-8080-exec-4] Trying to match using Ant [pattern='/oauth/token_key']
2020-05-03 18:40:15,254 DEBUG org.springframework.security.web.util.matcher.AntPathRequestMatcher [http-nio-8080-exec-4] Checking match of request : '/competitions/enrollment'; against '/oauth/token_key'
2020-05-03 18:40:15,254 DEBUG org.springframework.security.web.util.matcher.OrRequestMatcher [http-nio-8080-exec-4] Trying to match using Ant [pattern='/oauth/check_token']
2020-05-03 18:40:15,255 DEBUG org.springframework.security.web.util.matcher.AntPathRequestMatcher [http-nio-8080-exec-4] Checking match of request : '/competitions/enrollment'; against '/oauth/check_token'
2020-05-03 18:40:15,255 DEBUG org.springframework.security.web.util.matcher.OrRequestMatcher [http-nio-8080-exec-4] No matches found
2020-05-03 18:40:15,255 DEBUG org.springframework.security.web.FilterChainProxy$VirtualFilterChain [http-nio-8080-exec-4] /competitions/enrollment at position 1 of 11 in additional filter chain; firing Filter: 'WebAsyncManagerIntegrationFilter'
2020-05-03 18:40:15,255 DEBUG org.springframework.security.web.FilterChainProxy$VirtualFilterChain [http-nio-8080-exec-4] /competitions/enrollment at position 2 of 11 in additional filter chain; firing Filter: 'SecurityContextPersistenceFilter'
2020-05-03 18:40:15,256 DEBUG org.springframework.security.web.FilterChainProxy$VirtualFilterChain [http-nio-8080-exec-4] /competitions/enrollment at position 3 of 11 in additional filter chain; firing Filter: 'HeaderWriterFilter'
2020-05-03 18:40:15,256 DEBUG org.springframework.security.web.FilterChainProxy$VirtualFilterChain [http-nio-8080-exec-4] /competitions/enrollment at position 4 of 11 in additional filter chain; firing Filter: 'LogoutFilter'
2020-05-03 18:40:15,256 DEBUG org.springframework.security.web.util.matcher.OrRequestMatcher [http-nio-8080-exec-4] Trying to match using Ant [pattern='/logout', GET]
2020-05-03 18:40:15,256 DEBUG org.springframework.security.web.util.matcher.AntPathRequestMatcher [http-nio-8080-exec-4] Checking match of request : '/competitions/enrollment'; against '/logout'
2020-05-03 18:40:15,257 DEBUG org.springframework.security.web.util.matcher.OrRequestMatcher [http-nio-8080-exec-4] Trying to match using Ant [pattern='/logout', POST]
2020-05-03 18:40:15,257 DEBUG org.springframework.security.web.util.matcher.AntPathRequestMatcher [http-nio-8080-exec-4] Request 'GET /competitions/enrollment' doesn't match 'POST /logout'
2020-05-03 18:40:15,257 DEBUG org.springframework.security.web.util.matcher.OrRequestMatcher [http-nio-8080-exec-4] Trying to match using Ant [pattern='/logout', PUT]
2020-05-03 18:40:15,258 DEBUG org.springframework.security.web.util.matcher.AntPathRequestMatcher [http-nio-8080-exec-4] Request 'GET /competitions/enrollment' doesn't match 'PUT /logout'
2020-05-03 18:40:15,259 DEBUG org.springframework.security.web.util.matcher.OrRequestMatcher [http-nio-8080-exec-4] Trying to match using Ant [pattern='/logout', DELETE]
2020-05-03 18:40:15,262 DEBUG org.springframework.security.web.util.matcher.AntPathRequestMatcher [http-nio-8080-exec-4] Request 'GET /competitions/enrollment' doesn't match 'DELETE /logout'
2020-05-03 18:40:15,263 DEBUG org.springframework.security.web.util.matcher.OrRequestMatcher [http-nio-8080-exec-4] No matches found
2020-05-03 18:40:15,264 DEBUG org.springframework.security.web.FilterChainProxy$VirtualFilterChain [http-nio-8080-exec-4] /competitions/enrollment at position 5 of 11 in additional filter chain; firing Filter: 'OAuth2AuthenticationProcessingFilter'
2020-05-03 18:40:15,267 DEBUG org.springframework.jdbc.core.JdbcTemplate [http-nio-8080-exec-4] Executing prepared SQL query
2020-05-03 18:40:15,268 DEBUG org.springframework.jdbc.core.JdbcTemplate [http-nio-8080-exec-4] Executing prepared SQL statement [select token_id, token from oauth_access_token where token_id = ?]
2020-05-03 18:40:15,268 DEBUG org.springframework.jdbc.datasource.DataSourceUtils [http-nio-8080-exec-4] Fetching JDBC Connection from DataSource
2020-05-03 18:40:15,305 DEBUG org.springframework.jdbc.core.JdbcTemplate [http-nio-8080-exec-4] Executing prepared SQL query
2020-05-03 18:40:15,307 DEBUG org.springframework.jdbc.core.JdbcTemplate [http-nio-8080-exec-4] Executing prepared SQL statement [select token_id, authentication from oauth_access_token where token_id = ?]
2020-05-03 18:40:15,308 DEBUG org.springframework.jdbc.datasource.DataSourceUtils [http-nio-8080-exec-4] Fetching JDBC Connection from DataSource
2020-05-03 18:40:15,337 DEBUG org.springframework.security.oauth2.provider.authentication.OAuth2AuthenticationProcessingFilter [http-nio-8080-exec-4] Authentication success: org.springframework.security.oauth2.provider.OAuth2Authentication@e2f94861: Principal: admin; Credentials: [PROTECTED]; Authenticated: true; Details: remoteAddress=192.168.43.52, tokenType=BearertokenValue=<TOKEN>; Granted Authorities: ROLE_ADMN, ROLE_CONT, FUNC_VIEW_ADMIN_MENU, FUNC_CONT_MENU, FUNC_CONT_MENU
2020-05-03 18:40:15,339 DEBUG org.springframework.security.web.FilterChainProxy$VirtualFilterChain [http-nio-8080-exec-4] /competitions/enrollment at position 6 of 11 in additional filter chain; firing Filter: 'RequestCacheAwareFilter'
2020-05-03 18:40:15,340 DEBUG org.springframework.security.web.FilterChainProxy$VirtualFilterChain [http-nio-8080-exec-4] /competitions/enrollment at position 7 of 11 in additional filter chain; firing Filter: 'SecurityContextHolderAwareRequestFilter'
2020-05-03 18:40:15,341 DEBUG org.springframework.security.web.FilterChainProxy$VirtualFilterChain [http-nio-8080-exec-4] /competitions/enrollment at position 8 of 11 in additional filter chain; firing Filter: 'AnonymousAuthenticationFilter'
2020-05-03 18:40:15,342 DEBUG org.springframework.security.web.authentication.AnonymousAuthenticationFilter [http-nio-8080-exec-4] SecurityContextHolder not populated with anonymous token, as it already contained: 'org.springframework.security.oauth2.provider.OAuth2Authentication@e2f94861: Principal: admin; Credentials: [PROTECTED]; Authenticated: true; Details: remoteAddress=192.168.43.52, tokenType=BearertokenValue=<TOKEN>; Granted Authorities: ROLE_ADMN, ROLE_CONT, FUNC_VIEW_ADMIN_MENU, FUNC_CONT_MENU, FUNC_CONT_MENU'
2020-05-03 18:40:15,344 DEBUG org.springframework.security.web.FilterChainProxy$VirtualFilterChain [http-nio-8080-exec-4] /competitions/enrollment at position 9 of 11 in additional filter chain; firing Filter: 'SessionManagementFilter'
2020-05-03 18:40:15,345 DEBUG org.springframework.security.web.authentication.session.CompositeSessionAuthenticationStrategy [http-nio-8080-exec-4] Delegating to org.springframework.security.web.authentication.session.ChangeSessionIdAuthenticationStrategy@4d2bcca8
2020-05-03 18:40:15,346 DEBUG org.springframework.security.web.FilterChainProxy$VirtualFilterChain [http-nio-8080-exec-4] /competitions/enrollment at position 10 of 11 in additional filter chain; firing Filter: 'ExceptionTranslationFilter'
2020-05-03 18:40:15,347 DEBUG org.springframework.security.web.FilterChainProxy$VirtualFilterChain [http-nio-8080-exec-4] /competitions/enrollment at position 11 of 11 in additional filter chain; firing Filter: 'FilterSecurityInterceptor'
2020-05-03 18:40:15,347 DEBUG org.springframework.security.access.intercept.AbstractSecurityInterceptor [http-nio-8080-exec-4] Secure object: FilterInvocation: URL: /competitions/enrollment; Attributes: [#oauth2.throwOnError(authenticated)]
2020-05-03 18:40:15,348 DEBUG org.springframework.security.access.intercept.AbstractSecurityInterceptor [http-nio-8080-exec-4] Previously Authenticated: org.springframework.security.oauth2.provider.OAuth2Authentication@e2f94861: Principal: admin; Credentials: [PROTECTED]; Authenticated: true; Details: remoteAddress=192.168.43.52, tokenType=BearertokenValue=<TOKEN>; Granted Authorities: ROLE_ADMN, ROLE_CONT, FUNC_VIEW_ADMIN_MENU, FUNC_CONT_MENU, FUNC_CONT_MENU
2020-05-03 18:40:15,348 DEBUG org.springframework.security.access.vote.AffirmativeBased [http-nio-8080-exec-4] Voter: org.springframework.security.web.access.expression.WebExpressionVoter@1df16de2, returned: 1
2020-05-03 18:40:15,350 DEBUG org.springframework.security.access.intercept.AbstractSecurityInterceptor [http-nio-8080-exec-4] Authorization successful
2020-05-03 18:40:15,352 DEBUG org.springframework.security.access.intercept.AbstractSecurityInterceptor [http-nio-8080-exec-4] RunAsManager did not change Authentication object
2020-05-03 18:40:15,352 DEBUG org.springframework.security.web.FilterChainProxy$VirtualFilterChain [http-nio-8080-exec-4] /competitions/enrollment reached end of additional filter chain; proceeding with original chain
2020-05-03 18:40:15,353 DEBUG org.springframework.core.log.LogFormatUtils [http-nio-8080-exec-4] GET "/competitions/enrollment", parameters={}
2020-05-03 18:40:15,355 DEBUG org.springframework.web.servlet.handler.AbstractHandlerMapping [http-nio-8080-exec-4] Mapped to com.surshree.app.controllers.CompetitionController#getEnrolledCompetition()
2020-05-03 18:40:15,358 DEBUG org.springframework.orm.jpa.support.OpenEntityManagerInViewInterceptor [http-nio-8080-exec-4] Opening JPA EntityManager in OpenEntityManagerInViewInterceptor
2020-05-03 18:40:15,361 DEBUG org.springframework.orm.jpa.JpaTransactionManager [http-nio-8080-exec-4] Found thread-bound EntityManager [SessionImpl(1954670915<open>)] for JPA transaction
2020-05-03 18:40:15,363 DEBUG org.springframework.transaction.support.AbstractPlatformTransactionManager [http-nio-8080-exec-4] Creating new transaction with name [com.surshree.app.services.CustomUserDetailsService.loadUserByUsername]: PROPAGATION_REQUIRED,ISOLATION_DEFAULT
2020-05-03 18:40:15,366 DEBUG org.springframework.orm.jpa.JpaTransactionManager [http-nio-8080-exec-4] Exposing JPA transaction as JDBC [org.springframework.orm.jpa.vendor.HibernateJpaDialect$HibernateConnectionHandle@45339a42]
2020-05-03 18:40:15,367 INFO com.surshree.app.services.CustomUserDetailsService [http-nio-8080-exec-4] Granted Authorities --> ROLE_ADMN
2020-05-03 18:40:15,368 INFO com.surshree.app.services.CustomUserDetailsService [http-nio-8080-exec-4] Granted Authorities --> ROLE_CONT
2020-05-03 18:40:15,368 INFO com.surshree.app.services.CustomUserDetailsService [http-nio-8080-exec-4] Granted Authorities --> FUNC_CONT_MENU
2020-05-03 18:40:15,368 INFO com.surshree.app.services.CustomUserDetailsService [http-nio-8080-exec-4] Granted Authorities --> FUNC_VIEW_ADMIN_MENU
2020-05-03 18:40:15,369 INFO com.surshree.app.services.CustomUserDetailsService [http-nio-8080-exec-4] Granted Authorities --> FUNC_CONT_MENU
2020-05-03 18:40:15,369 DEBUG org.springframework.transaction.support.AbstractPlatformTransactionManager [http-nio-8080-exec-4] Initiating transaction commit
2020-05-03 18:40:15,372 DEBUG org.springframework.orm.jpa.JpaTransactionManager [http-nio-8080-exec-4] Committing JPA transaction on EntityManager [SessionImpl(1954670915<open>)]
2020-05-03 18:40:15,373 DEBUG org.springframework.orm.jpa.JpaTransactionManager [http-nio-8080-exec-4] Not closing pre-bound JPA EntityManager after transaction
2020-05-03 18:40:15,461 DEBUG org.springframework.web.servlet.mvc.method.annotation.AbstractMessageConverterMethodProcessor [http-nio-8080-exec-4] Using 'application/json', given [application/json] and supported [application/json, application/*+json, application/json, application/*+json]
2020-05-03 18:40:15,464 DEBUG org.springframework.core.log.LogFormatUtils [http-nio-8080-exec-4] Writing [[com.surshree.app.models.comp.EnrollmentResponse@2f99b2af, com.surshree.app.models.comp.EnrollmentRe (truncated)...]
2020-05-03 18:40:15,474 DEBUG org.springframework.security.web.header.writers.HstsHeaderWriter [http-nio-8080-exec-4] Not injecting HSTS header since it did not match the requestMatcher org.springframework.security.web.header.writers.HstsHeaderWriter$SecureRequestMatcher@338d701d
2020-05-03 18:40:15,491 DEBUG org.springframework.orm.jpa.support.OpenEntityManagerInViewInterceptor [http-nio-8080-exec-4] Closing JPA EntityManager in OpenEntityManagerInViewInterceptor
2020-05-03 18:40:15,498 DEBUG org.springframework.web.servlet.FrameworkServlet [http-nio-8080-exec-4] Completed 200 OK
2020-05-03 18:40:15,499 DEBUG org.springframework.security.web.access.ExceptionTranslationFilter [http-nio-8080-exec-4] Chain processed normally
2020-05-03 18:40:15,504 DEBUG org.springframework.security.web.context.SecurityContextPersistenceFilter [http-nio-8080-exec-4] SecurityContextHolder now cleared, as request processing completed
2020-05-03 18:40:34,640 DEBUG org.springframework.security.web.util.matcher.OrRequestMatcher [http-nio-8080-exec-5] Trying to match using Ant [pattern='/oauth/token']
2020-05-03 18:40:34,640 DEBUG org.springframework.security.web.util.matcher.AntPathRequestMatcher [http-nio-8080-exec-5] Checking match of request : '/competitions/search'; against '/oauth/token'
2020-05-03 18:40:34,641 DEBUG org.springframework.security.web.util.matcher.OrRequestMatcher [http-nio-8080-exec-5] Trying to match using Ant [pattern='/oauth/token_key']
2020-05-03 18:40:34,641 DEBUG org.springframework.security.web.util.matcher.AntPathRequestMatcher [http-nio-8080-exec-5] Checking match of request : '/competitions/search'; against '/oauth/token_key'
2020-05-03 18:40:34,641 DEBUG org.springframework.security.web.util.matcher.OrRequestMatcher [http-nio-8080-exec-5] Trying to match using Ant [pattern='/oauth/check_token']
2020-05-03 18:40:34,641 DEBUG org.springframework.security.web.util.matcher.AntPathRequestMatcher [http-nio-8080-exec-5] Checking match of request : '/competitions/search'; against '/oauth/check_token'
2020-05-03 18:40:34,641 DEBUG org.springframework.security.web.util.matcher.OrRequestMatcher [http-nio-8080-exec-5] No matches found
2020-05-03 18:40:34,642 DEBUG org.springframework.security.web.FilterChainProxy$VirtualFilterChain [http-nio-8080-exec-5] /competitions/search at position 1 of 11 in additional filter chain; firing Filter: 'WebAsyncManagerIntegrationFilter'
2020-05-03 18:40:34,642 DEBUG org.springframework.security.web.FilterChainProxy$VirtualFilterChain [http-nio-8080-exec-5] /competitions/search at position 2 of 11 in additional filter chain; firing Filter: 'SecurityContextPersistenceFilter'
2020-05-03 18:40:34,642 DEBUG org.springframework.security.web.FilterChainProxy$VirtualFilterChain [http-nio-8080-exec-5] /competitions/search at position 3 of 11 in additional filter chain; firing Filter: 'HeaderWriterFilter'
2020-05-03 18:40:34,643 DEBUG org.springframework.security.web.FilterChainProxy$VirtualFilterChain [http-nio-8080-exec-5] /competitions/search at position 4 of 11 in additional filter chain; firing Filter: 'LogoutFilter'
2020-05-03 18:40:34,643 DEBUG org.springframework.security.web.util.matcher.OrRequestMatcher [http-nio-8080-exec-5] Trying to match using Ant [pattern='/logout', GET]
2020-05-03 18:40:34,643 DEBUG org.springframework.security.web.util.matcher.AntPathRequestMatcher [http-nio-8080-exec-5] Request 'POST /competitions/search' doesn't match 'GET /logout'
2020-05-03 18:40:34,644 DEBUG org.springframework.security.web.util.matcher.OrRequestMatcher [http-nio-8080-exec-5] Trying to match using Ant [pattern='/logout', POST]
2020-05-03 18:40:34,644 DEBUG org.springframework.security.web.util.matcher.AntPathRequestMatcher [http-nio-8080-exec-5] Checking match of request : '/competitions/search'; against '/logout'
2020-05-03 18:40:34,644 DEBUG org.springframework.security.web.util.matcher.OrRequestMatcher [http-nio-8080-exec-5] Trying to match using Ant [pattern='/logout', PUT]
2020-05-03 18:40:34,644 DEBUG org.springframework.security.web.util.matcher.AntPathRequestMatcher [http-nio-8080-exec-5] Request 'POST /competitions/search' doesn't match 'PUT /logout'
2020-05-03 18:40:34,645 DEBUG org.springframework.security.web.util.matcher.OrRequestMatcher [http-nio-8080-exec-5] Trying to match using Ant [pattern='/logout', DELETE]
2020-05-03 18:40:34,645 DEBUG org.springframework.security.web.util.matcher.AntPathRequestMatcher [http-nio-8080-exec-5] Request 'POST /competitions/search' doesn't match 'DELETE /logout'
2020-05-03 18:40:34,645 DEBUG org.springframework.security.web.util.matcher.OrRequestMatcher [http-nio-8080-exec-5] No matches found
2020-05-03 18:40:34,645 DEBUG org.springframework.security.web.FilterChainProxy$VirtualFilterChain [http-nio-8080-exec-5] /competitions/search at position 5 of 11 in additional filter chain; firing Filter: 'OAuth2AuthenticationProcessingFilter'
2020-05-03 18:40:34,646 DEBUG org.springframework.jdbc.core.JdbcTemplate [http-nio-8080-exec-5] Executing prepared SQL query
2020-05-03 18:40:34,646 DEBUG org.springframework.jdbc.core.JdbcTemplate [http-nio-8080-exec-5] Executing prepared SQL statement [select token_id, token from oauth_access_token where token_id = ?]
2020-05-03 18:40:34,647 DEBUG org.springframework.jdbc.datasource.DataSourceUtils [http-nio-8080-exec-5] Fetching JDBC Connection from DataSource
2020-05-03 18:40:34,651 DEBUG org.springframework.jdbc.core.JdbcTemplate [http-nio-8080-exec-5] Executing prepared SQL query
2020-05-03 18:40:34,652 DEBUG org.springframework.jdbc.core.JdbcTemplate [http-nio-8080-exec-5] Executing prepared SQL statement [select token_id, authentication from oauth_access_token where token_id = ?]
2020-05-03 18:40:34,652 DEBUG org.springframework.jdbc.datasource.DataSourceUtils [http-nio-8080-exec-5] Fetching JDBC Connection from DataSource
2020-05-03 18:40:34,656 DEBUG org.springframework.security.oauth2.provider.authentication.OAuth2AuthenticationProcessingFilter [http-nio-8080-exec-5] Authentication success: org.springframework.security.oauth2.provider.OAuth2Authentication@e2f94861: Principal: admin; Credentials: [PROTECTED]; Authenticated: true; Details: remoteAddress=192.168.43.52, tokenType=BearertokenValue=<TOKEN>; Granted Authorities: ROLE_ADMN, ROLE_CONT, FUNC_VIEW_ADMIN_MENU, FUNC_CONT_MENU, FUNC_CONT_MENU
2020-05-03 18:40:34,657 DEBUG org.springframework.security.web.FilterChainProxy$VirtualFilterChain [http-nio-8080-exec-5] /competitions/search at position 6 of 11 in additional filter chain; firing Filter: 'RequestCacheAwareFilter'
2020-05-03 18:40:34,657 DEBUG org.springframework.security.web.FilterChainProxy$VirtualFilterChain [http-nio-8080-exec-5] /competitions/search at position 7 of 11 in additional filter chain; firing Filter: 'SecurityContextHolderAwareRequestFilter'
2020-05-03 18:40:34,657 DEBUG org.springframework.security.web.FilterChainProxy$VirtualFilterChain [http-nio-8080-exec-5] /competitions/search at position 8 of 11 in additional filter chain; firing Filter: 'AnonymousAuthenticationFilter'
2020-05-03 18:40:34,658 DEBUG org.springframework.security.web.authentication.AnonymousAuthenticationFilter [http-nio-8080-exec-5] SecurityContextHolder not populated with anonymous token, as it already contained: 'org.springframework.security.oauth2.provider.OAuth2Authentication@e2f94861: Principal: admin; Credentials: [PROTECTED]; Authenticated: true; Details: remoteAddress=192.168.43.52, tokenType=BearertokenValue=<TOKEN>; Granted Authorities: ROLE_ADMN, ROLE_CONT, FUNC_VIEW_ADMIN_MENU, FUNC_CONT_MENU, FUNC_CONT_MENU'
2020-05-03 18:40:34,658 DEBUG org.springframework.security.web.FilterChainProxy$VirtualFilterChain [http-nio-8080-exec-5] /competitions/search at position 9 of 11 in additional filter chain; firing Filter: 'SessionManagementFilter'
2020-05-03 18:40:34,658 DEBUG org.springframework.security.web.authentication.session.CompositeSessionAuthenticationStrategy [http-nio-8080-exec-5] Delegating to org.springframework.security.web.authentication.session.ChangeSessionIdAuthenticationStrategy@4d2bcca8
2020-05-03 18:40:34,659 DEBUG org.springframework.security.web.FilterChainProxy$VirtualFilterChain [http-nio-8080-exec-5] /competitions/search at position 10 of 11 in additional filter chain; firing Filter: 'ExceptionTranslationFilter'
2020-05-03 18:40:34,659 DEBUG org.springframework.security.web.FilterChainProxy$VirtualFilterChain [http-nio-8080-exec-5] /competitions/search at position 11 of 11 in additional filter chain; firing Filter: 'FilterSecurityInterceptor'
2020-05-03 18:40:34,660 DEBUG org.springframework.security.access.intercept.AbstractSecurityInterceptor [http-nio-8080-exec-5] Secure object: FilterInvocation: URL: /competitions/search; Attributes: [#oauth2.throwOnError(authenticated)]
2020-05-03 18:40:34,660 DEBUG org.springframework.security.access.intercept.AbstractSecurityInterceptor [http-nio-8080-exec-5] Previously Authenticated: org.springframework.security.oauth2.provider.OAuth2Authentication@e2f94861: Principal: admin; Credentials: [PROTECTED]; Authenticated: true; Details: remoteAddress=192.168.43.52, tokenType=BearertokenValue=<TOKEN>; Granted Authorities: ROLE_ADMN, ROLE_CONT, FUNC_VIEW_ADMIN_MENU, FUNC_CONT_MENU, FUNC_CONT_MENU
2020-05-03 18:40:34,661 DEBUG org.springframework.security.access.vote.AffirmativeBased [http-nio-8080-exec-5] Voter: org.springframework.security.web.access.expression.WebExpressionVoter@1df16de2, returned: 1
2020-05-03 18:40:34,661 DEBUG org.springframework.security.access.intercept.AbstractSecurityInterceptor [http-nio-8080-exec-5] Authorization successful
2020-05-03 18:40:34,661 DEBUG org.springframework.security.access.intercept.AbstractSecurityInterceptor [http-nio-8080-exec-5] RunAsManager did not change Authentication object
2020-05-03 18:40:34,662 DEBUG org.springframework.security.web.FilterChainProxy$VirtualFilterChain [http-nio-8080-exec-5] /competitions/search reached end of additional filter chain; proceeding with original chain
2020-05-03 18:40:34,662 DEBUG org.springframework.core.log.LogFormatUtils [http-nio-8080-exec-5] POST "/competitions/search", parameters={}
2020-05-03 18:40:34,663 DEBUG org.springframework.web.servlet.handler.AbstractHandlerMapping [http-nio-8080-exec-5] Mapped to com.surshree.app.controllers.CompetitionController#searchCompetitions(CompetitionSearchModel)
2020-05-03 18:40:34,665 DEBUG org.springframework.orm.jpa.support.OpenEntityManagerInViewInterceptor [http-nio-8080-exec-5] Opening JPA EntityManager in OpenEntityManagerInViewInterceptor
2020-05-03 18:40:34,810 DEBUG org.springframework.core.log.LogFormatUtils [http-nio-8080-exec-5] Read "application/json;charset=UTF-8" to [com.surshree.app.models.comp.CompetitionSearchModel@a79d2f1]
2020-05-03 18:40:34,858 DEBUG org.springframework.web.servlet.mvc.method.annotation.AbstractMessageConverterMethodProcessor [http-nio-8080-exec-5] Using 'application/json', given [application/json] and supported [application/json, application/*+json, application/json, application/*+json]
2020-05-03 18:40:34,859 DEBUG org.springframework.core.log.LogFormatUtils [http-nio-8080-exec-5] Writing [[com.surshree.app.models.comp.CompetitionRequestResponseModel@60702671, com.surshree.app.models.comp (truncated)...]
2020-05-03 18:40:34,862 DEBUG org.springframework.security.web.header.writers.HstsHeaderWriter [http-nio-8080-exec-5] Not injecting HSTS header since it did not match the requestMatcher org.springframework.security.web.header.writers.HstsHeaderWriter$SecureRequestMatcher@338d701d
2020-05-03 18:40:34,865 DEBUG org.springframework.orm.jpa.support.OpenEntityManagerInViewInterceptor [http-nio-8080-exec-5] Closing JPA EntityManager in OpenEntityManagerInViewInterceptor
2020-05-03 18:40:34,866 DEBUG org.springframework.web.servlet.FrameworkServlet [http-nio-8080-exec-5] Completed 200 OK
2020-05-03 18:40:34,867 DEBUG org.springframework.security.web.access.ExceptionTranslationFilter [http-nio-8080-exec-5] Chain processed normally
2020-05-03 18:40:34,867 DEBUG org.springframework.security.web.context.SecurityContextPersistenceFilter [http-nio-8080-exec-5] SecurityContextHolder now cleared, as request processing completed
2020-05-03 18:40:42,010 DEBUG org.springframework.security.web.util.matcher.OrRequestMatcher [http-nio-8080-exec-6] Trying to match using Ant [pattern='/oauth/token']
2020-05-03 18:40:42,011 DEBUG org.springframework.security.web.util.matcher.AntPathRequestMatcher [http-nio-8080-exec-6] Checking match of request : '/competitions/search'; against '/oauth/token'
2020-05-03 18:40:42,011 DEBUG org.springframework.security.web.util.matcher.OrRequestMatcher [http-nio-8080-exec-6] Trying to match using Ant [pattern='/oauth/token_key']
2020-05-03 18:40:42,015 DEBUG org.springframework.security.web.util.matcher.AntPathRequestMatcher [http-nio-8080-exec-6] Checking match of request : '/competitions/search'; against '/oauth/token_key'
2020-05-03 18:40:42,016 DEBUG org.springframework.security.web.util.matcher.OrRequestMatcher [http-nio-8080-exec-6] Trying to match using Ant [pattern='/oauth/check_token']
2020-05-03 18:40:42,016 DEBUG org.springframework.security.web.util.matcher.AntPathRequestMatcher [http-nio-8080-exec-6] Checking match of request : '/competitions/search'; against '/oauth/check_token'
2020-05-03 18:40:42,016 DEBUG org.springframework.security.web.util.matcher.OrRequestMatcher [http-nio-8080-exec-6] No matches found
2020-05-03 18:40:42,016 DEBUG org.springframework.security.web.FilterChainProxy$VirtualFilterChain [http-nio-8080-exec-6] /competitions/search at position 1 of 11 in additional filter chain; firing Filter: 'WebAsyncManagerIntegrationFilter'
2020-05-03 18:40:42,017 DEBUG org.springframework.security.web.FilterChainProxy$VirtualFilterChain [http-nio-8080-exec-6] /competitions/search at position 2 of 11 in additional filter chain; firing Filter: 'SecurityContextPersistenceFilter'
2020-05-03 18:40:42,017 DEBUG org.springframework.security.web.FilterChainProxy$VirtualFilterChain [http-nio-8080-exec-6] /competitions/search at position 3 of 11 in additional filter chain; firing Filter: 'HeaderWriterFilter'
2020-05-03 18:40:42,017 DEBUG org.springframework.security.web.FilterChainProxy$VirtualFilterChain [http-nio-8080-exec-6] /competitions/search at position 4 of 11 in additional filter chain; firing Filter: 'LogoutFilter'
2020-05-03 18:40:42,017 DEBUG org.springframework.security.web.util.matcher.OrRequestMatcher [http-nio-8080-exec-6] Trying to match using Ant [pattern='/logout', GET]
2020-05-03 18:40:42,018 DEBUG org.springframework.security.web.util.matcher.AntPathRequestMatcher [http-nio-8080-exec-6] Request 'POST /competitions/search' doesn't match 'GET /logout'
2020-05-03 18:40:42,018 DEBUG org.springframework.security.web.util.matcher.OrRequestMatcher [http-nio-8080-exec-6] Trying to match using Ant [pattern='/logout', POST]
2020-05-03 18:40:42,018 DEBUG org.springframework.security.web.util.matcher.AntPathRequestMatcher [http-nio-8080-exec-6] Checking match of request : '/competitions/search'; against '/logout'
2020-05-03 18:40:42,018 DEBUG org.springframework.security.web.util.matcher.OrRequestMatcher [http-nio-8080-exec-6] Trying to match using Ant [pattern='/logout', PUT]
2020-05-03 18:40:42,019 DEBUG org.springframework.security.web.util.matcher.AntPathRequestMatcher [http-nio-8080-exec-6] Request 'POST /competitions/search' doesn't match 'PUT /logout'
2020-05-03 18:40:42,019 DEBUG org.springframework.security.web.util.matcher.OrRequestMatcher [http-nio-8080-exec-6] Trying to match using Ant [pattern='/logout', DELETE]
2020-05-03 18:40:42,019 DEBUG org.springframework.security.web.util.matcher.AntPathRequestMatcher [http-nio-8080-exec-6] Request 'POST /competitions/search' doesn't match 'DELETE /logout'
2020-05-03 18:40:42,021 DEBUG org.springframework.security.web.util.matcher.OrRequestMatcher [http-nio-8080-exec-6] No matches found
2020-05-03 18:40:42,021 DEBUG org.springframework.security.web.FilterChainProxy$VirtualFilterChain [http-nio-8080-exec-6] /competitions/search at position 5 of 11 in additional filter chain; firing Filter: 'OAuth2AuthenticationProcessingFilter'
2020-05-03 18:40:42,022 DEBUG org.springframework.jdbc.core.JdbcTemplate [http-nio-8080-exec-6] Executing prepared SQL query
2020-05-03 18:40:42,022 DEBUG org.springframework.jdbc.core.JdbcTemplate [http-nio-8080-exec-6] Executing prepared SQL statement [select token_id, token from oauth_access_token where token_id = ?]
2020-05-03 18:40:42,023 DEBUG org.springframework.jdbc.datasource.DataSourceUtils [http-nio-8080-exec-6] Fetching JDBC Connection from DataSource
2020-05-03 18:40:42,046 DEBUG org.springframework.jdbc.core.JdbcTemplate [http-nio-8080-exec-6] Executing prepared SQL query
2020-05-03 18:40:42,047 DEBUG org.springframework.jdbc.core.JdbcTemplate [http-nio-8080-exec-6] Executing prepared SQL statement [select token_id, authentication from oauth_access_token where token_id = ?]
2020-05-03 18:40:42,047 DEBUG org.springframework.jdbc.datasource.DataSourceUtils [http-nio-8080-exec-6] Fetching JDBC Connection from DataSource
2020-05-03 18:40:42,052 DEBUG org.springframework.security.oauth2.provider.authentication.OAuth2AuthenticationProcessingFilter [http-nio-8080-exec-6] Authentication success: org.springframework.security.oauth2.provider.OAuth2Authentication@e2f94861: Principal: admin; Credentials: [PROTECTED]; Authenticated: true; Details: remoteAddress=192.168.43.52, tokenType=BearertokenValue=<TOKEN>; Granted Authorities: ROLE_ADMN, ROLE_CONT, FUNC_VIEW_ADMIN_MENU, FUNC_CONT_MENU, FUNC_CONT_MENU
2020-05-03 18:40:42,053 DEBUG org.springframework.security.web.FilterChainProxy$VirtualFilterChain [http-nio-8080-exec-6] /competitions/search at position 6 of 11 in additional filter chain; firing Filter: 'RequestCacheAwareFilter'
2020-05-03 18:40:42,053 DEBUG org.springframework.security.web.FilterChainProxy$VirtualFilterChain [http-nio-8080-exec-6] /competitions/search at position 7 of 11 in additional filter chain; firing Filter: 'SecurityContextHolderAwareRequestFilter'
2020-05-03 18:40:42,053 DEBUG org.springframework.security.web.FilterChainProxy$VirtualFilterChain [http-nio-8080-exec-6] /competitions/search at position 8 of 11 in additional filter chain; firing Filter: 'AnonymousAuthenticationFilter'
2020-05-03 18:40:42,054 DEBUG org.springframework.security.web.authentication.AnonymousAuthenticationFilter [http-nio-8080-exec-6] SecurityContextHolder not populated with anonymous token, as it already contained: 'org.springframework.security.oauth2.provider.OAuth2Authentication@e2f94861: Principal: admin; Credentials: [PROTECTED]; Authenticated: true; Details: remoteAddress=192.168.43.52, tokenType=BearertokenValue=<TOKEN>; Granted Authorities: ROLE_ADMN, ROLE_CONT, FUNC_VIEW_ADMIN_MENU, FUNC_CONT_MENU, FUNC_CONT_MENU'
2020-05-03 18:40:42,055 DEBUG org.springframework.security.web.FilterChainProxy$VirtualFilterChain [http-nio-8080-exec-6] /competitions/search at position 9 of 11 in additional filter chain; firing Filter: 'SessionManagementFilter'
2020-05-03 18:40:42,055 DEBUG org.springframework.security.web.authentication.session.CompositeSessionAuthenticationStrategy [http-nio-8080-exec-6] Delegating to org.springframework.security.web.authentication.session.ChangeSessionIdAuthenticationStrategy@4d2bcca8
2020-05-03 18:40:42,056 DEBUG org.springframework.security.web.FilterChainProxy$VirtualFilterChain [http-nio-8080-exec-6] /competitions/search at position 10 of 11 in additional filter chain; firing Filter: 'ExceptionTranslationFilter'
2020-05-03 18:40:42,056 DEBUG org.springframework.security.web.FilterChainProxy$VirtualFilterChain [http-nio-8080-exec-6] /competitions/search at position 11 of 11 in additional filter chain; firing Filter: 'FilterSecurityInterceptor'
2020-05-03 18:40:42,057 DEBUG org.springframework.security.access.intercept.AbstractSecurityInterceptor [http-nio-8080-exec-6] Secure object: FilterInvocation: URL: /competitions/search; Attributes: [#oauth2.throwOnError(authenticated)]
2020-05-03 18:40:42,062 DEBUG org.springframework.security.access.intercept.AbstractSecurityInterceptor [http-nio-8080-exec-6] Previously Authenticated: org.springframework.security.oauth2.provider.OAuth2Authentication@e2f94861: Principal: admin; Credentials: [PROTECTED]; Authenticated: true; Details: remoteAddress=192.168.43.52, tokenType=BearertokenValue=<TOKEN>; Granted Authorities: ROLE_ADMN, ROLE_CONT, FUNC_VIEW_ADMIN_MENU, FUNC_CONT_MENU, FUNC_CONT_MENU
2020-05-03 18:40:42,064 DEBUG org.springframework.security.access.vote.AffirmativeBased [http-nio-8080-exec-6] Voter: org.springframework.security.web.access.expression.WebExpressionVoter@1df16de2, returned: 1
2020-05-03 18:40:42,064 DEBUG org.springframework.security.access.intercept.AbstractSecurityInterceptor [http-nio-8080-exec-6] Authorization successful
2020-05-03 18:40:42,064 DEBUG org.springframework.security.access.intercept.AbstractSecurityInterceptor [http-nio-8080-exec-6] RunAsManager did not change Authentication object
2020-05-03 18:40:42,065 DEBUG org.springframework.security.web.FilterChainProxy$VirtualFilterChain [http-nio-8080-exec-6] /competitions/search reached end of additional filter chain; proceeding with original chain
2020-05-03 18:40:42,065 DEBUG org.springframework.core.log.LogFormatUtils [http-nio-8080-exec-6] POST "/competitions/search", parameters={}
2020-05-03 18:40:42,066 DEBUG org.springframework.web.servlet.handler.AbstractHandlerMapping [http-nio-8080-exec-6] Mapped to com.surshree.app.controllers.CompetitionController#searchCompetitions(CompetitionSearchModel)
2020-05-03 18:40:42,067 DEBUG org.springframework.orm.jpa.support.OpenEntityManagerInViewInterceptor [http-nio-8080-exec-6] Opening JPA EntityManager in OpenEntityManagerInViewInterceptor
2020-05-03 18:40:42,071 DEBUG org.springframework.core.log.LogFormatUtils [http-nio-8080-exec-6] Read "application/json;charset=UTF-8" to [com.surshree.app.models.comp.CompetitionSearchModel@488ddc8c]
2020-05-03 18:40:42,121 DEBUG org.springframework.web.servlet.mvc.method.annotation.AbstractMessageConverterMethodProcessor [http-nio-8080-exec-6] Using 'application/json', given [application/json] and supported [application/json, application/*+json, application/json, application/*+json]
2020-05-03 18:40:42,121 DEBUG org.springframework.core.log.LogFormatUtils [http-nio-8080-exec-6] Writing [[]]
2020-05-03 18:40:42,122 DEBUG org.springframework.security.web.header.writers.HstsHeaderWriter [http-nio-8080-exec-6] Not injecting HSTS header since it did not match the requestMatcher org.springframework.security.web.header.writers.HstsHeaderWriter$SecureRequestMatcher@338d701d
2020-05-03 18:40:42,126 DEBUG org.springframework.orm.jpa.support.OpenEntityManagerInViewInterceptor [http-nio-8080-exec-6] Closing JPA EntityManager in OpenEntityManagerInViewInterceptor
2020-05-03 18:40:42,127 DEBUG org.springframework.web.servlet.FrameworkServlet [http-nio-8080-exec-6] Completed 200 OK
2020-05-03 18:40:42,128 DEBUG org.springframework.security.web.access.ExceptionTranslationFilter [http-nio-8080-exec-6] Chain processed normally
2020-05-03 18:40:42,130 DEBUG org.springframework.security.web.context.SecurityContextPersistenceFilter [http-nio-8080-exec-6] SecurityContextHolder now cleared, as request processing completed
2020-05-03 18:40:46,291 DEBUG org.springframework.security.web.util.matcher.OrRequestMatcher [http-nio-8080-exec-7] Trying to match using Ant [pattern='/oauth/token']
2020-05-03 18:40:46,293 DEBUG org.springframework.security.web.util.matcher.AntPathRequestMatcher [http-nio-8080-exec-7] Checking match of request : '/competitions/search'; against '/oauth/token'
2020-05-03 18:40:46,294 DEBUG org.springframework.security.web.util.matcher.OrRequestMatcher [http-nio-8080-exec-7] Trying to match using Ant [pattern='/oauth/token_key']
2020-05-03 18:40:46,294 DEBUG org.springframework.security.web.util.matcher.AntPathRequestMatcher [http-nio-8080-exec-7] Checking match of request : '/competitions/search'; against '/oauth/token_key'
2020-05-03 18:40:46,294 DEBUG org.springframework.security.web.util.matcher.OrRequestMatcher [http-nio-8080-exec-7] Trying to match using Ant [pattern='/oauth/check_token']
2020-05-03 18:40:46,294 DEBUG org.springframework.security.web.util.matcher.AntPathRequestMatcher [http-nio-8080-exec-7] Checking match of request : '/competitions/search'; against '/oauth/check_token'
2020-05-03 18:40:46,295 DEBUG org.springframework.security.web.util.matcher.OrRequestMatcher [http-nio-8080-exec-7] No matches found
2020-05-03 18:40:46,295 DEBUG org.springframework.security.web.FilterChainProxy$VirtualFilterChain [http-nio-8080-exec-7] /competitions/search at position 1 of 11 in additional filter chain; firing Filter: 'WebAsyncManagerIntegrationFilter'
2020-05-03 18:40:46,295 DEBUG org.springframework.security.web.FilterChainProxy$VirtualFilterChain [http-nio-8080-exec-7] /competitions/search at position 2 of 11 in additional filter chain; firing Filter: 'SecurityContextPersistenceFilter'
2020-05-03 18:40:46,295 DEBUG org.springframework.security.web.FilterChainProxy$VirtualFilterChain [http-nio-8080-exec-7] /competitions/search at position 3 of 11 in additional filter chain; firing Filter: 'HeaderWriterFilter'
2020-05-03 18:40:46,295 DEBUG org.springframework.security.web.FilterChainProxy$VirtualFilterChain [http-nio-8080-exec-7] /competitions/search at position 4 of 11 in additional filter chain; firing Filter: 'LogoutFilter'
2020-05-03 18:40:46,295 DEBUG org.springframework.security.web.util.matcher.OrRequestMatcher [http-nio-8080-exec-7] Trying to match using Ant [pattern='/logout', GET]
2020-05-03 18:40:46,296 DEBUG org.springframework.security.web.util.matcher.AntPathRequestMatcher [http-nio-8080-exec-7] Request 'POST /competitions/search' doesn't match 'GET /logout'
2020-05-03 18:40:46,296 DEBUG org.springframework.security.web.util.matcher.OrRequestMatcher [http-nio-8080-exec-7] Trying to match using Ant [pattern='/logout', POST]
2020-05-03 18:40:46,296 DEBUG org.springframework.security.web.util.matcher.AntPathRequestMatcher [http-nio-8080-exec-7] Checking match of request : '/competitions/search'; against '/logout'
2020-05-03 18:40:46,296 DEBUG org.springframework.security.web.util.matcher.OrRequestMatcher [http-nio-8080-exec-7] Trying to match using Ant [pattern='/logout', PUT]
2020-05-03 18:40:46,296 DEBUG org.springframework.security.web.util.matcher.AntPathRequestMatcher [http-nio-8080-exec-7] Request 'POST /competitions/search' doesn't match 'PUT /logout'
2020-05-03 18:40:46,296 DEBUG org.springframework.security.web.util.matcher.OrRequestMatcher [http-nio-8080-exec-7] Trying to match using Ant [pattern='/logout', DELETE]
2020-05-03 18:40:46,297 DEBUG org.springframework.security.web.util.matcher.AntPathRequestMatcher [http-nio-8080-exec-7] Request 'POST /competitions/search' doesn't match 'DELETE /logout'
2020-05-03 18:40:46,297 DEBUG org.springframework.security.web.util.matcher.OrRequestMatcher [http-nio-8080-exec-7] No matches found
2020-05-03 18:40:46,297 DEBUG org.springframework.security.web.FilterChainProxy$VirtualFilterChain [http-nio-8080-exec-7] /competitions/search at position 5 of 11 in additional filter chain; firing Filter: 'OAuth2AuthenticationProcessingFilter'
2020-05-03 18:40:46,297 DEBUG org.springframework.jdbc.core.JdbcTemplate [http-nio-8080-exec-7] Executing prepared SQL query
2020-05-03 18:40:46,298 DEBUG org.springframework.jdbc.core.JdbcTemplate [http-nio-8080-exec-7] Executing prepared SQL statement [select token_id, token from oauth_access_token where token_id = ?]
2020-05-03 18:40:46,298 DEBUG org.springframework.jdbc.datasource.DataSourceUtils [http-nio-8080-exec-7] Fetching JDBC Connection from DataSource
2020-05-03 18:40:46,302 DEBUG org.springframework.jdbc.core.JdbcTemplate [http-nio-8080-exec-7] Executing prepared SQL query
2020-05-03 18:40:46,302 DEBUG org.springframework.jdbc.core.JdbcTemplate [http-nio-8080-exec-7] Executing prepared SQL statement [select token_id, authentication from oauth_access_token where token_id = ?]
2020-05-03 18:40:46,303 DEBUG org.springframework.jdbc.datasource.DataSourceUtils [http-nio-8080-exec-7] Fetching JDBC Connection from DataSource
2020-05-03 18:40:46,307 DEBUG org.springframework.security.oauth2.provider.authentication.OAuth2AuthenticationProcessingFilter [http-nio-8080-exec-7] Authentication success: org.springframework.security.oauth2.provider.OAuth2Authentication@e2f94861: Principal: admin; Credentials: [PROTECTED]; Authenticated: true; Details: remoteAddress=192.168.43.52, tokenType=BearertokenValue=<TOKEN>; Granted Authorities: ROLE_ADMN, ROLE_CONT, FUNC_VIEW_ADMIN_MENU, FUNC_CONT_MENU, FUNC_CONT_MENU
2020-05-03 18:40:46,308 DEBUG org.springframework.security.web.FilterChainProxy$VirtualFilterChain [http-nio-8080-exec-7] /competitions/search at position 6 of 11 in additional filter chain; firing Filter: 'RequestCacheAwareFilter'
2020-05-03 18:40:46,308 DEBUG org.springframework.security.web.FilterChainProxy$VirtualFilterChain [http-nio-8080-exec-7] /competitions/search at position 7 of 11 in additional filter chain; firing Filter: 'SecurityContextHolderAwareRequestFilter'
2020-05-03 18:40:46,309 DEBUG org.springframework.security.web.FilterChainProxy$VirtualFilterChain [http-nio-8080-exec-7] /competitions/search at position 8 of 11 in additional filter chain; firing Filter: 'AnonymousAuthenticationFilter'
2020-05-03 18:40:46,310 DEBUG org.springframework.security.web.authentication.AnonymousAuthenticationFilter [http-nio-8080-exec-7] SecurityContextHolder not populated with anonymous token, as it already contained: 'org.springframework.security.oauth2.provider.OAuth2Authentication@e2f94861: Principal: admin; Credentials: [PROTECTED]; Authenticated: true; Details: remoteAddress=192.168.43.52, tokenType=BearertokenValue=<TOKEN>; Granted Authorities: ROLE_ADMN, ROLE_CONT, FUNC_VIEW_ADMIN_MENU, FUNC_CONT_MENU, FUNC_CONT_MENU'
2020-05-03 18:40:46,310 DEBUG org.springframework.security.web.FilterChainProxy$VirtualFilterChain [http-nio-8080-exec-7] /competitions/search at position 9 of 11 in additional filter chain; firing Filter: 'SessionManagementFilter'
2020-05-03 18:40:46,311 DEBUG org.springframework.security.web.authentication.session.CompositeSessionAuthenticationStrategy [http-nio-8080-exec-7] Delegating to org.springframework.security.web.authentication.session.ChangeSessionIdAuthenticationStrategy@4d2bcca8
2020-05-03 18:40:46,312 DEBUG org.springframework.security.web.FilterChainProxy$VirtualFilterChain [http-nio-8080-exec-7] /competitions/search at position 10 of 11 in additional filter chain; firing Filter: 'ExceptionTranslationFilter'
2020-05-03 18:40:46,312 DEBUG org.springframework.security.web.FilterChainProxy$VirtualFilterChain [http-nio-8080-exec-7] /competitions/search at position 11 of 11 in additional filter chain; firing Filter: 'FilterSecurityInterceptor'
2020-05-03 18:40:46,315 DEBUG org.springframework.security.access.intercept.AbstractSecurityInterceptor [http-nio-8080-exec-7] Secure object: FilterInvocation: URL: /competitions/search; Attributes: [#oauth2.throwOnError(authenticated)]
2020-05-03 18:40:46,316 DEBUG org.springframework.security.access.intercept.AbstractSecurityInterceptor [http-nio-8080-exec-7] Previously Authenticated: org.springframework.security.oauth2.provider.OAuth2Authentication@e2f94861: Principal: admin; Credentials: [PROTECTED]; Authenticated: true; Details: remoteAddress=192.168.43.52, tokenType=BearertokenValue=<TOKEN>; Granted Authorities: ROLE_ADMN, ROLE_CONT, FUNC_VIEW_ADMIN_MENU, FUNC_CONT_MENU, FUNC_CONT_MENU
2020-05-03 18:40:46,317 DEBUG org.springframework.security.access.vote.AffirmativeBased [http-nio-8080-exec-7] Voter: org.springframework.security.web.access.expression.WebExpressionVoter@1df16de2, returned: 1
2020-05-03 18:40:46,318 DEBUG org.springframework.security.access.intercept.AbstractSecurityInterceptor [http-nio-8080-exec-7] Authorization successful
2020-05-03 18:40:46,318 DEBUG org.springframework.security.access.intercept.AbstractSecurityInterceptor [http-nio-8080-exec-7] RunAsManager did not change Authentication object
2020-05-03 18:40:46,319 DEBUG org.springframework.security.web.FilterChainProxy$VirtualFilterChain [http-nio-8080-exec-7] /competitions/search reached end of additional filter chain; proceeding with original chain
2020-05-03 18:40:46,319 DEBUG org.springframework.core.log.LogFormatUtils [http-nio-8080-exec-7] POST "/competitions/search", parameters={}
2020-05-03 18:40:46,320 DEBUG org.springframework.web.servlet.handler.AbstractHandlerMapping [http-nio-8080-exec-7] Mapped to com.surshree.app.controllers.CompetitionController#searchCompetitions(CompetitionSearchModel)
2020-05-03 18:40:46,323 DEBUG org.springframework.orm.jpa.support.OpenEntityManagerInViewInterceptor [http-nio-8080-exec-7] Opening JPA EntityManager in OpenEntityManagerInViewInterceptor
2020-05-03 18:40:46,327 DEBUG org.springframework.core.log.LogFormatUtils [http-nio-8080-exec-7] Read "application/json;charset=UTF-8" to [com.surshree.app.models.comp.CompetitionSearchModel@35e27372]
2020-05-03 18:40:46,341 DEBUG org.springframework.web.servlet.mvc.method.annotation.AbstractMessageConverterMethodProcessor [http-nio-8080-exec-7] Using 'application/json', given [application/json] and supported [application/json, application/*+json, application/json, application/*+json]
2020-05-03 18:40:46,342 DEBUG org.springframework.core.log.LogFormatUtils [http-nio-8080-exec-7] Writing [[com.surshree.app.models.comp.CompetitionRequestResponseModel@241dc765]]
2020-05-03 18:40:46,344 DEBUG org.springframework.security.web.header.writers.HstsHeaderWriter [http-nio-8080-exec-7] Not injecting HSTS header since it did not match the requestMatcher org.springframework.security.web.header.writers.HstsHeaderWriter$SecureRequestMatcher@338d701d
2020-05-03 18:40:46,347 DEBUG org.springframework.orm.jpa.support.OpenEntityManagerInViewInterceptor [http-nio-8080-exec-7] Closing JPA EntityManager in OpenEntityManagerInViewInterceptor
2020-05-03 18:40:46,353 DEBUG org.springframework.web.servlet.FrameworkServlet [http-nio-8080-exec-7] Completed 200 OK
2020-05-03 18:40:46,354 DEBUG org.springframework.security.web.access.ExceptionTranslationFilter [http-nio-8080-exec-7] Chain processed normally
2020-05-03 18:40:46,355 DEBUG org.springframework.security.web.context.SecurityContextPersistenceFilter [http-nio-8080-exec-7] SecurityContextHolder now cleared, as request processing completed
2020-05-03 18:40:48,788 DEBUG org.springframework.security.web.util.matcher.OrRequestMatcher [http-nio-8080-exec-8] Trying to match using Ant [pattern='/oauth/token']
2020-05-03 18:40:48,788 DEBUG org.springframework.security.web.util.matcher.AntPathRequestMatcher [http-nio-8080-exec-8] Checking match of request : '/competitions/2'; against '/oauth/token'
2020-05-03 18:40:48,789 DEBUG org.springframework.security.web.util.matcher.OrRequestMatcher [http-nio-8080-exec-8] Trying to match using Ant [pattern='/oauth/token_key']
2020-05-03 18:40:48,790 DEBUG org.springframework.security.web.util.matcher.AntPathRequestMatcher [http-nio-8080-exec-8] Checking match of request : '/competitions/2'; against '/oauth/token_key'
2020-05-03 18:40:48,792 DEBUG org.springframework.security.web.util.matcher.OrRequestMatcher [http-nio-8080-exec-8] Trying to match using Ant [pattern='/oauth/check_token']
2020-05-03 18:40:48,793 DEBUG org.springframework.security.web.util.matcher.AntPathRequestMatcher [http-nio-8080-exec-8] Checking match of request : '/competitions/2'; against '/oauth/check_token'
2020-05-03 18:40:48,793 DEBUG org.springframework.security.web.util.matcher.OrRequestMatcher [http-nio-8080-exec-8] No matches found
2020-05-03 18:40:48,793 DEBUG org.springframework.security.web.FilterChainProxy$VirtualFilterChain [http-nio-8080-exec-8] /competitions/2 at position 1 of 11 in additional filter chain; firing Filter: 'WebAsyncManagerIntegrationFilter'
2020-05-03 18:40:48,793 DEBUG org.springframework.security.web.FilterChainProxy$VirtualFilterChain [http-nio-8080-exec-8] /competitions/2 at position 2 of 11 in additional filter chain; firing Filter: 'SecurityContextPersistenceFilter'
2020-05-03 18:40:48,794 DEBUG org.springframework.security.web.FilterChainProxy$VirtualFilterChain [http-nio-8080-exec-8] /competitions/2 at position 3 of 11 in additional filter chain; firing Filter: 'HeaderWriterFilter'
2020-05-03 18:40:48,794 DEBUG org.springframework.security.web.FilterChainProxy$VirtualFilterChain [http-nio-8080-exec-8] /competitions/2 at position 4 of 11 in additional filter chain; firing Filter: 'LogoutFilter'
2020-05-03 18:40:48,794 DEBUG org.springframework.security.web.util.matcher.OrRequestMatcher [http-nio-8080-exec-8] Trying to match using Ant [pattern='/logout', GET]
2020-05-03 18:40:48,794 DEBUG org.springframework.security.web.util.matcher.AntPathRequestMatcher [http-nio-8080-exec-8] Checking match of request : '/competitions/2'; against '/logout'
2020-05-03 18:40:48,795 DEBUG org.springframework.security.web.util.matcher.OrRequestMatcher [http-nio-8080-exec-8] Trying to match using Ant [pattern='/logout', POST]
2020-05-03 18:40:48,795 DEBUG org.springframework.security.web.util.matcher.AntPathRequestMatcher [http-nio-8080-exec-8] Request 'GET /competitions/2' doesn't match 'POST /logout'
2020-05-03 18:40:48,795 DEBUG org.springframework.security.web.util.matcher.OrRequestMatcher [http-nio-8080-exec-8] Trying to match using Ant [pattern='/logout', PUT]
2020-05-03 18:40:48,795 DEBUG org.springframework.security.web.util.matcher.AntPathRequestMatcher [http-nio-8080-exec-8] Request 'GET /competitions/2' doesn't match 'PUT /logout'
2020-05-03 18:40:48,795 DEBUG org.springframework.security.web.util.matcher.OrRequestMatcher [http-nio-8080-exec-8] Trying to match using Ant [pattern='/logout', DELETE]
2020-05-03 18:40:48,796 DEBUG org.springframework.security.web.util.matcher.AntPathRequestMatcher [http-nio-8080-exec-8] Request 'GET /competitions/2' doesn't match 'DELETE /logout'
2020-05-03 18:40:48,796 DEBUG org.springframework.security.web.util.matcher.OrRequestMatcher [http-nio-8080-exec-8] No matches found
2020-05-03 18:40:48,796 DEBUG org.springframework.security.web.FilterChainProxy$VirtualFilterChain [http-nio-8080-exec-8] /competitions/2 at position 5 of 11 in additional filter chain; firing Filter: 'OAuth2AuthenticationProcessingFilter'
2020-05-03 18:40:48,796 DEBUG org.springframework.jdbc.core.JdbcTemplate [http-nio-8080-exec-8] Executing prepared SQL query
2020-05-03 18:40:48,797 DEBUG org.springframework.jdbc.core.JdbcTemplate [http-nio-8080-exec-8] Executing prepared SQL statement [select token_id, token from oauth_access_token where token_id = ?]
2020-05-03 18:40:48,797 DEBUG org.springframework.jdbc.datasource.DataSourceUtils [http-nio-8080-exec-8] Fetching JDBC Connection from DataSource
2020-05-03 18:40:48,800 DEBUG org.springframework.jdbc.core.JdbcTemplate [http-nio-8080-exec-8] Executing prepared SQL query
2020-05-03 18:40:48,800 DEBUG org.springframework.jdbc.core.JdbcTemplate [http-nio-8080-exec-8] Executing prepared SQL statement [select token_id, authentication from oauth_access_token where token_id = ?]
2020-05-03 18:40:48,801 DEBUG org.springframework.jdbc.datasource.DataSourceUtils [http-nio-8080-exec-8] Fetching JDBC Connection from DataSource
2020-05-03 18:40:48,805 DEBUG org.springframework.security.oauth2.provider.authentication.OAuth2AuthenticationProcessingFilter [http-nio-8080-exec-8] Authentication success: org.springframework.security.oauth2.provider.OAuth2Authentication@e2f94861: Principal: admin; Credentials: [PROTECTED]; Authenticated: true; Details: remoteAddress=192.168.43.52, tokenType=BearertokenValue=<TOKEN>; Granted Authorities: ROLE_ADMN, ROLE_CONT, FUNC_VIEW_ADMIN_MENU, FUNC_CONT_MENU, FUNC_CONT_MENU
2020-05-03 18:40:48,806 DEBUG org.springframework.security.web.FilterChainProxy$VirtualFilterChain [http-nio-8080-exec-8] /competitions/2 at position 6 of 11 in additional filter chain; firing Filter: 'RequestCacheAwareFilter'
2020-05-03 18:40:48,806 DEBUG org.springframework.security.web.FilterChainProxy$VirtualFilterChain [http-nio-8080-exec-8] /competitions/2 at position 7 of 11 in additional filter chain; firing Filter: 'SecurityContextHolderAwareRequestFilter'
2020-05-03 18:40:48,806 DEBUG org.springframework.security.web.FilterChainProxy$VirtualFilterChain [http-nio-8080-exec-8] /competitions/2 at position 8 of 11 in additional filter chain; firing Filter: 'AnonymousAuthenticationFilter'
2020-05-03 18:40:48,806 DEBUG org.springframework.security.web.authentication.AnonymousAuthenticationFilter [http-nio-8080-exec-8] SecurityContextHolder not populated with anonymous token, as it already contained: 'org.springframework.security.oauth2.provider.OAuth2Authentication@e2f94861: Principal: admin; Credentials: [PROTECTED]; Authenticated: true; Details: remoteAddress=192.168.43.52, tokenType=BearertokenValue=<TOKEN>; Granted Authorities: ROLE_ADMN, ROLE_CONT, FUNC_VIEW_ADMIN_MENU, FUNC_CONT_MENU, FUNC_CONT_MENU'
2020-05-03 18:40:48,807 DEBUG org.springframework.security.web.FilterChainProxy$VirtualFilterChain [http-nio-8080-exec-8] /competitions/2 at position 9 of 11 in additional filter chain; firing Filter: 'SessionManagementFilter'
2020-05-03 18:40:48,807 DEBUG org.springframework.security.web.authentication.session.CompositeSessionAuthenticationStrategy [http-nio-8080-exec-8] Delegating to org.springframework.security.web.authentication.session.ChangeSessionIdAuthenticationStrategy@4d2bcca8
2020-05-03 18:40:48,807 DEBUG org.springframework.security.web.FilterChainProxy$VirtualFilterChain [http-nio-8080-exec-8] /competitions/2 at position 10 of 11 in additional filter chain; firing Filter: 'ExceptionTranslationFilter'
2020-05-03 18:40:48,808 DEBUG org.springframework.security.web.FilterChainProxy$VirtualFilterChain [http-nio-8080-exec-8] /competitions/2 at position 11 of 11 in additional filter chain; firing Filter: 'FilterSecurityInterceptor'
2020-05-03 18:40:48,808 DEBUG org.springframework.security.access.intercept.AbstractSecurityInterceptor [http-nio-8080-exec-8] Secure object: FilterInvocation: URL: /competitions/2; Attributes: [#oauth2.throwOnError(authenticated)]
2020-05-03 18:40:48,808 DEBUG org.springframework.security.access.intercept.AbstractSecurityInterceptor [http-nio-8080-exec-8] Previously Authenticated: org.springframework.security.oauth2.provider.OAuth2Authentication@e2f94861: Principal: admin; Credentials: [PROTECTED]; Authenticated: true; Details: remoteAddress=192.168.43.52, tokenType=BearertokenValue=<TOKEN>; Granted Authorities: ROLE_ADMN, ROLE_CONT, FUNC_VIEW_ADMIN_MENU, FUNC_CONT_MENU, FUNC_CONT_MENU
2020-05-03 18:40:48,809 DEBUG org.springframework.security.access.vote.AffirmativeBased [http-nio-8080-exec-8] Voter: org.springframework.security.web.access.expression.WebExpressionVoter@1df16de2, returned: 1
2020-05-03 18:40:48,809 DEBUG org.springframework.security.access.intercept.AbstractSecurityInterceptor [http-nio-8080-exec-8] Authorization successful
2020-05-03 18:40:48,810 DEBUG org.springframework.security.access.intercept.AbstractSecurityInterceptor [http-nio-8080-exec-8] RunAsManager did not change Authentication object
2020-05-03 18:40:48,810 DEBUG org.springframework.security.web.FilterChainProxy$VirtualFilterChain [http-nio-8080-exec-8] /competitions/2 reached end of additional filter chain; proceeding with original chain
2020-05-03 18:40:48,810 DEBUG org.springframework.core.log.LogFormatUtils [http-nio-8080-exec-8] GET "/competitions/2", parameters={}
2020-05-03 18:40:48,812 DEBUG org.springframework.web.servlet.handler.AbstractHandlerMapping [http-nio-8080-exec-8] Mapped to com.surshree.app.controllers.CompetitionController#getCompetition(Long)
2020-05-03 18:40:48,818 DEBUG org.springframework.orm.jpa.support.OpenEntityManagerInViewInterceptor [http-nio-8080-exec-8] Opening JPA EntityManager in OpenEntityManagerInViewInterceptor
2020-05-03 18:40:48,827 DEBUG org.springframework.orm.jpa.JpaTransactionManager [http-nio-8080-exec-8] Found thread-bound EntityManager [SessionImpl(241207776<open>)] for JPA transaction
2020-05-03 18:40:48,831 DEBUG org.springframework.transaction.support.AbstractPlatformTransactionManager [http-nio-8080-exec-8] Creating new transaction with name [org.springframework.data.jpa.repository.support.SimpleJpaRepository.findById]: PROPAGATION_REQUIRED,ISOLATION_DEFAULT,readOnly
2020-05-03 18:40:48,833 DEBUG org.springframework.jdbc.datasource.DataSourceUtils [http-nio-8080-exec-8] Setting JDBC Connection [HikariProxyConnection@1774333756 wrapping org.postgresql.jdbc.PgConnection@457a99f2] read-only
2020-05-03 18:40:48,837 DEBUG org.springframework.orm.jpa.JpaTransactionManager [http-nio-8080-exec-8] Exposing JPA transaction as JDBC [org.springframework.orm.jpa.vendor.HibernateJpaDialect$HibernateConnectionHandle@f3935ed]
2020-05-03 18:40:48,845 DEBUG org.springframework.transaction.support.AbstractPlatformTransactionManager [http-nio-8080-exec-8] Initiating transaction commit
2020-05-03 18:40:48,846 DEBUG org.springframework.orm.jpa.JpaTransactionManager [http-nio-8080-exec-8] Committing JPA transaction on EntityManager [SessionImpl(241207776<open>)]
2020-05-03 18:40:48,848 DEBUG org.springframework.jdbc.datasource.DataSourceUtils [http-nio-8080-exec-8] Resetting read-only flag of JDBC Connection [HikariProxyConnection@1774333756 wrapping org.postgresql.jdbc.PgConnection@457a99f2]
2020-05-03 18:40:48,849 DEBUG org.springframework.orm.jpa.JpaTransactionManager [http-nio-8080-exec-8] Not closing pre-bound JPA EntityManager after transaction
2020-05-03 18:40:48,856 DEBUG org.springframework.web.servlet.mvc.method.annotation.AbstractMessageConverterMethodProcessor [http-nio-8080-exec-8] Using 'application/json', given [application/json] and supported [application/json, application/*+json, application/json, application/*+json]
2020-05-03 18:40:48,857 DEBUG org.springframework.core.log.LogFormatUtils [http-nio-8080-exec-8] Writing [com.surshree.app.models.comp.CompetitionRequestResponseModel@35268b9b]
2020-05-03 18:40:48,858 DEBUG org.springframework.security.web.header.writers.HstsHeaderWriter [http-nio-8080-exec-8] Not injecting HSTS header since it did not match the requestMatcher org.springframework.security.web.header.writers.HstsHeaderWriter$SecureRequestMatcher@338d701d
2020-05-03 18:40:48,862 DEBUG org.springframework.orm.jpa.support.OpenEntityManagerInViewInterceptor [http-nio-8080-exec-8] Closing JPA EntityManager in OpenEntityManagerInViewInterceptor
2020-05-03 18:40:48,864 DEBUG org.springframework.web.servlet.FrameworkServlet [http-nio-8080-exec-8] Completed 200 OK
2020-05-03 18:40:48,866 DEBUG org.springframework.security.web.access.ExceptionTranslationFilter [http-nio-8080-exec-8] Chain processed normally
2020-05-03 18:40:48,869 DEBUG org.springframework.security.web.context.SecurityContextPersistenceFilter [http-nio-8080-exec-8] SecurityContextHolder now cleared, as request processing completed
2020-05-03 18:40:53,294 DEBUG org.springframework.security.web.util.matcher.OrRequestMatcher [http-nio-8080-exec-9] Trying to match using Ant [pattern='/oauth/token']
2020-05-03 18:40:53,298 DEBUG org.springframework.security.web.util.matcher.AntPathRequestMatcher [http-nio-8080-exec-9] Checking match of request : '/competitions/active'; against '/oauth/token'
2020-05-03 18:40:53,300 DEBUG org.springframework.security.web.util.matcher.OrRequestMatcher [http-nio-8080-exec-9] Trying to match using Ant [pattern='/oauth/token_key']
2020-05-03 18:40:53,300 DEBUG org.springframework.security.web.util.matcher.AntPathRequestMatcher [http-nio-8080-exec-9] Checking match of request : '/competitions/active'; against '/oauth/token_key'
2020-05-03 18:40:53,300 DEBUG org.springframework.security.web.util.matcher.OrRequestMatcher [http-nio-8080-exec-9] Trying to match using Ant [pattern='/oauth/check_token']
2020-05-03 18:40:53,301 DEBUG org.springframework.security.web.util.matcher.AntPathRequestMatcher [http-nio-8080-exec-9] Checking match of request : '/competitions/active'; against '/oauth/check_token'
2020-05-03 18:40:53,301 DEBUG org.springframework.security.web.util.matcher.OrRequestMatcher [http-nio-8080-exec-9] No matches found
2020-05-03 18:40:53,302 DEBUG org.springframework.security.web.FilterChainProxy$VirtualFilterChain [http-nio-8080-exec-9] /competitions/active at position 1 of 11 in additional filter chain; firing Filter: 'WebAsyncManagerIntegrationFilter'
2020-05-03 18:40:53,303 DEBUG org.springframework.security.web.FilterChainProxy$VirtualFilterChain [http-nio-8080-exec-9] /competitions/active at position 2 of 11 in additional filter chain; firing Filter: 'SecurityContextPersistenceFilter'
2020-05-03 18:40:53,304 DEBUG org.springframework.security.web.FilterChainProxy$VirtualFilterChain [http-nio-8080-exec-9] /competitions/active at position 3 of 11 in additional filter chain; firing Filter: 'HeaderWriterFilter'
2020-05-03 18:40:53,304 DEBUG org.springframework.security.web.FilterChainProxy$VirtualFilterChain [http-nio-8080-exec-9] /competitions/active at position 4 of 11 in additional filter chain; firing Filter: 'LogoutFilter'
2020-05-03 18:40:53,304 DEBUG org.springframework.security.web.util.matcher.OrRequestMatcher [http-nio-8080-exec-9] Trying to match using Ant [pattern='/logout', GET]
2020-05-03 18:40:53,305 DEBUG org.springframework.security.web.util.matcher.AntPathRequestMatcher [http-nio-8080-exec-9] Checking match of request : '/competitions/active'; against '/logout'
2020-05-03 18:40:53,305 DEBUG org.springframework.security.web.util.matcher.OrRequestMatcher [http-nio-8080-exec-9] Trying to match using Ant [pattern='/logout', POST]
2020-05-03 18:40:53,305 DEBUG org.springframework.security.web.util.matcher.AntPathRequestMatcher [http-nio-8080-exec-9] Request 'GET /competitions/active' doesn't match 'POST /logout'
2020-05-03 18:40:53,306 DEBUG org.springframework.security.web.util.matcher.OrRequestMatcher [http-nio-8080-exec-9] Trying to match using Ant [pattern='/logout', PUT]
2020-05-03 18:40:53,306 DEBUG org.springframework.security.web.util.matcher.AntPathRequestMatcher [http-nio-8080-exec-9] Request 'GET /competitions/active' doesn't match 'PUT /logout'
2020-05-03 18:40:53,307 DEBUG org.springframework.security.web.util.matcher.OrRequestMatcher [http-nio-8080-exec-9] Trying to match using Ant [pattern='/logout', DELETE]
2020-05-03 18:40:53,307 DEBUG org.springframework.security.web.util.matcher.AntPathRequestMatcher [http-nio-8080-exec-9] Request 'GET /competitions/active' doesn't match 'DELETE /logout'
2020-05-03 18:40:53,308 DEBUG org.springframework.security.web.util.matcher.OrRequestMatcher [http-nio-8080-exec-9] No matches found
2020-05-03 18:40:53,308 DEBUG org.springframework.security.web.FilterChainProxy$VirtualFilterChain [http-nio-8080-exec-9] /competitions/active at position 5 of 11 in additional filter chain; firing Filter: 'OAuth2AuthenticationProcessingFilter'
2020-05-03 18:40:53,309 DEBUG org.springframework.jdbc.core.JdbcTemplate [http-nio-8080-exec-9] Executing prepared SQL query
2020-05-03 18:40:53,317 DEBUG org.springframework.jdbc.core.JdbcTemplate [http-nio-8080-exec-9] Executing prepared SQL statement [select token_id, token from oauth_access_token where token_id = ?]
2020-05-03 18:40:53,318 DEBUG org.springframework.jdbc.datasource.DataSourceUtils [http-nio-8080-exec-9] Fetching JDBC Connection from DataSource
2020-05-03 18:40:53,331 DEBUG org.springframework.jdbc.core.JdbcTemplate [http-nio-8080-exec-9] Executing prepared SQL query
2020-05-03 18:40:53,332 DEBUG org.springframework.jdbc.core.JdbcTemplate [http-nio-8080-exec-9] Executing prepared SQL statement [select token_id, authentication from oauth_access_token where token_id = ?]
2020-05-03 18:40:53,332 DEBUG org.springframework.jdbc.datasource.DataSourceUtils [http-nio-8080-exec-9] Fetching JDBC Connection from DataSource
2020-05-03 18:40:53,336 DEBUG org.springframework.security.oauth2.provider.authentication.OAuth2AuthenticationProcessingFilter [http-nio-8080-exec-9] Authentication success: org.springframework.security.oauth2.provider.OAuth2Authentication@e2f94861: Principal: admin; Credentials: [PROTECTED]; Authenticated: true; Details: remoteAddress=192.168.43.52, tokenType=BearertokenValue=<TOKEN>; Granted Authorities: ROLE_ADMN, ROLE_CONT, FUNC_VIEW_ADMIN_MENU, FUNC_CONT_MENU, FUNC_CONT_MENU
2020-05-03 18:40:53,338 DEBUG org.springframework.security.web.FilterChainProxy$VirtualFilterChain [http-nio-8080-exec-9] /competitions/active at position 6 of 11 in additional filter chain; firing Filter: 'RequestCacheAwareFilter'
2020-05-03 18:40:53,339 DEBUG org.springframework.security.web.FilterChainProxy$VirtualFilterChain [http-nio-8080-exec-9] /competitions/active at position 7 of 11 in additional filter chain; firing Filter: 'SecurityContextHolderAwareRequestFilter'
2020-05-03 18:40:53,339 DEBUG org.springframework.security.web.FilterChainProxy$VirtualFilterChain [http-nio-8080-exec-9] /competitions/active at position 8 of 11 in additional filter chain; firing Filter: 'AnonymousAuthenticationFilter'
2020-05-03 18:40:53,339 DEBUG org.springframework.security.web.authentication.AnonymousAuthenticationFilter [http-nio-8080-exec-9] SecurityContextHolder not populated with anonymous token, as it already contained: 'org.springframework.security.oauth2.provider.OAuth2Authentication@e2f94861: Principal: admin; Credentials: [PROTECTED]; Authenticated: true; Details: remoteAddress=192.168.43.52, tokenType=BearertokenValue=<TOKEN>; Granted Authorities: ROLE_ADMN, ROLE_CONT, FUNC_VIEW_ADMIN_MENU, FUNC_CONT_MENU, FUNC_CONT_MENU'
2020-05-03 18:40:53,340 DEBUG org.springframework.security.web.FilterChainProxy$VirtualFilterChain [http-nio-8080-exec-9] /competitions/active at position 9 of 11 in additional filter chain; firing Filter: 'SessionManagementFilter'
2020-05-03 18:40:53,340 DEBUG org.springframework.security.web.authentication.session.CompositeSessionAuthenticationStrategy [http-nio-8080-exec-9] Delegating to org.springframework.security.web.authentication.session.ChangeSessionIdAuthenticationStrategy@4d2bcca8
2020-05-03 18:40:53,340 DEBUG org.springframework.security.web.FilterChainProxy$VirtualFilterChain [http-nio-8080-exec-9] /competitions/active at position 10 of 11 in additional filter chain; firing Filter: 'ExceptionTranslationFilter'
2020-05-03 18:40:53,341 DEBUG org.springframework.security.web.FilterChainProxy$VirtualFilterChain [http-nio-8080-exec-9] /competitions/active at position 11 of 11 in additional filter chain; firing Filter: 'FilterSecurityInterceptor'
2020-05-03 18:40:53,341 DEBUG org.springframework.security.access.intercept.AbstractSecurityInterceptor [http-nio-8080-exec-9] Secure object: FilterInvocation: URL: /competitions/active; Attributes: [#oauth2.throwOnError(authenticated)]
2020-05-03 18:40:53,341 DEBUG org.springframework.security.access.intercept.AbstractSecurityInterceptor [http-nio-8080-exec-9] Previously Authenticated: org.springframework.security.oauth2.provider.OAuth2Authentication@e2f94861: Principal: admin; Credentials: [PROTECTED]; Authenticated: true; Details: remoteAddress=192.168.43.52, tokenType=BearertokenValue=<TOKEN>; Granted Authorities: ROLE_ADMN, ROLE_CONT, FUNC_VIEW_ADMIN_MENU, FUNC_CONT_MENU, FUNC_CONT_MENU
2020-05-03 18:40:53,342 DEBUG org.springframework.security.access.vote.AffirmativeBased [http-nio-8080-exec-9] Voter: org.springframework.security.web.access.expression.WebExpressionVoter@1df16de2, returned: 1
2020-05-03 18:40:53,342 DEBUG org.springframework.security.access.intercept.AbstractSecurityInterceptor [http-nio-8080-exec-9] Authorization successful
2020-05-03 18:40:53,342 DEBUG org.springframework.security.access.intercept.AbstractSecurityInterceptor [http-nio-8080-exec-9] RunAsManager did not change Authentication object
2020-05-03 18:40:53,343 DEBUG org.springframework.security.web.FilterChainProxy$VirtualFilterChain [http-nio-8080-exec-9] /competitions/active reached end of additional filter chain; proceeding with original chain
2020-05-03 18:40:53,343 DEBUG org.springframework.core.log.LogFormatUtils [http-nio-8080-exec-9] GET "/competitions/active", parameters={}
2020-05-03 18:40:53,344 DEBUG org.springframework.web.servlet.handler.AbstractHandlerMapping [http-nio-8080-exec-9] Mapped to com.surshree.app.controllers.CompetitionController#getActiveCompetitions()
2020-05-03 18:40:53,346 DEBUG org.springframework.orm.jpa.support.OpenEntityManagerInViewInterceptor [http-nio-8080-exec-9] Opening JPA EntityManager in OpenEntityManagerInViewInterceptor
2020-05-03 18:40:53,384 DEBUG org.springframework.web.servlet.mvc.method.annotation.AbstractMessageConverterMethodProcessor [http-nio-8080-exec-9] Using 'application/json', given [application/json] and supported [application/json, application/*+json, application/json, application/*+json]
2020-05-03 18:40:53,385 DEBUG org.springframework.core.log.LogFormatUtils [http-nio-8080-exec-9] Writing [[com.surshree.app.models.comp.CompetitionRequestResponseModel@1ac40b2e, com.surshree.app.models.comp (truncated)...]
2020-05-03 18:40:53,387 DEBUG org.springframework.security.web.header.writers.HstsHeaderWriter [http-nio-8080-exec-9] Not injecting HSTS header since it did not match the requestMatcher org.springframework.security.web.header.writers.HstsHeaderWriter$SecureRequestMatcher@338d701d
2020-05-03 18:40:53,388 DEBUG org.springframework.orm.jpa.support.OpenEntityManagerInViewInterceptor [http-nio-8080-exec-9] Closing JPA EntityManager in OpenEntityManagerInViewInterceptor
2020-05-03 18:40:53,389 DEBUG org.springframework.web.servlet.FrameworkServlet [http-nio-8080-exec-9] Completed 200 OK
2020-05-03 18:40:53,390 DEBUG org.springframework.security.web.access.ExceptionTranslationFilter [http-nio-8080-exec-9] Chain processed normally
2020-05-03 18:40:53,390 DEBUG org.springframework.security.web.context.SecurityContextPersistenceFilter [http-nio-8080-exec-9] SecurityContextHolder now cleared, as request processing completed
2020-05-03 18:40:53,418 DEBUG org.springframework.security.web.util.matcher.OrRequestMatcher [http-nio-8080-exec-10] Trying to match using Ant [pattern='/oauth/token']
2020-05-03 18:40:53,418 DEBUG org.springframework.security.web.util.matcher.AntPathRequestMatcher [http-nio-8080-exec-10] Checking match of request : '/competitions/enrollment'; against '/oauth/token'
2020-05-03 18:40:53,418 DEBUG org.springframework.security.web.util.matcher.OrRequestMatcher [http-nio-8080-exec-10] Trying to match using Ant [pattern='/oauth/token_key']
2020-05-03 18:40:53,418 DEBUG org.springframework.security.web.util.matcher.AntPathRequestMatcher [http-nio-8080-exec-10] Checking match of request : '/competitions/enrollment'; against '/oauth/token_key'
2020-05-03 18:40:53,419 DEBUG org.springframework.security.web.util.matcher.OrRequestMatcher [http-nio-8080-exec-10] Trying to match using Ant [pattern='/oauth/check_token']
2020-05-03 18:40:53,419 DEBUG org.springframework.security.web.util.matcher.AntPathRequestMatcher [http-nio-8080-exec-10] Checking match of request : '/competitions/enrollment'; against '/oauth/check_token'
2020-05-03 18:40:53,419 DEBUG org.springframework.security.web.util.matcher.OrRequestMatcher [http-nio-8080-exec-10] No matches found
2020-05-03 18:40:53,419 DEBUG org.springframework.security.web.FilterChainProxy$VirtualFilterChain [http-nio-8080-exec-10] /competitions/enrollment at position 1 of 11 in additional filter chain; firing Filter: 'WebAsyncManagerIntegrationFilter'
2020-05-03 18:40:53,420 DEBUG org.springframework.security.web.FilterChainProxy$VirtualFilterChain [http-nio-8080-exec-10] /competitions/enrollment at position 2 of 11 in additional filter chain; firing Filter: 'SecurityContextPersistenceFilter'
2020-05-03 18:40:53,420 DEBUG org.springframework.security.web.FilterChainProxy$VirtualFilterChain [http-nio-8080-exec-10] /competitions/enrollment at position 3 of 11 in additional filter chain; firing Filter: 'HeaderWriterFilter'
2020-05-03 18:40:53,420 DEBUG org.springframework.security.web.FilterChainProxy$VirtualFilterChain [http-nio-8080-exec-10] /competitions/enrollment at position 4 of 11 in additional filter chain; firing Filter: 'LogoutFilter'
2020-05-03 18:40:53,420 DEBUG org.springframework.security.web.util.matcher.OrRequestMatcher [http-nio-8080-exec-10] Trying to match using Ant [pattern='/logout', GET]
2020-05-03 18:40:53,420 DEBUG org.springframework.security.web.util.matcher.AntPathRequestMatcher [http-nio-8080-exec-10] Checking match of request : '/competitions/enrollment'; against '/logout'
2020-05-03 18:40:53,421 DEBUG org.springframework.security.web.util.matcher.OrRequestMatcher [http-nio-8080-exec-10] Trying to match using Ant [pattern='/logout', POST]
2020-05-03 18:40:53,421 DEBUG org.springframework.security.web.util.matcher.AntPathRequestMatcher [http-nio-8080-exec-10] Request 'GET /competitions/enrollment' doesn't match 'POST /logout'
2020-05-03 18:40:53,421 DEBUG org.springframework.security.web.util.matcher.OrRequestMatcher [http-nio-8080-exec-10] Trying to match using Ant [pattern='/logout', PUT]
2020-05-03 18:40:53,421 DEBUG org.springframework.security.web.util.matcher.AntPathRequestMatcher [http-nio-8080-exec-10] Request 'GET /competitions/enrollment' doesn't match 'PUT /logout'
2020-05-03 18:40:53,421 DEBUG org.springframework.security.web.util.matcher.OrRequestMatcher [http-nio-8080-exec-10] Trying to match using Ant [pattern='/logout', DELETE]
2020-05-03 18:40:53,422 DEBUG org.springframework.security.web.util.matcher.AntPathRequestMatcher [http-nio-8080-exec-10] Request 'GET /competitions/enrollment' doesn't match 'DELETE /logout'
2020-05-03 18:40:53,422 DEBUG org.springframework.security.web.util.matcher.OrRequestMatcher [http-nio-8080-exec-10] No matches found
2020-05-03 18:40:53,422 DEBUG org.springframework.security.web.FilterChainProxy$VirtualFilterChain [http-nio-8080-exec-10] /competitions/enrollment at position 5 of 11 in additional filter chain; firing Filter: 'OAuth2AuthenticationProcessingFilter'
2020-05-03 18:40:53,422 DEBUG org.springframework.jdbc.core.JdbcTemplate [http-nio-8080-exec-10] Executing prepared SQL query
2020-05-03 18:40:53,423 DEBUG org.springframework.jdbc.core.JdbcTemplate [http-nio-8080-exec-10] Executing prepared SQL statement [select token_id, token from oauth_access_token where token_id = ?]
2020-05-03 18:40:53,423 DEBUG org.springframework.jdbc.datasource.DataSourceUtils [http-nio-8080-exec-10] Fetching JDBC Connection from DataSource
2020-05-03 18:40:53,425 DEBUG org.springframework.jdbc.core.JdbcTemplate [http-nio-8080-exec-10] Executing prepared SQL query
2020-05-03 18:40:53,425 DEBUG org.springframework.jdbc.core.JdbcTemplate [http-nio-8080-exec-10] Executing prepared SQL statement [select token_id, authentication from oauth_access_token where token_id = ?]
2020-05-03 18:40:53,426 DEBUG org.springframework.jdbc.datasource.DataSourceUtils [http-nio-8080-exec-10] Fetching JDBC Connection from DataSource
2020-05-03 18:40:53,439 DEBUG org.springframework.security.oauth2.provider.authentication.OAuth2AuthenticationProcessingFilter [http-nio-8080-exec-10] Authentication success: org.springframework.security.oauth2.provider.OAuth2Authentication@e2f94861: Principal: admin; Credentials: [PROTECTED]; Authenticated: true; Details: remoteAddress=192.168.43.52, tokenType=BearertokenValue=<TOKEN>; Granted Authorities: ROLE_ADMN, ROLE_CONT, FUNC_VIEW_ADMIN_MENU, FUNC_CONT_MENU, FUNC_CONT_MENU
2020-05-03 18:40:53,439 DEBUG org.springframework.security.web.FilterChainProxy$VirtualFilterChain [http-nio-8080-exec-10] /competitions/enrollment at position 6 of 11 in additional filter chain; firing Filter: 'RequestCacheAwareFilter'
2020-05-03 18:40:53,439 DEBUG org.springframework.security.web.FilterChainProxy$VirtualFilterChain [http-nio-8080-exec-10] /competitions/enrollment at position 7 of 11 in additional filter chain; firing Filter: 'SecurityContextHolderAwareRequestFilter'
2020-05-03 18:40:53,440 DEBUG org.springframework.security.web.FilterChainProxy$VirtualFilterChain [http-nio-8080-exec-10] /competitions/enrollment at position 8 of 11 in additional filter chain; firing Filter: 'AnonymousAuthenticationFilter'
2020-05-03 18:40:53,440 DEBUG org.springframework.security.web.authentication.AnonymousAuthenticationFilter [http-nio-8080-exec-10] SecurityContextHolder not populated with anonymous token, as it already contained: 'org.springframework.security.oauth2.provider.OAuth2Authentication@e2f94861: Principal: admin; Credentials: [PROTECTED]; Authenticated: true; Details: remoteAddress=192.168.43.52, tokenType=BearertokenValue=<TOKEN>; Granted Authorities: ROLE_ADMN, ROLE_CONT, FUNC_VIEW_ADMIN_MENU, FUNC_CONT_MENU, FUNC_CONT_MENU'
2020-05-03 18:40:53,440 DEBUG org.springframework.security.web.FilterChainProxy$VirtualFilterChain [http-nio-8080-exec-10] /competitions/enrollment at position 9 of 11 in additional filter chain; firing Filter: 'SessionManagementFilter'
2020-05-03 18:40:53,440 DEBUG org.springframework.security.web.authentication.session.CompositeSessionAuthenticationStrategy [http-nio-8080-exec-10] Delegating to org.springframework.security.web.authentication.session.ChangeSessionIdAuthenticationStrategy@4d2bcca8
2020-05-03 18:40:53,441 DEBUG org.springframework.security.web.FilterChainProxy$VirtualFilterChain [http-nio-8080-exec-10] /competitions/enrollment at position 10 of 11 in additional filter chain; firing Filter: 'ExceptionTranslationFilter'
2020-05-03 18:40:53,441 DEBUG org.springframework.security.web.FilterChainProxy$VirtualFilterChain [http-nio-8080-exec-10] /competitions/enrollment at position 11 of 11 in additional filter chain; firing Filter: 'FilterSecurityInterceptor'
2020-05-03 18:40:53,441 DEBUG org.springframework.security.access.intercept.AbstractSecurityInterceptor [http-nio-8080-exec-10] Secure object: FilterInvocation: URL: /competitions/enrollment; Attributes: [#oauth2.throwOnError(authenticated)]
2020-05-03 18:40:53,441 DEBUG org.springframework.security.access.intercept.AbstractSecurityInterceptor [http-nio-8080-exec-10] Previously Authenticated: org.springframework.security.oauth2.provider.OAuth2Authentication@e2f94861: Principal: admin; Credentials: [PROTECTED]; Authenticated: true; Details: remoteAddress=192.168.43.52, tokenType=BearertokenValue=<TOKEN>; Granted Authorities: ROLE_ADMN, ROLE_CONT, FUNC_VIEW_ADMIN_MENU, FUNC_CONT_MENU, FUNC_CONT_MENU
2020-05-03 18:40:53,442 DEBUG org.springframework.security.access.vote.AffirmativeBased [http-nio-8080-exec-10] Voter: org.springframework.security.web.access.expression.WebExpressionVoter@1df16de2, returned: 1
2020-05-03 18:40:53,442 DEBUG org.springframework.security.access.intercept.AbstractSecurityInterceptor [http-nio-8080-exec-10] Authorization successful
2020-05-03 18:40:53,443 DEBUG org.springframework.security.access.intercept.AbstractSecurityInterceptor [http-nio-8080-exec-10] RunAsManager did not change Authentication object
2020-05-03 18:40:53,443 DEBUG org.springframework.security.web.FilterChainProxy$VirtualFilterChain [http-nio-8080-exec-10] /competitions/enrollment reached end of additional filter chain; proceeding with original chain
2020-05-03 18:40:53,443 DEBUG org.springframework.core.log.LogFormatUtils [http-nio-8080-exec-10] GET "/competitions/enrollment", parameters={}
2020-05-03 18:40:53,444 DEBUG org.springframework.web.servlet.handler.AbstractHandlerMapping [http-nio-8080-exec-10] Mapped to com.surshree.app.controllers.CompetitionController#getEnrolledCompetition()
2020-05-03 18:40:53,445 DEBUG org.springframework.orm.jpa.support.OpenEntityManagerInViewInterceptor [http-nio-8080-exec-10] Opening JPA EntityManager in OpenEntityManagerInViewInterceptor
2020-05-03 18:40:53,446 DEBUG org.springframework.orm.jpa.JpaTransactionManager [http-nio-8080-exec-10] Found thread-bound EntityManager [SessionImpl(1954948935<open>)] for JPA transaction
2020-05-03 18:40:53,446 DEBUG org.springframework.transaction.support.AbstractPlatformTransactionManager [http-nio-8080-exec-10] Creating new transaction with name [com.surshree.app.services.CustomUserDetailsService.loadUserByUsername]: PROPAGATION_REQUIRED,ISOLATION_DEFAULT
2020-05-03 18:40:53,447 DEBUG org.springframework.orm.jpa.JpaTransactionManager [http-nio-8080-exec-10] Exposing JPA transaction as JDBC [org.springframework.orm.jpa.vendor.HibernateJpaDialect$HibernateConnectionHandle@7a41d7a7]
2020-05-03 18:40:53,448 INFO com.surshree.app.services.CustomUserDetailsService [http-nio-8080-exec-10] Granted Authorities --> ROLE_ADMN
2020-05-03 18:40:53,448 INFO com.surshree.app.services.CustomUserDetailsService [http-nio-8080-exec-10] Granted Authorities --> ROLE_CONT
2020-05-03 18:40:53,449 INFO com.surshree.app.services.CustomUserDetailsService [http-nio-8080-exec-10] Granted Authorities --> FUNC_CONT_MENU
2020-05-03 18:40:53,449 INFO com.surshree.app.services.CustomUserDetailsService [http-nio-8080-exec-10] Granted Authorities --> FUNC_VIEW_ADMIN_MENU
2020-05-03 18:40:53,449 INFO com.surshree.app.services.CustomUserDetailsService [http-nio-8080-exec-10] Granted Authorities --> FUNC_CONT_MENU
2020-05-03 18:40:53,450 DEBUG org.springframework.transaction.support.AbstractPlatformTransactionManager [http-nio-8080-exec-10] Initiating transaction commit
2020-05-03 18:40:53,450 DEBUG org.springframework.orm.jpa.JpaTransactionManager [http-nio-8080-exec-10] Committing JPA transaction on EntityManager [SessionImpl(1954948935<open>)]
2020-05-03 18:40:53,451 DEBUG org.springframework.orm.jpa.JpaTransactionManager [http-nio-8080-exec-10] Not closing pre-bound JPA EntityManager after transaction
2020-05-03 18:40:53,504 DEBUG org.springframework.web.servlet.mvc.method.annotation.AbstractMessageConverterMethodProcessor [http-nio-8080-exec-10] Using 'application/json', given [application/json] and supported [application/json, application/*+json, application/json, application/*+json]
2020-05-03 18:40:53,507 DEBUG org.springframework.core.log.LogFormatUtils [http-nio-8080-exec-10] Writing [[com.surshree.app.models.comp.EnrollmentResponse@7fdc15ea, com.surshree.app.models.comp.EnrollmentRe (truncated)...]
2020-05-03 18:40:53,509 DEBUG org.springframework.security.web.header.writers.HstsHeaderWriter [http-nio-8080-exec-10] Not injecting HSTS header since it did not match the requestMatcher org.springframework.security.web.header.writers.HstsHeaderWriter$SecureRequestMatcher@338d701d
2020-05-03 18:40:53,512 DEBUG org.springframework.orm.jpa.support.OpenEntityManagerInViewInterceptor [http-nio-8080-exec-10] Closing JPA EntityManager in OpenEntityManagerInViewInterceptor
2020-05-03 18:40:53,514 DEBUG org.springframework.web.servlet.FrameworkServlet [http-nio-8080-exec-10] Completed 200 OK
2020-05-03 18:40:53,515 DEBUG org.springframework.security.web.access.ExceptionTranslationFilter [http-nio-8080-exec-10] Chain processed normally
2020-05-03 18:40:53,516 DEBUG org.springframework.security.web.context.SecurityContextPersistenceFilter [http-nio-8080-exec-10] SecurityContextHolder now cleared, as request processing completed
2020-05-03 18:49:41,799 INFO com.surshree.app.scheduling.CacheScheduler [scheduling-1] Clear user cache : START
2020-05-03 18:49:41,802 INFO com.surshree.app.scheduling.CacheScheduler [scheduling-1] Clear user cache : END
2020-05-03 18:59:41,808 INFO com.surshree.app.scheduling.CacheScheduler [scheduling-1] Clear user cache : START
2020-05-03 18:59:41,820 INFO com.surshree.app.scheduling.CacheScheduler [scheduling-1] Clear user cache : END
2020-05-03 19:09:41,827 INFO com.surshree.app.scheduling.CacheScheduler [scheduling-1] Clear user cache : START
2020-05-03 19:09:41,839 INFO com.surshree.app.scheduling.CacheScheduler [scheduling-1] Clear user cache : END
2020-05-03 19:19:41,846 INFO com.surshree.app.scheduling.CacheScheduler [scheduling-1] Clear user cache : START
2020-05-03 19:19:41,859 INFO com.surshree.app.scheduling.CacheScheduler [scheduling-1] Clear user cache : END
2020-05-03 19:29:41,874 INFO com.surshree.app.scheduling.CacheScheduler [scheduling-1] Clear user cache : START
2020-05-03 19:29:41,881 INFO com.surshree.app.scheduling.CacheScheduler [scheduling-1] Clear user cache : END
2020-05-03 19:39:41,890 INFO com.surshree.app.scheduling.CacheScheduler [scheduling-1] Clear user cache : START
2020-05-03 19:39:41,903 INFO com.surshree.app.scheduling.CacheScheduler [scheduling-1] Clear user cache : END
2020-05-03 19:49:41,913 INFO com.surshree.app.scheduling.CacheScheduler [scheduling-1] Clear user cache : START
2020-05-03 19:49:41,924 INFO com.surshree.app.scheduling.CacheScheduler [scheduling-1] Clear user cache : END
2020-05-03 20:54:17,830 WARN com.zaxxer.hikari.pool.HikariPool$HouseKeeper [HikariPool-1 housekeeper] HikariPool-1 - Thread starvation or clock leap detected (housekeeper delta=57m46s177ms).
2020-05-03 20:56:58,294 INFO com.surshree.app.scheduling.CacheScheduler [scheduling-1] Clear user cache : START
2020-05-03 20:56:58,295 INFO com.surshree.app.scheduling.CacheScheduler [scheduling-1] Clear user cache : END
2020-05-03 21:27:34,739 WARN com.zaxxer.hikari.pool.HikariPool$HouseKeeper [HikariPool-1 housekeeper] HikariPool-1 - Thread starvation or clock leap detected (housekeeper delta=26m16s782ms).
2020-05-03 21:29:33,306 WARN com.zaxxer.hikari.pool.HikariPool$HouseKeeper [HikariPool-1 housekeeper] HikariPool-1 - Retrograde clock change detected (housekeeper delta=28s523ms), soft-evicting connections from pool.
2020-05-03 21:32:43,616 INFO com.surshree.app.scheduling.CacheScheduler [scheduling-1] Clear user cache : START
2020-05-03 21:32:43,617 INFO com.surshree.app.scheduling.CacheScheduler [scheduling-1] Clear user cache : END
2020-05-03 21:42:43,627 INFO com.surshree.app.scheduling.CacheScheduler [scheduling-1] Clear user cache : START
2020-05-03 21:42:43,644 INFO com.surshree.app.scheduling.CacheScheduler [scheduling-1] Clear user cache : END
2020-05-03 21:44:03,325 WARN com.zaxxer.hikari.pool.HikariPool$HouseKeeper [HikariPool-1 housekeeper] HikariPool-1 - Retrograde clock change detected (housekeeper delta=29s545ms), soft-evicting connections from pool.
2020-05-03 21:52:43,193 INFO com.surshree.app.scheduling.CacheScheduler [scheduling-1] Clear user cache : START
2020-05-03 21:52:43,206 INFO com.surshree.app.scheduling.CacheScheduler [scheduling-1] Clear user cache : END
2020-05-03 22:02:43,214 INFO com.surshree.app.scheduling.CacheScheduler [scheduling-1] Clear user cache : START
2020-05-03 22:02:43,220 INFO com.surshree.app.scheduling.CacheScheduler [scheduling-1] Clear user cache : END
2020-05-03 22:12:43,228 INFO com.surshree.app.scheduling.CacheScheduler [scheduling-1] Clear user cache : START
2020-05-03 22:12:43,234 INFO com.surshree.app.scheduling.CacheScheduler [scheduling-1] Clear user cache : END
2020-05-03 22:22:43,244 INFO com.surshree.app.scheduling.CacheScheduler [scheduling-1] Clear user cache : START
2020-05-03 22:22:43,261 INFO com.surshree.app.scheduling.CacheScheduler [scheduling-1] Clear user cache : END
2020-05-03 22:32:43,676 INFO com.surshree.app.scheduling.CacheScheduler [scheduling-1] Clear user cache : START
2020-05-03 22:32:43,682 INFO com.surshree.app.scheduling.CacheScheduler [scheduling-1] Clear user cache : END
2020-05-03 22:42:43,777 INFO com.surshree.app.scheduling.CacheScheduler [scheduling-1] Clear user cache : START
2020-05-03 22:42:43,830 INFO com.surshree.app.scheduling.CacheScheduler [scheduling-1] Clear user cache : END
2020-05-03 22:52:43,852 INFO com.surshree.app.scheduling.CacheScheduler [scheduling-1] Clear user cache : START
2020-05-03 22:52:43,875 INFO com.surshree.app.scheduling.CacheScheduler [scheduling-1] Clear user cache : END
2020-05-03 23:02:43,904 INFO com.surshree.app.scheduling.CacheScheduler [scheduling-1] Clear user cache : START
2020-05-03 23:02:43,916 INFO com.surshree.app.scheduling.CacheScheduler [scheduling-1] Clear user cache : END
2020-05-03 23:12:43,943 INFO com.surshree.app.scheduling.CacheScheduler [scheduling-1] Clear user cache : START
2020-05-03 23:12:43,951 INFO com.surshree.app.scheduling.CacheScheduler [scheduling-1] Clear user cache : END
2020-05-03 23:22:43,965 INFO com.surshree.app.scheduling.CacheScheduler [scheduling-1] Clear user cache : START
2020-05-03 23:22:43,991 INFO com.surshree.app.scheduling.CacheScheduler [scheduling-1] Clear user cache : END
2020-05-03 23:32:44,005 INFO com.surshree.app.scheduling.CacheScheduler [scheduling-1] Clear user cache : START
2020-05-03 23:32:44,020 INFO com.surshree.app.scheduling.CacheScheduler [scheduling-1] Clear user cache : END
2020-05-03 23:42:44,046 INFO com.surshree.app.scheduling.CacheScheduler [scheduling-1] Clear user cache : START
2020-05-03 23:42:44,088 INFO com.surshree.app.scheduling.CacheScheduler [scheduling-1] Clear user cache : END
