2020-05-23 10:40:42,680 INFO org.springframework.boot.SpringApplication [main] No active profile set, falling back to default profiles: default
2020-05-23 10:40:44,568 INFO org.springframework.data.repository.config.RepositoryConfigurationDelegate [main] Bootstrapping Spring Data JPA repositories in DEFAULT mode.
2020-05-23 10:40:44,781 INFO org.springframework.data.repository.config.RepositoryConfigurationDelegate [main] Finished Spring Data repository scanning in 195ms. Found 9 JPA repository interfaces.
2020-05-23 10:40:46,256 INFO org.springframework.cloud.context.scope.GenericScope [main] BeanFactory id=496206d4-f1c2-3f13-b4d7-1c6b3e101b4b
2020-05-23 10:40:47,761 INFO org.springframework.boot.web.embedded.tomcat.TomcatWebServer [main] Tomcat initialized with port(s): 8080 (http)
2020-05-23 10:40:47,800 INFO org.apache.juli.logging.DirectJDKLog [main] Initializing ProtocolHandler ["http-nio-8080"]
2020-05-23 10:40:47,802 INFO org.apache.juli.logging.DirectJDKLog [main] Starting service [Tomcat]
2020-05-23 10:40:47,803 INFO org.apache.juli.logging.DirectJDKLog [main] Starting Servlet engine: [Apache Tomcat/9.0.33]
2020-05-23 10:40:48,182 INFO org.apache.juli.logging.DirectJDKLog [main] Initializing Spring embedded WebApplicationContext
2020-05-23 10:40:48,182 INFO org.springframework.boot.web.servlet.context.ServletWebServerApplicationContext [main] Root WebApplicationContext: initialization completed in 5404 ms
2020-05-23 10:40:49,097 INFO com.surshree.app.config.CacheConfig [main] Initializing cache.
2020-05-23 10:40:49,625 INFO org.hibernate.jpa.internal.util.LogHelper [main] HHH000204: Processing PersistenceUnitInfo [name: default]
2020-05-23 10:40:50,367 INFO org.hibernate.Version [main] HHH000412: Hibernate ORM core version 5.4.12.Final
2020-05-23 10:40:50,928 INFO org.hibernate.annotations.common.reflection.java.JavaReflectionManager [main] HCANN000001: Hibernate Commons Annotations {5.1.0.Final}
2020-05-23 10:40:51,386 INFO com.zaxxer.hikari.HikariDataSource [main] HikariPool-1 - Starting...
2020-05-23 10:40:51,775 INFO com.zaxxer.hikari.HikariDataSource [main] HikariPool-1 - Start completed.
2020-05-23 10:40:51,871 INFO org.hibernate.dialect.Dialect [main] HHH000400: Using dialect: org.hibernate.dialect.PostgreSQL10Dialect
2020-05-23 10:40:54,915 INFO org.hibernate.engine.transaction.jta.platform.internal.JtaPlatformInitiator [main] HHH000490: Using JtaPlatform implementation: [org.hibernate.engine.transaction.jta.platform.internal.NoJtaPlatform]
2020-05-23 10:40:55,344 INFO org.springframework.orm.jpa.AbstractEntityManagerFactoryBean [main] Initialized JPA EntityManagerFactory for persistence unit 'default'
2020-05-23 10:40:55,452 WARN org.springframework.boot.autoconfigure.orm.jpa.JpaBaseConfiguration$JpaWebConfiguration [main] spring.jpa.open-in-view is enabled by default. Therefore, database queries may be performed during view rendering. Explicitly configure spring.jpa.open-in-view to disable this warning
2020-05-23 10:40:58,454 INFO org.springframework.security.web.DefaultSecurityFilterChain [main] Creating filter chain: OrRequestMatcher [requestMatchers=[Ant [pattern='/oauth/token'], Ant [pattern='/oauth/token_key'], Ant [pattern='/oauth/check_token']]], [org.springframework.security.web.context.request.async.WebAsyncManagerIntegrationFilter@33a38f07, org.springframework.security.web.context.SecurityContextPersistenceFilter@71077d1, org.springframework.security.web.header.HeaderWriterFilter@3986b56, org.springframework.security.web.authentication.logout.LogoutFilter@6cf47d05, org.springframework.web.filter.CorsFilter@4e7bf371, org.springframework.security.web.authentication.www.BasicAuthenticationFilter@2d73aa17, org.springframework.security.web.savedrequest.RequestCacheAwareFilter@630a647c, org.springframework.security.web.servletapi.SecurityContextHolderAwareRequestFilter@9a932a4, org.springframework.security.web.authentication.AnonymousAuthenticationFilter@5fe08, org.springframework.security.web.session.SessionManagementFilter@41628b4f, org.springframework.security.web.access.ExceptionTranslationFilter@21132086, org.springframework.security.web.access.intercept.FilterSecurityInterceptor@4f75c627]
2020-05-23 10:40:58,487 INFO org.springframework.security.web.DefaultSecurityFilterChain [main] Creating filter chain: com.surshree.app.config.ResourceServerConfig$$Lambda$958/0x00000008009c0840@3d306fd5, [org.springframework.security.web.context.request.async.WebAsyncManagerIntegrationFilter@4ba56bbe, org.springframework.security.web.context.SecurityContextPersistenceFilter@72cf43fa, org.springframework.security.web.header.HeaderWriterFilter@7c590039, org.springframework.security.web.authentication.logout.LogoutFilter@19dc9dda, org.springframework.security.oauth2.provider.authentication.OAuth2AuthenticationProcessingFilter@275ff5f8, org.springframework.security.web.savedrequest.RequestCacheAwareFilter@2b1818d1, org.springframework.security.web.servletapi.SecurityContextHolderAwareRequestFilter@1f748d43, org.springframework.security.web.authentication.AnonymousAuthenticationFilter@8ae7e03, org.springframework.security.web.session.SessionManagementFilter@5b9aac82, org.springframework.security.web.access.ExceptionTranslationFilter@451393a9, org.springframework.security.web.access.intercept.FilterSecurityInterceptor@7e047d85]
2020-05-23 10:40:59,231 INFO org.springframework.boot.actuate.endpoint.web.EndpointLinksResolver [main] Exposing 2 endpoint(s) beneath base path '/actuator'
2020-05-23 10:40:59,262 INFO org.springframework.security.web.DefaultSecurityFilterChain [main] Creating filter chain: any request, [org.springframework.security.web.context.request.async.WebAsyncManagerIntegrationFilter@205efdfc, org.springframework.security.web.context.SecurityContextPersistenceFilter@2565b097, org.springframework.security.web.header.HeaderWriterFilter@18be7f57, org.springframework.web.filter.CorsFilter@4306709f, org.springframework.security.web.authentication.logout.LogoutFilter@66859669, org.springframework.security.web.authentication.www.BasicAuthenticationFilter@3b802baa, org.springframework.security.web.savedrequest.RequestCacheAwareFilter@34c79268, org.springframework.security.web.servletapi.SecurityContextHolderAwareRequestFilter@5fe80760, org.springframework.security.web.authentication.AnonymousAuthenticationFilter@35be9318, org.springframework.security.web.session.SessionManagementFilter@64aab3fd, org.springframework.security.web.access.ExceptionTranslationFilter@58192546, org.springframework.security.web.access.intercept.FilterSecurityInterceptor@5b1ebbe]
2020-05-23 10:40:59,470 INFO org.springframework.scheduling.concurrent.ExecutorConfigurationSupport [main] Initializing ExecutorService 'applicationTaskExecutor'
2020-05-23 10:40:59,955 INFO org.springframework.scheduling.concurrent.ExecutorConfigurationSupport [main] Initializing ExecutorService 'taskScheduler'
2020-05-23 10:41:00,094 INFO com.surshree.app.scheduling.CacheScheduler [scheduling-1] Clear user cache : START
2020-05-23 10:41:00,099 INFO com.surshree.app.scheduling.CacheScheduler [scheduling-1] Clear user cache : END
2020-05-23 10:41:00,102 INFO org.apache.juli.logging.DirectJDKLog [main] Starting ProtocolHandler ["http-nio-8080"]
2020-05-23 10:41:00,182 INFO org.springframework.boot.web.embedded.tomcat.TomcatWebServer [main] Tomcat started on port(s): 8080 (http) with context path ''
2020-05-23 10:41:00,189 INFO org.springframework.boot.StartupInfoLogger [main] Started SurShreeApplication in 20.328 seconds (JVM running for 21.728)
2020-05-23 10:41:32,020 INFO org.apache.juli.logging.DirectJDKLog [http-nio-8080-exec-1] Initializing Spring DispatcherServlet 'dispatcherServlet'
2020-05-23 10:41:32,022 INFO org.springframework.web.servlet.FrameworkServlet [http-nio-8080-exec-1] Initializing Servlet 'dispatcherServlet'
2020-05-23 10:41:32,326 INFO org.springframework.web.servlet.FrameworkServlet [http-nio-8080-exec-1] Completed initialization in 303 ms
2020-05-23 10:41:34,786 INFO com.surshree.app.services.CustomUserDetailsService [http-nio-8080-exec-2] Granted Authorities --> ROLE_CONT
2020-05-23 10:41:34,787 INFO com.surshree.app.services.CustomUserDetailsService [http-nio-8080-exec-2] Granted Authorities --> ROLE_ADMN
2020-05-23 10:41:34,788 INFO com.surshree.app.services.CustomUserDetailsService [http-nio-8080-exec-2] Granted Authorities --> FUNC_CONT_MENU
2020-05-23 10:41:34,790 INFO com.surshree.app.services.CustomUserDetailsService [http-nio-8080-exec-2] Granted Authorities --> FUNC_VIEW_ADMIN_MENU
2020-05-23 10:41:34,796 INFO com.surshree.app.services.CustomUserDetailsService [http-nio-8080-exec-2] Granted Authorities --> FUNC_CONT_MENU
2020-05-23 10:41:35,145 INFO org.springframework.security.oauth2.provider.token.store.JdbcTokenStore [http-nio-8080-exec-2] Failed to find access token for token cadf64b0-9a96-4d74-9f8a-13ed1289ff24
2020-05-23 10:41:35,637 INFO com.surshree.app.services.CustomUserDetailsService [http-nio-8080-exec-4] Granted Authorities --> ROLE_CONT
2020-05-23 10:41:35,638 INFO com.surshree.app.services.CustomUserDetailsService [http-nio-8080-exec-4] Granted Authorities --> ROLE_ADMN
2020-05-23 10:41:35,638 INFO com.surshree.app.services.CustomUserDetailsService [http-nio-8080-exec-4] Granted Authorities --> FUNC_CONT_MENU
2020-05-23 10:41:35,639 INFO com.surshree.app.services.CustomUserDetailsService [http-nio-8080-exec-4] Granted Authorities --> FUNC_VIEW_ADMIN_MENU
2020-05-23 10:41:35,640 INFO com.surshree.app.services.CustomUserDetailsService [http-nio-8080-exec-4] Granted Authorities --> FUNC_CONT_MENU
2020-05-23 10:41:36,324 INFO com.surshree.app.services.CustomUserDetailsService [http-nio-8080-exec-8] Granted Authorities --> ROLE_CONT
2020-05-23 10:41:36,325 INFO com.surshree.app.services.CustomUserDetailsService [http-nio-8080-exec-8] Granted Authorities --> ROLE_ADMN
2020-05-23 10:41:36,326 INFO com.surshree.app.services.CustomUserDetailsService [http-nio-8080-exec-8] Granted Authorities --> FUNC_CONT_MENU
2020-05-23 10:41:36,329 INFO com.surshree.app.services.CustomUserDetailsService [http-nio-8080-exec-8] Granted Authorities --> FUNC_VIEW_ADMIN_MENU
2020-05-23 10:41:36,332 INFO com.surshree.app.services.CustomUserDetailsService [http-nio-8080-exec-8] Granted Authorities --> FUNC_CONT_MENU
2020-05-23 10:41:58,037 INFO com.surshree.app.services.CustomUserDetailsService [http-nio-8080-exec-5] Granted Authorities --> ROLE_CONT
2020-05-23 10:41:58,040 INFO com.surshree.app.services.CustomUserDetailsService [http-nio-8080-exec-5] Granted Authorities --> ROLE_ADMN
2020-05-23 10:41:58,045 INFO com.surshree.app.services.CustomUserDetailsService [http-nio-8080-exec-5] Granted Authorities --> FUNC_CONT_MENU
2020-05-23 10:41:58,047 INFO com.surshree.app.services.CustomUserDetailsService [http-nio-8080-exec-5] Granted Authorities --> FUNC_VIEW_ADMIN_MENU
2020-05-23 10:41:58,048 INFO com.surshree.app.services.CustomUserDetailsService [http-nio-8080-exec-5] Granted Authorities --> FUNC_CONT_MENU
2020-05-23 10:41:58,789 INFO com.surshree.app.services.CustomUserDetailsService [http-nio-8080-exec-7] Granted Authorities --> ROLE_CONT
2020-05-23 10:41:58,790 INFO com.surshree.app.services.CustomUserDetailsService [http-nio-8080-exec-7] Granted Authorities --> ROLE_ADMN
2020-05-23 10:41:58,791 INFO com.surshree.app.services.CustomUserDetailsService [http-nio-8080-exec-7] Granted Authorities --> FUNC_CONT_MENU
2020-05-23 10:41:58,791 INFO com.surshree.app.services.CustomUserDetailsService [http-nio-8080-exec-7] Granted Authorities --> FUNC_VIEW_ADMIN_MENU
2020-05-23 10:41:58,792 INFO com.surshree.app.services.CustomUserDetailsService [http-nio-8080-exec-7] Granted Authorities --> FUNC_CONT_MENU
2020-05-23 10:42:57,499 INFO com.surshree.app.controllers.FileController [http-nio-8080-exec-9] File download URL --> http://localhost:8080/file/5712e260-97f0-45ff-a3d0-2eb3a1773b68
2020-05-23 10:46:06,868 INFO com.surshree.app.services.CustomUserDetailsService [http-nio-8080-exec-3] Granted Authorities --> ROLE_CONT
2020-05-23 10:46:06,878 INFO com.surshree.app.services.CustomUserDetailsService [http-nio-8080-exec-3] Granted Authorities --> ROLE_ADMN
2020-05-23 10:46:06,879 INFO com.surshree.app.services.CustomUserDetailsService [http-nio-8080-exec-3] Granted Authorities --> FUNC_CONT_MENU
2020-05-23 10:46:06,880 INFO com.surshree.app.services.CustomUserDetailsService [http-nio-8080-exec-3] Granted Authorities --> FUNC_VIEW_ADMIN_MENU
2020-05-23 10:46:06,882 INFO com.surshree.app.services.CustomUserDetailsService [http-nio-8080-exec-3] Granted Authorities --> FUNC_CONT_MENU
2020-05-23 10:46:07,721 INFO com.surshree.app.services.CustomUserDetailsService [http-nio-8080-exec-4] Granted Authorities --> ROLE_CONT
2020-05-23 10:46:07,722 INFO com.surshree.app.services.CustomUserDetailsService [http-nio-8080-exec-4] Granted Authorities --> ROLE_ADMN
2020-05-23 10:46:07,723 INFO com.surshree.app.services.CustomUserDetailsService [http-nio-8080-exec-4] Granted Authorities --> FUNC_CONT_MENU
2020-05-23 10:46:07,725 INFO com.surshree.app.services.CustomUserDetailsService [http-nio-8080-exec-4] Granted Authorities --> FUNC_VIEW_ADMIN_MENU
2020-05-23 10:46:07,728 INFO com.surshree.app.services.CustomUserDetailsService [http-nio-8080-exec-4] Granted Authorities --> FUNC_CONT_MENU
2020-05-23 10:46:56,420 INFO com.surshree.app.controllers.FileController [http-nio-8080-exec-6] File download URL --> http://localhost:8080/file/2b87a467-9951-4be6-a8b5-15978e94f6ff
2020-05-23 10:48:54,606 INFO com.surshree.app.services.CustomUserDetailsService [http-nio-8080-exec-4] Granted Authorities --> ROLE_CONT
2020-05-23 10:48:54,623 INFO com.surshree.app.services.CustomUserDetailsService [http-nio-8080-exec-4] Granted Authorities --> ROLE_ADMN
2020-05-23 10:48:54,626 INFO com.surshree.app.services.CustomUserDetailsService [http-nio-8080-exec-4] Granted Authorities --> FUNC_CONT_MENU
2020-05-23 10:48:54,627 INFO com.surshree.app.services.CustomUserDetailsService [http-nio-8080-exec-4] Granted Authorities --> FUNC_VIEW_ADMIN_MENU
2020-05-23 10:48:54,628 INFO com.surshree.app.services.CustomUserDetailsService [http-nio-8080-exec-4] Granted Authorities --> FUNC_CONT_MENU
2020-05-23 10:49:22,183 INFO com.surshree.app.services.CustomUserDetailsService [http-nio-8080-exec-9] Granted Authorities --> ROLE_CONT
2020-05-23 10:49:22,194 INFO com.surshree.app.services.CustomUserDetailsService [http-nio-8080-exec-9] Granted Authorities --> ROLE_ADMN
2020-05-23 10:49:22,195 INFO com.surshree.app.services.CustomUserDetailsService [http-nio-8080-exec-9] Granted Authorities --> FUNC_CONT_MENU
2020-05-23 10:49:22,195 INFO com.surshree.app.services.CustomUserDetailsService [http-nio-8080-exec-9] Granted Authorities --> FUNC_VIEW_ADMIN_MENU
2020-05-23 10:49:22,196 INFO com.surshree.app.services.CustomUserDetailsService [http-nio-8080-exec-9] Granted Authorities --> FUNC_CONT_MENU
2020-05-23 10:50:26,197 INFO com.surshree.app.controllers.FileController [http-nio-8080-exec-2] File download URL --> http://localhost:8080/file/26f47f7b-5835-4fd2-9ccb-509c6c22c84e
2020-05-23 10:51:00,106 INFO com.surshree.app.scheduling.CacheScheduler [scheduling-1] Clear user cache : START
2020-05-23 10:51:00,107 INFO com.surshree.app.scheduling.CacheScheduler [scheduling-1] Clear user cache : END
2020-05-23 10:55:59,278 INFO com.surshree.app.services.CustomUserDetailsService [http-nio-8080-exec-6] Granted Authorities --> ROLE_ADMN
2020-05-23 10:55:59,283 INFO com.surshree.app.services.CustomUserDetailsService [http-nio-8080-exec-6] Granted Authorities --> ROLE_CONT
2020-05-23 10:55:59,284 INFO com.surshree.app.services.CustomUserDetailsService [http-nio-8080-exec-6] Granted Authorities --> FUNC_VIEW_ADMIN_MENU
2020-05-23 10:55:59,284 INFO com.surshree.app.services.CustomUserDetailsService [http-nio-8080-exec-6] Granted Authorities --> FUNC_CONT_MENU
2020-05-23 10:55:59,285 INFO com.surshree.app.services.CustomUserDetailsService [http-nio-8080-exec-6] Granted Authorities --> FUNC_CONT_MENU
2020-05-23 10:56:00,075 INFO com.surshree.app.services.CustomUserDetailsService [http-nio-8080-exec-1] Granted Authorities --> ROLE_ADMN
2020-05-23 10:56:00,075 INFO com.surshree.app.services.CustomUserDetailsService [http-nio-8080-exec-1] Granted Authorities --> ROLE_CONT
2020-05-23 10:56:00,076 INFO com.surshree.app.services.CustomUserDetailsService [http-nio-8080-exec-1] Granted Authorities --> FUNC_VIEW_ADMIN_MENU
2020-05-23 10:56:00,076 INFO com.surshree.app.services.CustomUserDetailsService [http-nio-8080-exec-1] Granted Authorities --> FUNC_CONT_MENU
2020-05-23 10:56:00,079 INFO com.surshree.app.services.CustomUserDetailsService [http-nio-8080-exec-1] Granted Authorities --> FUNC_CONT_MENU
2020-05-23 12:47:42,230 WARN com.zaxxer.hikari.pool.HikariPool$HouseKeeper [HikariPool-1 housekeeper] HikariPool-1 - Thread starvation or clock leap detected (housekeeper delta=1h51m50s172ms).
2020-05-23 12:48:00,051 INFO org.springframework.security.oauth2.provider.endpoint.CheckTokenEndpoint [http-nio-8080-exec-1] Handling error: InvalidTokenException, Token has expired
2020-05-23 12:48:00,215 INFO com.surshree.app.services.CustomUserDetailsService [http-nio-8080-exec-3] Granted Authorities --> ROLE_ADMN
2020-05-23 12:48:00,216 INFO com.surshree.app.services.CustomUserDetailsService [http-nio-8080-exec-3] Granted Authorities --> ROLE_CONT
2020-05-23 12:48:00,216 INFO com.surshree.app.services.CustomUserDetailsService [http-nio-8080-exec-3] Granted Authorities --> FUNC_VIEW_ADMIN_MENU
2020-05-23 12:48:00,217 INFO com.surshree.app.services.CustomUserDetailsService [http-nio-8080-exec-3] Granted Authorities --> FUNC_CONT_MENU
2020-05-23 12:48:00,217 INFO com.surshree.app.services.CustomUserDetailsService [http-nio-8080-exec-3] Granted Authorities --> FUNC_CONT_MENU
2020-05-23 12:48:00,235 INFO org.springframework.security.oauth2.provider.token.store.JdbcTokenStore [http-nio-8080-exec-3] Failed to find access token for token f6f9e975-2d0b-4516-b7b6-359e95ef18e5
2020-05-23 12:48:00,463 INFO com.surshree.app.services.CustomUserDetailsService [http-nio-8080-exec-4] Granted Authorities --> ROLE_ADMN
2020-05-23 12:48:00,463 INFO com.surshree.app.services.CustomUserDetailsService [http-nio-8080-exec-4] Granted Authorities --> ROLE_CONT
2020-05-23 12:48:00,464 INFO com.surshree.app.services.CustomUserDetailsService [http-nio-8080-exec-4] Granted Authorities --> FUNC_VIEW_ADMIN_MENU
2020-05-23 12:48:00,464 INFO com.surshree.app.services.CustomUserDetailsService [http-nio-8080-exec-4] Granted Authorities --> FUNC_CONT_MENU
2020-05-23 12:48:00,464 INFO com.surshree.app.services.CustomUserDetailsService [http-nio-8080-exec-4] Granted Authorities --> FUNC_CONT_MENU
2020-05-23 12:48:00,659 INFO com.surshree.app.services.CustomUserDetailsService [http-nio-8080-exec-2] Granted Authorities --> ROLE_ADMN
2020-05-23 12:48:00,660 INFO com.surshree.app.services.CustomUserDetailsService [http-nio-8080-exec-2] Granted Authorities --> ROLE_CONT
2020-05-23 12:48:00,661 INFO com.surshree.app.services.CustomUserDetailsService [http-nio-8080-exec-2] Granted Authorities --> FUNC_VIEW_ADMIN_MENU
2020-05-23 12:48:00,661 INFO com.surshree.app.services.CustomUserDetailsService [http-nio-8080-exec-2] Granted Authorities --> FUNC_CONT_MENU
2020-05-23 12:48:00,661 INFO com.surshree.app.services.CustomUserDetailsService [http-nio-8080-exec-2] Granted Authorities --> FUNC_CONT_MENU
2020-05-23 13:46:10,221 WARN com.zaxxer.hikari.pool.HikariPool$HouseKeeper [HikariPool-1 housekeeper] HikariPool-1 - Thread starvation or clock leap detected (housekeeper delta=57m57s967ms).
2020-05-23 13:47:10,657 WARN com.zaxxer.hikari.pool.HikariPool$HouseKeeper [HikariPool-1 housekeeper] HikariPool-1 - Retrograde clock change detected (housekeeper delta=29s863ms), soft-evicting connections from pool.
2020-05-23 13:49:48,176 INFO com.surshree.app.scheduling.CacheScheduler [scheduling-1] Clear user cache : START
2020-05-23 13:49:48,183 INFO com.surshree.app.scheduling.CacheScheduler [scheduling-1] Clear user cache : END
2020-05-23 13:59:48,190 INFO com.surshree.app.scheduling.CacheScheduler [scheduling-1] Clear user cache : START
2020-05-23 13:59:48,204 INFO com.surshree.app.scheduling.CacheScheduler [scheduling-1] Clear user cache : END
2020-05-23 14:03:27,329 INFO org.springframework.security.oauth2.provider.endpoint.CheckTokenEndpoint [http-nio-8080-exec-2] Handling error: InvalidTokenException, Token has expired
2020-05-23 14:03:27,492 INFO com.surshree.app.services.CustomUserDetailsService [http-nio-8080-exec-6] Granted Authorities --> ROLE_CONT
2020-05-23 14:03:27,494 INFO com.surshree.app.services.CustomUserDetailsService [http-nio-8080-exec-6] Granted Authorities --> ROLE_ADMN
2020-05-23 14:03:27,497 INFO com.surshree.app.services.CustomUserDetailsService [http-nio-8080-exec-6] Granted Authorities --> FUNC_CONT_MENU
2020-05-23 14:03:27,498 INFO com.surshree.app.services.CustomUserDetailsService [http-nio-8080-exec-6] Granted Authorities --> FUNC_CONT_MENU
2020-05-23 14:03:27,498 INFO com.surshree.app.services.CustomUserDetailsService [http-nio-8080-exec-6] Granted Authorities --> FUNC_VIEW_ADMIN_MENU
2020-05-23 14:03:27,519 WARN org.springframework.security.oauth2.provider.endpoint.TokenEndpoint [http-nio-8080-exec-6] Handling error: InvalidTokenException, Invalid refresh token (expired): 3dc90a4d-e925-4410-a248-67c1aef46164
2020-05-23 14:03:27,572 WARN org.springframework.web.servlet.mvc.method.annotation.ExceptionHandlerExceptionResolver [http-nio-8080-exec-6] Failure in @ExceptionHandler org.springframework.security.oauth2.provider.endpoint.TokenEndpoint#handleException(OAuth2Exception)
org.springframework.web.HttpMediaTypeNotAcceptableException: Could not find acceptable representation
	at org.springframework.web.servlet.mvc.method.annotation.AbstractMessageConverterMethodProcessor.writeWithMessageConverters(AbstractMessageConverterMethodProcessor.java:243)
	at org.springframework.web.servlet.mvc.method.annotation.HttpEntityMethodProcessor.handleReturnValue(HttpEntityMethodProcessor.java:219)
	at org.springframework.web.method.support.HandlerMethodReturnValueHandlerComposite.handleReturnValue(HandlerMethodReturnValueHandlerComposite.java:82)
	at org.springframework.web.servlet.mvc.method.annotation.ServletInvocableHandlerMethod.invokeAndHandle(ServletInvocableHandlerMethod.java:123)
	at org.springframework.web.servlet.mvc.method.annotation.ExceptionHandlerExceptionResolver.doResolveHandlerMethodException(ExceptionHandlerExceptionResolver.java:407)
	at org.springframework.web.servlet.handler.AbstractHandlerMethodExceptionResolver.doResolveException(AbstractHandlerMethodExceptionResolver.java:61)
	at org.springframework.web.servlet.handler.AbstractHandlerExceptionResolver.resolveException(AbstractHandlerExceptionResolver.java:141)
	at org.springframework.web.servlet.handler.HandlerExceptionResolverComposite.resolveException(HandlerExceptionResolverComposite.java:80)
	at org.springframework.web.servlet.DispatcherServlet.processHandlerException(DispatcherServlet.java:1300)
	at org.springframework.web.servlet.DispatcherServlet.processDispatchResult(DispatcherServlet.java:1111)
	at org.springframework.web.servlet.DispatcherServlet.doDispatch(DispatcherServlet.java:1057)
	at org.springframework.web.servlet.DispatcherServlet.doService(DispatcherServlet.java:943)
	at org.springframework.web.servlet.FrameworkServlet.processRequest(FrameworkServlet.java:1006)
	at org.springframework.web.servlet.FrameworkServlet.doPost(FrameworkServlet.java:909)
	at javax.servlet.http.HttpServlet.service(HttpServlet.java:660)
	at org.springframework.web.servlet.FrameworkServlet.service(FrameworkServlet.java:883)
	at javax.servlet.http.HttpServlet.service(HttpServlet.java:741)
	at org.apache.catalina.core.ApplicationFilterChain.internalDoFilter(ApplicationFilterChain.java:231)
	at org.apache.catalina.core.ApplicationFilterChain.doFilter(ApplicationFilterChain.java:166)
	at org.apache.tomcat.websocket.server.WsFilter.doFilter(WsFilter.java:53)
	at org.apache.catalina.core.ApplicationFilterChain.internalDoFilter(ApplicationFilterChain.java:193)
	at org.apache.catalina.core.ApplicationFilterChain.doFilter(ApplicationFilterChain.java:166)
	at org.springframework.security.web.FilterChainProxy$VirtualFilterChain.doFilter(FilterChainProxy.java:320)
	at org.springframework.security.web.access.intercept.FilterSecurityInterceptor.invoke(FilterSecurityInterceptor.java:126)
	at org.springframework.security.web.access.intercept.FilterSecurityInterceptor.doFilter(FilterSecurityInterceptor.java:90)
	at org.springframework.security.web.FilterChainProxy$VirtualFilterChain.doFilter(FilterChainProxy.java:334)
	at org.springframework.security.web.access.ExceptionTranslationFilter.doFilter(ExceptionTranslationFilter.java:118)
	at org.springframework.security.web.FilterChainProxy$VirtualFilterChain.doFilter(FilterChainProxy.java:334)
	at org.springframework.security.web.session.SessionManagementFilter.doFilter(SessionManagementFilter.java:137)
	at org.springframework.security.web.FilterChainProxy$VirtualFilterChain.doFilter(FilterChainProxy.java:334)
	at org.springframework.security.web.authentication.AnonymousAuthenticationFilter.doFilter(AnonymousAuthenticationFilter.java:111)
	at org.springframework.security.web.FilterChainProxy$VirtualFilterChain.doFilter(FilterChainProxy.java:334)
	at org.springframework.security.web.servletapi.SecurityContextHolderAwareRequestFilter.doFilter(SecurityContextHolderAwareRequestFilter.java:158)
	at org.springframework.security.web.FilterChainProxy$VirtualFilterChain.doFilter(FilterChainProxy.java:334)
	at org.springframework.security.web.savedrequest.RequestCacheAwareFilter.doFilter(RequestCacheAwareFilter.java:63)
	at org.springframework.security.web.FilterChainProxy$VirtualFilterChain.doFilter(FilterChainProxy.java:334)
	at org.springframework.security.web.authentication.www.BasicAuthenticationFilter.doFilterInternal(BasicAuthenticationFilter.java:204)
	at org.springframework.web.filter.OncePerRequestFilter.doFilter(OncePerRequestFilter.java:119)
	at org.springframework.security.web.FilterChainProxy$VirtualFilterChain.doFilter(FilterChainProxy.java:334)
	at org.springframework.web.filter.CorsFilter.doFilterInternal(CorsFilter.java:92)
	at org.springframework.web.filter.OncePerRequestFilter.doFilter(OncePerRequestFilter.java:119)
	at org.springframework.security.web.FilterChainProxy$VirtualFilterChain.doFilter(FilterChainProxy.java:334)
	at org.springframework.security.web.authentication.logout.LogoutFilter.doFilter(LogoutFilter.java:116)
	at org.springframework.security.web.FilterChainProxy$VirtualFilterChain.doFilter(FilterChainProxy.java:334)
	at org.springframework.security.web.header.HeaderWriterFilter.doHeadersAfter(HeaderWriterFilter.java:92)
	at org.springframework.security.web.header.HeaderWriterFilter.doFilterInternal(HeaderWriterFilter.java:77)
	at org.springframework.web.filter.OncePerRequestFilter.doFilter(OncePerRequestFilter.java:119)
	at org.springframework.security.web.FilterChainProxy$VirtualFilterChain.doFilter(FilterChainProxy.java:334)
	at org.springframework.security.web.context.SecurityContextPersistenceFilter.doFilter(SecurityContextPersistenceFilter.java:105)
	at org.springframework.security.web.FilterChainProxy$VirtualFilterChain.doFilter(FilterChainProxy.java:334)
	at org.springframework.security.web.context.request.async.WebAsyncManagerIntegrationFilter.doFilterInternal(WebAsyncManagerIntegrationFilter.java:56)
	at org.springframework.web.filter.OncePerRequestFilter.doFilter(OncePerRequestFilter.java:119)
	at org.springframework.security.web.FilterChainProxy$VirtualFilterChain.doFilter(FilterChainProxy.java:334)
	at org.springframework.security.web.FilterChainProxy.doFilterInternal(FilterChainProxy.java:215)
	at org.springframework.security.web.FilterChainProxy.doFilter(FilterChainProxy.java:178)
	at org.springframework.web.filter.DelegatingFilterProxy.invokeDelegate(DelegatingFilterProxy.java:358)
	at org.springframework.web.filter.DelegatingFilterProxy.doFilter(DelegatingFilterProxy.java:271)
	at org.apache.catalina.core.ApplicationFilterChain.internalDoFilter(ApplicationFilterChain.java:193)
	at org.apache.catalina.core.ApplicationFilterChain.doFilter(ApplicationFilterChain.java:166)
	at org.springframework.web.filter.RequestContextFilter.doFilterInternal(RequestContextFilter.java:100)
	at org.springframework.web.filter.OncePerRequestFilter.doFilter(OncePerRequestFilter.java:119)
	at org.apache.catalina.core.ApplicationFilterChain.internalDoFilter(ApplicationFilterChain.java:193)
	at org.apache.catalina.core.ApplicationFilterChain.doFilter(ApplicationFilterChain.java:166)
	at org.springframework.web.filter.FormContentFilter.doFilterInternal(FormContentFilter.java:93)
	at org.springframework.web.filter.OncePerRequestFilter.doFilter(OncePerRequestFilter.java:119)
	at org.apache.catalina.core.ApplicationFilterChain.internalDoFilter(ApplicationFilterChain.java:193)
	at org.apache.catalina.core.ApplicationFilterChain.doFilter(ApplicationFilterChain.java:166)
	at org.springframework.boot.actuate.metrics.web.servlet.WebMvcMetricsFilter.doFilterInternal(WebMvcMetricsFilter.java:109)
	at org.springframework.web.filter.OncePerRequestFilter.doFilter(OncePerRequestFilter.java:119)
	at org.apache.catalina.core.ApplicationFilterChain.internalDoFilter(ApplicationFilterChain.java:193)
	at org.apache.catalina.core.ApplicationFilterChain.doFilter(ApplicationFilterChain.java:166)
	at org.springframework.web.filter.CharacterEncodingFilter.doFilterInternal(CharacterEncodingFilter.java:201)
	at org.springframework.web.filter.OncePerRequestFilter.doFilter(OncePerRequestFilter.java:119)
	at org.apache.catalina.core.ApplicationFilterChain.internalDoFilter(ApplicationFilterChain.java:193)
	at org.apache.catalina.core.ApplicationFilterChain.doFilter(ApplicationFilterChain.java:166)
	at org.apache.catalina.core.StandardWrapperValve.invoke(StandardWrapperValve.java:202)
	at org.apache.catalina.core.StandardContextValve.invoke(StandardContextValve.java:96)
	at org.apache.catalina.authenticator.AuthenticatorBase.invoke(AuthenticatorBase.java:541)
	at org.apache.catalina.core.StandardHostValve.invoke(StandardHostValve.java:139)
	at org.apache.catalina.valves.ErrorReportValve.invoke(ErrorReportValve.java:92)
	at org.apache.catalina.core.StandardEngineValve.invoke(StandardEngineValve.java:74)
	at org.apache.catalina.connector.CoyoteAdapter.service(CoyoteAdapter.java:343)
	at org.apache.coyote.http11.Http11Processor.service(Http11Processor.java:373)
	at org.apache.coyote.AbstractProcessorLight.process(AbstractProcessorLight.java:65)
	at org.apache.coyote.AbstractProtocol$ConnectionHandler.process(AbstractProtocol.java:868)
	at org.apache.tomcat.util.net.NioEndpoint$SocketProcessor.doRun(NioEndpoint.java:1594)
	at org.apache.tomcat.util.net.SocketProcessorBase.run(SocketProcessorBase.java:49)
	at java.base/java.util.concurrent.ThreadPoolExecutor.runWorker(ThreadPoolExecutor.java:1128)
	at java.base/java.util.concurrent.ThreadPoolExecutor$Worker.run(ThreadPoolExecutor.java:628)
	at org.apache.tomcat.util.threads.TaskThread$WrappingRunnable.run(TaskThread.java:61)
	at java.base/java.lang.Thread.run(Thread.java:834)
2020-05-23 14:03:27,605 ERROR org.apache.juli.logging.DirectJDKLog [http-nio-8080-exec-6] Servlet.service() for servlet [dispatcherServlet] in context with path [] threw exception [Request processing failed; nested exception is error="invalid_token", error_description="Invalid refresh token (expired): 3dc90a4d-e925-4410-a248-67c1aef46164"] with root cause
org.springframework.security.oauth2.common.exceptions.InvalidTokenException: Invalid refresh token (expired): 3dc90a4d-e925-4410-a248-67c1aef46164
	at org.springframework.security.oauth2.provider.token.DefaultTokenServices.refreshAccessToken(DefaultTokenServices.java:166)
	at org.springframework.security.oauth2.provider.refresh.RefreshTokenGranter.getAccessToken(RefreshTokenGranter.java:47)
	at org.springframework.security.oauth2.provider.token.AbstractTokenGranter.grant(AbstractTokenGranter.java:67)
	at org.springframework.security.oauth2.provider.CompositeTokenGranter.grant(CompositeTokenGranter.java:38)
	at org.springframework.security.oauth2.config.annotation.web.configurers.AuthorizationServerEndpointsConfigurer$4.grant(AuthorizationServerEndpointsConfigurer.java:583)
	at org.springframework.security.oauth2.provider.endpoint.TokenEndpoint.postAccessToken(TokenEndpoint.java:132)
	at java.base/jdk.internal.reflect.NativeMethodAccessorImpl.invoke0(Native Method)
	at java.base/jdk.internal.reflect.NativeMethodAccessorImpl.invoke(NativeMethodAccessorImpl.java:62)
	at java.base/jdk.internal.reflect.DelegatingMethodAccessorImpl.invoke(DelegatingMethodAccessorImpl.java:43)
	at java.base/java.lang.reflect.Method.invoke(Method.java:566)
	at org.springframework.web.method.support.InvocableHandlerMethod.doInvoke(InvocableHandlerMethod.java:190)
	at org.springframework.web.method.support.InvocableHandlerMethod.invokeForRequest(InvocableHandlerMethod.java:138)
	at org.springframework.web.servlet.mvc.method.annotation.ServletInvocableHandlerMethod.invokeAndHandle(ServletInvocableHandlerMethod.java:105)
	at org.springframework.web.servlet.mvc.method.annotation.RequestMappingHandlerAdapter.invokeHandlerMethod(RequestMappingHandlerAdapter.java:879)
	at org.springframework.web.servlet.mvc.method.annotation.RequestMappingHandlerAdapter.handleInternal(RequestMappingHandlerAdapter.java:793)
	at org.springframework.web.servlet.mvc.method.AbstractHandlerMethodAdapter.handle(AbstractHandlerMethodAdapter.java:87)
	at org.springframework.web.servlet.DispatcherServlet.doDispatch(DispatcherServlet.java:1040)
	at org.springframework.web.servlet.DispatcherServlet.doService(DispatcherServlet.java:943)
	at org.springframework.web.servlet.FrameworkServlet.processRequest(FrameworkServlet.java:1006)
	at org.springframework.web.servlet.FrameworkServlet.doPost(FrameworkServlet.java:909)
	at javax.servlet.http.HttpServlet.service(HttpServlet.java:660)
	at org.springframework.web.servlet.FrameworkServlet.service(FrameworkServlet.java:883)
	at javax.servlet.http.HttpServlet.service(HttpServlet.java:741)
	at org.apache.catalina.core.ApplicationFilterChain.internalDoFilter(ApplicationFilterChain.java:231)
	at org.apache.catalina.core.ApplicationFilterChain.doFilter(ApplicationFilterChain.java:166)
	at org.apache.tomcat.websocket.server.WsFilter.doFilter(WsFilter.java:53)
	at org.apache.catalina.core.ApplicationFilterChain.internalDoFilter(ApplicationFilterChain.java:193)
	at org.apache.catalina.core.ApplicationFilterChain.doFilter(ApplicationFilterChain.java:166)
	at org.springframework.security.web.FilterChainProxy$VirtualFilterChain.doFilter(FilterChainProxy.java:320)
	at org.springframework.security.web.access.intercept.FilterSecurityInterceptor.invoke(FilterSecurityInterceptor.java:126)
	at org.springframework.security.web.access.intercept.FilterSecurityInterceptor.doFilter(FilterSecurityInterceptor.java:90)
	at org.springframework.security.web.FilterChainProxy$VirtualFilterChain.doFilter(FilterChainProxy.java:334)
	at org.springframework.security.web.access.ExceptionTranslationFilter.doFilter(ExceptionTranslationFilter.java:118)
	at org.springframework.security.web.FilterChainProxy$VirtualFilterChain.doFilter(FilterChainProxy.java:334)
	at org.springframework.security.web.session.SessionManagementFilter.doFilter(SessionManagementFilter.java:137)
	at org.springframework.security.web.FilterChainProxy$VirtualFilterChain.doFilter(FilterChainProxy.java:334)
	at org.springframework.security.web.authentication.AnonymousAuthenticationFilter.doFilter(AnonymousAuthenticationFilter.java:111)
	at org.springframework.security.web.FilterChainProxy$VirtualFilterChain.doFilter(FilterChainProxy.java:334)
	at org.springframework.security.web.servletapi.SecurityContextHolderAwareRequestFilter.doFilter(SecurityContextHolderAwareRequestFilter.java:158)
	at org.springframework.security.web.FilterChainProxy$VirtualFilterChain.doFilter(FilterChainProxy.java:334)
	at org.springframework.security.web.savedrequest.RequestCacheAwareFilter.doFilter(RequestCacheAwareFilter.java:63)
	at org.springframework.security.web.FilterChainProxy$VirtualFilterChain.doFilter(FilterChainProxy.java:334)
	at org.springframework.security.web.authentication.www.BasicAuthenticationFilter.doFilterInternal(BasicAuthenticationFilter.java:204)
	at org.springframework.web.filter.OncePerRequestFilter.doFilter(OncePerRequestFilter.java:119)
	at org.springframework.security.web.FilterChainProxy$VirtualFilterChain.doFilter(FilterChainProxy.java:334)
	at org.springframework.web.filter.CorsFilter.doFilterInternal(CorsFilter.java:92)
	at org.springframework.web.filter.OncePerRequestFilter.doFilter(OncePerRequestFilter.java:119)
	at org.springframework.security.web.FilterChainProxy$VirtualFilterChain.doFilter(FilterChainProxy.java:334)
	at org.springframework.security.web.authentication.logout.LogoutFilter.doFilter(LogoutFilter.java:116)
	at org.springframework.security.web.FilterChainProxy$VirtualFilterChain.doFilter(FilterChainProxy.java:334)
	at org.springframework.security.web.header.HeaderWriterFilter.doHeadersAfter(HeaderWriterFilter.java:92)
	at org.springframework.security.web.header.HeaderWriterFilter.doFilterInternal(HeaderWriterFilter.java:77)
	at org.springframework.web.filter.OncePerRequestFilter.doFilter(OncePerRequestFilter.java:119)
	at org.springframework.security.web.FilterChainProxy$VirtualFilterChain.doFilter(FilterChainProxy.java:334)
	at org.springframework.security.web.context.SecurityContextPersistenceFilter.doFilter(SecurityContextPersistenceFilter.java:105)
	at org.springframework.security.web.FilterChainProxy$VirtualFilterChain.doFilter(FilterChainProxy.java:334)
	at org.springframework.security.web.context.request.async.WebAsyncManagerIntegrationFilter.doFilterInternal(WebAsyncManagerIntegrationFilter.java:56)
	at org.springframework.web.filter.OncePerRequestFilter.doFilter(OncePerRequestFilter.java:119)
	at org.springframework.security.web.FilterChainProxy$VirtualFilterChain.doFilter(FilterChainProxy.java:334)
	at org.springframework.security.web.FilterChainProxy.doFilterInternal(FilterChainProxy.java:215)
	at org.springframework.security.web.FilterChainProxy.doFilter(FilterChainProxy.java:178)
	at org.springframework.web.filter.DelegatingFilterProxy.invokeDelegate(DelegatingFilterProxy.java:358)
	at org.springframework.web.filter.DelegatingFilterProxy.doFilter(DelegatingFilterProxy.java:271)
	at org.apache.catalina.core.ApplicationFilterChain.internalDoFilter(ApplicationFilterChain.java:193)
	at org.apache.catalina.core.ApplicationFilterChain.doFilter(ApplicationFilterChain.java:166)
	at org.springframework.web.filter.RequestContextFilter.doFilterInternal(RequestContextFilter.java:100)
	at org.springframework.web.filter.OncePerRequestFilter.doFilter(OncePerRequestFilter.java:119)
	at org.apache.catalina.core.ApplicationFilterChain.internalDoFilter(ApplicationFilterChain.java:193)
	at org.apache.catalina.core.ApplicationFilterChain.doFilter(ApplicationFilterChain.java:166)
	at org.springframework.web.filter.FormContentFilter.doFilterInternal(FormContentFilter.java:93)
	at org.springframework.web.filter.OncePerRequestFilter.doFilter(OncePerRequestFilter.java:119)
	at org.apache.catalina.core.ApplicationFilterChain.internalDoFilter(ApplicationFilterChain.java:193)
	at org.apache.catalina.core.ApplicationFilterChain.doFilter(ApplicationFilterChain.java:166)
	at org.springframework.boot.actuate.metrics.web.servlet.WebMvcMetricsFilter.doFilterInternal(WebMvcMetricsFilter.java:109)
	at org.springframework.web.filter.OncePerRequestFilter.doFilter(OncePerRequestFilter.java:119)
	at org.apache.catalina.core.ApplicationFilterChain.internalDoFilter(ApplicationFilterChain.java:193)
	at org.apache.catalina.core.ApplicationFilterChain.doFilter(ApplicationFilterChain.java:166)
	at org.springframework.web.filter.CharacterEncodingFilter.doFilterInternal(CharacterEncodingFilter.java:201)
	at org.springframework.web.filter.OncePerRequestFilter.doFilter(OncePerRequestFilter.java:119)
	at org.apache.catalina.core.ApplicationFilterChain.internalDoFilter(ApplicationFilterChain.java:193)
	at org.apache.catalina.core.ApplicationFilterChain.doFilter(ApplicationFilterChain.java:166)
	at org.apache.catalina.core.StandardWrapperValve.invoke(StandardWrapperValve.java:202)
	at org.apache.catalina.core.StandardContextValve.invoke(StandardContextValve.java:96)
	at org.apache.catalina.authenticator.AuthenticatorBase.invoke(AuthenticatorBase.java:541)
	at org.apache.catalina.core.StandardHostValve.invoke(StandardHostValve.java:139)
	at org.apache.catalina.valves.ErrorReportValve.invoke(ErrorReportValve.java:92)
	at org.apache.catalina.core.StandardEngineValve.invoke(StandardEngineValve.java:74)
	at org.apache.catalina.connector.CoyoteAdapter.service(CoyoteAdapter.java:343)
	at org.apache.coyote.http11.Http11Processor.service(Http11Processor.java:373)
	at org.apache.coyote.AbstractProcessorLight.process(AbstractProcessorLight.java:65)
	at org.apache.coyote.AbstractProtocol$ConnectionHandler.process(AbstractProtocol.java:868)
	at org.apache.tomcat.util.net.NioEndpoint$SocketProcessor.doRun(NioEndpoint.java:1594)
	at org.apache.tomcat.util.net.SocketProcessorBase.run(SocketProcessorBase.java:49)
	at java.base/java.util.concurrent.ThreadPoolExecutor.runWorker(ThreadPoolExecutor.java:1128)
	at java.base/java.util.concurrent.ThreadPoolExecutor$Worker.run(ThreadPoolExecutor.java:628)
	at org.apache.tomcat.util.threads.TaskThread$WrappingRunnable.run(TaskThread.java:61)
	at java.base/java.lang.Thread.run(Thread.java:834)
2020-05-23 18:46:15,762 WARN com.zaxxer.hikari.pool.HikariPool$HouseKeeper [HikariPool-1 housekeeper] HikariPool-1 - Thread starvation or clock leap detected (housekeeper delta=4h42m34s75ms).
2020-05-23 18:48:30,298 WARN org.springframework.security.oauth2.provider.endpoint.TokenEndpoint [http-nio-8080-exec-2] Handling error: UsernameNotFoundException, User details not found for user --> adminpass
2020-05-23 18:48:30,310 WARN org.springframework.web.servlet.mvc.method.annotation.ExceptionHandlerExceptionResolver [http-nio-8080-exec-2] Failure in @ExceptionHandler org.springframework.security.oauth2.provider.endpoint.TokenEndpoint#handleException(Exception)
org.springframework.web.HttpMediaTypeNotAcceptableException: Could not find acceptable representation
	at org.springframework.web.servlet.mvc.method.annotation.AbstractMessageConverterMethodProcessor.writeWithMessageConverters(AbstractMessageConverterMethodProcessor.java:243)
	at org.springframework.web.servlet.mvc.method.annotation.HttpEntityMethodProcessor.handleReturnValue(HttpEntityMethodProcessor.java:219)
	at org.springframework.web.method.support.HandlerMethodReturnValueHandlerComposite.handleReturnValue(HandlerMethodReturnValueHandlerComposite.java:82)
	at org.springframework.web.servlet.mvc.method.annotation.ServletInvocableHandlerMethod.invokeAndHandle(ServletInvocableHandlerMethod.java:123)
	at org.springframework.web.servlet.mvc.method.annotation.ExceptionHandlerExceptionResolver.doResolveHandlerMethodException(ExceptionHandlerExceptionResolver.java:407)
	at org.springframework.web.servlet.handler.AbstractHandlerMethodExceptionResolver.doResolveException(AbstractHandlerMethodExceptionResolver.java:61)
	at org.springframework.web.servlet.handler.AbstractHandlerExceptionResolver.resolveException(AbstractHandlerExceptionResolver.java:141)
	at org.springframework.web.servlet.handler.HandlerExceptionResolverComposite.resolveException(HandlerExceptionResolverComposite.java:80)
	at org.springframework.web.servlet.DispatcherServlet.processHandlerException(DispatcherServlet.java:1300)
	at org.springframework.web.servlet.DispatcherServlet.processDispatchResult(DispatcherServlet.java:1111)
	at org.springframework.web.servlet.DispatcherServlet.doDispatch(DispatcherServlet.java:1057)
	at org.springframework.web.servlet.DispatcherServlet.doService(DispatcherServlet.java:943)
	at org.springframework.web.servlet.FrameworkServlet.processRequest(FrameworkServlet.java:1006)
	at org.springframework.web.servlet.FrameworkServlet.doPost(FrameworkServlet.java:909)
	at javax.servlet.http.HttpServlet.service(HttpServlet.java:660)
	at org.springframework.web.servlet.FrameworkServlet.service(FrameworkServlet.java:883)
	at javax.servlet.http.HttpServlet.service(HttpServlet.java:741)
	at org.apache.catalina.core.ApplicationFilterChain.internalDoFilter(ApplicationFilterChain.java:231)
	at org.apache.catalina.core.ApplicationFilterChain.doFilter(ApplicationFilterChain.java:166)
	at org.apache.tomcat.websocket.server.WsFilter.doFilter(WsFilter.java:53)
	at org.apache.catalina.core.ApplicationFilterChain.internalDoFilter(ApplicationFilterChain.java:193)
	at org.apache.catalina.core.ApplicationFilterChain.doFilter(ApplicationFilterChain.java:166)
	at org.springframework.security.web.FilterChainProxy$VirtualFilterChain.doFilter(FilterChainProxy.java:320)
	at org.springframework.security.web.access.intercept.FilterSecurityInterceptor.invoke(FilterSecurityInterceptor.java:126)
	at org.springframework.security.web.access.intercept.FilterSecurityInterceptor.doFilter(FilterSecurityInterceptor.java:90)
	at org.springframework.security.web.FilterChainProxy$VirtualFilterChain.doFilter(FilterChainProxy.java:334)
	at org.springframework.security.web.access.ExceptionTranslationFilter.doFilter(ExceptionTranslationFilter.java:118)
	at org.springframework.security.web.FilterChainProxy$VirtualFilterChain.doFilter(FilterChainProxy.java:334)
	at org.springframework.security.web.session.SessionManagementFilter.doFilter(SessionManagementFilter.java:137)
	at org.springframework.security.web.FilterChainProxy$VirtualFilterChain.doFilter(FilterChainProxy.java:334)
	at org.springframework.security.web.authentication.AnonymousAuthenticationFilter.doFilter(AnonymousAuthenticationFilter.java:111)
	at org.springframework.security.web.FilterChainProxy$VirtualFilterChain.doFilter(FilterChainProxy.java:334)
	at org.springframework.security.web.servletapi.SecurityContextHolderAwareRequestFilter.doFilter(SecurityContextHolderAwareRequestFilter.java:158)
	at org.springframework.security.web.FilterChainProxy$VirtualFilterChain.doFilter(FilterChainProxy.java:334)
	at org.springframework.security.web.savedrequest.RequestCacheAwareFilter.doFilter(RequestCacheAwareFilter.java:63)
	at org.springframework.security.web.FilterChainProxy$VirtualFilterChain.doFilter(FilterChainProxy.java:334)
	at org.springframework.security.web.authentication.www.BasicAuthenticationFilter.doFilterInternal(BasicAuthenticationFilter.java:204)
	at org.springframework.web.filter.OncePerRequestFilter.doFilter(OncePerRequestFilter.java:119)
	at org.springframework.security.web.FilterChainProxy$VirtualFilterChain.doFilter(FilterChainProxy.java:334)
	at org.springframework.web.filter.CorsFilter.doFilterInternal(CorsFilter.java:92)
	at org.springframework.web.filter.OncePerRequestFilter.doFilter(OncePerRequestFilter.java:119)
	at org.springframework.security.web.FilterChainProxy$VirtualFilterChain.doFilter(FilterChainProxy.java:334)
	at org.springframework.security.web.authentication.logout.LogoutFilter.doFilter(LogoutFilter.java:116)
	at org.springframework.security.web.FilterChainProxy$VirtualFilterChain.doFilter(FilterChainProxy.java:334)
	at org.springframework.security.web.header.HeaderWriterFilter.doHeadersAfter(HeaderWriterFilter.java:92)
	at org.springframework.security.web.header.HeaderWriterFilter.doFilterInternal(HeaderWriterFilter.java:77)
	at org.springframework.web.filter.OncePerRequestFilter.doFilter(OncePerRequestFilter.java:119)
	at org.springframework.security.web.FilterChainProxy$VirtualFilterChain.doFilter(FilterChainProxy.java:334)
	at org.springframework.security.web.context.SecurityContextPersistenceFilter.doFilter(SecurityContextPersistenceFilter.java:105)
	at org.springframework.security.web.FilterChainProxy$VirtualFilterChain.doFilter(FilterChainProxy.java:334)
	at org.springframework.security.web.context.request.async.WebAsyncManagerIntegrationFilter.doFilterInternal(WebAsyncManagerIntegrationFilter.java:56)
	at org.springframework.web.filter.OncePerRequestFilter.doFilter(OncePerRequestFilter.java:119)
	at org.springframework.security.web.FilterChainProxy$VirtualFilterChain.doFilter(FilterChainProxy.java:334)
	at org.springframework.security.web.FilterChainProxy.doFilterInternal(FilterChainProxy.java:215)
	at org.springframework.security.web.FilterChainProxy.doFilter(FilterChainProxy.java:178)
	at org.springframework.web.filter.DelegatingFilterProxy.invokeDelegate(DelegatingFilterProxy.java:358)
	at org.springframework.web.filter.DelegatingFilterProxy.doFilter(DelegatingFilterProxy.java:271)
	at org.apache.catalina.core.ApplicationFilterChain.internalDoFilter(ApplicationFilterChain.java:193)
	at org.apache.catalina.core.ApplicationFilterChain.doFilter(ApplicationFilterChain.java:166)
	at org.springframework.web.filter.RequestContextFilter.doFilterInternal(RequestContextFilter.java:100)
	at org.springframework.web.filter.OncePerRequestFilter.doFilter(OncePerRequestFilter.java:119)
	at org.apache.catalina.core.ApplicationFilterChain.internalDoFilter(ApplicationFilterChain.java:193)
	at org.apache.catalina.core.ApplicationFilterChain.doFilter(ApplicationFilterChain.java:166)
	at org.springframework.web.filter.FormContentFilter.doFilterInternal(FormContentFilter.java:93)
	at org.springframework.web.filter.OncePerRequestFilter.doFilter(OncePerRequestFilter.java:119)
	at org.apache.catalina.core.ApplicationFilterChain.internalDoFilter(ApplicationFilterChain.java:193)
	at org.apache.catalina.core.ApplicationFilterChain.doFilter(ApplicationFilterChain.java:166)
	at org.springframework.boot.actuate.metrics.web.servlet.WebMvcMetricsFilter.doFilterInternal(WebMvcMetricsFilter.java:109)
	at org.springframework.web.filter.OncePerRequestFilter.doFilter(OncePerRequestFilter.java:119)
	at org.apache.catalina.core.ApplicationFilterChain.internalDoFilter(ApplicationFilterChain.java:193)
	at org.apache.catalina.core.ApplicationFilterChain.doFilter(ApplicationFilterChain.java:166)
	at org.springframework.web.filter.CharacterEncodingFilter.doFilterInternal(CharacterEncodingFilter.java:201)
	at org.springframework.web.filter.OncePerRequestFilter.doFilter(OncePerRequestFilter.java:119)
	at org.apache.catalina.core.ApplicationFilterChain.internalDoFilter(ApplicationFilterChain.java:193)
	at org.apache.catalina.core.ApplicationFilterChain.doFilter(ApplicationFilterChain.java:166)
	at org.apache.catalina.core.StandardWrapperValve.invoke(StandardWrapperValve.java:202)
	at org.apache.catalina.core.StandardContextValve.invoke(StandardContextValve.java:96)
	at org.apache.catalina.authenticator.AuthenticatorBase.invoke(AuthenticatorBase.java:541)
	at org.apache.catalina.core.StandardHostValve.invoke(StandardHostValve.java:139)
	at org.apache.catalina.valves.ErrorReportValve.invoke(ErrorReportValve.java:92)
	at org.apache.catalina.core.StandardEngineValve.invoke(StandardEngineValve.java:74)
	at org.apache.catalina.connector.CoyoteAdapter.service(CoyoteAdapter.java:343)
	at org.apache.coyote.http11.Http11Processor.service(Http11Processor.java:373)
	at org.apache.coyote.AbstractProcessorLight.process(AbstractProcessorLight.java:65)
	at org.apache.coyote.AbstractProtocol$ConnectionHandler.process(AbstractProtocol.java:868)
	at org.apache.tomcat.util.net.NioEndpoint$SocketProcessor.doRun(NioEndpoint.java:1594)
	at org.apache.tomcat.util.net.SocketProcessorBase.run(SocketProcessorBase.java:49)
	at java.base/java.util.concurrent.ThreadPoolExecutor.runWorker(ThreadPoolExecutor.java:1128)
	at java.base/java.util.concurrent.ThreadPoolExecutor$Worker.run(ThreadPoolExecutor.java:628)
	at org.apache.tomcat.util.threads.TaskThread$WrappingRunnable.run(TaskThread.java:61)
	at java.base/java.lang.Thread.run(Thread.java:834)
2020-05-23 18:48:37,275 INFO com.surshree.app.services.CustomUserDetailsService [http-nio-8080-exec-8] Granted Authorities --> ROLE_CONT
2020-05-23 18:48:37,299 INFO com.surshree.app.services.CustomUserDetailsService [http-nio-8080-exec-8] Granted Authorities --> ROLE_ADMN
2020-05-23 18:48:37,300 INFO com.surshree.app.services.CustomUserDetailsService [http-nio-8080-exec-8] Granted Authorities --> FUNC_CONT_MENU
2020-05-23 18:48:37,301 INFO com.surshree.app.services.CustomUserDetailsService [http-nio-8080-exec-8] Granted Authorities --> FUNC_CONT_MENU
2020-05-23 18:48:37,301 INFO com.surshree.app.services.CustomUserDetailsService [http-nio-8080-exec-8] Granted Authorities --> FUNC_VIEW_ADMIN_MENU
2020-05-23 18:48:37,362 INFO org.springframework.security.oauth2.provider.token.store.JdbcTokenStore [http-nio-8080-exec-8] Failed to find access token for token c912a790-ae41-4192-bb79-f2bad6c0217e
2020-05-23 18:48:37,723 INFO com.surshree.app.services.CustomUserDetailsService [http-nio-8080-exec-5] Granted Authorities --> ROLE_CONT
2020-05-23 18:48:37,726 INFO com.surshree.app.services.CustomUserDetailsService [http-nio-8080-exec-5] Granted Authorities --> ROLE_ADMN
2020-05-23 18:48:37,729 INFO com.surshree.app.services.CustomUserDetailsService [http-nio-8080-exec-5] Granted Authorities --> FUNC_CONT_MENU
2020-05-23 18:48:37,732 INFO com.surshree.app.services.CustomUserDetailsService [http-nio-8080-exec-5] Granted Authorities --> FUNC_CONT_MENU
2020-05-23 18:48:37,732 INFO com.surshree.app.services.CustomUserDetailsService [http-nio-8080-exec-5] Granted Authorities --> FUNC_VIEW_ADMIN_MENU
2020-05-23 18:48:38,269 INFO com.surshree.app.services.CustomUserDetailsService [http-nio-8080-exec-3] Granted Authorities --> ROLE_CONT
2020-05-23 18:48:38,270 INFO com.surshree.app.services.CustomUserDetailsService [http-nio-8080-exec-3] Granted Authorities --> ROLE_ADMN
2020-05-23 18:48:38,271 INFO com.surshree.app.services.CustomUserDetailsService [http-nio-8080-exec-3] Granted Authorities --> FUNC_CONT_MENU
2020-05-23 18:48:38,271 INFO com.surshree.app.services.CustomUserDetailsService [http-nio-8080-exec-3] Granted Authorities --> FUNC_CONT_MENU
2020-05-23 18:48:38,272 INFO com.surshree.app.services.CustomUserDetailsService [http-nio-8080-exec-3] Granted Authorities --> FUNC_VIEW_ADMIN_MENU
2020-05-23 18:49:52,339 INFO com.surshree.app.services.CustomUserDetailsService [http-nio-8080-exec-6] Granted Authorities --> ROLE_CONT
2020-05-23 18:49:52,340 INFO com.surshree.app.services.CustomUserDetailsService [http-nio-8080-exec-6] Granted Authorities --> ROLE_ADMN
2020-05-23 18:49:52,341 INFO com.surshree.app.services.CustomUserDetailsService [http-nio-8080-exec-6] Granted Authorities --> FUNC_CONT_MENU
2020-05-23 18:49:52,342 INFO com.surshree.app.services.CustomUserDetailsService [http-nio-8080-exec-6] Granted Authorities --> FUNC_CONT_MENU
2020-05-23 18:49:52,342 INFO com.surshree.app.services.CustomUserDetailsService [http-nio-8080-exec-6] Granted Authorities --> FUNC_VIEW_ADMIN_MENU
2020-05-23 18:49:53,250 INFO com.surshree.app.services.CustomUserDetailsService [http-nio-8080-exec-5] Granted Authorities --> ROLE_CONT
2020-05-23 18:49:53,251 INFO com.surshree.app.services.CustomUserDetailsService [http-nio-8080-exec-5] Granted Authorities --> ROLE_ADMN
2020-05-23 18:49:53,251 INFO com.surshree.app.services.CustomUserDetailsService [http-nio-8080-exec-5] Granted Authorities --> FUNC_CONT_MENU
2020-05-23 18:49:53,252 INFO com.surshree.app.services.CustomUserDetailsService [http-nio-8080-exec-5] Granted Authorities --> FUNC_CONT_MENU
2020-05-23 18:49:53,252 INFO com.surshree.app.services.CustomUserDetailsService [http-nio-8080-exec-5] Granted Authorities --> FUNC_VIEW_ADMIN_MENU
2020-05-23 18:51:34,088 INFO com.surshree.app.scheduling.CacheScheduler [scheduling-1] Clear user cache : START
2020-05-23 18:51:34,096 INFO com.surshree.app.scheduling.CacheScheduler [scheduling-1] Clear user cache : END
2020-05-23 18:51:49,355 INFO com.surshree.app.controllers.FileController [http-nio-8080-exec-9] File download URL --> http://localhost:8080/file/e2600cbe-351e-444b-b790-d86adaa821c1
2020-05-23 18:52:10,823 INFO com.surshree.app.services.CustomUserDetailsService [http-nio-8080-exec-7] Granted Authorities --> ROLE_CONT
2020-05-23 18:52:10,824 INFO com.surshree.app.services.CustomUserDetailsService [http-nio-8080-exec-7] Granted Authorities --> ROLE_ADMN
2020-05-23 18:52:10,825 INFO com.surshree.app.services.CustomUserDetailsService [http-nio-8080-exec-7] Granted Authorities --> FUNC_CONT_MENU
2020-05-23 18:52:10,827 INFO com.surshree.app.services.CustomUserDetailsService [http-nio-8080-exec-7] Granted Authorities --> FUNC_CONT_MENU
2020-05-23 18:52:10,828 INFO com.surshree.app.services.CustomUserDetailsService [http-nio-8080-exec-7] Granted Authorities --> FUNC_VIEW_ADMIN_MENU
2020-05-23 18:57:58,574 INFO com.surshree.app.services.CustomUserDetailsService [http-nio-8080-exec-10] Granted Authorities --> ROLE_CONT
2020-05-23 18:57:58,586 INFO com.surshree.app.services.CustomUserDetailsService [http-nio-8080-exec-10] Granted Authorities --> ROLE_ADMN
2020-05-23 18:57:58,597 INFO com.surshree.app.services.CustomUserDetailsService [http-nio-8080-exec-10] Granted Authorities --> FUNC_CONT_MENU
2020-05-23 18:57:58,602 INFO com.surshree.app.services.CustomUserDetailsService [http-nio-8080-exec-10] Granted Authorities --> FUNC_CONT_MENU
2020-05-23 18:57:58,605 INFO com.surshree.app.services.CustomUserDetailsService [http-nio-8080-exec-10] Granted Authorities --> FUNC_VIEW_ADMIN_MENU
2020-05-23 19:01:34,103 INFO com.surshree.app.scheduling.CacheScheduler [scheduling-1] Clear user cache : START
2020-05-23 19:01:34,123 INFO com.surshree.app.scheduling.CacheScheduler [scheduling-1] Clear user cache : END
2020-05-23 19:07:31,639 INFO com.surshree.app.services.CustomUserDetailsService [http-nio-8080-exec-2] Granted Authorities --> ROLE_CONT
2020-05-23 19:07:31,643 INFO com.surshree.app.services.CustomUserDetailsService [http-nio-8080-exec-2] Granted Authorities --> ROLE_ADMN
2020-05-23 19:07:31,647 INFO com.surshree.app.services.CustomUserDetailsService [http-nio-8080-exec-2] Granted Authorities --> FUNC_CONT_MENU
2020-05-23 19:07:31,648 INFO com.surshree.app.services.CustomUserDetailsService [http-nio-8080-exec-2] Granted Authorities --> FUNC_VIEW_ADMIN_MENU
2020-05-23 19:07:31,649 INFO com.surshree.app.services.CustomUserDetailsService [http-nio-8080-exec-2] Granted Authorities --> FUNC_CONT_MENU
2020-05-23 19:07:32,246 INFO com.surshree.app.services.CustomUserDetailsService [http-nio-8080-exec-6] Granted Authorities --> ROLE_CONT
2020-05-23 19:07:32,247 INFO com.surshree.app.services.CustomUserDetailsService [http-nio-8080-exec-6] Granted Authorities --> ROLE_ADMN
2020-05-23 19:07:32,249 INFO com.surshree.app.services.CustomUserDetailsService [http-nio-8080-exec-6] Granted Authorities --> FUNC_CONT_MENU
2020-05-23 19:07:32,251 INFO com.surshree.app.services.CustomUserDetailsService [http-nio-8080-exec-6] Granted Authorities --> FUNC_VIEW_ADMIN_MENU
2020-05-23 19:07:32,252 INFO com.surshree.app.services.CustomUserDetailsService [http-nio-8080-exec-6] Granted Authorities --> FUNC_CONT_MENU
2020-05-23 19:07:32,407 WARN org.springframework.web.servlet.mvc.method.annotation.ResponseEntityExceptionHandler [http-nio-8080-exec-8] Request method 'GET' not supported
2020-05-23 19:07:54,788 INFO com.surshree.app.services.CustomUserDetailsService [http-nio-8080-exec-3] Granted Authorities --> ROLE_CONT
2020-05-23 19:07:54,789 INFO com.surshree.app.services.CustomUserDetailsService [http-nio-8080-exec-3] Granted Authorities --> ROLE_ADMN
2020-05-23 19:07:54,790 INFO com.surshree.app.services.CustomUserDetailsService [http-nio-8080-exec-3] Granted Authorities --> FUNC_CONT_MENU
2020-05-23 19:07:54,791 INFO com.surshree.app.services.CustomUserDetailsService [http-nio-8080-exec-3] Granted Authorities --> FUNC_VIEW_ADMIN_MENU
2020-05-23 19:07:54,792 INFO com.surshree.app.services.CustomUserDetailsService [http-nio-8080-exec-3] Granted Authorities --> FUNC_CONT_MENU
2020-05-23 19:07:55,302 INFO com.surshree.app.services.CustomUserDetailsService [http-nio-8080-exec-2] Granted Authorities --> ROLE_CONT
2020-05-23 19:07:55,302 INFO com.surshree.app.services.CustomUserDetailsService [http-nio-8080-exec-2] Granted Authorities --> ROLE_ADMN
2020-05-23 19:07:55,303 INFO com.surshree.app.services.CustomUserDetailsService [http-nio-8080-exec-2] Granted Authorities --> FUNC_CONT_MENU
2020-05-23 19:07:55,303 INFO com.surshree.app.services.CustomUserDetailsService [http-nio-8080-exec-2] Granted Authorities --> FUNC_VIEW_ADMIN_MENU
2020-05-23 19:07:55,304 INFO com.surshree.app.services.CustomUserDetailsService [http-nio-8080-exec-2] Granted Authorities --> FUNC_CONT_MENU
2020-05-23 19:08:29,899 INFO com.surshree.app.services.CustomUserDetailsService [http-nio-8080-exec-4] Granted Authorities --> ROLE_CONT
2020-05-23 19:08:29,901 INFO com.surshree.app.services.CustomUserDetailsService [http-nio-8080-exec-4] Granted Authorities --> ROLE_ADMN
2020-05-23 19:08:29,902 INFO com.surshree.app.services.CustomUserDetailsService [http-nio-8080-exec-4] Granted Authorities --> FUNC_CONT_MENU
2020-05-23 19:08:29,903 INFO com.surshree.app.services.CustomUserDetailsService [http-nio-8080-exec-4] Granted Authorities --> FUNC_VIEW_ADMIN_MENU
2020-05-23 19:08:29,903 INFO com.surshree.app.services.CustomUserDetailsService [http-nio-8080-exec-4] Granted Authorities --> FUNC_CONT_MENU
2020-05-23 19:09:36,359 INFO com.surshree.app.services.CustomUserDetailsService [http-nio-8080-exec-9] Granted Authorities --> ROLE_CONT
2020-05-23 19:09:36,375 INFO com.surshree.app.services.CustomUserDetailsService [http-nio-8080-exec-9] Granted Authorities --> ROLE_ADMN
2020-05-23 19:09:36,376 INFO com.surshree.app.services.CustomUserDetailsService [http-nio-8080-exec-9] Granted Authorities --> FUNC_CONT_MENU
2020-05-23 19:09:36,377 INFO com.surshree.app.services.CustomUserDetailsService [http-nio-8080-exec-9] Granted Authorities --> FUNC_VIEW_ADMIN_MENU
2020-05-23 19:09:36,377 INFO com.surshree.app.services.CustomUserDetailsService [http-nio-8080-exec-9] Granted Authorities --> FUNC_CONT_MENU
2020-05-23 19:09:36,970 INFO com.surshree.app.services.CustomUserDetailsService [http-nio-8080-exec-10] Granted Authorities --> ROLE_CONT
2020-05-23 19:09:36,971 INFO com.surshree.app.services.CustomUserDetailsService [http-nio-8080-exec-10] Granted Authorities --> ROLE_ADMN
2020-05-23 19:09:36,972 INFO com.surshree.app.services.CustomUserDetailsService [http-nio-8080-exec-10] Granted Authorities --> FUNC_CONT_MENU
2020-05-23 19:09:36,972 INFO com.surshree.app.services.CustomUserDetailsService [http-nio-8080-exec-10] Granted Authorities --> FUNC_VIEW_ADMIN_MENU
2020-05-23 19:09:36,974 INFO com.surshree.app.services.CustomUserDetailsService [http-nio-8080-exec-10] Granted Authorities --> FUNC_CONT_MENU
2020-05-23 19:09:55,584 INFO com.surshree.app.services.CustomUserDetailsService [http-nio-8080-exec-7] Granted Authorities --> ROLE_CONT
2020-05-23 19:09:55,585 INFO com.surshree.app.services.CustomUserDetailsService [http-nio-8080-exec-7] Granted Authorities --> ROLE_ADMN
2020-05-23 19:09:55,588 INFO com.surshree.app.services.CustomUserDetailsService [http-nio-8080-exec-7] Granted Authorities --> FUNC_CONT_MENU
2020-05-23 19:09:55,590 INFO com.surshree.app.services.CustomUserDetailsService [http-nio-8080-exec-7] Granted Authorities --> FUNC_VIEW_ADMIN_MENU
2020-05-23 19:09:55,591 INFO com.surshree.app.services.CustomUserDetailsService [http-nio-8080-exec-7] Granted Authorities --> FUNC_CONT_MENU
2020-05-23 19:09:56,284 INFO com.surshree.app.services.CustomUserDetailsService [http-nio-8080-exec-9] Granted Authorities --> ROLE_CONT
2020-05-23 19:09:56,285 INFO com.surshree.app.services.CustomUserDetailsService [http-nio-8080-exec-9] Granted Authorities --> ROLE_ADMN
2020-05-23 19:09:56,286 INFO com.surshree.app.services.CustomUserDetailsService [http-nio-8080-exec-9] Granted Authorities --> FUNC_CONT_MENU
2020-05-23 19:09:56,286 INFO com.surshree.app.services.CustomUserDetailsService [http-nio-8080-exec-9] Granted Authorities --> FUNC_VIEW_ADMIN_MENU
2020-05-23 19:09:56,286 INFO com.surshree.app.services.CustomUserDetailsService [http-nio-8080-exec-9] Granted Authorities --> FUNC_CONT_MENU
2020-05-23 19:10:45,155 INFO com.surshree.app.services.CustomUserDetailsService [http-nio-8080-exec-4] Granted Authorities --> ROLE_CONT
2020-05-23 19:10:45,157 INFO com.surshree.app.services.CustomUserDetailsService [http-nio-8080-exec-4] Granted Authorities --> ROLE_ADMN
2020-05-23 19:10:45,158 INFO com.surshree.app.services.CustomUserDetailsService [http-nio-8080-exec-4] Granted Authorities --> FUNC_CONT_MENU
2020-05-23 19:10:45,159 INFO com.surshree.app.services.CustomUserDetailsService [http-nio-8080-exec-4] Granted Authorities --> FUNC_VIEW_ADMIN_MENU
2020-05-23 19:10:45,161 INFO com.surshree.app.services.CustomUserDetailsService [http-nio-8080-exec-4] Granted Authorities --> FUNC_CONT_MENU
2020-05-23 19:10:45,644 INFO com.surshree.app.services.CustomUserDetailsService [http-nio-8080-exec-7] Granted Authorities --> ROLE_CONT
2020-05-23 19:10:45,646 INFO com.surshree.app.services.CustomUserDetailsService [http-nio-8080-exec-7] Granted Authorities --> ROLE_ADMN
2020-05-23 19:10:45,647 INFO com.surshree.app.services.CustomUserDetailsService [http-nio-8080-exec-7] Granted Authorities --> FUNC_CONT_MENU
2020-05-23 19:10:45,648 INFO com.surshree.app.services.CustomUserDetailsService [http-nio-8080-exec-7] Granted Authorities --> FUNC_VIEW_ADMIN_MENU
2020-05-23 19:10:45,648 INFO com.surshree.app.services.CustomUserDetailsService [http-nio-8080-exec-7] Granted Authorities --> FUNC_CONT_MENU
2020-05-23 19:11:24,802 INFO com.surshree.app.services.CustomUserDetailsService [http-nio-8080-exec-7] Granted Authorities --> ROLE_CONT
2020-05-23 19:11:24,803 INFO com.surshree.app.services.CustomUserDetailsService [http-nio-8080-exec-7] Granted Authorities --> ROLE_ADMN
2020-05-23 19:11:24,803 INFO com.surshree.app.services.CustomUserDetailsService [http-nio-8080-exec-7] Granted Authorities --> FUNC_CONT_MENU
2020-05-23 19:11:24,804 INFO com.surshree.app.services.CustomUserDetailsService [http-nio-8080-exec-7] Granted Authorities --> FUNC_VIEW_ADMIN_MENU
2020-05-23 19:11:24,804 INFO com.surshree.app.services.CustomUserDetailsService [http-nio-8080-exec-7] Granted Authorities --> FUNC_CONT_MENU
2020-05-23 19:11:25,586 INFO com.surshree.app.services.CustomUserDetailsService [http-nio-8080-exec-2] Granted Authorities --> ROLE_CONT
2020-05-23 19:11:25,587 INFO com.surshree.app.services.CustomUserDetailsService [http-nio-8080-exec-2] Granted Authorities --> ROLE_ADMN
2020-05-23 19:11:25,587 INFO com.surshree.app.services.CustomUserDetailsService [http-nio-8080-exec-2] Granted Authorities --> FUNC_CONT_MENU
2020-05-23 19:11:25,588 INFO com.surshree.app.services.CustomUserDetailsService [http-nio-8080-exec-2] Granted Authorities --> FUNC_VIEW_ADMIN_MENU
2020-05-23 19:11:25,588 INFO com.surshree.app.services.CustomUserDetailsService [http-nio-8080-exec-2] Granted Authorities --> FUNC_CONT_MENU
2020-05-23 19:11:28,895 INFO com.surshree.app.services.CustomUserDetailsService [http-nio-8080-exec-6] Granted Authorities --> ROLE_CONT
2020-05-23 19:11:28,919 INFO com.surshree.app.services.CustomUserDetailsService [http-nio-8080-exec-6] Granted Authorities --> ROLE_ADMN
2020-05-23 19:11:28,937 INFO com.surshree.app.services.CustomUserDetailsService [http-nio-8080-exec-6] Granted Authorities --> FUNC_CONT_MENU
2020-05-23 19:11:28,946 INFO com.surshree.app.services.CustomUserDetailsService [http-nio-8080-exec-6] Granted Authorities --> FUNC_VIEW_ADMIN_MENU
2020-05-23 19:11:28,949 INFO com.surshree.app.services.CustomUserDetailsService [http-nio-8080-exec-6] Granted Authorities --> FUNC_CONT_MENU
2020-05-23 19:11:34,129 INFO com.surshree.app.scheduling.CacheScheduler [scheduling-1] Clear user cache : START
2020-05-23 19:11:34,138 INFO com.surshree.app.scheduling.CacheScheduler [scheduling-1] Clear user cache : END
2020-05-23 19:12:19,128 INFO com.surshree.app.services.CustomUserDetailsService [http-nio-8080-exec-7] Granted Authorities --> ROLE_ADMN
2020-05-23 19:12:19,129 INFO com.surshree.app.services.CustomUserDetailsService [http-nio-8080-exec-7] Granted Authorities --> ROLE_CONT
2020-05-23 19:12:19,130 INFO com.surshree.app.services.CustomUserDetailsService [http-nio-8080-exec-7] Granted Authorities --> FUNC_CONT_MENU
2020-05-23 19:12:19,130 INFO com.surshree.app.services.CustomUserDetailsService [http-nio-8080-exec-7] Granted Authorities --> FUNC_VIEW_ADMIN_MENU
2020-05-23 19:12:19,131 INFO com.surshree.app.services.CustomUserDetailsService [http-nio-8080-exec-7] Granted Authorities --> FUNC_CONT_MENU
2020-05-23 19:12:19,618 INFO com.surshree.app.services.CustomUserDetailsService [http-nio-8080-exec-2] Granted Authorities --> ROLE_ADMN
2020-05-23 19:12:19,618 INFO com.surshree.app.services.CustomUserDetailsService [http-nio-8080-exec-2] Granted Authorities --> ROLE_CONT
2020-05-23 19:12:19,619 INFO com.surshree.app.services.CustomUserDetailsService [http-nio-8080-exec-2] Granted Authorities --> FUNC_CONT_MENU
2020-05-23 19:12:19,620 INFO com.surshree.app.services.CustomUserDetailsService [http-nio-8080-exec-2] Granted Authorities --> FUNC_VIEW_ADMIN_MENU
2020-05-23 19:12:19,620 INFO com.surshree.app.services.CustomUserDetailsService [http-nio-8080-exec-2] Granted Authorities --> FUNC_CONT_MENU
2020-05-23 19:12:38,468 INFO com.surshree.app.services.CustomUserDetailsService [http-nio-8080-exec-1] Granted Authorities --> ROLE_ADMN
2020-05-23 19:12:38,471 INFO com.surshree.app.services.CustomUserDetailsService [http-nio-8080-exec-1] Granted Authorities --> ROLE_CONT
2020-05-23 19:12:38,474 INFO com.surshree.app.services.CustomUserDetailsService [http-nio-8080-exec-1] Granted Authorities --> FUNC_CONT_MENU
2020-05-23 19:12:38,477 INFO com.surshree.app.services.CustomUserDetailsService [http-nio-8080-exec-1] Granted Authorities --> FUNC_VIEW_ADMIN_MENU
2020-05-23 19:12:38,479 INFO com.surshree.app.services.CustomUserDetailsService [http-nio-8080-exec-1] Granted Authorities --> FUNC_CONT_MENU
2020-05-23 19:12:38,964 INFO com.surshree.app.services.CustomUserDetailsService [http-nio-8080-exec-9] Granted Authorities --> ROLE_ADMN
2020-05-23 19:12:38,966 INFO com.surshree.app.services.CustomUserDetailsService [http-nio-8080-exec-9] Granted Authorities --> ROLE_CONT
2020-05-23 19:12:38,967 INFO com.surshree.app.services.CustomUserDetailsService [http-nio-8080-exec-9] Granted Authorities --> FUNC_CONT_MENU
2020-05-23 19:12:38,967 INFO com.surshree.app.services.CustomUserDetailsService [http-nio-8080-exec-9] Granted Authorities --> FUNC_VIEW_ADMIN_MENU
2020-05-23 19:12:38,968 INFO com.surshree.app.services.CustomUserDetailsService [http-nio-8080-exec-9] Granted Authorities --> FUNC_CONT_MENU
2020-05-23 19:12:55,626 INFO com.surshree.app.services.CustomUserDetailsService [http-nio-8080-exec-3] Granted Authorities --> ROLE_ADMN
2020-05-23 19:12:55,627 INFO com.surshree.app.services.CustomUserDetailsService [http-nio-8080-exec-3] Granted Authorities --> ROLE_CONT
2020-05-23 19:12:55,628 INFO com.surshree.app.services.CustomUserDetailsService [http-nio-8080-exec-3] Granted Authorities --> FUNC_CONT_MENU
2020-05-23 19:12:55,629 INFO com.surshree.app.services.CustomUserDetailsService [http-nio-8080-exec-3] Granted Authorities --> FUNC_VIEW_ADMIN_MENU
2020-05-23 19:12:55,629 INFO com.surshree.app.services.CustomUserDetailsService [http-nio-8080-exec-3] Granted Authorities --> FUNC_CONT_MENU
2020-05-23 19:12:56,056 INFO com.surshree.app.services.CustomUserDetailsService [http-nio-8080-exec-1] Granted Authorities --> ROLE_ADMN
2020-05-23 19:12:56,056 INFO com.surshree.app.services.CustomUserDetailsService [http-nio-8080-exec-1] Granted Authorities --> ROLE_CONT
2020-05-23 19:12:56,057 INFO com.surshree.app.services.CustomUserDetailsService [http-nio-8080-exec-1] Granted Authorities --> FUNC_CONT_MENU
2020-05-23 19:12:56,057 INFO com.surshree.app.services.CustomUserDetailsService [http-nio-8080-exec-1] Granted Authorities --> FUNC_VIEW_ADMIN_MENU
2020-05-23 19:12:56,058 INFO com.surshree.app.services.CustomUserDetailsService [http-nio-8080-exec-1] Granted Authorities --> FUNC_CONT_MENU
2020-05-23 19:13:40,519 INFO com.surshree.app.services.CustomUserDetailsService [http-nio-8080-exec-5] Granted Authorities --> ROLE_ADMN
2020-05-23 19:13:40,520 INFO com.surshree.app.services.CustomUserDetailsService [http-nio-8080-exec-5] Granted Authorities --> ROLE_CONT
2020-05-23 19:13:40,520 INFO com.surshree.app.services.CustomUserDetailsService [http-nio-8080-exec-5] Granted Authorities --> FUNC_CONT_MENU
2020-05-23 19:13:40,521 INFO com.surshree.app.services.CustomUserDetailsService [http-nio-8080-exec-5] Granted Authorities --> FUNC_VIEW_ADMIN_MENU
2020-05-23 19:13:40,521 INFO com.surshree.app.services.CustomUserDetailsService [http-nio-8080-exec-5] Granted Authorities --> FUNC_CONT_MENU
2020-05-23 19:13:41,037 INFO com.surshree.app.services.CustomUserDetailsService [http-nio-8080-exec-3] Granted Authorities --> ROLE_ADMN
2020-05-23 19:13:41,037 INFO com.surshree.app.services.CustomUserDetailsService [http-nio-8080-exec-3] Granted Authorities --> ROLE_CONT
2020-05-23 19:13:41,038 INFO com.surshree.app.services.CustomUserDetailsService [http-nio-8080-exec-3] Granted Authorities --> FUNC_CONT_MENU
2020-05-23 19:13:41,038 INFO com.surshree.app.services.CustomUserDetailsService [http-nio-8080-exec-3] Granted Authorities --> FUNC_VIEW_ADMIN_MENU
2020-05-23 19:13:41,039 INFO com.surshree.app.services.CustomUserDetailsService [http-nio-8080-exec-3] Granted Authorities --> FUNC_CONT_MENU
2020-05-23 19:14:35,823 INFO com.surshree.app.services.CustomUserDetailsService [http-nio-8080-exec-5] Granted Authorities --> ROLE_ADMN
2020-05-23 19:14:35,825 INFO com.surshree.app.services.CustomUserDetailsService [http-nio-8080-exec-5] Granted Authorities --> ROLE_CONT
2020-05-23 19:14:35,826 INFO com.surshree.app.services.CustomUserDetailsService [http-nio-8080-exec-5] Granted Authorities --> FUNC_CONT_MENU
2020-05-23 19:14:35,826 INFO com.surshree.app.services.CustomUserDetailsService [http-nio-8080-exec-5] Granted Authorities --> FUNC_VIEW_ADMIN_MENU
2020-05-23 19:14:35,826 INFO com.surshree.app.services.CustomUserDetailsService [http-nio-8080-exec-5] Granted Authorities --> FUNC_CONT_MENU
2020-05-23 19:14:36,356 INFO com.surshree.app.services.CustomUserDetailsService [http-nio-8080-exec-3] Granted Authorities --> ROLE_ADMN
2020-05-23 19:14:36,357 INFO com.surshree.app.services.CustomUserDetailsService [http-nio-8080-exec-3] Granted Authorities --> ROLE_CONT
2020-05-23 19:14:36,358 INFO com.surshree.app.services.CustomUserDetailsService [http-nio-8080-exec-3] Granted Authorities --> FUNC_CONT_MENU
2020-05-23 19:14:36,358 INFO com.surshree.app.services.CustomUserDetailsService [http-nio-8080-exec-3] Granted Authorities --> FUNC_VIEW_ADMIN_MENU
2020-05-23 19:14:36,358 INFO com.surshree.app.services.CustomUserDetailsService [http-nio-8080-exec-3] Granted Authorities --> FUNC_CONT_MENU
2020-05-23 19:14:43,268 INFO com.surshree.app.services.CustomUserDetailsService [http-nio-8080-exec-10] Granted Authorities --> ROLE_ADMN
2020-05-23 19:14:43,270 INFO com.surshree.app.services.CustomUserDetailsService [http-nio-8080-exec-10] Granted Authorities --> ROLE_CONT
2020-05-23 19:14:43,273 INFO com.surshree.app.services.CustomUserDetailsService [http-nio-8080-exec-10] Granted Authorities --> FUNC_CONT_MENU
2020-05-23 19:14:43,275 INFO com.surshree.app.services.CustomUserDetailsService [http-nio-8080-exec-10] Granted Authorities --> FUNC_VIEW_ADMIN_MENU
2020-05-23 19:14:43,276 INFO com.surshree.app.services.CustomUserDetailsService [http-nio-8080-exec-10] Granted Authorities --> FUNC_CONT_MENU
2020-05-23 19:14:43,762 INFO com.surshree.app.services.CustomUserDetailsService [http-nio-8080-exec-6] Granted Authorities --> ROLE_ADMN
2020-05-23 19:14:43,763 INFO com.surshree.app.services.CustomUserDetailsService [http-nio-8080-exec-6] Granted Authorities --> ROLE_CONT
2020-05-23 19:14:43,763 INFO com.surshree.app.services.CustomUserDetailsService [http-nio-8080-exec-6] Granted Authorities --> FUNC_CONT_MENU
2020-05-23 19:14:43,764 INFO com.surshree.app.services.CustomUserDetailsService [http-nio-8080-exec-6] Granted Authorities --> FUNC_VIEW_ADMIN_MENU
2020-05-23 19:14:43,764 INFO com.surshree.app.services.CustomUserDetailsService [http-nio-8080-exec-6] Granted Authorities --> FUNC_CONT_MENU
2020-05-23 19:14:58,057 INFO com.surshree.app.services.CustomUserDetailsService [http-nio-8080-exec-10] Granted Authorities --> ROLE_ADMN
2020-05-23 19:14:58,058 INFO com.surshree.app.services.CustomUserDetailsService [http-nio-8080-exec-10] Granted Authorities --> ROLE_CONT
2020-05-23 19:14:58,061 INFO com.surshree.app.services.CustomUserDetailsService [http-nio-8080-exec-10] Granted Authorities --> FUNC_CONT_MENU
2020-05-23 19:14:58,062 INFO com.surshree.app.services.CustomUserDetailsService [http-nio-8080-exec-10] Granted Authorities --> FUNC_VIEW_ADMIN_MENU
2020-05-23 19:14:58,063 INFO com.surshree.app.services.CustomUserDetailsService [http-nio-8080-exec-10] Granted Authorities --> FUNC_CONT_MENU
2020-05-23 19:14:58,697 INFO com.surshree.app.services.CustomUserDetailsService [http-nio-8080-exec-5] Granted Authorities --> ROLE_ADMN
2020-05-23 19:14:58,698 INFO com.surshree.app.services.CustomUserDetailsService [http-nio-8080-exec-5] Granted Authorities --> ROLE_CONT
2020-05-23 19:14:58,698 INFO com.surshree.app.services.CustomUserDetailsService [http-nio-8080-exec-5] Granted Authorities --> FUNC_CONT_MENU
2020-05-23 19:14:58,699 INFO com.surshree.app.services.CustomUserDetailsService [http-nio-8080-exec-5] Granted Authorities --> FUNC_VIEW_ADMIN_MENU
2020-05-23 19:14:58,699 INFO com.surshree.app.services.CustomUserDetailsService [http-nio-8080-exec-5] Granted Authorities --> FUNC_CONT_MENU
2020-05-23 19:15:06,261 INFO com.surshree.app.services.CustomUserDetailsService [http-nio-8080-exec-2] Granted Authorities --> ROLE_ADMN
2020-05-23 19:15:06,262 INFO com.surshree.app.services.CustomUserDetailsService [http-nio-8080-exec-2] Granted Authorities --> ROLE_CONT
2020-05-23 19:15:06,263 INFO com.surshree.app.services.CustomUserDetailsService [http-nio-8080-exec-2] Granted Authorities --> FUNC_CONT_MENU
2020-05-23 19:15:06,264 INFO com.surshree.app.services.CustomUserDetailsService [http-nio-8080-exec-2] Granted Authorities --> FUNC_VIEW_ADMIN_MENU
2020-05-23 19:15:06,265 INFO com.surshree.app.services.CustomUserDetailsService [http-nio-8080-exec-2] Granted Authorities --> FUNC_CONT_MENU
2020-05-23 19:15:07,325 INFO com.surshree.app.services.CustomUserDetailsService [http-nio-8080-exec-10] Granted Authorities --> ROLE_ADMN
2020-05-23 19:15:07,326 INFO com.surshree.app.services.CustomUserDetailsService [http-nio-8080-exec-10] Granted Authorities --> ROLE_CONT
2020-05-23 19:15:07,327 INFO com.surshree.app.services.CustomUserDetailsService [http-nio-8080-exec-10] Granted Authorities --> FUNC_CONT_MENU
2020-05-23 19:15:07,327 INFO com.surshree.app.services.CustomUserDetailsService [http-nio-8080-exec-10] Granted Authorities --> FUNC_VIEW_ADMIN_MENU
2020-05-23 19:15:07,327 INFO com.surshree.app.services.CustomUserDetailsService [http-nio-8080-exec-10] Granted Authorities --> FUNC_CONT_MENU
2020-05-23 19:15:34,249 INFO com.surshree.app.services.CustomUserDetailsService [http-nio-8080-exec-1] Granted Authorities --> ROLE_ADMN
2020-05-23 19:15:34,250 INFO com.surshree.app.services.CustomUserDetailsService [http-nio-8080-exec-1] Granted Authorities --> ROLE_CONT
2020-05-23 19:15:34,250 INFO com.surshree.app.services.CustomUserDetailsService [http-nio-8080-exec-1] Granted Authorities --> FUNC_CONT_MENU
2020-05-23 19:15:34,251 INFO com.surshree.app.services.CustomUserDetailsService [http-nio-8080-exec-1] Granted Authorities --> FUNC_VIEW_ADMIN_MENU
2020-05-23 19:15:34,251 INFO com.surshree.app.services.CustomUserDetailsService [http-nio-8080-exec-1] Granted Authorities --> FUNC_CONT_MENU
2020-05-23 19:15:34,737 INFO com.surshree.app.services.CustomUserDetailsService [http-nio-8080-exec-9] Granted Authorities --> ROLE_ADMN
2020-05-23 19:15:34,737 INFO com.surshree.app.services.CustomUserDetailsService [http-nio-8080-exec-9] Granted Authorities --> ROLE_CONT
2020-05-23 19:15:34,737 INFO com.surshree.app.services.CustomUserDetailsService [http-nio-8080-exec-9] Granted Authorities --> FUNC_CONT_MENU
2020-05-23 19:15:34,738 INFO com.surshree.app.services.CustomUserDetailsService [http-nio-8080-exec-9] Granted Authorities --> FUNC_VIEW_ADMIN_MENU
2020-05-23 19:15:34,738 INFO com.surshree.app.services.CustomUserDetailsService [http-nio-8080-exec-9] Granted Authorities --> FUNC_CONT_MENU
2020-05-23 19:16:22,657 INFO com.surshree.app.services.CustomUserDetailsService [http-nio-8080-exec-4] Granted Authorities --> ROLE_ADMN
2020-05-23 19:16:22,663 INFO com.surshree.app.services.CustomUserDetailsService [http-nio-8080-exec-4] Granted Authorities --> ROLE_CONT
2020-05-23 19:16:22,663 INFO com.surshree.app.services.CustomUserDetailsService [http-nio-8080-exec-4] Granted Authorities --> FUNC_CONT_MENU
2020-05-23 19:16:22,664 INFO com.surshree.app.services.CustomUserDetailsService [http-nio-8080-exec-4] Granted Authorities --> FUNC_VIEW_ADMIN_MENU
2020-05-23 19:16:22,665 INFO com.surshree.app.services.CustomUserDetailsService [http-nio-8080-exec-4] Granted Authorities --> FUNC_CONT_MENU
2020-05-23 19:16:23,412 INFO com.surshree.app.services.CustomUserDetailsService [http-nio-8080-exec-1] Granted Authorities --> ROLE_ADMN
2020-05-23 19:16:23,413 INFO com.surshree.app.services.CustomUserDetailsService [http-nio-8080-exec-1] Granted Authorities --> ROLE_CONT
2020-05-23 19:16:23,413 INFO com.surshree.app.services.CustomUserDetailsService [http-nio-8080-exec-1] Granted Authorities --> FUNC_CONT_MENU
2020-05-23 19:16:23,413 INFO com.surshree.app.services.CustomUserDetailsService [http-nio-8080-exec-1] Granted Authorities --> FUNC_VIEW_ADMIN_MENU
2020-05-23 19:16:23,414 INFO com.surshree.app.services.CustomUserDetailsService [http-nio-8080-exec-1] Granted Authorities --> FUNC_CONT_MENU
2020-05-23 19:16:54,540 INFO com.surshree.app.services.CustomUserDetailsService [http-nio-8080-exec-9] Granted Authorities --> ROLE_ADMN
2020-05-23 19:16:54,541 INFO com.surshree.app.services.CustomUserDetailsService [http-nio-8080-exec-9] Granted Authorities --> ROLE_CONT
2020-05-23 19:16:54,542 INFO com.surshree.app.services.CustomUserDetailsService [http-nio-8080-exec-9] Granted Authorities --> FUNC_CONT_MENU
2020-05-23 19:16:54,548 INFO com.surshree.app.services.CustomUserDetailsService [http-nio-8080-exec-9] Granted Authorities --> FUNC_VIEW_ADMIN_MENU
2020-05-23 19:16:54,549 INFO com.surshree.app.services.CustomUserDetailsService [http-nio-8080-exec-9] Granted Authorities --> FUNC_CONT_MENU
2020-05-23 19:16:54,710 INFO com.surshree.app.services.CustomUserDetailsService [http-nio-8080-exec-8] Granted Authorities --> ROLE_ADMN
2020-05-23 19:16:54,711 INFO com.surshree.app.services.CustomUserDetailsService [http-nio-8080-exec-8] Granted Authorities --> ROLE_CONT
2020-05-23 19:16:54,712 INFO com.surshree.app.services.CustomUserDetailsService [http-nio-8080-exec-8] Granted Authorities --> FUNC_CONT_MENU
2020-05-23 19:16:54,713 INFO com.surshree.app.services.CustomUserDetailsService [http-nio-8080-exec-8] Granted Authorities --> FUNC_VIEW_ADMIN_MENU
2020-05-23 19:16:54,714 INFO com.surshree.app.services.CustomUserDetailsService [http-nio-8080-exec-8] Granted Authorities --> FUNC_CONT_MENU
2020-05-23 19:16:55,725 INFO com.surshree.app.services.CustomUserDetailsService [http-nio-8080-exec-6] Granted Authorities --> ROLE_ADMN
2020-05-23 19:16:55,726 INFO com.surshree.app.services.CustomUserDetailsService [http-nio-8080-exec-6] Granted Authorities --> ROLE_CONT
2020-05-23 19:16:55,726 INFO com.surshree.app.services.CustomUserDetailsService [http-nio-8080-exec-6] Granted Authorities --> FUNC_CONT_MENU
2020-05-23 19:16:55,727 INFO com.surshree.app.services.CustomUserDetailsService [http-nio-8080-exec-6] Granted Authorities --> FUNC_VIEW_ADMIN_MENU
2020-05-23 19:16:55,727 INFO com.surshree.app.services.CustomUserDetailsService [http-nio-8080-exec-6] Granted Authorities --> FUNC_CONT_MENU
2020-05-23 19:17:22,390 INFO com.surshree.app.services.CustomUserDetailsService [http-nio-8080-exec-4] Granted Authorities --> ROLE_ADMN
2020-05-23 19:17:22,391 INFO com.surshree.app.services.CustomUserDetailsService [http-nio-8080-exec-4] Granted Authorities --> ROLE_CONT
2020-05-23 19:17:22,392 INFO com.surshree.app.services.CustomUserDetailsService [http-nio-8080-exec-4] Granted Authorities --> FUNC_CONT_MENU
2020-05-23 19:17:22,394 INFO com.surshree.app.services.CustomUserDetailsService [http-nio-8080-exec-4] Granted Authorities --> FUNC_VIEW_ADMIN_MENU
2020-05-23 19:17:22,394 INFO com.surshree.app.services.CustomUserDetailsService [http-nio-8080-exec-4] Granted Authorities --> FUNC_CONT_MENU
2020-05-23 19:21:34,080 INFO com.surshree.app.scheduling.CacheScheduler [scheduling-1] Clear user cache : START
2020-05-23 19:21:34,091 INFO com.surshree.app.scheduling.CacheScheduler [scheduling-1] Clear user cache : END
2020-05-23 19:21:51,836 INFO com.surshree.app.services.CustomUserDetailsService [http-nio-8080-exec-9] Granted Authorities --> ROLE_ADMN
2020-05-23 19:21:51,845 INFO com.surshree.app.services.CustomUserDetailsService [http-nio-8080-exec-9] Granted Authorities --> ROLE_CONT
2020-05-23 19:21:51,847 INFO com.surshree.app.services.CustomUserDetailsService [http-nio-8080-exec-9] Granted Authorities --> FUNC_VIEW_ADMIN_MENU
2020-05-23 19:21:51,849 INFO com.surshree.app.services.CustomUserDetailsService [http-nio-8080-exec-9] Granted Authorities --> FUNC_CONT_MENU
2020-05-23 19:21:51,852 INFO com.surshree.app.services.CustomUserDetailsService [http-nio-8080-exec-9] Granted Authorities --> FUNC_CONT_MENU
2020-05-23 19:24:26,691 INFO com.surshree.app.services.CustomUserDetailsService [http-nio-8080-exec-10] Granted Authorities --> ROLE_ADMN
2020-05-23 19:24:26,692 INFO com.surshree.app.services.CustomUserDetailsService [http-nio-8080-exec-10] Granted Authorities --> ROLE_CONT
2020-05-23 19:24:26,692 INFO com.surshree.app.services.CustomUserDetailsService [http-nio-8080-exec-10] Granted Authorities --> FUNC_VIEW_ADMIN_MENU
2020-05-23 19:24:26,694 INFO com.surshree.app.services.CustomUserDetailsService [http-nio-8080-exec-10] Granted Authorities --> FUNC_CONT_MENU
2020-05-23 19:24:26,696 INFO com.surshree.app.services.CustomUserDetailsService [http-nio-8080-exec-10] Granted Authorities --> FUNC_CONT_MENU
2020-05-23 19:24:33,700 INFO com.surshree.app.services.CustomUserDetailsService [http-nio-8080-exec-4] Granted Authorities --> ROLE_ADMN
2020-05-23 19:24:33,702 INFO com.surshree.app.services.CustomUserDetailsService [http-nio-8080-exec-4] Granted Authorities --> ROLE_CONT
2020-05-23 19:24:33,703 INFO com.surshree.app.services.CustomUserDetailsService [http-nio-8080-exec-4] Granted Authorities --> FUNC_VIEW_ADMIN_MENU
2020-05-23 19:24:33,706 INFO com.surshree.app.services.CustomUserDetailsService [http-nio-8080-exec-4] Granted Authorities --> FUNC_CONT_MENU
2020-05-23 19:24:33,708 INFO com.surshree.app.services.CustomUserDetailsService [http-nio-8080-exec-4] Granted Authorities --> FUNC_CONT_MENU
2020-05-23 19:25:22,832 INFO com.surshree.app.services.CustomUserDetailsService [http-nio-8080-exec-9] Granted Authorities --> ROLE_ADMN
2020-05-23 19:25:22,841 INFO com.surshree.app.services.CustomUserDetailsService [http-nio-8080-exec-9] Granted Authorities --> ROLE_CONT
2020-05-23 19:25:22,842 INFO com.surshree.app.services.CustomUserDetailsService [http-nio-8080-exec-9] Granted Authorities --> FUNC_VIEW_ADMIN_MENU
2020-05-23 19:25:22,842 INFO com.surshree.app.services.CustomUserDetailsService [http-nio-8080-exec-9] Granted Authorities --> FUNC_CONT_MENU
2020-05-23 19:25:22,843 INFO com.surshree.app.services.CustomUserDetailsService [http-nio-8080-exec-9] Granted Authorities --> FUNC_CONT_MENU
2020-05-23 19:31:34,095 INFO com.surshree.app.scheduling.CacheScheduler [scheduling-1] Clear user cache : START
2020-05-23 19:31:34,105 INFO com.surshree.app.scheduling.CacheScheduler [scheduling-1] Clear user cache : END
2020-05-23 19:41:34,170 INFO com.surshree.app.scheduling.CacheScheduler [scheduling-1] Clear user cache : START
2020-05-23 19:41:34,174 INFO com.surshree.app.scheduling.CacheScheduler [scheduling-1] Clear user cache : END
2020-05-23 19:51:34,176 INFO com.surshree.app.scheduling.CacheScheduler [scheduling-1] Clear user cache : START
2020-05-23 19:51:34,184 INFO com.surshree.app.scheduling.CacheScheduler [scheduling-1] Clear user cache : END
2020-05-23 20:01:34,190 INFO com.surshree.app.scheduling.CacheScheduler [scheduling-1] Clear user cache : START
2020-05-23 20:01:34,199 INFO com.surshree.app.scheduling.CacheScheduler [scheduling-1] Clear user cache : END
2020-05-23 20:11:34,205 INFO com.surshree.app.scheduling.CacheScheduler [scheduling-1] Clear user cache : START
2020-05-23 20:11:34,228 INFO com.surshree.app.scheduling.CacheScheduler [scheduling-1] Clear user cache : END
2020-05-23 20:12:19,040 INFO org.springframework.security.oauth2.provider.token.store.JdbcTokenStore [http-nio-8080-exec-5] Failed to find access token for token c912a790-ae41-4192-bb79-f2bad6c0217e
2020-05-23 20:12:20,663 INFO org.springframework.security.oauth2.provider.token.store.JdbcTokenStore [http-nio-8080-exec-9] Failed to find access token for token c912a790-ae41-4192-bb79-f2bad6c0217e
2020-05-23 20:15:35,045 INFO com.surshree.app.services.CustomUserDetailsService [http-nio-8080-exec-4] Granted Authorities --> ROLE_CONT
2020-05-23 20:15:35,051 INFO com.surshree.app.services.CustomUserDetailsService [http-nio-8080-exec-4] Granted Authorities --> ROLE_ADMN
2020-05-23 20:15:35,053 INFO com.surshree.app.services.CustomUserDetailsService [http-nio-8080-exec-4] Granted Authorities --> FUNC_CONT_MENU
2020-05-23 20:15:35,054 INFO com.surshree.app.services.CustomUserDetailsService [http-nio-8080-exec-4] Granted Authorities --> FUNC_VIEW_ADMIN_MENU
2020-05-23 20:15:35,056 INFO com.surshree.app.services.CustomUserDetailsService [http-nio-8080-exec-4] Granted Authorities --> FUNC_CONT_MENU
2020-05-23 20:15:35,094 INFO org.springframework.security.oauth2.provider.token.store.JdbcTokenStore [http-nio-8080-exec-4] Failed to find access token for token 9beca868-f9eb-4804-8de3-f8f34661a923
2020-05-23 20:15:35,306 INFO com.surshree.app.services.CustomUserDetailsService [http-nio-8080-exec-2] Granted Authorities --> ROLE_CONT
2020-05-23 20:15:35,307 INFO com.surshree.app.services.CustomUserDetailsService [http-nio-8080-exec-2] Granted Authorities --> ROLE_ADMN
2020-05-23 20:15:35,307 INFO com.surshree.app.services.CustomUserDetailsService [http-nio-8080-exec-2] Granted Authorities --> FUNC_CONT_MENU
2020-05-23 20:15:35,308 INFO com.surshree.app.services.CustomUserDetailsService [http-nio-8080-exec-2] Granted Authorities --> FUNC_VIEW_ADMIN_MENU
2020-05-23 20:15:35,308 INFO com.surshree.app.services.CustomUserDetailsService [http-nio-8080-exec-2] Granted Authorities --> FUNC_CONT_MENU
2020-05-23 20:15:35,567 INFO com.surshree.app.services.CustomUserDetailsService [http-nio-8080-exec-6] Granted Authorities --> ROLE_CONT
2020-05-23 20:15:35,568 INFO com.surshree.app.services.CustomUserDetailsService [http-nio-8080-exec-6] Granted Authorities --> ROLE_ADMN
2020-05-23 20:15:35,568 INFO com.surshree.app.services.CustomUserDetailsService [http-nio-8080-exec-6] Granted Authorities --> FUNC_CONT_MENU
2020-05-23 20:15:35,568 INFO com.surshree.app.services.CustomUserDetailsService [http-nio-8080-exec-6] Granted Authorities --> FUNC_VIEW_ADMIN_MENU
2020-05-23 20:15:35,568 INFO com.surshree.app.services.CustomUserDetailsService [http-nio-8080-exec-6] Granted Authorities --> FUNC_CONT_MENU
2020-05-23 20:15:41,633 INFO com.surshree.app.services.CustomUserDetailsService [http-nio-8080-exec-7] Granted Authorities --> ROLE_CONT
2020-05-23 20:15:41,634 INFO com.surshree.app.services.CustomUserDetailsService [http-nio-8080-exec-7] Granted Authorities --> ROLE_ADMN
2020-05-23 20:15:41,634 INFO com.surshree.app.services.CustomUserDetailsService [http-nio-8080-exec-7] Granted Authorities --> FUNC_CONT_MENU
2020-05-23 20:15:41,634 INFO com.surshree.app.services.CustomUserDetailsService [http-nio-8080-exec-7] Granted Authorities --> FUNC_VIEW_ADMIN_MENU
2020-05-23 20:15:41,635 INFO com.surshree.app.services.CustomUserDetailsService [http-nio-8080-exec-7] Granted Authorities --> FUNC_CONT_MENU
2020-05-23 20:15:52,669 INFO com.surshree.app.services.CustomUserDetailsService [http-nio-8080-exec-3] Granted Authorities --> ROLE_CONT
2020-05-23 20:15:52,678 INFO com.surshree.app.services.CustomUserDetailsService [http-nio-8080-exec-3] Granted Authorities --> ROLE_ADMN
2020-05-23 20:15:52,680 INFO com.surshree.app.services.CustomUserDetailsService [http-nio-8080-exec-3] Granted Authorities --> FUNC_CONT_MENU
2020-05-23 20:15:52,681 INFO com.surshree.app.services.CustomUserDetailsService [http-nio-8080-exec-3] Granted Authorities --> FUNC_VIEW_ADMIN_MENU
2020-05-23 20:15:52,683 INFO com.surshree.app.services.CustomUserDetailsService [http-nio-8080-exec-3] Granted Authorities --> FUNC_CONT_MENU
2020-05-23 20:16:27,439 INFO com.surshree.app.services.CustomUserDetailsService [http-nio-8080-exec-5] Granted Authorities --> ROLE_CONT
2020-05-23 20:16:27,441 INFO com.surshree.app.services.CustomUserDetailsService [http-nio-8080-exec-5] Granted Authorities --> ROLE_ADMN
2020-05-23 20:16:27,443 INFO com.surshree.app.services.CustomUserDetailsService [http-nio-8080-exec-5] Granted Authorities --> FUNC_CONT_MENU
2020-05-23 20:16:27,445 INFO com.surshree.app.services.CustomUserDetailsService [http-nio-8080-exec-5] Granted Authorities --> FUNC_VIEW_ADMIN_MENU
2020-05-23 20:16:27,447 INFO com.surshree.app.services.CustomUserDetailsService [http-nio-8080-exec-5] Granted Authorities --> FUNC_CONT_MENU
2020-05-23 20:18:13,930 INFO com.surshree.app.services.CustomUserDetailsService [http-nio-8080-exec-6] Granted Authorities --> ROLE_CONT
2020-05-23 20:18:13,932 INFO com.surshree.app.services.CustomUserDetailsService [http-nio-8080-exec-6] Granted Authorities --> ROLE_ADMN
2020-05-23 20:18:13,933 INFO com.surshree.app.services.CustomUserDetailsService [http-nio-8080-exec-6] Granted Authorities --> FUNC_CONT_MENU
2020-05-23 20:18:13,934 INFO com.surshree.app.services.CustomUserDetailsService [http-nio-8080-exec-6] Granted Authorities --> FUNC_VIEW_ADMIN_MENU
2020-05-23 20:18:13,936 INFO com.surshree.app.services.CustomUserDetailsService [http-nio-8080-exec-6] Granted Authorities --> FUNC_CONT_MENU
2020-05-23 20:18:14,381 INFO com.surshree.app.services.CustomUserDetailsService [http-nio-8080-exec-9] Granted Authorities --> ROLE_CONT
2020-05-23 20:18:14,381 INFO com.surshree.app.services.CustomUserDetailsService [http-nio-8080-exec-9] Granted Authorities --> ROLE_ADMN
2020-05-23 20:18:14,381 INFO com.surshree.app.services.CustomUserDetailsService [http-nio-8080-exec-9] Granted Authorities --> FUNC_CONT_MENU
2020-05-23 20:18:14,382 INFO com.surshree.app.services.CustomUserDetailsService [http-nio-8080-exec-9] Granted Authorities --> FUNC_VIEW_ADMIN_MENU
2020-05-23 20:18:14,383 INFO com.surshree.app.services.CustomUserDetailsService [http-nio-8080-exec-9] Granted Authorities --> FUNC_CONT_MENU
2020-05-23 20:18:32,197 INFO com.surshree.app.services.CustomUserDetailsService [http-nio-8080-exec-2] Granted Authorities --> ROLE_CONT
2020-05-23 20:18:32,197 INFO com.surshree.app.services.CustomUserDetailsService [http-nio-8080-exec-2] Granted Authorities --> ROLE_ADMN
2020-05-23 20:18:32,198 INFO com.surshree.app.services.CustomUserDetailsService [http-nio-8080-exec-2] Granted Authorities --> FUNC_CONT_MENU
2020-05-23 20:18:32,198 INFO com.surshree.app.services.CustomUserDetailsService [http-nio-8080-exec-2] Granted Authorities --> FUNC_VIEW_ADMIN_MENU
2020-05-23 20:18:32,199 INFO com.surshree.app.services.CustomUserDetailsService [http-nio-8080-exec-2] Granted Authorities --> FUNC_CONT_MENU
2020-05-23 20:18:32,678 INFO com.surshree.app.services.CustomUserDetailsService [http-nio-8080-exec-6] Granted Authorities --> ROLE_CONT
2020-05-23 20:18:32,680 INFO com.surshree.app.services.CustomUserDetailsService [http-nio-8080-exec-6] Granted Authorities --> ROLE_ADMN
2020-05-23 20:18:32,682 INFO com.surshree.app.services.CustomUserDetailsService [http-nio-8080-exec-6] Granted Authorities --> FUNC_CONT_MENU
2020-05-23 20:18:32,684 INFO com.surshree.app.services.CustomUserDetailsService [http-nio-8080-exec-6] Granted Authorities --> FUNC_VIEW_ADMIN_MENU
2020-05-23 20:18:32,685 INFO com.surshree.app.services.CustomUserDetailsService [http-nio-8080-exec-6] Granted Authorities --> FUNC_CONT_MENU
2020-05-23 20:18:54,490 INFO com.surshree.app.services.CustomUserDetailsService [http-nio-8080-exec-10] Granted Authorities --> ROLE_CONT
2020-05-23 20:18:54,491 INFO com.surshree.app.services.CustomUserDetailsService [http-nio-8080-exec-10] Granted Authorities --> ROLE_ADMN
2020-05-23 20:18:54,492 INFO com.surshree.app.services.CustomUserDetailsService [http-nio-8080-exec-10] Granted Authorities --> FUNC_CONT_MENU
2020-05-23 20:18:54,493 INFO com.surshree.app.services.CustomUserDetailsService [http-nio-8080-exec-10] Granted Authorities --> FUNC_VIEW_ADMIN_MENU
2020-05-23 20:18:54,493 INFO com.surshree.app.services.CustomUserDetailsService [http-nio-8080-exec-10] Granted Authorities --> FUNC_CONT_MENU
2020-05-23 20:18:55,054 INFO com.surshree.app.services.CustomUserDetailsService [http-nio-8080-exec-2] Granted Authorities --> ROLE_CONT
2020-05-23 20:18:55,055 INFO com.surshree.app.services.CustomUserDetailsService [http-nio-8080-exec-2] Granted Authorities --> ROLE_ADMN
2020-05-23 20:18:55,055 INFO com.surshree.app.services.CustomUserDetailsService [http-nio-8080-exec-2] Granted Authorities --> FUNC_CONT_MENU
2020-05-23 20:18:55,056 INFO com.surshree.app.services.CustomUserDetailsService [http-nio-8080-exec-2] Granted Authorities --> FUNC_VIEW_ADMIN_MENU
2020-05-23 20:18:55,056 INFO com.surshree.app.services.CustomUserDetailsService [http-nio-8080-exec-2] Granted Authorities --> FUNC_CONT_MENU
2020-05-23 20:21:34,231 INFO com.surshree.app.scheduling.CacheScheduler [scheduling-1] Clear user cache : START
2020-05-23 20:21:34,232 INFO com.surshree.app.scheduling.CacheScheduler [scheduling-1] Clear user cache : END
2020-05-23 20:31:34,351 INFO com.surshree.app.scheduling.CacheScheduler [scheduling-1] Clear user cache : START
2020-05-23 20:31:34,361 INFO com.surshree.app.scheduling.CacheScheduler [scheduling-1] Clear user cache : END
2020-05-23 20:52:53,305 INFO org.springframework.boot.SpringApplication [main] No active profile set, falling back to default profiles: default
2020-05-23 20:52:54,921 INFO org.springframework.data.repository.config.RepositoryConfigurationDelegate [main] Bootstrapping Spring Data JPA repositories in DEFAULT mode.
2020-05-23 20:52:55,141 INFO org.springframework.data.repository.config.RepositoryConfigurationDelegate [main] Finished Spring Data repository scanning in 184ms. Found 9 JPA repository interfaces.
2020-05-23 20:52:56,344 INFO org.springframework.cloud.context.scope.GenericScope [main] BeanFactory id=496206d4-f1c2-3f13-b4d7-1c6b3e101b4b
2020-05-23 20:52:57,600 INFO org.springframework.boot.web.embedded.tomcat.TomcatWebServer [main] Tomcat initialized with port(s): 8080 (http)
2020-05-23 20:52:57,619 INFO org.apache.juli.logging.DirectJDKLog [main] Initializing ProtocolHandler ["http-nio-8080"]
2020-05-23 20:52:57,620 INFO org.apache.juli.logging.DirectJDKLog [main] Starting service [Tomcat]
2020-05-23 20:52:57,621 INFO org.apache.juli.logging.DirectJDKLog [main] Starting Servlet engine: [Apache Tomcat/9.0.33]
2020-05-23 20:52:57,939 INFO org.apache.juli.logging.DirectJDKLog [main] Initializing Spring embedded WebApplicationContext
2020-05-23 20:52:57,939 INFO org.springframework.boot.web.servlet.context.ServletWebServerApplicationContext [main] Root WebApplicationContext: initialization completed in 4542 ms
2020-05-23 20:52:58,484 INFO com.surshree.app.config.CacheConfig [main] Initializing cache.
2020-05-23 20:52:58,645 INFO org.hibernate.jpa.internal.util.LogHelper [main] HHH000204: Processing PersistenceUnitInfo [name: default]
2020-05-23 20:52:58,842 INFO org.hibernate.Version [main] HHH000412: Hibernate ORM core version 5.4.12.Final
2020-05-23 20:52:59,244 INFO org.hibernate.annotations.common.reflection.java.JavaReflectionManager [main] HCANN000001: Hibernate Commons Annotations {5.1.0.Final}
2020-05-23 20:52:59,496 INFO com.zaxxer.hikari.HikariDataSource [main] HikariPool-1 - Starting...
2020-05-23 20:52:59,736 INFO com.zaxxer.hikari.HikariDataSource [main] HikariPool-1 - Start completed.
2020-05-23 20:52:59,826 INFO org.hibernate.dialect.Dialect [main] HHH000400: Using dialect: org.hibernate.dialect.PostgreSQL10Dialect
2020-05-23 20:53:02,438 INFO org.hibernate.engine.transaction.jta.platform.internal.JtaPlatformInitiator [main] HHH000490: Using JtaPlatform implementation: [org.hibernate.engine.transaction.jta.platform.internal.NoJtaPlatform]
2020-05-23 20:53:02,750 INFO org.springframework.orm.jpa.AbstractEntityManagerFactoryBean [main] Initialized JPA EntityManagerFactory for persistence unit 'default'
2020-05-23 20:53:02,851 WARN org.springframework.boot.autoconfigure.orm.jpa.JpaBaseConfiguration$JpaWebConfiguration [main] spring.jpa.open-in-view is enabled by default. Therefore, database queries may be performed during view rendering. Explicitly configure spring.jpa.open-in-view to disable this warning
2020-05-23 20:53:05,327 INFO org.springframework.security.web.DefaultSecurityFilterChain [main] Creating filter chain: OrRequestMatcher [requestMatchers=[Ant [pattern='/oauth/token'], Ant [pattern='/oauth/token_key'], Ant [pattern='/oauth/check_token']]], [org.springframework.security.web.context.request.async.WebAsyncManagerIntegrationFilter@5275d709, org.springframework.security.web.context.SecurityContextPersistenceFilter@1d306d27, org.springframework.security.web.header.HeaderWriterFilter@5dfaa2f0, org.springframework.security.web.authentication.logout.LogoutFilter@4a0dd851, org.springframework.web.filter.CorsFilter@21523e1b, org.springframework.security.web.authentication.www.BasicAuthenticationFilter@729a98e9, org.springframework.security.web.savedrequest.RequestCacheAwareFilter@1cb4cad0, org.springframework.security.web.servletapi.SecurityContextHolderAwareRequestFilter@4c131823, org.springframework.security.web.authentication.AnonymousAuthenticationFilter@6461c673, org.springframework.security.web.session.SessionManagementFilter@482034fb, org.springframework.security.web.access.ExceptionTranslationFilter@685e97e0, org.springframework.security.web.access.intercept.FilterSecurityInterceptor@1ed763aa]
2020-05-23 20:53:05,346 INFO org.springframework.security.web.DefaultSecurityFilterChain [main] Creating filter chain: com.surshree.app.config.ResourceServerConfig$$Lambda$1044/0x0000000800a28c40@524945e2, [org.springframework.security.web.context.request.async.WebAsyncManagerIntegrationFilter@73b63917, org.springframework.security.web.context.SecurityContextPersistenceFilter@4caca86d, org.springframework.security.web.header.HeaderWriterFilter@2c5e2a44, org.springframework.security.web.authentication.logout.LogoutFilter@d8f65a1, org.springframework.security.oauth2.provider.authentication.OAuth2AuthenticationProcessingFilter@7671922b, org.springframework.security.web.savedrequest.RequestCacheAwareFilter@4bf2c697, org.springframework.security.web.servletapi.SecurityContextHolderAwareRequestFilter@16a3d9a7, org.springframework.security.web.authentication.AnonymousAuthenticationFilter@2292e793, org.springframework.security.web.session.SessionManagementFilter@1ef585bb, org.springframework.security.web.access.ExceptionTranslationFilter@5e6b2641, org.springframework.security.web.access.intercept.FilterSecurityInterceptor@7701b695]
2020-05-23 20:53:05,891 INFO org.springframework.boot.actuate.endpoint.web.EndpointLinksResolver [main] Exposing 2 endpoint(s) beneath base path '/actuator'
2020-05-23 20:53:05,915 INFO org.springframework.security.web.DefaultSecurityFilterChain [main] Creating filter chain: any request, [org.springframework.security.web.context.request.async.WebAsyncManagerIntegrationFilter@33224703, org.springframework.security.web.context.SecurityContextPersistenceFilter@1150b923, org.springframework.security.web.header.HeaderWriterFilter@35ab83a7, org.springframework.web.filter.CorsFilter@5915ab69, org.springframework.security.web.authentication.logout.LogoutFilter@676f70dc, org.springframework.security.web.authentication.www.BasicAuthenticationFilter@64a74723, org.springframework.security.web.savedrequest.RequestCacheAwareFilter@54c2cfc9, org.springframework.security.web.servletapi.SecurityContextHolderAwareRequestFilter@3d9dc84d, org.springframework.security.web.authentication.AnonymousAuthenticationFilter@1d63f6be, org.springframework.security.web.session.SessionManagementFilter@7a7698f4, org.springframework.security.web.access.ExceptionTranslationFilter@200cbb63, org.springframework.security.web.access.intercept.FilterSecurityInterceptor@70c68e4e]
2020-05-23 20:53:06,102 INFO org.springframework.scheduling.concurrent.ExecutorConfigurationSupport [main] Initializing ExecutorService 'applicationTaskExecutor'
2020-05-23 20:53:06,463 INFO org.springframework.scheduling.concurrent.ExecutorConfigurationSupport [main] Initializing ExecutorService 'taskScheduler'
2020-05-23 20:53:06,584 INFO com.surshree.app.scheduling.CacheScheduler [scheduling-1] Clear user cache : START
2020-05-23 20:53:06,586 INFO com.surshree.app.scheduling.CacheScheduler [scheduling-1] Clear user cache : END
2020-05-23 20:53:06,586 INFO org.apache.juli.logging.DirectJDKLog [main] Starting ProtocolHandler ["http-nio-8080"]
2020-05-23 20:53:06,664 INFO org.springframework.boot.web.embedded.tomcat.TomcatWebServer [main] Tomcat started on port(s): 8080 (http) with context path ''
2020-05-23 20:53:06,676 INFO org.springframework.boot.StartupInfoLogger [main] Started SurShreeApplication in 16.001 seconds (JVM running for 17.428)
2020-05-23 21:03:06,615 INFO com.surshree.app.scheduling.CacheScheduler [scheduling-1] Clear user cache : START
2020-05-23 21:03:06,630 INFO com.surshree.app.scheduling.CacheScheduler [scheduling-1] Clear user cache : END
2020-05-23 21:11:47,559 INFO org.apache.juli.logging.DirectJDKLog [http-nio-8080-exec-2] Initializing Spring DispatcherServlet 'dispatcherServlet'
2020-05-23 21:11:47,567 INFO org.springframework.web.servlet.FrameworkServlet [http-nio-8080-exec-2] Initializing Servlet 'dispatcherServlet'
2020-05-23 21:11:47,666 INFO org.springframework.web.servlet.FrameworkServlet [http-nio-8080-exec-2] Completed initialization in 98 ms
2020-05-23 21:13:06,644 INFO com.surshree.app.scheduling.CacheScheduler [scheduling-1] Clear user cache : START
2020-05-23 21:13:06,661 INFO com.surshree.app.scheduling.CacheScheduler [scheduling-1] Clear user cache : END
2020-05-23 21:14:22,378 INFO com.surshree.app.services.CustomUserDetailsService [http-nio-8080-exec-1] Granted Authorities --> ROLE_ADMN
2020-05-23 21:14:22,381 INFO com.surshree.app.services.CustomUserDetailsService [http-nio-8080-exec-1] Granted Authorities --> ROLE_CONT
2020-05-23 21:14:22,382 INFO com.surshree.app.services.CustomUserDetailsService [http-nio-8080-exec-1] Granted Authorities --> FUNC_VIEW_ADMIN_MENU
2020-05-23 21:14:22,383 INFO com.surshree.app.services.CustomUserDetailsService [http-nio-8080-exec-1] Granted Authorities --> FUNC_CONT_MENU
2020-05-23 21:14:22,384 INFO com.surshree.app.services.CustomUserDetailsService [http-nio-8080-exec-1] Granted Authorities --> FUNC_CONT_MENU
2020-05-23 21:14:22,824 INFO com.surshree.app.services.CustomUserDetailsService [http-nio-8080-exec-6] Granted Authorities --> ROLE_ADMN
2020-05-23 21:14:22,826 INFO com.surshree.app.services.CustomUserDetailsService [http-nio-8080-exec-6] Granted Authorities --> ROLE_CONT
2020-05-23 21:14:22,830 INFO com.surshree.app.services.CustomUserDetailsService [http-nio-8080-exec-6] Granted Authorities --> FUNC_VIEW_ADMIN_MENU
2020-05-23 21:14:22,832 INFO com.surshree.app.services.CustomUserDetailsService [http-nio-8080-exec-6] Granted Authorities --> FUNC_CONT_MENU
2020-05-23 21:14:22,833 INFO com.surshree.app.services.CustomUserDetailsService [http-nio-8080-exec-6] Granted Authorities --> FUNC_CONT_MENU
2020-05-23 21:15:35,071 INFO com.surshree.app.services.CustomUserDetailsService [http-nio-8080-exec-7] Granted Authorities --> ROLE_ADMN
2020-05-23 21:15:35,073 INFO com.surshree.app.services.CustomUserDetailsService [http-nio-8080-exec-7] Granted Authorities --> ROLE_CONT
2020-05-23 21:15:35,073 INFO com.surshree.app.services.CustomUserDetailsService [http-nio-8080-exec-7] Granted Authorities --> FUNC_VIEW_ADMIN_MENU
2020-05-23 21:15:35,074 INFO com.surshree.app.services.CustomUserDetailsService [http-nio-8080-exec-7] Granted Authorities --> FUNC_CONT_MENU
2020-05-23 21:15:35,075 INFO com.surshree.app.services.CustomUserDetailsService [http-nio-8080-exec-7] Granted Authorities --> FUNC_CONT_MENU
2020-05-23 21:18:56,895 INFO org.springframework.security.oauth2.provider.token.store.JdbcTokenStore [http-nio-8080-exec-5] Failed to find access token for token 9beca868-f9eb-4804-8de3-f8f34661a923
2020-05-23 21:18:56,944 INFO org.springframework.security.oauth2.provider.endpoint.CheckTokenEndpoint [http-nio-8080-exec-5] Handling error: InvalidTokenException, Token was not recognised
2020-05-23 21:18:57,395 INFO com.surshree.app.services.CustomUserDetailsService [http-nio-8080-exec-6] Granted Authorities --> ROLE_ADMN
2020-05-23 21:18:57,396 INFO com.surshree.app.services.CustomUserDetailsService [http-nio-8080-exec-6] Granted Authorities --> ROLE_CONT
2020-05-23 21:18:57,397 INFO com.surshree.app.services.CustomUserDetailsService [http-nio-8080-exec-6] Granted Authorities --> FUNC_VIEW_ADMIN_MENU
2020-05-23 21:18:57,398 INFO com.surshree.app.services.CustomUserDetailsService [http-nio-8080-exec-6] Granted Authorities --> FUNC_CONT_MENU
2020-05-23 21:18:57,399 INFO com.surshree.app.services.CustomUserDetailsService [http-nio-8080-exec-6] Granted Authorities --> FUNC_CONT_MENU
2020-05-23 21:18:57,415 INFO org.springframework.security.oauth2.provider.token.store.JdbcTokenStore [http-nio-8080-exec-6] Failed to find access token for token e559da38-138e-4dfd-b3b8-18412d7475bf
2020-05-23 21:18:57,766 INFO com.surshree.app.services.CustomUserDetailsService [http-nio-8080-exec-2] Granted Authorities --> ROLE_ADMN
2020-05-23 21:18:57,769 INFO com.surshree.app.services.CustomUserDetailsService [http-nio-8080-exec-2] Granted Authorities --> ROLE_CONT
2020-05-23 21:18:57,770 INFO com.surshree.app.services.CustomUserDetailsService [http-nio-8080-exec-2] Granted Authorities --> FUNC_VIEW_ADMIN_MENU
2020-05-23 21:18:57,773 INFO com.surshree.app.services.CustomUserDetailsService [http-nio-8080-exec-2] Granted Authorities --> FUNC_CONT_MENU
2020-05-23 21:18:57,774 INFO com.surshree.app.services.CustomUserDetailsService [http-nio-8080-exec-2] Granted Authorities --> FUNC_CONT_MENU
2020-05-23 21:18:58,413 INFO com.surshree.app.services.CustomUserDetailsService [http-nio-8080-exec-10] Granted Authorities --> ROLE_ADMN
2020-05-23 21:18:58,414 INFO com.surshree.app.services.CustomUserDetailsService [http-nio-8080-exec-10] Granted Authorities --> ROLE_CONT
2020-05-23 21:18:58,415 INFO com.surshree.app.services.CustomUserDetailsService [http-nio-8080-exec-10] Granted Authorities --> FUNC_VIEW_ADMIN_MENU
2020-05-23 21:18:58,416 INFO com.surshree.app.services.CustomUserDetailsService [http-nio-8080-exec-10] Granted Authorities --> FUNC_CONT_MENU
2020-05-23 21:18:58,417 INFO com.surshree.app.services.CustomUserDetailsService [http-nio-8080-exec-10] Granted Authorities --> FUNC_CONT_MENU
2020-05-23 21:20:23,592 INFO com.surshree.app.services.CustomUserDetailsService [http-nio-8080-exec-1] Granted Authorities --> ROLE_ADMN
2020-05-23 21:20:23,594 INFO com.surshree.app.services.CustomUserDetailsService [http-nio-8080-exec-1] Granted Authorities --> ROLE_CONT
2020-05-23 21:20:23,595 INFO com.surshree.app.services.CustomUserDetailsService [http-nio-8080-exec-1] Granted Authorities --> FUNC_VIEW_ADMIN_MENU
2020-05-23 21:20:23,601 INFO com.surshree.app.services.CustomUserDetailsService [http-nio-8080-exec-1] Granted Authorities --> FUNC_CONT_MENU
2020-05-23 21:20:23,632 INFO com.surshree.app.services.CustomUserDetailsService [http-nio-8080-exec-1] Granted Authorities --> FUNC_CONT_MENU
2020-05-23 21:20:24,174 INFO com.surshree.app.services.CustomUserDetailsService [http-nio-8080-exec-5] Granted Authorities --> ROLE_ADMN
2020-05-23 21:20:24,175 INFO com.surshree.app.services.CustomUserDetailsService [http-nio-8080-exec-5] Granted Authorities --> ROLE_CONT
2020-05-23 21:20:24,176 INFO com.surshree.app.services.CustomUserDetailsService [http-nio-8080-exec-5] Granted Authorities --> FUNC_VIEW_ADMIN_MENU
2020-05-23 21:20:24,176 INFO com.surshree.app.services.CustomUserDetailsService [http-nio-8080-exec-5] Granted Authorities --> FUNC_CONT_MENU
2020-05-23 21:20:24,177 INFO com.surshree.app.services.CustomUserDetailsService [http-nio-8080-exec-5] Granted Authorities --> FUNC_CONT_MENU
2020-05-23 21:20:53,865 INFO com.surshree.app.services.CustomUserDetailsService [http-nio-8080-exec-9] Granted Authorities --> ROLE_ADMN
2020-05-23 21:20:53,866 INFO com.surshree.app.services.CustomUserDetailsService [http-nio-8080-exec-9] Granted Authorities --> ROLE_CONT
2020-05-23 21:20:53,867 INFO com.surshree.app.services.CustomUserDetailsService [http-nio-8080-exec-9] Granted Authorities --> FUNC_VIEW_ADMIN_MENU
2020-05-23 21:20:53,867 INFO com.surshree.app.services.CustomUserDetailsService [http-nio-8080-exec-9] Granted Authorities --> FUNC_CONT_MENU
2020-05-23 21:20:53,868 INFO com.surshree.app.services.CustomUserDetailsService [http-nio-8080-exec-9] Granted Authorities --> FUNC_CONT_MENU
2020-05-23 21:20:56,433 ERROR com.surshree.app.exception.CustomResponseEntityExceptionHandler [http-nio-8080-exec-8] Invalid UUID string: null
java.lang.IllegalArgumentException: Invalid UUID string: null
	at java.base/java.util.UUID.fromString(UUID.java:215)
	at com.surshree.app.services.FileService.getFile(FileService.java:55)
	at com.surshree.app.controllers.FileController.downloadFile(FileController.java:35)
	at java.base/jdk.internal.reflect.NativeMethodAccessorImpl.invoke0(Native Method)
	at java.base/jdk.internal.reflect.NativeMethodAccessorImpl.invoke(NativeMethodAccessorImpl.java:62)
	at java.base/jdk.internal.reflect.DelegatingMethodAccessorImpl.invoke(DelegatingMethodAccessorImpl.java:43)
	at java.base/java.lang.reflect.Method.invoke(Method.java:566)
	at org.springframework.web.method.support.InvocableHandlerMethod.doInvoke(InvocableHandlerMethod.java:190)
	at org.springframework.web.method.support.InvocableHandlerMethod.invokeForRequest(InvocableHandlerMethod.java:138)
	at org.springframework.web.servlet.mvc.method.annotation.ServletInvocableHandlerMethod.invokeAndHandle(ServletInvocableHandlerMethod.java:105)
	at org.springframework.web.servlet.mvc.method.annotation.RequestMappingHandlerAdapter.invokeHandlerMethod(RequestMappingHandlerAdapter.java:879)
	at org.springframework.web.servlet.mvc.method.annotation.RequestMappingHandlerAdapter.handleInternal(RequestMappingHandlerAdapter.java:793)
	at org.springframework.web.servlet.mvc.method.AbstractHandlerMethodAdapter.handle(AbstractHandlerMethodAdapter.java:87)
	at org.springframework.web.servlet.DispatcherServlet.doDispatch(DispatcherServlet.java:1040)
	at org.springframework.web.servlet.DispatcherServlet.doService(DispatcherServlet.java:943)
	at org.springframework.web.servlet.FrameworkServlet.processRequest(FrameworkServlet.java:1006)
	at org.springframework.web.servlet.FrameworkServlet.doGet(FrameworkServlet.java:898)
	at javax.servlet.http.HttpServlet.service(HttpServlet.java:634)
	at org.springframework.web.servlet.FrameworkServlet.service(FrameworkServlet.java:883)
	at javax.servlet.http.HttpServlet.service(HttpServlet.java:741)
	at org.apache.catalina.core.ApplicationFilterChain.internalDoFilter(ApplicationFilterChain.java:231)
	at org.apache.catalina.core.ApplicationFilterChain.doFilter(ApplicationFilterChain.java:166)
	at org.apache.tomcat.websocket.server.WsFilter.doFilter(WsFilter.java:53)
	at org.apache.catalina.core.ApplicationFilterChain.internalDoFilter(ApplicationFilterChain.java:193)
	at org.apache.catalina.core.ApplicationFilterChain.doFilter(ApplicationFilterChain.java:166)
	at org.springframework.security.web.FilterChainProxy$VirtualFilterChain.doFilter(FilterChainProxy.java:320)
	at org.springframework.security.web.access.intercept.FilterSecurityInterceptor.invoke(FilterSecurityInterceptor.java:126)
	at org.springframework.security.web.access.intercept.FilterSecurityInterceptor.doFilter(FilterSecurityInterceptor.java:90)
	at org.springframework.security.web.FilterChainProxy$VirtualFilterChain.doFilter(FilterChainProxy.java:334)
	at org.springframework.security.web.access.ExceptionTranslationFilter.doFilter(ExceptionTranslationFilter.java:118)
	at org.springframework.security.web.FilterChainProxy$VirtualFilterChain.doFilter(FilterChainProxy.java:334)
	at org.springframework.security.web.session.SessionManagementFilter.doFilter(SessionManagementFilter.java:137)
	at org.springframework.security.web.FilterChainProxy$VirtualFilterChain.doFilter(FilterChainProxy.java:334)
	at org.springframework.security.web.authentication.AnonymousAuthenticationFilter.doFilter(AnonymousAuthenticationFilter.java:111)
	at org.springframework.security.web.FilterChainProxy$VirtualFilterChain.doFilter(FilterChainProxy.java:334)
	at org.springframework.security.web.servletapi.SecurityContextHolderAwareRequestFilter.doFilter(SecurityContextHolderAwareRequestFilter.java:158)
	at org.springframework.security.web.FilterChainProxy$VirtualFilterChain.doFilter(FilterChainProxy.java:334)
	at org.springframework.security.web.savedrequest.RequestCacheAwareFilter.doFilter(RequestCacheAwareFilter.java:63)
	at org.springframework.security.web.FilterChainProxy$VirtualFilterChain.doFilter(FilterChainProxy.java:334)
	at org.springframework.security.web.authentication.www.BasicAuthenticationFilter.doFilterInternal(BasicAuthenticationFilter.java:155)
	at org.springframework.web.filter.OncePerRequestFilter.doFilter(OncePerRequestFilter.java:119)
	at org.springframework.security.web.FilterChainProxy$VirtualFilterChain.doFilter(FilterChainProxy.java:334)
	at org.springframework.security.web.authentication.logout.LogoutFilter.doFilter(LogoutFilter.java:116)
	at org.springframework.security.web.FilterChainProxy$VirtualFilterChain.doFilter(FilterChainProxy.java:334)
	at org.springframework.web.filter.CorsFilter.doFilterInternal(CorsFilter.java:92)
	at org.springframework.web.filter.OncePerRequestFilter.doFilter(OncePerRequestFilter.java:119)
	at org.springframework.security.web.FilterChainProxy$VirtualFilterChain.doFilter(FilterChainProxy.java:334)
	at org.springframework.security.web.header.HeaderWriterFilter.doHeadersAfter(HeaderWriterFilter.java:92)
	at org.springframework.security.web.header.HeaderWriterFilter.doFilterInternal(HeaderWriterFilter.java:77)
	at org.springframework.web.filter.OncePerRequestFilter.doFilter(OncePerRequestFilter.java:119)
	at org.springframework.security.web.FilterChainProxy$VirtualFilterChain.doFilter(FilterChainProxy.java:334)
	at org.springframework.security.web.context.SecurityContextPersistenceFilter.doFilter(SecurityContextPersistenceFilter.java:105)
	at org.springframework.security.web.FilterChainProxy$VirtualFilterChain.doFilter(FilterChainProxy.java:334)
	at org.springframework.security.web.context.request.async.WebAsyncManagerIntegrationFilter.doFilterInternal(WebAsyncManagerIntegrationFilter.java:56)
	at org.springframework.web.filter.OncePerRequestFilter.doFilter(OncePerRequestFilter.java:119)
	at org.springframework.security.web.FilterChainProxy$VirtualFilterChain.doFilter(FilterChainProxy.java:334)
	at org.springframework.security.web.FilterChainProxy.doFilterInternal(FilterChainProxy.java:215)
	at org.springframework.security.web.FilterChainProxy.doFilter(FilterChainProxy.java:178)
	at org.springframework.web.filter.DelegatingFilterProxy.invokeDelegate(DelegatingFilterProxy.java:358)
	at org.springframework.web.filter.DelegatingFilterProxy.doFilter(DelegatingFilterProxy.java:271)
	at org.apache.catalina.core.ApplicationFilterChain.internalDoFilter(ApplicationFilterChain.java:193)
	at org.apache.catalina.core.ApplicationFilterChain.doFilter(ApplicationFilterChain.java:166)
	at org.springframework.web.filter.RequestContextFilter.doFilterInternal(RequestContextFilter.java:100)
	at org.springframework.web.filter.OncePerRequestFilter.doFilter(OncePerRequestFilter.java:119)
	at org.apache.catalina.core.ApplicationFilterChain.internalDoFilter(ApplicationFilterChain.java:193)
	at org.apache.catalina.core.ApplicationFilterChain.doFilter(ApplicationFilterChain.java:166)
	at org.springframework.web.filter.FormContentFilter.doFilterInternal(FormContentFilter.java:93)
	at org.springframework.web.filter.OncePerRequestFilter.doFilter(OncePerRequestFilter.java:119)
	at org.apache.catalina.core.ApplicationFilterChain.internalDoFilter(ApplicationFilterChain.java:193)
	at org.apache.catalina.core.ApplicationFilterChain.doFilter(ApplicationFilterChain.java:166)
	at org.springframework.boot.actuate.metrics.web.servlet.WebMvcMetricsFilter.doFilterInternal(WebMvcMetricsFilter.java:109)
	at org.springframework.web.filter.OncePerRequestFilter.doFilter(OncePerRequestFilter.java:119)
	at org.apache.catalina.core.ApplicationFilterChain.internalDoFilter(ApplicationFilterChain.java:193)
	at org.apache.catalina.core.ApplicationFilterChain.doFilter(ApplicationFilterChain.java:166)
	at org.springframework.web.filter.CharacterEncodingFilter.doFilterInternal(CharacterEncodingFilter.java:201)
	at org.springframework.web.filter.OncePerRequestFilter.doFilter(OncePerRequestFilter.java:119)
	at org.apache.catalina.core.ApplicationFilterChain.internalDoFilter(ApplicationFilterChain.java:193)
	at org.apache.catalina.core.ApplicationFilterChain.doFilter(ApplicationFilterChain.java:166)
	at org.apache.catalina.core.StandardWrapperValve.invoke(StandardWrapperValve.java:202)
	at org.apache.catalina.core.StandardContextValve.invoke(StandardContextValve.java:96)
	at org.apache.catalina.authenticator.AuthenticatorBase.invoke(AuthenticatorBase.java:541)
	at org.apache.catalina.core.StandardHostValve.invoke(StandardHostValve.java:139)
	at org.apache.catalina.valves.ErrorReportValve.invoke(ErrorReportValve.java:92)
	at org.apache.catalina.core.StandardEngineValve.invoke(StandardEngineValve.java:74)
	at org.apache.catalina.connector.CoyoteAdapter.service(CoyoteAdapter.java:343)
	at org.apache.coyote.http11.Http11Processor.service(Http11Processor.java:373)
	at org.apache.coyote.AbstractProcessorLight.process(AbstractProcessorLight.java:65)
	at org.apache.coyote.AbstractProtocol$ConnectionHandler.process(AbstractProtocol.java:868)
	at org.apache.tomcat.util.net.NioEndpoint$SocketProcessor.doRun(NioEndpoint.java:1594)
	at org.apache.tomcat.util.net.SocketProcessorBase.run(SocketProcessorBase.java:49)
	at java.base/java.util.concurrent.ThreadPoolExecutor.runWorker(ThreadPoolExecutor.java:1128)
	at java.base/java.util.concurrent.ThreadPoolExecutor$Worker.run(ThreadPoolExecutor.java:628)
	at org.apache.tomcat.util.threads.TaskThread$WrappingRunnable.run(TaskThread.java:61)
	at java.base/java.lang.Thread.run(Thread.java:834)
2020-05-23 21:21:22,250 INFO com.surshree.app.services.CustomUserDetailsService [http-nio-8080-exec-5] Granted Authorities --> ROLE_ADMN
2020-05-23 21:21:22,259 INFO com.surshree.app.services.CustomUserDetailsService [http-nio-8080-exec-5] Granted Authorities --> ROLE_CONT
2020-05-23 21:21:22,261 INFO com.surshree.app.services.CustomUserDetailsService [http-nio-8080-exec-5] Granted Authorities --> FUNC_VIEW_ADMIN_MENU
2020-05-23 21:21:22,261 INFO com.surshree.app.services.CustomUserDetailsService [http-nio-8080-exec-5] Granted Authorities --> FUNC_CONT_MENU
2020-05-23 21:21:22,262 INFO com.surshree.app.services.CustomUserDetailsService [http-nio-8080-exec-5] Granted Authorities --> FUNC_CONT_MENU
2020-05-23 21:21:37,319 INFO com.surshree.app.services.CustomUserDetailsService [http-nio-8080-exec-1] Granted Authorities --> ROLE_ADMN
2020-05-23 21:21:37,332 INFO com.surshree.app.services.CustomUserDetailsService [http-nio-8080-exec-1] Granted Authorities --> ROLE_CONT
2020-05-23 21:21:37,333 INFO com.surshree.app.services.CustomUserDetailsService [http-nio-8080-exec-1] Granted Authorities --> FUNC_VIEW_ADMIN_MENU
2020-05-23 21:21:37,333 INFO com.surshree.app.services.CustomUserDetailsService [http-nio-8080-exec-1] Granted Authorities --> FUNC_CONT_MENU
2020-05-23 21:21:37,334 INFO com.surshree.app.services.CustomUserDetailsService [http-nio-8080-exec-1] Granted Authorities --> FUNC_CONT_MENU
2020-05-23 21:21:59,354 ERROR com.surshree.app.exception.CustomResponseEntityExceptionHandler [http-nio-8080-exec-10] Invalid UUID string: null
java.lang.IllegalArgumentException: Invalid UUID string: null
	at java.base/java.util.UUID.fromString(UUID.java:215)
	at com.surshree.app.services.FileService.getFile(FileService.java:55)
	at com.surshree.app.controllers.FileController.downloadFile(FileController.java:35)
	at java.base/jdk.internal.reflect.NativeMethodAccessorImpl.invoke0(Native Method)
	at java.base/jdk.internal.reflect.NativeMethodAccessorImpl.invoke(NativeMethodAccessorImpl.java:62)
	at java.base/jdk.internal.reflect.DelegatingMethodAccessorImpl.invoke(DelegatingMethodAccessorImpl.java:43)
	at java.base/java.lang.reflect.Method.invoke(Method.java:566)
	at org.springframework.web.method.support.InvocableHandlerMethod.doInvoke(InvocableHandlerMethod.java:190)
	at org.springframework.web.method.support.InvocableHandlerMethod.invokeForRequest(InvocableHandlerMethod.java:138)
	at org.springframework.web.servlet.mvc.method.annotation.ServletInvocableHandlerMethod.invokeAndHandle(ServletInvocableHandlerMethod.java:105)
	at org.springframework.web.servlet.mvc.method.annotation.RequestMappingHandlerAdapter.invokeHandlerMethod(RequestMappingHandlerAdapter.java:879)
	at org.springframework.web.servlet.mvc.method.annotation.RequestMappingHandlerAdapter.handleInternal(RequestMappingHandlerAdapter.java:793)
	at org.springframework.web.servlet.mvc.method.AbstractHandlerMethodAdapter.handle(AbstractHandlerMethodAdapter.java:87)
	at org.springframework.web.servlet.DispatcherServlet.doDispatch(DispatcherServlet.java:1040)
	at org.springframework.web.servlet.DispatcherServlet.doService(DispatcherServlet.java:943)
	at org.springframework.web.servlet.FrameworkServlet.processRequest(FrameworkServlet.java:1006)
	at org.springframework.web.servlet.FrameworkServlet.doGet(FrameworkServlet.java:898)
	at javax.servlet.http.HttpServlet.service(HttpServlet.java:634)
	at org.springframework.web.servlet.FrameworkServlet.service(FrameworkServlet.java:883)
	at javax.servlet.http.HttpServlet.service(HttpServlet.java:741)
	at org.apache.catalina.core.ApplicationFilterChain.internalDoFilter(ApplicationFilterChain.java:231)
	at org.apache.catalina.core.ApplicationFilterChain.doFilter(ApplicationFilterChain.java:166)
	at org.apache.tomcat.websocket.server.WsFilter.doFilter(WsFilter.java:53)
	at org.apache.catalina.core.ApplicationFilterChain.internalDoFilter(ApplicationFilterChain.java:193)
	at org.apache.catalina.core.ApplicationFilterChain.doFilter(ApplicationFilterChain.java:166)
	at org.springframework.security.web.FilterChainProxy$VirtualFilterChain.doFilter(FilterChainProxy.java:320)
	at org.springframework.security.web.access.intercept.FilterSecurityInterceptor.invoke(FilterSecurityInterceptor.java:126)
	at org.springframework.security.web.access.intercept.FilterSecurityInterceptor.doFilter(FilterSecurityInterceptor.java:90)
	at org.springframework.security.web.FilterChainProxy$VirtualFilterChain.doFilter(FilterChainProxy.java:334)
	at org.springframework.security.web.access.ExceptionTranslationFilter.doFilter(ExceptionTranslationFilter.java:118)
	at org.springframework.security.web.FilterChainProxy$VirtualFilterChain.doFilter(FilterChainProxy.java:334)
	at org.springframework.security.web.session.SessionManagementFilter.doFilter(SessionManagementFilter.java:137)
	at org.springframework.security.web.FilterChainProxy$VirtualFilterChain.doFilter(FilterChainProxy.java:334)
	at org.springframework.security.web.authentication.AnonymousAuthenticationFilter.doFilter(AnonymousAuthenticationFilter.java:111)
	at org.springframework.security.web.FilterChainProxy$VirtualFilterChain.doFilter(FilterChainProxy.java:334)
	at org.springframework.security.web.servletapi.SecurityContextHolderAwareRequestFilter.doFilter(SecurityContextHolderAwareRequestFilter.java:158)
	at org.springframework.security.web.FilterChainProxy$VirtualFilterChain.doFilter(FilterChainProxy.java:334)
	at org.springframework.security.web.savedrequest.RequestCacheAwareFilter.doFilter(RequestCacheAwareFilter.java:63)
	at org.springframework.security.web.FilterChainProxy$VirtualFilterChain.doFilter(FilterChainProxy.java:334)
	at org.springframework.security.web.authentication.www.BasicAuthenticationFilter.doFilterInternal(BasicAuthenticationFilter.java:155)
	at org.springframework.web.filter.OncePerRequestFilter.doFilter(OncePerRequestFilter.java:119)
	at org.springframework.security.web.FilterChainProxy$VirtualFilterChain.doFilter(FilterChainProxy.java:334)
	at org.springframework.security.web.authentication.logout.LogoutFilter.doFilter(LogoutFilter.java:116)
	at org.springframework.security.web.FilterChainProxy$VirtualFilterChain.doFilter(FilterChainProxy.java:334)
	at org.springframework.web.filter.CorsFilter.doFilterInternal(CorsFilter.java:92)
	at org.springframework.web.filter.OncePerRequestFilter.doFilter(OncePerRequestFilter.java:119)
	at org.springframework.security.web.FilterChainProxy$VirtualFilterChain.doFilter(FilterChainProxy.java:334)
	at org.springframework.security.web.header.HeaderWriterFilter.doHeadersAfter(HeaderWriterFilter.java:92)
	at org.springframework.security.web.header.HeaderWriterFilter.doFilterInternal(HeaderWriterFilter.java:77)
	at org.springframework.web.filter.OncePerRequestFilter.doFilter(OncePerRequestFilter.java:119)
	at org.springframework.security.web.FilterChainProxy$VirtualFilterChain.doFilter(FilterChainProxy.java:334)
	at org.springframework.security.web.context.SecurityContextPersistenceFilter.doFilter(SecurityContextPersistenceFilter.java:105)
	at org.springframework.security.web.FilterChainProxy$VirtualFilterChain.doFilter(FilterChainProxy.java:334)
	at org.springframework.security.web.context.request.async.WebAsyncManagerIntegrationFilter.doFilterInternal(WebAsyncManagerIntegrationFilter.java:56)
	at org.springframework.web.filter.OncePerRequestFilter.doFilter(OncePerRequestFilter.java:119)
	at org.springframework.security.web.FilterChainProxy$VirtualFilterChain.doFilter(FilterChainProxy.java:334)
	at org.springframework.security.web.FilterChainProxy.doFilterInternal(FilterChainProxy.java:215)
	at org.springframework.security.web.FilterChainProxy.doFilter(FilterChainProxy.java:178)
	at org.springframework.web.filter.DelegatingFilterProxy.invokeDelegate(DelegatingFilterProxy.java:358)
	at org.springframework.web.filter.DelegatingFilterProxy.doFilter(DelegatingFilterProxy.java:271)
	at org.apache.catalina.core.ApplicationFilterChain.internalDoFilter(ApplicationFilterChain.java:193)
	at org.apache.catalina.core.ApplicationFilterChain.doFilter(ApplicationFilterChain.java:166)
	at org.springframework.web.filter.RequestContextFilter.doFilterInternal(RequestContextFilter.java:100)
	at org.springframework.web.filter.OncePerRequestFilter.doFilter(OncePerRequestFilter.java:119)
	at org.apache.catalina.core.ApplicationFilterChain.internalDoFilter(ApplicationFilterChain.java:193)
	at org.apache.catalina.core.ApplicationFilterChain.doFilter(ApplicationFilterChain.java:166)
	at org.springframework.web.filter.FormContentFilter.doFilterInternal(FormContentFilter.java:93)
	at org.springframework.web.filter.OncePerRequestFilter.doFilter(OncePerRequestFilter.java:119)
	at org.apache.catalina.core.ApplicationFilterChain.internalDoFilter(ApplicationFilterChain.java:193)
	at org.apache.catalina.core.ApplicationFilterChain.doFilter(ApplicationFilterChain.java:166)
	at org.springframework.boot.actuate.metrics.web.servlet.WebMvcMetricsFilter.doFilterInternal(WebMvcMetricsFilter.java:109)
	at org.springframework.web.filter.OncePerRequestFilter.doFilter(OncePerRequestFilter.java:119)
	at org.apache.catalina.core.ApplicationFilterChain.internalDoFilter(ApplicationFilterChain.java:193)
	at org.apache.catalina.core.ApplicationFilterChain.doFilter(ApplicationFilterChain.java:166)
	at org.springframework.web.filter.CharacterEncodingFilter.doFilterInternal(CharacterEncodingFilter.java:201)
	at org.springframework.web.filter.OncePerRequestFilter.doFilter(OncePerRequestFilter.java:119)
	at org.apache.catalina.core.ApplicationFilterChain.internalDoFilter(ApplicationFilterChain.java:193)
	at org.apache.catalina.core.ApplicationFilterChain.doFilter(ApplicationFilterChain.java:166)
	at org.apache.catalina.core.StandardWrapperValve.invoke(StandardWrapperValve.java:202)
	at org.apache.catalina.core.StandardContextValve.invoke(StandardContextValve.java:96)
	at org.apache.catalina.authenticator.AuthenticatorBase.invoke(AuthenticatorBase.java:541)
	at org.apache.catalina.core.StandardHostValve.invoke(StandardHostValve.java:139)
	at org.apache.catalina.valves.ErrorReportValve.invoke(ErrorReportValve.java:92)
	at org.apache.catalina.core.StandardEngineValve.invoke(StandardEngineValve.java:74)
	at org.apache.catalina.connector.CoyoteAdapter.service(CoyoteAdapter.java:343)
	at org.apache.coyote.http11.Http11Processor.service(Http11Processor.java:373)
	at org.apache.coyote.AbstractProcessorLight.process(AbstractProcessorLight.java:65)
	at org.apache.coyote.AbstractProtocol$ConnectionHandler.process(AbstractProtocol.java:868)
	at org.apache.tomcat.util.net.NioEndpoint$SocketProcessor.doRun(NioEndpoint.java:1594)
	at org.apache.tomcat.util.net.SocketProcessorBase.run(SocketProcessorBase.java:49)
	at java.base/java.util.concurrent.ThreadPoolExecutor.runWorker(ThreadPoolExecutor.java:1128)
	at java.base/java.util.concurrent.ThreadPoolExecutor$Worker.run(ThreadPoolExecutor.java:628)
	at org.apache.tomcat.util.threads.TaskThread$WrappingRunnable.run(TaskThread.java:61)
	at java.base/java.lang.Thread.run(Thread.java:834)
2020-05-23 21:23:06,665 INFO com.surshree.app.scheduling.CacheScheduler [scheduling-1] Clear user cache : START
2020-05-23 21:23:06,666 INFO com.surshree.app.scheduling.CacheScheduler [scheduling-1] Clear user cache : END
2020-05-23 21:23:53,184 INFO com.surshree.app.services.CustomUserDetailsService [http-nio-8080-exec-6] Granted Authorities --> ROLE_CONT
2020-05-23 21:23:53,188 INFO com.surshree.app.services.CustomUserDetailsService [http-nio-8080-exec-6] Granted Authorities --> ROLE_ADMN
2020-05-23 21:23:53,189 INFO com.surshree.app.services.CustomUserDetailsService [http-nio-8080-exec-6] Granted Authorities --> FUNC_CONT_MENU
2020-05-23 21:23:53,190 INFO com.surshree.app.services.CustomUserDetailsService [http-nio-8080-exec-6] Granted Authorities --> FUNC_VIEW_ADMIN_MENU
2020-05-23 21:23:53,190 INFO com.surshree.app.services.CustomUserDetailsService [http-nio-8080-exec-6] Granted Authorities --> FUNC_CONT_MENU
2020-05-23 21:23:53,824 INFO com.surshree.app.services.CustomUserDetailsService [http-nio-8080-exec-2] Granted Authorities --> ROLE_CONT
2020-05-23 21:23:53,826 INFO com.surshree.app.services.CustomUserDetailsService [http-nio-8080-exec-2] Granted Authorities --> ROLE_ADMN
2020-05-23 21:23:53,828 INFO com.surshree.app.services.CustomUserDetailsService [http-nio-8080-exec-2] Granted Authorities --> FUNC_CONT_MENU
2020-05-23 21:23:53,831 INFO com.surshree.app.services.CustomUserDetailsService [http-nio-8080-exec-2] Granted Authorities --> FUNC_VIEW_ADMIN_MENU
2020-05-23 21:23:53,833 INFO com.surshree.app.services.CustomUserDetailsService [http-nio-8080-exec-2] Granted Authorities --> FUNC_CONT_MENU
2020-05-23 21:23:58,831 INFO com.surshree.app.services.CustomUserDetailsService [http-nio-8080-exec-3] Granted Authorities --> ROLE_CONT
2020-05-23 21:23:58,832 INFO com.surshree.app.services.CustomUserDetailsService [http-nio-8080-exec-3] Granted Authorities --> ROLE_ADMN
2020-05-23 21:23:58,833 INFO com.surshree.app.services.CustomUserDetailsService [http-nio-8080-exec-3] Granted Authorities --> FUNC_CONT_MENU
2020-05-23 21:23:58,833 INFO com.surshree.app.services.CustomUserDetailsService [http-nio-8080-exec-3] Granted Authorities --> FUNC_VIEW_ADMIN_MENU
2020-05-23 21:23:58,834 INFO com.surshree.app.services.CustomUserDetailsService [http-nio-8080-exec-3] Granted Authorities --> FUNC_CONT_MENU
2020-05-23 21:24:57,368 INFO com.surshree.app.services.CustomUserDetailsService [http-nio-8080-exec-8] Granted Authorities --> ROLE_CONT
2020-05-23 21:24:57,371 INFO com.surshree.app.services.CustomUserDetailsService [http-nio-8080-exec-8] Granted Authorities --> ROLE_ADMN
2020-05-23 21:24:57,372 INFO com.surshree.app.services.CustomUserDetailsService [http-nio-8080-exec-8] Granted Authorities --> FUNC_CONT_MENU
2020-05-23 21:24:57,373 INFO com.surshree.app.services.CustomUserDetailsService [http-nio-8080-exec-8] Granted Authorities --> FUNC_VIEW_ADMIN_MENU
2020-05-23 21:24:57,374 INFO com.surshree.app.services.CustomUserDetailsService [http-nio-8080-exec-8] Granted Authorities --> FUNC_CONT_MENU
2020-05-23 21:24:58,176 INFO com.surshree.app.services.CustomUserDetailsService [http-nio-8080-exec-1] Granted Authorities --> ROLE_CONT
2020-05-23 21:24:58,177 INFO com.surshree.app.services.CustomUserDetailsService [http-nio-8080-exec-1] Granted Authorities --> ROLE_ADMN
2020-05-23 21:24:58,178 INFO com.surshree.app.services.CustomUserDetailsService [http-nio-8080-exec-1] Granted Authorities --> FUNC_CONT_MENU
2020-05-23 21:24:58,178 INFO com.surshree.app.services.CustomUserDetailsService [http-nio-8080-exec-1] Granted Authorities --> FUNC_VIEW_ADMIN_MENU
2020-05-23 21:24:58,179 INFO com.surshree.app.services.CustomUserDetailsService [http-nio-8080-exec-1] Granted Authorities --> FUNC_CONT_MENU
2020-05-23 21:28:38,478 INFO com.surshree.app.services.CustomUserDetailsService [http-nio-8080-exec-1] Granted Authorities --> ROLE_CONT
2020-05-23 21:28:38,481 INFO com.surshree.app.services.CustomUserDetailsService [http-nio-8080-exec-1] Granted Authorities --> ROLE_ADMN
2020-05-23 21:28:38,482 INFO com.surshree.app.services.CustomUserDetailsService [http-nio-8080-exec-1] Granted Authorities --> FUNC_CONT_MENU
2020-05-23 21:28:38,483 INFO com.surshree.app.services.CustomUserDetailsService [http-nio-8080-exec-1] Granted Authorities --> FUNC_VIEW_ADMIN_MENU
2020-05-23 21:28:38,483 INFO com.surshree.app.services.CustomUserDetailsService [http-nio-8080-exec-1] Granted Authorities --> FUNC_CONT_MENU
2020-05-23 21:28:39,066 INFO com.surshree.app.services.CustomUserDetailsService [http-nio-8080-exec-7] Granted Authorities --> ROLE_CONT
2020-05-23 21:28:39,066 INFO com.surshree.app.services.CustomUserDetailsService [http-nio-8080-exec-7] Granted Authorities --> ROLE_ADMN
2020-05-23 21:28:39,067 INFO com.surshree.app.services.CustomUserDetailsService [http-nio-8080-exec-7] Granted Authorities --> FUNC_CONT_MENU
2020-05-23 21:28:39,068 INFO com.surshree.app.services.CustomUserDetailsService [http-nio-8080-exec-7] Granted Authorities --> FUNC_VIEW_ADMIN_MENU
2020-05-23 21:28:39,068 INFO com.surshree.app.services.CustomUserDetailsService [http-nio-8080-exec-7] Granted Authorities --> FUNC_CONT_MENU
2020-05-23 21:29:10,635 INFO com.surshree.app.services.CustomUserDetailsService [http-nio-8080-exec-4] Granted Authorities --> ROLE_CONT
2020-05-23 21:29:10,636 INFO com.surshree.app.services.CustomUserDetailsService [http-nio-8080-exec-4] Granted Authorities --> ROLE_ADMN
2020-05-23 21:29:10,637 INFO com.surshree.app.services.CustomUserDetailsService [http-nio-8080-exec-4] Granted Authorities --> FUNC_CONT_MENU
2020-05-23 21:29:10,637 INFO com.surshree.app.services.CustomUserDetailsService [http-nio-8080-exec-4] Granted Authorities --> FUNC_VIEW_ADMIN_MENU
2020-05-23 21:29:10,638 INFO com.surshree.app.services.CustomUserDetailsService [http-nio-8080-exec-4] Granted Authorities --> FUNC_CONT_MENU
2020-05-23 21:29:11,289 INFO com.surshree.app.services.CustomUserDetailsService [http-nio-8080-exec-5] Granted Authorities --> ROLE_CONT
2020-05-23 21:29:11,289 INFO com.surshree.app.services.CustomUserDetailsService [http-nio-8080-exec-5] Granted Authorities --> ROLE_ADMN
2020-05-23 21:29:11,290 INFO com.surshree.app.services.CustomUserDetailsService [http-nio-8080-exec-5] Granted Authorities --> FUNC_CONT_MENU
2020-05-23 21:29:11,290 INFO com.surshree.app.services.CustomUserDetailsService [http-nio-8080-exec-5] Granted Authorities --> FUNC_VIEW_ADMIN_MENU
2020-05-23 21:29:11,291 INFO com.surshree.app.services.CustomUserDetailsService [http-nio-8080-exec-5] Granted Authorities --> FUNC_CONT_MENU
2020-05-23 21:33:06,695 INFO com.surshree.app.scheduling.CacheScheduler [scheduling-1] Clear user cache : START
2020-05-23 21:33:06,707 INFO com.surshree.app.scheduling.CacheScheduler [scheduling-1] Clear user cache : END
2020-05-23 21:33:32,621 INFO com.surshree.app.services.CustomUserDetailsService [http-nio-8080-exec-6] Granted Authorities --> ROLE_ADMN
2020-05-23 21:33:32,622 INFO com.surshree.app.services.CustomUserDetailsService [http-nio-8080-exec-6] Granted Authorities --> ROLE_CONT
2020-05-23 21:33:32,623 INFO com.surshree.app.services.CustomUserDetailsService [http-nio-8080-exec-6] Granted Authorities --> FUNC_VIEW_ADMIN_MENU
2020-05-23 21:33:32,623 INFO com.surshree.app.services.CustomUserDetailsService [http-nio-8080-exec-6] Granted Authorities --> FUNC_CONT_MENU
2020-05-23 21:33:32,624 INFO com.surshree.app.services.CustomUserDetailsService [http-nio-8080-exec-6] Granted Authorities --> FUNC_CONT_MENU
2020-05-23 21:33:33,075 INFO com.surshree.app.services.CustomUserDetailsService [http-nio-8080-exec-2] Granted Authorities --> ROLE_ADMN
2020-05-23 21:33:33,075 INFO com.surshree.app.services.CustomUserDetailsService [http-nio-8080-exec-2] Granted Authorities --> ROLE_CONT
2020-05-23 21:33:33,076 INFO com.surshree.app.services.CustomUserDetailsService [http-nio-8080-exec-2] Granted Authorities --> FUNC_VIEW_ADMIN_MENU
2020-05-23 21:33:33,076 INFO com.surshree.app.services.CustomUserDetailsService [http-nio-8080-exec-2] Granted Authorities --> FUNC_CONT_MENU
2020-05-23 21:33:33,077 INFO com.surshree.app.services.CustomUserDetailsService [http-nio-8080-exec-2] Granted Authorities --> FUNC_CONT_MENU
2020-05-23 21:38:27,275 WARN com.zaxxer.hikari.pool.HikariPool$HouseKeeper [HikariPool-1 housekeeper] HikariPool-1 - Thread starvation or clock leap detected (housekeeper delta=4m57s128ms).
2020-05-23 21:40:29,504 INFO com.surshree.app.services.CustomUserDetailsService [http-nio-8080-exec-7] Granted Authorities --> ROLE_ADMN
2020-05-23 21:40:29,507 INFO com.surshree.app.services.CustomUserDetailsService [http-nio-8080-exec-7] Granted Authorities --> ROLE_CONT
2020-05-23 21:40:29,508 INFO com.surshree.app.services.CustomUserDetailsService [http-nio-8080-exec-7] Granted Authorities --> FUNC_VIEW_ADMIN_MENU
2020-05-23 21:40:29,509 INFO com.surshree.app.services.CustomUserDetailsService [http-nio-8080-exec-7] Granted Authorities --> FUNC_CONT_MENU
2020-05-23 21:40:29,509 INFO com.surshree.app.services.CustomUserDetailsService [http-nio-8080-exec-7] Granted Authorities --> FUNC_CONT_MENU
2020-05-23 21:40:30,100 INFO com.surshree.app.services.CustomUserDetailsService [http-nio-8080-exec-5] Granted Authorities --> ROLE_ADMN
2020-05-23 21:40:30,100 INFO com.surshree.app.services.CustomUserDetailsService [http-nio-8080-exec-5] Granted Authorities --> ROLE_CONT
2020-05-23 21:40:30,101 INFO com.surshree.app.services.CustomUserDetailsService [http-nio-8080-exec-5] Granted Authorities --> FUNC_VIEW_ADMIN_MENU
2020-05-23 21:40:30,101 INFO com.surshree.app.services.CustomUserDetailsService [http-nio-8080-exec-5] Granted Authorities --> FUNC_CONT_MENU
2020-05-23 21:40:30,102 INFO com.surshree.app.services.CustomUserDetailsService [http-nio-8080-exec-5] Granted Authorities --> FUNC_CONT_MENU
2020-05-23 21:41:42,641 INFO com.surshree.app.services.CustomUserDetailsService [http-nio-8080-exec-5] Granted Authorities --> ROLE_ADMN
2020-05-23 21:41:42,643 INFO com.surshree.app.services.CustomUserDetailsService [http-nio-8080-exec-5] Granted Authorities --> ROLE_CONT
2020-05-23 21:41:42,646 INFO com.surshree.app.services.CustomUserDetailsService [http-nio-8080-exec-5] Granted Authorities --> FUNC_VIEW_ADMIN_MENU
2020-05-23 21:41:42,648 INFO com.surshree.app.services.CustomUserDetailsService [http-nio-8080-exec-5] Granted Authorities --> FUNC_CONT_MENU
2020-05-23 21:41:42,649 INFO com.surshree.app.services.CustomUserDetailsService [http-nio-8080-exec-5] Granted Authorities --> FUNC_CONT_MENU
2020-05-23 21:41:43,272 INFO com.surshree.app.services.CustomUserDetailsService [http-nio-8080-exec-6] Granted Authorities --> ROLE_ADMN
2020-05-23 21:41:43,273 INFO com.surshree.app.services.CustomUserDetailsService [http-nio-8080-exec-6] Granted Authorities --> ROLE_CONT
2020-05-23 21:41:43,276 INFO com.surshree.app.services.CustomUserDetailsService [http-nio-8080-exec-6] Granted Authorities --> FUNC_VIEW_ADMIN_MENU
2020-05-23 21:41:43,277 INFO com.surshree.app.services.CustomUserDetailsService [http-nio-8080-exec-6] Granted Authorities --> FUNC_CONT_MENU
2020-05-23 21:41:43,277 INFO com.surshree.app.services.CustomUserDetailsService [http-nio-8080-exec-6] Granted Authorities --> FUNC_CONT_MENU
2020-05-23 21:43:08,705 INFO com.surshree.app.services.CustomUserDetailsService [http-nio-8080-exec-2] Granted Authorities --> ROLE_ADMN
2020-05-23 21:43:08,709 INFO com.surshree.app.services.CustomUserDetailsService [http-nio-8080-exec-2] Granted Authorities --> ROLE_CONT
2020-05-23 21:43:08,710 INFO com.surshree.app.services.CustomUserDetailsService [http-nio-8080-exec-2] Granted Authorities --> FUNC_VIEW_ADMIN_MENU
2020-05-23 21:43:08,711 INFO com.surshree.app.services.CustomUserDetailsService [http-nio-8080-exec-2] Granted Authorities --> FUNC_CONT_MENU
2020-05-23 21:43:08,711 INFO com.surshree.app.services.CustomUserDetailsService [http-nio-8080-exec-2] Granted Authorities --> FUNC_CONT_MENU
2020-05-23 21:43:09,195 INFO com.surshree.app.services.CustomUserDetailsService [http-nio-8080-exec-3] Granted Authorities --> ROLE_ADMN
2020-05-23 21:43:09,195 INFO com.surshree.app.services.CustomUserDetailsService [http-nio-8080-exec-3] Granted Authorities --> ROLE_CONT
2020-05-23 21:43:09,196 INFO com.surshree.app.services.CustomUserDetailsService [http-nio-8080-exec-3] Granted Authorities --> FUNC_VIEW_ADMIN_MENU
2020-05-23 21:43:09,197 INFO com.surshree.app.services.CustomUserDetailsService [http-nio-8080-exec-3] Granted Authorities --> FUNC_CONT_MENU
2020-05-23 21:43:09,197 INFO com.surshree.app.services.CustomUserDetailsService [http-nio-8080-exec-3] Granted Authorities --> FUNC_CONT_MENU
2020-05-23 21:43:13,781 INFO com.surshree.app.services.CustomUserDetailsService [http-nio-8080-exec-9] Granted Authorities --> ROLE_ADMN
2020-05-23 21:43:13,782 INFO com.surshree.app.services.CustomUserDetailsService [http-nio-8080-exec-9] Granted Authorities --> ROLE_CONT
2020-05-23 21:43:13,782 INFO com.surshree.app.services.CustomUserDetailsService [http-nio-8080-exec-9] Granted Authorities --> FUNC_VIEW_ADMIN_MENU
2020-05-23 21:43:13,783 INFO com.surshree.app.services.CustomUserDetailsService [http-nio-8080-exec-9] Granted Authorities --> FUNC_CONT_MENU
2020-05-23 21:43:13,783 INFO com.surshree.app.services.CustomUserDetailsService [http-nio-8080-exec-9] Granted Authorities --> FUNC_CONT_MENU
2020-05-23 21:43:21,601 ERROR com.surshree.app.exception.CustomResponseEntityExceptionHandler [http-nio-8080-exec-8] java.io.IOException: Broken pipe
org.apache.catalina.connector.ClientAbortException: java.io.IOException: Broken pipe
	at org.apache.catalina.connector.OutputBuffer.realWriteBytes(OutputBuffer.java:351)
	at org.apache.catalina.connector.OutputBuffer.flushByteBuffer(OutputBuffer.java:776)
	at org.apache.catalina.connector.OutputBuffer.append(OutputBuffer.java:681)
	at org.apache.catalina.connector.OutputBuffer.writeBytes(OutputBuffer.java:386)
	at org.apache.catalina.connector.OutputBuffer.write(OutputBuffer.java:364)
	at org.apache.catalina.connector.CoyoteOutputStream.write(CoyoteOutputStream.java:96)
	at org.springframework.security.web.util.OnCommittedResponseWrapper$SaveContextServletOutputStream.write(OnCommittedResponseWrapper.java:645)
	at org.springframework.security.web.util.OnCommittedResponseWrapper$SaveContextServletOutputStream.write(OnCommittedResponseWrapper.java:645)
	at org.springframework.util.StreamUtils.copyRange(StreamUtils.java:180)
	at org.springframework.http.converter.ResourceRegionHttpMessageConverter.writeResourceRegion(ResourceRegionHttpMessageConverter.java:159)
	at org.springframework.http.converter.ResourceRegionHttpMessageConverter.writeInternal(ResourceRegionHttpMessageConverter.java:136)
	at org.springframework.http.converter.AbstractGenericHttpMessageConverter.write(AbstractGenericHttpMessageConverter.java:104)
	at org.springframework.web.servlet.mvc.method.annotation.AbstractMessageConverterMethodProcessor.writeWithMessageConverters(AbstractMessageConverterMethodProcessor.java:287)
	at org.springframework.web.servlet.mvc.method.annotation.HttpEntityMethodProcessor.handleReturnValue(HttpEntityMethodProcessor.java:219)
	at org.springframework.web.method.support.HandlerMethodReturnValueHandlerComposite.handleReturnValue(HandlerMethodReturnValueHandlerComposite.java:82)
	at org.springframework.web.servlet.mvc.method.annotation.ServletInvocableHandlerMethod.invokeAndHandle(ServletInvocableHandlerMethod.java:123)
	at org.springframework.web.servlet.mvc.method.annotation.RequestMappingHandlerAdapter.invokeHandlerMethod(RequestMappingHandlerAdapter.java:879)
	at org.springframework.web.servlet.mvc.method.annotation.RequestMappingHandlerAdapter.handleInternal(RequestMappingHandlerAdapter.java:793)
	at org.springframework.web.servlet.mvc.method.AbstractHandlerMethodAdapter.handle(AbstractHandlerMethodAdapter.java:87)
	at org.springframework.web.servlet.DispatcherServlet.doDispatch(DispatcherServlet.java:1040)
	at org.springframework.web.servlet.DispatcherServlet.doService(DispatcherServlet.java:943)
	at org.springframework.web.servlet.FrameworkServlet.processRequest(FrameworkServlet.java:1006)
	at org.springframework.web.servlet.FrameworkServlet.doGet(FrameworkServlet.java:898)
	at javax.servlet.http.HttpServlet.service(HttpServlet.java:634)
	at org.springframework.web.servlet.FrameworkServlet.service(FrameworkServlet.java:883)
	at javax.servlet.http.HttpServlet.service(HttpServlet.java:741)
	at org.apache.catalina.core.ApplicationFilterChain.internalDoFilter(ApplicationFilterChain.java:231)
	at org.apache.catalina.core.ApplicationFilterChain.doFilter(ApplicationFilterChain.java:166)
	at org.apache.tomcat.websocket.server.WsFilter.doFilter(WsFilter.java:53)
	at org.apache.catalina.core.ApplicationFilterChain.internalDoFilter(ApplicationFilterChain.java:193)
	at org.apache.catalina.core.ApplicationFilterChain.doFilter(ApplicationFilterChain.java:166)
	at org.springframework.security.web.FilterChainProxy$VirtualFilterChain.doFilter(FilterChainProxy.java:320)
	at org.springframework.security.web.access.intercept.FilterSecurityInterceptor.invoke(FilterSecurityInterceptor.java:126)
	at org.springframework.security.web.access.intercept.FilterSecurityInterceptor.doFilter(FilterSecurityInterceptor.java:90)
	at org.springframework.security.web.FilterChainProxy$VirtualFilterChain.doFilter(FilterChainProxy.java:334)
	at org.springframework.security.web.access.ExceptionTranslationFilter.doFilter(ExceptionTranslationFilter.java:118)
	at org.springframework.security.web.FilterChainProxy$VirtualFilterChain.doFilter(FilterChainProxy.java:334)
	at org.springframework.security.web.session.SessionManagementFilter.doFilter(SessionManagementFilter.java:137)
	at org.springframework.security.web.FilterChainProxy$VirtualFilterChain.doFilter(FilterChainProxy.java:334)
	at org.springframework.security.web.authentication.AnonymousAuthenticationFilter.doFilter(AnonymousAuthenticationFilter.java:111)
	at org.springframework.security.web.FilterChainProxy$VirtualFilterChain.doFilter(FilterChainProxy.java:334)
	at org.springframework.security.web.servletapi.SecurityContextHolderAwareRequestFilter.doFilter(SecurityContextHolderAwareRequestFilter.java:158)
	at org.springframework.security.web.FilterChainProxy$VirtualFilterChain.doFilter(FilterChainProxy.java:334)
	at org.springframework.security.web.savedrequest.RequestCacheAwareFilter.doFilter(RequestCacheAwareFilter.java:63)
	at org.springframework.security.web.FilterChainProxy$VirtualFilterChain.doFilter(FilterChainProxy.java:334)
	at org.springframework.security.web.authentication.www.BasicAuthenticationFilter.doFilterInternal(BasicAuthenticationFilter.java:155)
	at org.springframework.web.filter.OncePerRequestFilter.doFilter(OncePerRequestFilter.java:119)
	at org.springframework.security.web.FilterChainProxy$VirtualFilterChain.doFilter(FilterChainProxy.java:334)
	at org.springframework.security.web.authentication.logout.LogoutFilter.doFilter(LogoutFilter.java:116)
	at org.springframework.security.web.FilterChainProxy$VirtualFilterChain.doFilter(FilterChainProxy.java:334)
	at org.springframework.web.filter.CorsFilter.doFilterInternal(CorsFilter.java:92)
	at org.springframework.web.filter.OncePerRequestFilter.doFilter(OncePerRequestFilter.java:119)
	at org.springframework.security.web.FilterChainProxy$VirtualFilterChain.doFilter(FilterChainProxy.java:334)
	at org.springframework.security.web.header.HeaderWriterFilter.doHeadersAfter(HeaderWriterFilter.java:92)
	at org.springframework.security.web.header.HeaderWriterFilter.doFilterInternal(HeaderWriterFilter.java:77)
	at org.springframework.web.filter.OncePerRequestFilter.doFilter(OncePerRequestFilter.java:119)
	at org.springframework.security.web.FilterChainProxy$VirtualFilterChain.doFilter(FilterChainProxy.java:334)
	at org.springframework.security.web.context.SecurityContextPersistenceFilter.doFilter(SecurityContextPersistenceFilter.java:105)
	at org.springframework.security.web.FilterChainProxy$VirtualFilterChain.doFilter(FilterChainProxy.java:334)
	at org.springframework.security.web.context.request.async.WebAsyncManagerIntegrationFilter.doFilterInternal(WebAsyncManagerIntegrationFilter.java:56)
	at org.springframework.web.filter.OncePerRequestFilter.doFilter(OncePerRequestFilter.java:119)
	at org.springframework.security.web.FilterChainProxy$VirtualFilterChain.doFilter(FilterChainProxy.java:334)
	at org.springframework.security.web.FilterChainProxy.doFilterInternal(FilterChainProxy.java:215)
	at org.springframework.security.web.FilterChainProxy.doFilter(FilterChainProxy.java:178)
	at org.springframework.web.filter.DelegatingFilterProxy.invokeDelegate(DelegatingFilterProxy.java:358)
	at org.springframework.web.filter.DelegatingFilterProxy.doFilter(DelegatingFilterProxy.java:271)
	at org.apache.catalina.core.ApplicationFilterChain.internalDoFilter(ApplicationFilterChain.java:193)
	at org.apache.catalina.core.ApplicationFilterChain.doFilter(ApplicationFilterChain.java:166)
	at org.springframework.web.filter.RequestContextFilter.doFilterInternal(RequestContextFilter.java:100)
	at org.springframework.web.filter.OncePerRequestFilter.doFilter(OncePerRequestFilter.java:119)
	at org.apache.catalina.core.ApplicationFilterChain.internalDoFilter(ApplicationFilterChain.java:193)
	at org.apache.catalina.core.ApplicationFilterChain.doFilter(ApplicationFilterChain.java:166)
	at org.springframework.web.filter.FormContentFilter.doFilterInternal(FormContentFilter.java:93)
	at org.springframework.web.filter.OncePerRequestFilter.doFilter(OncePerRequestFilter.java:119)
	at org.apache.catalina.core.ApplicationFilterChain.internalDoFilter(ApplicationFilterChain.java:193)
	at org.apache.catalina.core.ApplicationFilterChain.doFilter(ApplicationFilterChain.java:166)
	at org.springframework.boot.actuate.metrics.web.servlet.WebMvcMetricsFilter.doFilterInternal(WebMvcMetricsFilter.java:109)
	at org.springframework.web.filter.OncePerRequestFilter.doFilter(OncePerRequestFilter.java:119)
	at org.apache.catalina.core.ApplicationFilterChain.internalDoFilter(ApplicationFilterChain.java:193)
	at org.apache.catalina.core.ApplicationFilterChain.doFilter(ApplicationFilterChain.java:166)
	at org.springframework.web.filter.CharacterEncodingFilter.doFilterInternal(CharacterEncodingFilter.java:201)
	at org.springframework.web.filter.OncePerRequestFilter.doFilter(OncePerRequestFilter.java:119)
	at org.apache.catalina.core.ApplicationFilterChain.internalDoFilter(ApplicationFilterChain.java:193)
	at org.apache.catalina.core.ApplicationFilterChain.doFilter(ApplicationFilterChain.java:166)
	at org.apache.catalina.core.StandardWrapperValve.invoke(StandardWrapperValve.java:202)
	at org.apache.catalina.core.StandardContextValve.invoke(StandardContextValve.java:96)
	at org.apache.catalina.authenticator.AuthenticatorBase.invoke(AuthenticatorBase.java:541)
	at org.apache.catalina.core.StandardHostValve.invoke(StandardHostValve.java:139)
	at org.apache.catalina.valves.ErrorReportValve.invoke(ErrorReportValve.java:92)
	at org.apache.catalina.core.StandardEngineValve.invoke(StandardEngineValve.java:74)
	at org.apache.catalina.connector.CoyoteAdapter.service(CoyoteAdapter.java:343)
	at org.apache.coyote.http11.Http11Processor.service(Http11Processor.java:373)
	at org.apache.coyote.AbstractProcessorLight.process(AbstractProcessorLight.java:65)
	at org.apache.coyote.AbstractProtocol$ConnectionHandler.process(AbstractProtocol.java:868)
	at org.apache.tomcat.util.net.NioEndpoint$SocketProcessor.doRun(NioEndpoint.java:1594)
	at org.apache.tomcat.util.net.SocketProcessorBase.run(SocketProcessorBase.java:49)
	at java.base/java.util.concurrent.ThreadPoolExecutor.runWorker(ThreadPoolExecutor.java:1128)
	at java.base/java.util.concurrent.ThreadPoolExecutor$Worker.run(ThreadPoolExecutor.java:628)
	at org.apache.tomcat.util.threads.TaskThread$WrappingRunnable.run(TaskThread.java:61)
	at java.base/java.lang.Thread.run(Thread.java:834)
Caused by: java.io.IOException: Broken pipe
	at java.base/sun.nio.ch.FileDispatcherImpl.write0(Native Method)
	at java.base/sun.nio.ch.SocketDispatcher.write(SocketDispatcher.java:47)
	at java.base/sun.nio.ch.IOUtil.writeFromNativeBuffer(IOUtil.java:113)
	at java.base/sun.nio.ch.IOUtil.write(IOUtil.java:79)
	at java.base/sun.nio.ch.IOUtil.write(IOUtil.java:50)
	at java.base/sun.nio.ch.SocketChannelImpl.write(SocketChannelImpl.java:466)
	at org.apache.tomcat.util.net.NioChannel.write(NioChannel.java:138)
	at org.apache.tomcat.util.net.NioBlockingSelector.write(NioBlockingSelector.java:101)
	at org.apache.tomcat.util.net.NioSelectorPool.write(NioSelectorPool.java:152)
	at org.apache.tomcat.util.net.NioEndpoint$NioSocketWrapper.doWrite(NioEndpoint.java:1253)
	at org.apache.tomcat.util.net.SocketWrapperBase.doWrite(SocketWrapperBase.java:740)
	at org.apache.tomcat.util.net.SocketWrapperBase.writeBlocking(SocketWrapperBase.java:560)
	at org.apache.tomcat.util.net.SocketWrapperBase.write(SocketWrapperBase.java:504)
	at org.apache.coyote.http11.Http11OutputBuffer$SocketOutputBuffer.doWrite(Http11OutputBuffer.java:538)
	at org.apache.coyote.http11.filters.IdentityOutputFilter.doWrite(IdentityOutputFilter.java:73)
	at org.apache.coyote.http11.Http11OutputBuffer.doWrite(Http11OutputBuffer.java:190)
	at org.apache.coyote.Response.doWrite(Response.java:601)
	at org.apache.catalina.connector.OutputBuffer.realWriteBytes(OutputBuffer.java:339)
	... 99 common frames omitted
2020-05-23 21:43:21,608 WARN org.springframework.web.servlet.mvc.method.annotation.ExceptionHandlerExceptionResolver [http-nio-8080-exec-8] Failure in @ExceptionHandler com.surshree.app.exception.CustomResponseEntityExceptionHandler#handleAllException(Exception, WebRequest)
org.springframework.http.converter.HttpMessageNotWritableException: No converter for [class com.surshree.app.exception.ExceptionMessage] with preset Content-Type 'video/mp4'
	at org.springframework.web.servlet.mvc.method.annotation.AbstractMessageConverterMethodProcessor.writeWithMessageConverters(AbstractMessageConverterMethodProcessor.java:309)
	at org.springframework.web.servlet.mvc.method.annotation.HttpEntityMethodProcessor.handleReturnValue(HttpEntityMethodProcessor.java:219)
	at org.springframework.web.method.support.HandlerMethodReturnValueHandlerComposite.handleReturnValue(HandlerMethodReturnValueHandlerComposite.java:82)
	at org.springframework.web.servlet.mvc.method.annotation.ServletInvocableHandlerMethod.invokeAndHandle(ServletInvocableHandlerMethod.java:123)
	at org.springframework.web.servlet.mvc.method.annotation.ExceptionHandlerExceptionResolver.doResolveHandlerMethodException(ExceptionHandlerExceptionResolver.java:403)
	at org.springframework.web.servlet.handler.AbstractHandlerMethodExceptionResolver.doResolveException(AbstractHandlerMethodExceptionResolver.java:61)
	at org.springframework.web.servlet.handler.AbstractHandlerExceptionResolver.resolveException(AbstractHandlerExceptionResolver.java:141)
	at org.springframework.web.servlet.handler.HandlerExceptionResolverComposite.resolveException(HandlerExceptionResolverComposite.java:80)
	at org.springframework.web.servlet.DispatcherServlet.processHandlerException(DispatcherServlet.java:1300)
	at org.springframework.web.servlet.DispatcherServlet.processDispatchResult(DispatcherServlet.java:1111)
	at org.springframework.web.servlet.DispatcherServlet.doDispatch(DispatcherServlet.java:1057)
	at org.springframework.web.servlet.DispatcherServlet.doService(DispatcherServlet.java:943)
	at org.springframework.web.servlet.FrameworkServlet.processRequest(FrameworkServlet.java:1006)
	at org.springframework.web.servlet.FrameworkServlet.doGet(FrameworkServlet.java:898)
	at javax.servlet.http.HttpServlet.service(HttpServlet.java:634)
	at org.springframework.web.servlet.FrameworkServlet.service(FrameworkServlet.java:883)
	at javax.servlet.http.HttpServlet.service(HttpServlet.java:741)
	at org.apache.catalina.core.ApplicationFilterChain.internalDoFilter(ApplicationFilterChain.java:231)
	at org.apache.catalina.core.ApplicationFilterChain.doFilter(ApplicationFilterChain.java:166)
	at org.apache.tomcat.websocket.server.WsFilter.doFilter(WsFilter.java:53)
	at org.apache.catalina.core.ApplicationFilterChain.internalDoFilter(ApplicationFilterChain.java:193)
	at org.apache.catalina.core.ApplicationFilterChain.doFilter(ApplicationFilterChain.java:166)
	at org.springframework.security.web.FilterChainProxy$VirtualFilterChain.doFilter(FilterChainProxy.java:320)
	at org.springframework.security.web.access.intercept.FilterSecurityInterceptor.invoke(FilterSecurityInterceptor.java:126)
	at org.springframework.security.web.access.intercept.FilterSecurityInterceptor.doFilter(FilterSecurityInterceptor.java:90)
	at org.springframework.security.web.FilterChainProxy$VirtualFilterChain.doFilter(FilterChainProxy.java:334)
	at org.springframework.security.web.access.ExceptionTranslationFilter.doFilter(ExceptionTranslationFilter.java:118)
	at org.springframework.security.web.FilterChainProxy$VirtualFilterChain.doFilter(FilterChainProxy.java:334)
	at org.springframework.security.web.session.SessionManagementFilter.doFilter(SessionManagementFilter.java:137)
	at org.springframework.security.web.FilterChainProxy$VirtualFilterChain.doFilter(FilterChainProxy.java:334)
	at org.springframework.security.web.authentication.AnonymousAuthenticationFilter.doFilter(AnonymousAuthenticationFilter.java:111)
	at org.springframework.security.web.FilterChainProxy$VirtualFilterChain.doFilter(FilterChainProxy.java:334)
	at org.springframework.security.web.servletapi.SecurityContextHolderAwareRequestFilter.doFilter(SecurityContextHolderAwareRequestFilter.java:158)
	at org.springframework.security.web.FilterChainProxy$VirtualFilterChain.doFilter(FilterChainProxy.java:334)
	at org.springframework.security.web.savedrequest.RequestCacheAwareFilter.doFilter(RequestCacheAwareFilter.java:63)
	at org.springframework.security.web.FilterChainProxy$VirtualFilterChain.doFilter(FilterChainProxy.java:334)
	at org.springframework.security.web.authentication.www.BasicAuthenticationFilter.doFilterInternal(BasicAuthenticationFilter.java:155)
	at org.springframework.web.filter.OncePerRequestFilter.doFilter(OncePerRequestFilter.java:119)
	at org.springframework.security.web.FilterChainProxy$VirtualFilterChain.doFilter(FilterChainProxy.java:334)
	at org.springframework.security.web.authentication.logout.LogoutFilter.doFilter(LogoutFilter.java:116)
	at org.springframework.security.web.FilterChainProxy$VirtualFilterChain.doFilter(FilterChainProxy.java:334)
	at org.springframework.web.filter.CorsFilter.doFilterInternal(CorsFilter.java:92)
	at org.springframework.web.filter.OncePerRequestFilter.doFilter(OncePerRequestFilter.java:119)
	at org.springframework.security.web.FilterChainProxy$VirtualFilterChain.doFilter(FilterChainProxy.java:334)
	at org.springframework.security.web.header.HeaderWriterFilter.doHeadersAfter(HeaderWriterFilter.java:92)
	at org.springframework.security.web.header.HeaderWriterFilter.doFilterInternal(HeaderWriterFilter.java:77)
	at org.springframework.web.filter.OncePerRequestFilter.doFilter(OncePerRequestFilter.java:119)
	at org.springframework.security.web.FilterChainProxy$VirtualFilterChain.doFilter(FilterChainProxy.java:334)
	at org.springframework.security.web.context.SecurityContextPersistenceFilter.doFilter(SecurityContextPersistenceFilter.java:105)
	at org.springframework.security.web.FilterChainProxy$VirtualFilterChain.doFilter(FilterChainProxy.java:334)
	at org.springframework.security.web.context.request.async.WebAsyncManagerIntegrationFilter.doFilterInternal(WebAsyncManagerIntegrationFilter.java:56)
	at org.springframework.web.filter.OncePerRequestFilter.doFilter(OncePerRequestFilter.java:119)
	at org.springframework.security.web.FilterChainProxy$VirtualFilterChain.doFilter(FilterChainProxy.java:334)
	at org.springframework.security.web.FilterChainProxy.doFilterInternal(FilterChainProxy.java:215)
	at org.springframework.security.web.FilterChainProxy.doFilter(FilterChainProxy.java:178)
	at org.springframework.web.filter.DelegatingFilterProxy.invokeDelegate(DelegatingFilterProxy.java:358)
	at org.springframework.web.filter.DelegatingFilterProxy.doFilter(DelegatingFilterProxy.java:271)
	at org.apache.catalina.core.ApplicationFilterChain.internalDoFilter(ApplicationFilterChain.java:193)
	at org.apache.catalina.core.ApplicationFilterChain.doFilter(ApplicationFilterChain.java:166)
	at org.springframework.web.filter.RequestContextFilter.doFilterInternal(RequestContextFilter.java:100)
	at org.springframework.web.filter.OncePerRequestFilter.doFilter(OncePerRequestFilter.java:119)
	at org.apache.catalina.core.ApplicationFilterChain.internalDoFilter(ApplicationFilterChain.java:193)
	at org.apache.catalina.core.ApplicationFilterChain.doFilter(ApplicationFilterChain.java:166)
	at org.springframework.web.filter.FormContentFilter.doFilterInternal(FormContentFilter.java:93)
	at org.springframework.web.filter.OncePerRequestFilter.doFilter(OncePerRequestFilter.java:119)
	at org.apache.catalina.core.ApplicationFilterChain.internalDoFilter(ApplicationFilterChain.java:193)
	at org.apache.catalina.core.ApplicationFilterChain.doFilter(ApplicationFilterChain.java:166)
	at org.springframework.boot.actuate.metrics.web.servlet.WebMvcMetricsFilter.doFilterInternal(WebMvcMetricsFilter.java:109)
	at org.springframework.web.filter.OncePerRequestFilter.doFilter(OncePerRequestFilter.java:119)
	at org.apache.catalina.core.ApplicationFilterChain.internalDoFilter(ApplicationFilterChain.java:193)
	at org.apache.catalina.core.ApplicationFilterChain.doFilter(ApplicationFilterChain.java:166)
	at org.springframework.web.filter.CharacterEncodingFilter.doFilterInternal(CharacterEncodingFilter.java:201)
	at org.springframework.web.filter.OncePerRequestFilter.doFilter(OncePerRequestFilter.java:119)
	at org.apache.catalina.core.ApplicationFilterChain.internalDoFilter(ApplicationFilterChain.java:193)
	at org.apache.catalina.core.ApplicationFilterChain.doFilter(ApplicationFilterChain.java:166)
	at org.apache.catalina.core.StandardWrapperValve.invoke(StandardWrapperValve.java:202)
	at org.apache.catalina.core.StandardContextValve.invoke(StandardContextValve.java:96)
	at org.apache.catalina.authenticator.AuthenticatorBase.invoke(AuthenticatorBase.java:541)
	at org.apache.catalina.core.StandardHostValve.invoke(StandardHostValve.java:139)
	at org.apache.catalina.valves.ErrorReportValve.invoke(ErrorReportValve.java:92)
	at org.apache.catalina.core.StandardEngineValve.invoke(StandardEngineValve.java:74)
	at org.apache.catalina.connector.CoyoteAdapter.service(CoyoteAdapter.java:343)
	at org.apache.coyote.http11.Http11Processor.service(Http11Processor.java:373)
	at org.apache.coyote.AbstractProcessorLight.process(AbstractProcessorLight.java:65)
	at org.apache.coyote.AbstractProtocol$ConnectionHandler.process(AbstractProtocol.java:868)
	at org.apache.tomcat.util.net.NioEndpoint$SocketProcessor.doRun(NioEndpoint.java:1594)
	at org.apache.tomcat.util.net.SocketProcessorBase.run(SocketProcessorBase.java:49)
	at java.base/java.util.concurrent.ThreadPoolExecutor.runWorker(ThreadPoolExecutor.java:1128)
	at java.base/java.util.concurrent.ThreadPoolExecutor$Worker.run(ThreadPoolExecutor.java:628)
	at org.apache.tomcat.util.threads.TaskThread$WrappingRunnable.run(TaskThread.java:61)
	at java.base/java.lang.Thread.run(Thread.java:834)
2020-05-23 21:43:42,337 ERROR com.surshree.app.exception.CustomResponseEntityExceptionHandler [http-nio-8080-exec-4] java.io.IOException: Broken pipe
org.apache.catalina.connector.ClientAbortException: java.io.IOException: Broken pipe
	at org.apache.catalina.connector.OutputBuffer.realWriteBytes(OutputBuffer.java:351)
	at org.apache.catalina.connector.OutputBuffer.flushByteBuffer(OutputBuffer.java:776)
	at org.apache.catalina.connector.OutputBuffer.append(OutputBuffer.java:681)
	at org.apache.catalina.connector.OutputBuffer.writeBytes(OutputBuffer.java:386)
	at org.apache.catalina.connector.OutputBuffer.write(OutputBuffer.java:364)
	at org.apache.catalina.connector.CoyoteOutputStream.write(CoyoteOutputStream.java:96)
	at org.springframework.security.web.util.OnCommittedResponseWrapper$SaveContextServletOutputStream.write(OnCommittedResponseWrapper.java:645)
	at org.springframework.security.web.util.OnCommittedResponseWrapper$SaveContextServletOutputStream.write(OnCommittedResponseWrapper.java:645)
	at org.springframework.util.StreamUtils.copyRange(StreamUtils.java:180)
	at org.springframework.http.converter.ResourceRegionHttpMessageConverter.writeResourceRegion(ResourceRegionHttpMessageConverter.java:159)
	at org.springframework.http.converter.ResourceRegionHttpMessageConverter.writeInternal(ResourceRegionHttpMessageConverter.java:136)
	at org.springframework.http.converter.AbstractGenericHttpMessageConverter.write(AbstractGenericHttpMessageConverter.java:104)
	at org.springframework.web.servlet.mvc.method.annotation.AbstractMessageConverterMethodProcessor.writeWithMessageConverters(AbstractMessageConverterMethodProcessor.java:287)
	at org.springframework.web.servlet.mvc.method.annotation.HttpEntityMethodProcessor.handleReturnValue(HttpEntityMethodProcessor.java:219)
	at org.springframework.web.method.support.HandlerMethodReturnValueHandlerComposite.handleReturnValue(HandlerMethodReturnValueHandlerComposite.java:82)
	at org.springframework.web.servlet.mvc.method.annotation.ServletInvocableHandlerMethod.invokeAndHandle(ServletInvocableHandlerMethod.java:123)
	at org.springframework.web.servlet.mvc.method.annotation.RequestMappingHandlerAdapter.invokeHandlerMethod(RequestMappingHandlerAdapter.java:879)
	at org.springframework.web.servlet.mvc.method.annotation.RequestMappingHandlerAdapter.handleInternal(RequestMappingHandlerAdapter.java:793)
	at org.springframework.web.servlet.mvc.method.AbstractHandlerMethodAdapter.handle(AbstractHandlerMethodAdapter.java:87)
	at org.springframework.web.servlet.DispatcherServlet.doDispatch(DispatcherServlet.java:1040)
	at org.springframework.web.servlet.DispatcherServlet.doService(DispatcherServlet.java:943)
	at org.springframework.web.servlet.FrameworkServlet.processRequest(FrameworkServlet.java:1006)
	at org.springframework.web.servlet.FrameworkServlet.doGet(FrameworkServlet.java:898)
	at javax.servlet.http.HttpServlet.service(HttpServlet.java:634)
	at org.springframework.web.servlet.FrameworkServlet.service(FrameworkServlet.java:883)
	at javax.servlet.http.HttpServlet.service(HttpServlet.java:741)
	at org.apache.catalina.core.ApplicationFilterChain.internalDoFilter(ApplicationFilterChain.java:231)
	at org.apache.catalina.core.ApplicationFilterChain.doFilter(ApplicationFilterChain.java:166)
	at org.apache.tomcat.websocket.server.WsFilter.doFilter(WsFilter.java:53)
	at org.apache.catalina.core.ApplicationFilterChain.internalDoFilter(ApplicationFilterChain.java:193)
	at org.apache.catalina.core.ApplicationFilterChain.doFilter(ApplicationFilterChain.java:166)
	at org.springframework.security.web.FilterChainProxy$VirtualFilterChain.doFilter(FilterChainProxy.java:320)
	at org.springframework.security.web.access.intercept.FilterSecurityInterceptor.invoke(FilterSecurityInterceptor.java:126)
	at org.springframework.security.web.access.intercept.FilterSecurityInterceptor.doFilter(FilterSecurityInterceptor.java:90)
	at org.springframework.security.web.FilterChainProxy$VirtualFilterChain.doFilter(FilterChainProxy.java:334)
	at org.springframework.security.web.access.ExceptionTranslationFilter.doFilter(ExceptionTranslationFilter.java:118)
	at org.springframework.security.web.FilterChainProxy$VirtualFilterChain.doFilter(FilterChainProxy.java:334)
	at org.springframework.security.web.session.SessionManagementFilter.doFilter(SessionManagementFilter.java:137)
	at org.springframework.security.web.FilterChainProxy$VirtualFilterChain.doFilter(FilterChainProxy.java:334)
	at org.springframework.security.web.authentication.AnonymousAuthenticationFilter.doFilter(AnonymousAuthenticationFilter.java:111)
	at org.springframework.security.web.FilterChainProxy$VirtualFilterChain.doFilter(FilterChainProxy.java:334)
	at org.springframework.security.web.servletapi.SecurityContextHolderAwareRequestFilter.doFilter(SecurityContextHolderAwareRequestFilter.java:158)
	at org.springframework.security.web.FilterChainProxy$VirtualFilterChain.doFilter(FilterChainProxy.java:334)
	at org.springframework.security.web.savedrequest.RequestCacheAwareFilter.doFilter(RequestCacheAwareFilter.java:63)
	at org.springframework.security.web.FilterChainProxy$VirtualFilterChain.doFilter(FilterChainProxy.java:334)
	at org.springframework.security.web.authentication.www.BasicAuthenticationFilter.doFilterInternal(BasicAuthenticationFilter.java:155)
	at org.springframework.web.filter.OncePerRequestFilter.doFilter(OncePerRequestFilter.java:119)
	at org.springframework.security.web.FilterChainProxy$VirtualFilterChain.doFilter(FilterChainProxy.java:334)
	at org.springframework.security.web.authentication.logout.LogoutFilter.doFilter(LogoutFilter.java:116)
	at org.springframework.security.web.FilterChainProxy$VirtualFilterChain.doFilter(FilterChainProxy.java:334)
	at org.springframework.web.filter.CorsFilter.doFilterInternal(CorsFilter.java:92)
	at org.springframework.web.filter.OncePerRequestFilter.doFilter(OncePerRequestFilter.java:119)
	at org.springframework.security.web.FilterChainProxy$VirtualFilterChain.doFilter(FilterChainProxy.java:334)
	at org.springframework.security.web.header.HeaderWriterFilter.doHeadersAfter(HeaderWriterFilter.java:92)
	at org.springframework.security.web.header.HeaderWriterFilter.doFilterInternal(HeaderWriterFilter.java:77)
	at org.springframework.web.filter.OncePerRequestFilter.doFilter(OncePerRequestFilter.java:119)
	at org.springframework.security.web.FilterChainProxy$VirtualFilterChain.doFilter(FilterChainProxy.java:334)
	at org.springframework.security.web.context.SecurityContextPersistenceFilter.doFilter(SecurityContextPersistenceFilter.java:105)
	at org.springframework.security.web.FilterChainProxy$VirtualFilterChain.doFilter(FilterChainProxy.java:334)
	at org.springframework.security.web.context.request.async.WebAsyncManagerIntegrationFilter.doFilterInternal(WebAsyncManagerIntegrationFilter.java:56)
	at org.springframework.web.filter.OncePerRequestFilter.doFilter(OncePerRequestFilter.java:119)
	at org.springframework.security.web.FilterChainProxy$VirtualFilterChain.doFilter(FilterChainProxy.java:334)
	at org.springframework.security.web.FilterChainProxy.doFilterInternal(FilterChainProxy.java:215)
	at org.springframework.security.web.FilterChainProxy.doFilter(FilterChainProxy.java:178)
	at org.springframework.web.filter.DelegatingFilterProxy.invokeDelegate(DelegatingFilterProxy.java:358)
	at org.springframework.web.filter.DelegatingFilterProxy.doFilter(DelegatingFilterProxy.java:271)
	at org.apache.catalina.core.ApplicationFilterChain.internalDoFilter(ApplicationFilterChain.java:193)
	at org.apache.catalina.core.ApplicationFilterChain.doFilter(ApplicationFilterChain.java:166)
	at org.springframework.web.filter.RequestContextFilter.doFilterInternal(RequestContextFilter.java:100)
	at org.springframework.web.filter.OncePerRequestFilter.doFilter(OncePerRequestFilter.java:119)
	at org.apache.catalina.core.ApplicationFilterChain.internalDoFilter(ApplicationFilterChain.java:193)
	at org.apache.catalina.core.ApplicationFilterChain.doFilter(ApplicationFilterChain.java:166)
	at org.springframework.web.filter.FormContentFilter.doFilterInternal(FormContentFilter.java:93)
	at org.springframework.web.filter.OncePerRequestFilter.doFilter(OncePerRequestFilter.java:119)
	at org.apache.catalina.core.ApplicationFilterChain.internalDoFilter(ApplicationFilterChain.java:193)
	at org.apache.catalina.core.ApplicationFilterChain.doFilter(ApplicationFilterChain.java:166)
	at org.springframework.boot.actuate.metrics.web.servlet.WebMvcMetricsFilter.doFilterInternal(WebMvcMetricsFilter.java:109)
	at org.springframework.web.filter.OncePerRequestFilter.doFilter(OncePerRequestFilter.java:119)
	at org.apache.catalina.core.ApplicationFilterChain.internalDoFilter(ApplicationFilterChain.java:193)
	at org.apache.catalina.core.ApplicationFilterChain.doFilter(ApplicationFilterChain.java:166)
	at org.springframework.web.filter.CharacterEncodingFilter.doFilterInternal(CharacterEncodingFilter.java:201)
	at org.springframework.web.filter.OncePerRequestFilter.doFilter(OncePerRequestFilter.java:119)
	at org.apache.catalina.core.ApplicationFilterChain.internalDoFilter(ApplicationFilterChain.java:193)
	at org.apache.catalina.core.ApplicationFilterChain.doFilter(ApplicationFilterChain.java:166)
	at org.apache.catalina.core.StandardWrapperValve.invoke(StandardWrapperValve.java:202)
	at org.apache.catalina.core.StandardContextValve.invoke(StandardContextValve.java:96)
	at org.apache.catalina.authenticator.AuthenticatorBase.invoke(AuthenticatorBase.java:541)
	at org.apache.catalina.core.StandardHostValve.invoke(StandardHostValve.java:139)
	at org.apache.catalina.valves.ErrorReportValve.invoke(ErrorReportValve.java:92)
	at org.apache.catalina.core.StandardEngineValve.invoke(StandardEngineValve.java:74)
	at org.apache.catalina.connector.CoyoteAdapter.service(CoyoteAdapter.java:343)
	at org.apache.coyote.http11.Http11Processor.service(Http11Processor.java:373)
	at org.apache.coyote.AbstractProcessorLight.process(AbstractProcessorLight.java:65)
	at org.apache.coyote.AbstractProtocol$ConnectionHandler.process(AbstractProtocol.java:868)
	at org.apache.tomcat.util.net.NioEndpoint$SocketProcessor.doRun(NioEndpoint.java:1594)
	at org.apache.tomcat.util.net.SocketProcessorBase.run(SocketProcessorBase.java:49)
	at java.base/java.util.concurrent.ThreadPoolExecutor.runWorker(ThreadPoolExecutor.java:1128)
	at java.base/java.util.concurrent.ThreadPoolExecutor$Worker.run(ThreadPoolExecutor.java:628)
	at org.apache.tomcat.util.threads.TaskThread$WrappingRunnable.run(TaskThread.java:61)
	at java.base/java.lang.Thread.run(Thread.java:834)
Caused by: java.io.IOException: Broken pipe
	at java.base/sun.nio.ch.FileDispatcherImpl.write0(Native Method)
	at java.base/sun.nio.ch.SocketDispatcher.write(SocketDispatcher.java:47)
	at java.base/sun.nio.ch.IOUtil.writeFromNativeBuffer(IOUtil.java:113)
	at java.base/sun.nio.ch.IOUtil.write(IOUtil.java:79)
	at java.base/sun.nio.ch.IOUtil.write(IOUtil.java:50)
	at java.base/sun.nio.ch.SocketChannelImpl.write(SocketChannelImpl.java:466)
	at org.apache.tomcat.util.net.NioChannel.write(NioChannel.java:138)
	at org.apache.tomcat.util.net.NioBlockingSelector.write(NioBlockingSelector.java:101)
	at org.apache.tomcat.util.net.NioSelectorPool.write(NioSelectorPool.java:152)
	at org.apache.tomcat.util.net.NioEndpoint$NioSocketWrapper.doWrite(NioEndpoint.java:1253)
	at org.apache.tomcat.util.net.SocketWrapperBase.doWrite(SocketWrapperBase.java:740)
	at org.apache.tomcat.util.net.SocketWrapperBase.writeBlocking(SocketWrapperBase.java:560)
	at org.apache.tomcat.util.net.SocketWrapperBase.write(SocketWrapperBase.java:504)
	at org.apache.coyote.http11.Http11OutputBuffer$SocketOutputBuffer.doWrite(Http11OutputBuffer.java:538)
	at org.apache.coyote.http11.filters.IdentityOutputFilter.doWrite(IdentityOutputFilter.java:73)
	at org.apache.coyote.http11.Http11OutputBuffer.doWrite(Http11OutputBuffer.java:190)
	at org.apache.coyote.Response.doWrite(Response.java:601)
	at org.apache.catalina.connector.OutputBuffer.realWriteBytes(OutputBuffer.java:339)
	... 99 common frames omitted
2020-05-23 21:43:42,339 WARN org.springframework.web.servlet.mvc.method.annotation.ExceptionHandlerExceptionResolver [http-nio-8080-exec-4] Failure in @ExceptionHandler com.surshree.app.exception.CustomResponseEntityExceptionHandler#handleAllException(Exception, WebRequest)
org.springframework.http.converter.HttpMessageNotWritableException: No converter for [class com.surshree.app.exception.ExceptionMessage] with preset Content-Type 'video/mp4'
	at org.springframework.web.servlet.mvc.method.annotation.AbstractMessageConverterMethodProcessor.writeWithMessageConverters(AbstractMessageConverterMethodProcessor.java:309)
	at org.springframework.web.servlet.mvc.method.annotation.HttpEntityMethodProcessor.handleReturnValue(HttpEntityMethodProcessor.java:219)
	at org.springframework.web.method.support.HandlerMethodReturnValueHandlerComposite.handleReturnValue(HandlerMethodReturnValueHandlerComposite.java:82)
	at org.springframework.web.servlet.mvc.method.annotation.ServletInvocableHandlerMethod.invokeAndHandle(ServletInvocableHandlerMethod.java:123)
	at org.springframework.web.servlet.mvc.method.annotation.ExceptionHandlerExceptionResolver.doResolveHandlerMethodException(ExceptionHandlerExceptionResolver.java:403)
	at org.springframework.web.servlet.handler.AbstractHandlerMethodExceptionResolver.doResolveException(AbstractHandlerMethodExceptionResolver.java:61)
	at org.springframework.web.servlet.handler.AbstractHandlerExceptionResolver.resolveException(AbstractHandlerExceptionResolver.java:141)
	at org.springframework.web.servlet.handler.HandlerExceptionResolverComposite.resolveException(HandlerExceptionResolverComposite.java:80)
	at org.springframework.web.servlet.DispatcherServlet.processHandlerException(DispatcherServlet.java:1300)
	at org.springframework.web.servlet.DispatcherServlet.processDispatchResult(DispatcherServlet.java:1111)
	at org.springframework.web.servlet.DispatcherServlet.doDispatch(DispatcherServlet.java:1057)
	at org.springframework.web.servlet.DispatcherServlet.doService(DispatcherServlet.java:943)
	at org.springframework.web.servlet.FrameworkServlet.processRequest(FrameworkServlet.java:1006)
	at org.springframework.web.servlet.FrameworkServlet.doGet(FrameworkServlet.java:898)
	at javax.servlet.http.HttpServlet.service(HttpServlet.java:634)
	at org.springframework.web.servlet.FrameworkServlet.service(FrameworkServlet.java:883)
	at javax.servlet.http.HttpServlet.service(HttpServlet.java:741)
	at org.apache.catalina.core.ApplicationFilterChain.internalDoFilter(ApplicationFilterChain.java:231)
	at org.apache.catalina.core.ApplicationFilterChain.doFilter(ApplicationFilterChain.java:166)
	at org.apache.tomcat.websocket.server.WsFilter.doFilter(WsFilter.java:53)
	at org.apache.catalina.core.ApplicationFilterChain.internalDoFilter(ApplicationFilterChain.java:193)
	at org.apache.catalina.core.ApplicationFilterChain.doFilter(ApplicationFilterChain.java:166)
	at org.springframework.security.web.FilterChainProxy$VirtualFilterChain.doFilter(FilterChainProxy.java:320)
	at org.springframework.security.web.access.intercept.FilterSecurityInterceptor.invoke(FilterSecurityInterceptor.java:126)
	at org.springframework.security.web.access.intercept.FilterSecurityInterceptor.doFilter(FilterSecurityInterceptor.java:90)
	at org.springframework.security.web.FilterChainProxy$VirtualFilterChain.doFilter(FilterChainProxy.java:334)
	at org.springframework.security.web.access.ExceptionTranslationFilter.doFilter(ExceptionTranslationFilter.java:118)
	at org.springframework.security.web.FilterChainProxy$VirtualFilterChain.doFilter(FilterChainProxy.java:334)
	at org.springframework.security.web.session.SessionManagementFilter.doFilter(SessionManagementFilter.java:137)
	at org.springframework.security.web.FilterChainProxy$VirtualFilterChain.doFilter(FilterChainProxy.java:334)
	at org.springframework.security.web.authentication.AnonymousAuthenticationFilter.doFilter(AnonymousAuthenticationFilter.java:111)
	at org.springframework.security.web.FilterChainProxy$VirtualFilterChain.doFilter(FilterChainProxy.java:334)
	at org.springframework.security.web.servletapi.SecurityContextHolderAwareRequestFilter.doFilter(SecurityContextHolderAwareRequestFilter.java:158)
	at org.springframework.security.web.FilterChainProxy$VirtualFilterChain.doFilter(FilterChainProxy.java:334)
	at org.springframework.security.web.savedrequest.RequestCacheAwareFilter.doFilter(RequestCacheAwareFilter.java:63)
	at org.springframework.security.web.FilterChainProxy$VirtualFilterChain.doFilter(FilterChainProxy.java:334)
	at org.springframework.security.web.authentication.www.BasicAuthenticationFilter.doFilterInternal(BasicAuthenticationFilter.java:155)
	at org.springframework.web.filter.OncePerRequestFilter.doFilter(OncePerRequestFilter.java:119)
	at org.springframework.security.web.FilterChainProxy$VirtualFilterChain.doFilter(FilterChainProxy.java:334)
	at org.springframework.security.web.authentication.logout.LogoutFilter.doFilter(LogoutFilter.java:116)
	at org.springframework.security.web.FilterChainProxy$VirtualFilterChain.doFilter(FilterChainProxy.java:334)
	at org.springframework.web.filter.CorsFilter.doFilterInternal(CorsFilter.java:92)
	at org.springframework.web.filter.OncePerRequestFilter.doFilter(OncePerRequestFilter.java:119)
	at org.springframework.security.web.FilterChainProxy$VirtualFilterChain.doFilter(FilterChainProxy.java:334)
	at org.springframework.security.web.header.HeaderWriterFilter.doHeadersAfter(HeaderWriterFilter.java:92)
	at org.springframework.security.web.header.HeaderWriterFilter.doFilterInternal(HeaderWriterFilter.java:77)
	at org.springframework.web.filter.OncePerRequestFilter.doFilter(OncePerRequestFilter.java:119)
	at org.springframework.security.web.FilterChainProxy$VirtualFilterChain.doFilter(FilterChainProxy.java:334)
	at org.springframework.security.web.context.SecurityContextPersistenceFilter.doFilter(SecurityContextPersistenceFilter.java:105)
	at org.springframework.security.web.FilterChainProxy$VirtualFilterChain.doFilter(FilterChainProxy.java:334)
	at org.springframework.security.web.context.request.async.WebAsyncManagerIntegrationFilter.doFilterInternal(WebAsyncManagerIntegrationFilter.java:56)
	at org.springframework.web.filter.OncePerRequestFilter.doFilter(OncePerRequestFilter.java:119)
	at org.springframework.security.web.FilterChainProxy$VirtualFilterChain.doFilter(FilterChainProxy.java:334)
	at org.springframework.security.web.FilterChainProxy.doFilterInternal(FilterChainProxy.java:215)
	at org.springframework.security.web.FilterChainProxy.doFilter(FilterChainProxy.java:178)
	at org.springframework.web.filter.DelegatingFilterProxy.invokeDelegate(DelegatingFilterProxy.java:358)
	at org.springframework.web.filter.DelegatingFilterProxy.doFilter(DelegatingFilterProxy.java:271)
	at org.apache.catalina.core.ApplicationFilterChain.internalDoFilter(ApplicationFilterChain.java:193)
	at org.apache.catalina.core.ApplicationFilterChain.doFilter(ApplicationFilterChain.java:166)
	at org.springframework.web.filter.RequestContextFilter.doFilterInternal(RequestContextFilter.java:100)
	at org.springframework.web.filter.OncePerRequestFilter.doFilter(OncePerRequestFilter.java:119)
	at org.apache.catalina.core.ApplicationFilterChain.internalDoFilter(ApplicationFilterChain.java:193)
	at org.apache.catalina.core.ApplicationFilterChain.doFilter(ApplicationFilterChain.java:166)
	at org.springframework.web.filter.FormContentFilter.doFilterInternal(FormContentFilter.java:93)
	at org.springframework.web.filter.OncePerRequestFilter.doFilter(OncePerRequestFilter.java:119)
	at org.apache.catalina.core.ApplicationFilterChain.internalDoFilter(ApplicationFilterChain.java:193)
	at org.apache.catalina.core.ApplicationFilterChain.doFilter(ApplicationFilterChain.java:166)
	at org.springframework.boot.actuate.metrics.web.servlet.WebMvcMetricsFilter.doFilterInternal(WebMvcMetricsFilter.java:109)
	at org.springframework.web.filter.OncePerRequestFilter.doFilter(OncePerRequestFilter.java:119)
	at org.apache.catalina.core.ApplicationFilterChain.internalDoFilter(ApplicationFilterChain.java:193)
	at org.apache.catalina.core.ApplicationFilterChain.doFilter(ApplicationFilterChain.java:166)
	at org.springframework.web.filter.CharacterEncodingFilter.doFilterInternal(CharacterEncodingFilter.java:201)
	at org.springframework.web.filter.OncePerRequestFilter.doFilter(OncePerRequestFilter.java:119)
	at org.apache.catalina.core.ApplicationFilterChain.internalDoFilter(ApplicationFilterChain.java:193)
	at org.apache.catalina.core.ApplicationFilterChain.doFilter(ApplicationFilterChain.java:166)
	at org.apache.catalina.core.StandardWrapperValve.invoke(StandardWrapperValve.java:202)
	at org.apache.catalina.core.StandardContextValve.invoke(StandardContextValve.java:96)
	at org.apache.catalina.authenticator.AuthenticatorBase.invoke(AuthenticatorBase.java:541)
	at org.apache.catalina.core.StandardHostValve.invoke(StandardHostValve.java:139)
	at org.apache.catalina.valves.ErrorReportValve.invoke(ErrorReportValve.java:92)
	at org.apache.catalina.core.StandardEngineValve.invoke(StandardEngineValve.java:74)
	at org.apache.catalina.connector.CoyoteAdapter.service(CoyoteAdapter.java:343)
	at org.apache.coyote.http11.Http11Processor.service(Http11Processor.java:373)
	at org.apache.coyote.AbstractProcessorLight.process(AbstractProcessorLight.java:65)
	at org.apache.coyote.AbstractProtocol$ConnectionHandler.process(AbstractProtocol.java:868)
	at org.apache.tomcat.util.net.NioEndpoint$SocketProcessor.doRun(NioEndpoint.java:1594)
	at org.apache.tomcat.util.net.SocketProcessorBase.run(SocketProcessorBase.java:49)
	at java.base/java.util.concurrent.ThreadPoolExecutor.runWorker(ThreadPoolExecutor.java:1128)
	at java.base/java.util.concurrent.ThreadPoolExecutor$Worker.run(ThreadPoolExecutor.java:628)
	at org.apache.tomcat.util.threads.TaskThread$WrappingRunnable.run(TaskThread.java:61)
	at java.base/java.lang.Thread.run(Thread.java:834)
2020-05-23 21:44:18,547 INFO com.surshree.app.services.CustomUserDetailsService [http-nio-8080-exec-10] Granted Authorities --> ROLE_ADMN
2020-05-23 21:44:18,548 INFO com.surshree.app.services.CustomUserDetailsService [http-nio-8080-exec-10] Granted Authorities --> ROLE_CONT
2020-05-23 21:44:18,548 INFO com.surshree.app.services.CustomUserDetailsService [http-nio-8080-exec-10] Granted Authorities --> FUNC_VIEW_ADMIN_MENU
2020-05-23 21:44:18,549 INFO com.surshree.app.services.CustomUserDetailsService [http-nio-8080-exec-10] Granted Authorities --> FUNC_CONT_MENU
2020-05-23 21:44:18,549 INFO com.surshree.app.services.CustomUserDetailsService [http-nio-8080-exec-10] Granted Authorities --> FUNC_CONT_MENU
2020-05-23 21:44:19,002 INFO com.surshree.app.services.CustomUserDetailsService [http-nio-8080-exec-2] Granted Authorities --> ROLE_ADMN
2020-05-23 21:44:19,006 INFO com.surshree.app.services.CustomUserDetailsService [http-nio-8080-exec-2] Granted Authorities --> ROLE_CONT
2020-05-23 21:44:19,007 INFO com.surshree.app.services.CustomUserDetailsService [http-nio-8080-exec-2] Granted Authorities --> FUNC_VIEW_ADMIN_MENU
2020-05-23 21:44:19,008 INFO com.surshree.app.services.CustomUserDetailsService [http-nio-8080-exec-2] Granted Authorities --> FUNC_CONT_MENU
2020-05-23 21:44:19,009 INFO com.surshree.app.services.CustomUserDetailsService [http-nio-8080-exec-2] Granted Authorities --> FUNC_CONT_MENU
2020-05-23 21:44:46,248 INFO com.surshree.app.services.CustomUserDetailsService [http-nio-8080-exec-10] Granted Authorities --> ROLE_ADMN
2020-05-23 21:44:46,249 INFO com.surshree.app.services.CustomUserDetailsService [http-nio-8080-exec-10] Granted Authorities --> ROLE_CONT
2020-05-23 21:44:46,252 INFO com.surshree.app.services.CustomUserDetailsService [http-nio-8080-exec-10] Granted Authorities --> FUNC_VIEW_ADMIN_MENU
2020-05-23 21:44:46,255 INFO com.surshree.app.services.CustomUserDetailsService [http-nio-8080-exec-10] Granted Authorities --> FUNC_CONT_MENU
2020-05-23 21:44:46,258 INFO com.surshree.app.services.CustomUserDetailsService [http-nio-8080-exec-10] Granted Authorities --> FUNC_CONT_MENU
2020-05-23 21:44:46,660 INFO com.surshree.app.services.CustomUserDetailsService [http-nio-8080-exec-2] Granted Authorities --> ROLE_ADMN
2020-05-23 21:44:46,660 INFO com.surshree.app.services.CustomUserDetailsService [http-nio-8080-exec-2] Granted Authorities --> ROLE_CONT
2020-05-23 21:44:46,661 INFO com.surshree.app.services.CustomUserDetailsService [http-nio-8080-exec-2] Granted Authorities --> FUNC_VIEW_ADMIN_MENU
2020-05-23 21:44:46,661 INFO com.surshree.app.services.CustomUserDetailsService [http-nio-8080-exec-2] Granted Authorities --> FUNC_CONT_MENU
2020-05-23 21:44:46,662 INFO com.surshree.app.services.CustomUserDetailsService [http-nio-8080-exec-2] Granted Authorities --> FUNC_CONT_MENU
2020-05-23 21:45:42,180 ERROR com.surshree.app.exception.CustomResponseEntityExceptionHandler [http-nio-8080-exec-9] java.io.IOException: Broken pipe
org.apache.catalina.connector.ClientAbortException: java.io.IOException: Broken pipe
	at org.apache.catalina.connector.OutputBuffer.realWriteBytes(OutputBuffer.java:351)
	at org.apache.catalina.connector.OutputBuffer.flushByteBuffer(OutputBuffer.java:776)
	at org.apache.catalina.connector.OutputBuffer.append(OutputBuffer.java:681)
	at org.apache.catalina.connector.OutputBuffer.writeBytes(OutputBuffer.java:386)
	at org.apache.catalina.connector.OutputBuffer.write(OutputBuffer.java:364)
	at org.apache.catalina.connector.CoyoteOutputStream.write(CoyoteOutputStream.java:96)
	at org.springframework.security.web.util.OnCommittedResponseWrapper$SaveContextServletOutputStream.write(OnCommittedResponseWrapper.java:645)
	at org.springframework.security.web.util.OnCommittedResponseWrapper$SaveContextServletOutputStream.write(OnCommittedResponseWrapper.java:645)
	at org.springframework.util.StreamUtils.copyRange(StreamUtils.java:180)
	at org.springframework.http.converter.ResourceRegionHttpMessageConverter.writeResourceRegion(ResourceRegionHttpMessageConverter.java:159)
	at org.springframework.http.converter.ResourceRegionHttpMessageConverter.writeInternal(ResourceRegionHttpMessageConverter.java:136)
	at org.springframework.http.converter.AbstractGenericHttpMessageConverter.write(AbstractGenericHttpMessageConverter.java:104)
	at org.springframework.web.servlet.mvc.method.annotation.AbstractMessageConverterMethodProcessor.writeWithMessageConverters(AbstractMessageConverterMethodProcessor.java:287)
	at org.springframework.web.servlet.mvc.method.annotation.HttpEntityMethodProcessor.handleReturnValue(HttpEntityMethodProcessor.java:219)
	at org.springframework.web.method.support.HandlerMethodReturnValueHandlerComposite.handleReturnValue(HandlerMethodReturnValueHandlerComposite.java:82)
	at org.springframework.web.servlet.mvc.method.annotation.ServletInvocableHandlerMethod.invokeAndHandle(ServletInvocableHandlerMethod.java:123)
	at org.springframework.web.servlet.mvc.method.annotation.RequestMappingHandlerAdapter.invokeHandlerMethod(RequestMappingHandlerAdapter.java:879)
	at org.springframework.web.servlet.mvc.method.annotation.RequestMappingHandlerAdapter.handleInternal(RequestMappingHandlerAdapter.java:793)
	at org.springframework.web.servlet.mvc.method.AbstractHandlerMethodAdapter.handle(AbstractHandlerMethodAdapter.java:87)
	at org.springframework.web.servlet.DispatcherServlet.doDispatch(DispatcherServlet.java:1040)
	at org.springframework.web.servlet.DispatcherServlet.doService(DispatcherServlet.java:943)
	at org.springframework.web.servlet.FrameworkServlet.processRequest(FrameworkServlet.java:1006)
	at org.springframework.web.servlet.FrameworkServlet.doGet(FrameworkServlet.java:898)
	at javax.servlet.http.HttpServlet.service(HttpServlet.java:634)
	at org.springframework.web.servlet.FrameworkServlet.service(FrameworkServlet.java:883)
	at javax.servlet.http.HttpServlet.service(HttpServlet.java:741)
	at org.apache.catalina.core.ApplicationFilterChain.internalDoFilter(ApplicationFilterChain.java:231)
	at org.apache.catalina.core.ApplicationFilterChain.doFilter(ApplicationFilterChain.java:166)
	at org.apache.tomcat.websocket.server.WsFilter.doFilter(WsFilter.java:53)
	at org.apache.catalina.core.ApplicationFilterChain.internalDoFilter(ApplicationFilterChain.java:193)
	at org.apache.catalina.core.ApplicationFilterChain.doFilter(ApplicationFilterChain.java:166)
	at org.springframework.security.web.FilterChainProxy$VirtualFilterChain.doFilter(FilterChainProxy.java:320)
	at org.springframework.security.web.access.intercept.FilterSecurityInterceptor.invoke(FilterSecurityInterceptor.java:126)
	at org.springframework.security.web.access.intercept.FilterSecurityInterceptor.doFilter(FilterSecurityInterceptor.java:90)
	at org.springframework.security.web.FilterChainProxy$VirtualFilterChain.doFilter(FilterChainProxy.java:334)
	at org.springframework.security.web.access.ExceptionTranslationFilter.doFilter(ExceptionTranslationFilter.java:118)
	at org.springframework.security.web.FilterChainProxy$VirtualFilterChain.doFilter(FilterChainProxy.java:334)
	at org.springframework.security.web.session.SessionManagementFilter.doFilter(SessionManagementFilter.java:137)
	at org.springframework.security.web.FilterChainProxy$VirtualFilterChain.doFilter(FilterChainProxy.java:334)
	at org.springframework.security.web.authentication.AnonymousAuthenticationFilter.doFilter(AnonymousAuthenticationFilter.java:111)
	at org.springframework.security.web.FilterChainProxy$VirtualFilterChain.doFilter(FilterChainProxy.java:334)
	at org.springframework.security.web.servletapi.SecurityContextHolderAwareRequestFilter.doFilter(SecurityContextHolderAwareRequestFilter.java:158)
	at org.springframework.security.web.FilterChainProxy$VirtualFilterChain.doFilter(FilterChainProxy.java:334)
	at org.springframework.security.web.savedrequest.RequestCacheAwareFilter.doFilter(RequestCacheAwareFilter.java:63)
	at org.springframework.security.web.FilterChainProxy$VirtualFilterChain.doFilter(FilterChainProxy.java:334)
	at org.springframework.security.web.authentication.www.BasicAuthenticationFilter.doFilterInternal(BasicAuthenticationFilter.java:155)
	at org.springframework.web.filter.OncePerRequestFilter.doFilter(OncePerRequestFilter.java:119)
	at org.springframework.security.web.FilterChainProxy$VirtualFilterChain.doFilter(FilterChainProxy.java:334)
	at org.springframework.security.web.authentication.logout.LogoutFilter.doFilter(LogoutFilter.java:116)
	at org.springframework.security.web.FilterChainProxy$VirtualFilterChain.doFilter(FilterChainProxy.java:334)
	at org.springframework.web.filter.CorsFilter.doFilterInternal(CorsFilter.java:92)
	at org.springframework.web.filter.OncePerRequestFilter.doFilter(OncePerRequestFilter.java:119)
	at org.springframework.security.web.FilterChainProxy$VirtualFilterChain.doFilter(FilterChainProxy.java:334)
	at org.springframework.security.web.header.HeaderWriterFilter.doHeadersAfter(HeaderWriterFilter.java:92)
	at org.springframework.security.web.header.HeaderWriterFilter.doFilterInternal(HeaderWriterFilter.java:77)
	at org.springframework.web.filter.OncePerRequestFilter.doFilter(OncePerRequestFilter.java:119)
	at org.springframework.security.web.FilterChainProxy$VirtualFilterChain.doFilter(FilterChainProxy.java:334)
	at org.springframework.security.web.context.SecurityContextPersistenceFilter.doFilter(SecurityContextPersistenceFilter.java:105)
	at org.springframework.security.web.FilterChainProxy$VirtualFilterChain.doFilter(FilterChainProxy.java:334)
	at org.springframework.security.web.context.request.async.WebAsyncManagerIntegrationFilter.doFilterInternal(WebAsyncManagerIntegrationFilter.java:56)
	at org.springframework.web.filter.OncePerRequestFilter.doFilter(OncePerRequestFilter.java:119)
	at org.springframework.security.web.FilterChainProxy$VirtualFilterChain.doFilter(FilterChainProxy.java:334)
	at org.springframework.security.web.FilterChainProxy.doFilterInternal(FilterChainProxy.java:215)
	at org.springframework.security.web.FilterChainProxy.doFilter(FilterChainProxy.java:178)
	at org.springframework.web.filter.DelegatingFilterProxy.invokeDelegate(DelegatingFilterProxy.java:358)
	at org.springframework.web.filter.DelegatingFilterProxy.doFilter(DelegatingFilterProxy.java:271)
	at org.apache.catalina.core.ApplicationFilterChain.internalDoFilter(ApplicationFilterChain.java:193)
	at org.apache.catalina.core.ApplicationFilterChain.doFilter(ApplicationFilterChain.java:166)
	at org.springframework.web.filter.RequestContextFilter.doFilterInternal(RequestContextFilter.java:100)
	at org.springframework.web.filter.OncePerRequestFilter.doFilter(OncePerRequestFilter.java:119)
	at org.apache.catalina.core.ApplicationFilterChain.internalDoFilter(ApplicationFilterChain.java:193)
	at org.apache.catalina.core.ApplicationFilterChain.doFilter(ApplicationFilterChain.java:166)
	at org.springframework.web.filter.FormContentFilter.doFilterInternal(FormContentFilter.java:93)
	at org.springframework.web.filter.OncePerRequestFilter.doFilter(OncePerRequestFilter.java:119)
	at org.apache.catalina.core.ApplicationFilterChain.internalDoFilter(ApplicationFilterChain.java:193)
	at org.apache.catalina.core.ApplicationFilterChain.doFilter(ApplicationFilterChain.java:166)
	at org.springframework.boot.actuate.metrics.web.servlet.WebMvcMetricsFilter.doFilterInternal(WebMvcMetricsFilter.java:109)
	at org.springframework.web.filter.OncePerRequestFilter.doFilter(OncePerRequestFilter.java:119)
	at org.apache.catalina.core.ApplicationFilterChain.internalDoFilter(ApplicationFilterChain.java:193)
	at org.apache.catalina.core.ApplicationFilterChain.doFilter(ApplicationFilterChain.java:166)
	at org.springframework.web.filter.CharacterEncodingFilter.doFilterInternal(CharacterEncodingFilter.java:201)
	at org.springframework.web.filter.OncePerRequestFilter.doFilter(OncePerRequestFilter.java:119)
	at org.apache.catalina.core.ApplicationFilterChain.internalDoFilter(ApplicationFilterChain.java:193)
	at org.apache.catalina.core.ApplicationFilterChain.doFilter(ApplicationFilterChain.java:166)
	at org.apache.catalina.core.StandardWrapperValve.invoke(StandardWrapperValve.java:202)
	at org.apache.catalina.core.StandardContextValve.invoke(StandardContextValve.java:96)
	at org.apache.catalina.authenticator.AuthenticatorBase.invoke(AuthenticatorBase.java:541)
	at org.apache.catalina.core.StandardHostValve.invoke(StandardHostValve.java:139)
	at org.apache.catalina.valves.ErrorReportValve.invoke(ErrorReportValve.java:92)
	at org.apache.catalina.core.StandardEngineValve.invoke(StandardEngineValve.java:74)
	at org.apache.catalina.connector.CoyoteAdapter.service(CoyoteAdapter.java:343)
	at org.apache.coyote.http11.Http11Processor.service(Http11Processor.java:373)
	at org.apache.coyote.AbstractProcessorLight.process(AbstractProcessorLight.java:65)
	at org.apache.coyote.AbstractProtocol$ConnectionHandler.process(AbstractProtocol.java:868)
	at org.apache.tomcat.util.net.NioEndpoint$SocketProcessor.doRun(NioEndpoint.java:1594)
	at org.apache.tomcat.util.net.SocketProcessorBase.run(SocketProcessorBase.java:49)
	at java.base/java.util.concurrent.ThreadPoolExecutor.runWorker(ThreadPoolExecutor.java:1128)
	at java.base/java.util.concurrent.ThreadPoolExecutor$Worker.run(ThreadPoolExecutor.java:628)
	at org.apache.tomcat.util.threads.TaskThread$WrappingRunnable.run(TaskThread.java:61)
	at java.base/java.lang.Thread.run(Thread.java:834)
Caused by: java.io.IOException: Broken pipe
	at java.base/sun.nio.ch.FileDispatcherImpl.write0(Native Method)
	at java.base/sun.nio.ch.SocketDispatcher.write(SocketDispatcher.java:47)
	at java.base/sun.nio.ch.IOUtil.writeFromNativeBuffer(IOUtil.java:113)
	at java.base/sun.nio.ch.IOUtil.write(IOUtil.java:79)
	at java.base/sun.nio.ch.IOUtil.write(IOUtil.java:50)
	at java.base/sun.nio.ch.SocketChannelImpl.write(SocketChannelImpl.java:466)
	at org.apache.tomcat.util.net.NioChannel.write(NioChannel.java:138)
	at org.apache.tomcat.util.net.NioBlockingSelector.write(NioBlockingSelector.java:101)
	at org.apache.tomcat.util.net.NioSelectorPool.write(NioSelectorPool.java:152)
	at org.apache.tomcat.util.net.NioEndpoint$NioSocketWrapper.doWrite(NioEndpoint.java:1253)
	at org.apache.tomcat.util.net.SocketWrapperBase.doWrite(SocketWrapperBase.java:740)
	at org.apache.tomcat.util.net.SocketWrapperBase.writeBlocking(SocketWrapperBase.java:560)
	at org.apache.tomcat.util.net.SocketWrapperBase.write(SocketWrapperBase.java:504)
	at org.apache.coyote.http11.Http11OutputBuffer$SocketOutputBuffer.doWrite(Http11OutputBuffer.java:538)
	at org.apache.coyote.http11.filters.IdentityOutputFilter.doWrite(IdentityOutputFilter.java:73)
	at org.apache.coyote.http11.Http11OutputBuffer.doWrite(Http11OutputBuffer.java:190)
	at org.apache.coyote.Response.doWrite(Response.java:601)
	at org.apache.catalina.connector.OutputBuffer.realWriteBytes(OutputBuffer.java:339)
	... 99 common frames omitted
2020-05-23 21:45:42,183 WARN org.springframework.web.servlet.mvc.method.annotation.ExceptionHandlerExceptionResolver [http-nio-8080-exec-9] Failure in @ExceptionHandler com.surshree.app.exception.CustomResponseEntityExceptionHandler#handleAllException(Exception, WebRequest)
org.springframework.http.converter.HttpMessageNotWritableException: No converter for [class com.surshree.app.exception.ExceptionMessage] with preset Content-Type 'video/mp4'
	at org.springframework.web.servlet.mvc.method.annotation.AbstractMessageConverterMethodProcessor.writeWithMessageConverters(AbstractMessageConverterMethodProcessor.java:309)
	at org.springframework.web.servlet.mvc.method.annotation.HttpEntityMethodProcessor.handleReturnValue(HttpEntityMethodProcessor.java:219)
	at org.springframework.web.method.support.HandlerMethodReturnValueHandlerComposite.handleReturnValue(HandlerMethodReturnValueHandlerComposite.java:82)
	at org.springframework.web.servlet.mvc.method.annotation.ServletInvocableHandlerMethod.invokeAndHandle(ServletInvocableHandlerMethod.java:123)
	at org.springframework.web.servlet.mvc.method.annotation.ExceptionHandlerExceptionResolver.doResolveHandlerMethodException(ExceptionHandlerExceptionResolver.java:403)
	at org.springframework.web.servlet.handler.AbstractHandlerMethodExceptionResolver.doResolveException(AbstractHandlerMethodExceptionResolver.java:61)
	at org.springframework.web.servlet.handler.AbstractHandlerExceptionResolver.resolveException(AbstractHandlerExceptionResolver.java:141)
	at org.springframework.web.servlet.handler.HandlerExceptionResolverComposite.resolveException(HandlerExceptionResolverComposite.java:80)
	at org.springframework.web.servlet.DispatcherServlet.processHandlerException(DispatcherServlet.java:1300)
	at org.springframework.web.servlet.DispatcherServlet.processDispatchResult(DispatcherServlet.java:1111)
	at org.springframework.web.servlet.DispatcherServlet.doDispatch(DispatcherServlet.java:1057)
	at org.springframework.web.servlet.DispatcherServlet.doService(DispatcherServlet.java:943)
	at org.springframework.web.servlet.FrameworkServlet.processRequest(FrameworkServlet.java:1006)
	at org.springframework.web.servlet.FrameworkServlet.doGet(FrameworkServlet.java:898)
	at javax.servlet.http.HttpServlet.service(HttpServlet.java:634)
	at org.springframework.web.servlet.FrameworkServlet.service(FrameworkServlet.java:883)
	at javax.servlet.http.HttpServlet.service(HttpServlet.java:741)
	at org.apache.catalina.core.ApplicationFilterChain.internalDoFilter(ApplicationFilterChain.java:231)
	at org.apache.catalina.core.ApplicationFilterChain.doFilter(ApplicationFilterChain.java:166)
	at org.apache.tomcat.websocket.server.WsFilter.doFilter(WsFilter.java:53)
	at org.apache.catalina.core.ApplicationFilterChain.internalDoFilter(ApplicationFilterChain.java:193)
	at org.apache.catalina.core.ApplicationFilterChain.doFilter(ApplicationFilterChain.java:166)
	at org.springframework.security.web.FilterChainProxy$VirtualFilterChain.doFilter(FilterChainProxy.java:320)
	at org.springframework.security.web.access.intercept.FilterSecurityInterceptor.invoke(FilterSecurityInterceptor.java:126)
	at org.springframework.security.web.access.intercept.FilterSecurityInterceptor.doFilter(FilterSecurityInterceptor.java:90)
	at org.springframework.security.web.FilterChainProxy$VirtualFilterChain.doFilter(FilterChainProxy.java:334)
	at org.springframework.security.web.access.ExceptionTranslationFilter.doFilter(ExceptionTranslationFilter.java:118)
	at org.springframework.security.web.FilterChainProxy$VirtualFilterChain.doFilter(FilterChainProxy.java:334)
	at org.springframework.security.web.session.SessionManagementFilter.doFilter(SessionManagementFilter.java:137)
	at org.springframework.security.web.FilterChainProxy$VirtualFilterChain.doFilter(FilterChainProxy.java:334)
	at org.springframework.security.web.authentication.AnonymousAuthenticationFilter.doFilter(AnonymousAuthenticationFilter.java:111)
	at org.springframework.security.web.FilterChainProxy$VirtualFilterChain.doFilter(FilterChainProxy.java:334)
	at org.springframework.security.web.servletapi.SecurityContextHolderAwareRequestFilter.doFilter(SecurityContextHolderAwareRequestFilter.java:158)
	at org.springframework.security.web.FilterChainProxy$VirtualFilterChain.doFilter(FilterChainProxy.java:334)
	at org.springframework.security.web.savedrequest.RequestCacheAwareFilter.doFilter(RequestCacheAwareFilter.java:63)
	at org.springframework.security.web.FilterChainProxy$VirtualFilterChain.doFilter(FilterChainProxy.java:334)
	at org.springframework.security.web.authentication.www.BasicAuthenticationFilter.doFilterInternal(BasicAuthenticationFilter.java:155)
	at org.springframework.web.filter.OncePerRequestFilter.doFilter(OncePerRequestFilter.java:119)
	at org.springframework.security.web.FilterChainProxy$VirtualFilterChain.doFilter(FilterChainProxy.java:334)
	at org.springframework.security.web.authentication.logout.LogoutFilter.doFilter(LogoutFilter.java:116)
	at org.springframework.security.web.FilterChainProxy$VirtualFilterChain.doFilter(FilterChainProxy.java:334)
	at org.springframework.web.filter.CorsFilter.doFilterInternal(CorsFilter.java:92)
	at org.springframework.web.filter.OncePerRequestFilter.doFilter(OncePerRequestFilter.java:119)
	at org.springframework.security.web.FilterChainProxy$VirtualFilterChain.doFilter(FilterChainProxy.java:334)
	at org.springframework.security.web.header.HeaderWriterFilter.doHeadersAfter(HeaderWriterFilter.java:92)
	at org.springframework.security.web.header.HeaderWriterFilter.doFilterInternal(HeaderWriterFilter.java:77)
	at org.springframework.web.filter.OncePerRequestFilter.doFilter(OncePerRequestFilter.java:119)
	at org.springframework.security.web.FilterChainProxy$VirtualFilterChain.doFilter(FilterChainProxy.java:334)
	at org.springframework.security.web.context.SecurityContextPersistenceFilter.doFilter(SecurityContextPersistenceFilter.java:105)
	at org.springframework.security.web.FilterChainProxy$VirtualFilterChain.doFilter(FilterChainProxy.java:334)
	at org.springframework.security.web.context.request.async.WebAsyncManagerIntegrationFilter.doFilterInternal(WebAsyncManagerIntegrationFilter.java:56)
	at org.springframework.web.filter.OncePerRequestFilter.doFilter(OncePerRequestFilter.java:119)
	at org.springframework.security.web.FilterChainProxy$VirtualFilterChain.doFilter(FilterChainProxy.java:334)
	at org.springframework.security.web.FilterChainProxy.doFilterInternal(FilterChainProxy.java:215)
	at org.springframework.security.web.FilterChainProxy.doFilter(FilterChainProxy.java:178)
	at org.springframework.web.filter.DelegatingFilterProxy.invokeDelegate(DelegatingFilterProxy.java:358)
	at org.springframework.web.filter.DelegatingFilterProxy.doFilter(DelegatingFilterProxy.java:271)
	at org.apache.catalina.core.ApplicationFilterChain.internalDoFilter(ApplicationFilterChain.java:193)
	at org.apache.catalina.core.ApplicationFilterChain.doFilter(ApplicationFilterChain.java:166)
	at org.springframework.web.filter.RequestContextFilter.doFilterInternal(RequestContextFilter.java:100)
	at org.springframework.web.filter.OncePerRequestFilter.doFilter(OncePerRequestFilter.java:119)
	at org.apache.catalina.core.ApplicationFilterChain.internalDoFilter(ApplicationFilterChain.java:193)
	at org.apache.catalina.core.ApplicationFilterChain.doFilter(ApplicationFilterChain.java:166)
	at org.springframework.web.filter.FormContentFilter.doFilterInternal(FormContentFilter.java:93)
	at org.springframework.web.filter.OncePerRequestFilter.doFilter(OncePerRequestFilter.java:119)
	at org.apache.catalina.core.ApplicationFilterChain.internalDoFilter(ApplicationFilterChain.java:193)
	at org.apache.catalina.core.ApplicationFilterChain.doFilter(ApplicationFilterChain.java:166)
	at org.springframework.boot.actuate.metrics.web.servlet.WebMvcMetricsFilter.doFilterInternal(WebMvcMetricsFilter.java:109)
	at org.springframework.web.filter.OncePerRequestFilter.doFilter(OncePerRequestFilter.java:119)
	at org.apache.catalina.core.ApplicationFilterChain.internalDoFilter(ApplicationFilterChain.java:193)
	at org.apache.catalina.core.ApplicationFilterChain.doFilter(ApplicationFilterChain.java:166)
	at org.springframework.web.filter.CharacterEncodingFilter.doFilterInternal(CharacterEncodingFilter.java:201)
	at org.springframework.web.filter.OncePerRequestFilter.doFilter(OncePerRequestFilter.java:119)
	at org.apache.catalina.core.ApplicationFilterChain.internalDoFilter(ApplicationFilterChain.java:193)
	at org.apache.catalina.core.ApplicationFilterChain.doFilter(ApplicationFilterChain.java:166)
	at org.apache.catalina.core.StandardWrapperValve.invoke(StandardWrapperValve.java:202)
	at org.apache.catalina.core.StandardContextValve.invoke(StandardContextValve.java:96)
	at org.apache.catalina.authenticator.AuthenticatorBase.invoke(AuthenticatorBase.java:541)
	at org.apache.catalina.core.StandardHostValve.invoke(StandardHostValve.java:139)
	at org.apache.catalina.valves.ErrorReportValve.invoke(ErrorReportValve.java:92)
	at org.apache.catalina.core.StandardEngineValve.invoke(StandardEngineValve.java:74)
	at org.apache.catalina.connector.CoyoteAdapter.service(CoyoteAdapter.java:343)
	at org.apache.coyote.http11.Http11Processor.service(Http11Processor.java:373)
	at org.apache.coyote.AbstractProcessorLight.process(AbstractProcessorLight.java:65)
	at org.apache.coyote.AbstractProtocol$ConnectionHandler.process(AbstractProtocol.java:868)
	at org.apache.tomcat.util.net.NioEndpoint$SocketProcessor.doRun(NioEndpoint.java:1594)
	at org.apache.tomcat.util.net.SocketProcessorBase.run(SocketProcessorBase.java:49)
	at java.base/java.util.concurrent.ThreadPoolExecutor.runWorker(ThreadPoolExecutor.java:1128)
	at java.base/java.util.concurrent.ThreadPoolExecutor$Worker.run(ThreadPoolExecutor.java:628)
	at org.apache.tomcat.util.threads.TaskThread$WrappingRunnable.run(TaskThread.java:61)
	at java.base/java.lang.Thread.run(Thread.java:834)
2020-05-23 21:47:33,252 INFO com.surshree.app.scheduling.CacheScheduler [scheduling-1] Clear user cache : START
2020-05-23 21:47:33,264 INFO com.surshree.app.scheduling.CacheScheduler [scheduling-1] Clear user cache : END
2020-05-23 21:57:33,293 INFO com.surshree.app.scheduling.CacheScheduler [scheduling-1] Clear user cache : START
2020-05-23 21:57:33,308 INFO com.surshree.app.scheduling.CacheScheduler [scheduling-1] Clear user cache : END
2020-05-23 22:04:35,091 INFO com.surshree.app.services.CustomUserDetailsService [http-nio-8080-exec-10] Granted Authorities --> ROLE_ADMN
2020-05-23 22:04:35,100 INFO com.surshree.app.services.CustomUserDetailsService [http-nio-8080-exec-10] Granted Authorities --> ROLE_CONT
2020-05-23 22:04:35,101 INFO com.surshree.app.services.CustomUserDetailsService [http-nio-8080-exec-10] Granted Authorities --> FUNC_VIEW_ADMIN_MENU
2020-05-23 22:04:35,104 INFO com.surshree.app.services.CustomUserDetailsService [http-nio-8080-exec-10] Granted Authorities --> FUNC_CONT_MENU
2020-05-23 22:04:35,108 INFO com.surshree.app.services.CustomUserDetailsService [http-nio-8080-exec-10] Granted Authorities --> FUNC_CONT_MENU
2020-05-23 22:04:35,803 INFO com.surshree.app.services.CustomUserDetailsService [http-nio-8080-exec-4] Granted Authorities --> ROLE_ADMN
2020-05-23 22:04:35,805 INFO com.surshree.app.services.CustomUserDetailsService [http-nio-8080-exec-4] Granted Authorities --> ROLE_CONT
2020-05-23 22:04:35,807 INFO com.surshree.app.services.CustomUserDetailsService [http-nio-8080-exec-4] Granted Authorities --> FUNC_VIEW_ADMIN_MENU
2020-05-23 22:04:35,808 INFO com.surshree.app.services.CustomUserDetailsService [http-nio-8080-exec-4] Granted Authorities --> FUNC_CONT_MENU
2020-05-23 22:04:35,810 INFO com.surshree.app.services.CustomUserDetailsService [http-nio-8080-exec-4] Granted Authorities --> FUNC_CONT_MENU
2020-05-23 22:52:00,627 WARN com.zaxxer.hikari.pool.HikariPool$HouseKeeper [HikariPool-1 housekeeper] HikariPool-1 - Thread starvation or clock leap detected (housekeeper delta=47m32s796ms).
