2020-05-22 09:38:33,389 WARN com.zaxxer.hikari.pool.HikariPool$HouseKeeper [HikariPool-1 housekeeper] HikariPool-1 - Thread starvation or clock leap detected (housekeeper delta=11h18m53s789ms).
2020-05-22 10:11:55,897 WARN com.zaxxer.hikari.pool.HikariPool$HouseKeeper [HikariPool-1 housekeeper] HikariPool-1 - Thread starvation or clock leap detected (housekeeper delta=33m22s772ms).
2020-05-22 10:12:43,150 INFO org.springframework.security.oauth2.provider.endpoint.CheckTokenEndpoint [http-nio-8080-exec-6] Handling error: InvalidTokenException, Token has expired
2020-05-22 10:12:44,056 INFO com.surshree.app.services.CustomUserDetailsService [http-nio-8080-exec-7] Granted Authorities --> ROLE_CONT
2020-05-22 10:12:44,057 INFO com.surshree.app.services.CustomUserDetailsService [http-nio-8080-exec-7] Granted Authorities --> ROLE_ADMN
2020-05-22 10:12:44,059 INFO com.surshree.app.services.CustomUserDetailsService [http-nio-8080-exec-7] Granted Authorities --> FUNC_CONT_MENU
2020-05-22 10:12:44,060 INFO com.surshree.app.services.CustomUserDetailsService [http-nio-8080-exec-7] Granted Authorities --> FUNC_CONT_MENU
2020-05-22 10:12:44,060 INFO com.surshree.app.services.CustomUserDetailsService [http-nio-8080-exec-7] Granted Authorities --> FUNC_VIEW_ADMIN_MENU
2020-05-22 10:12:44,235 WARN org.springframework.security.oauth2.provider.endpoint.TokenEndpoint [http-nio-8080-exec-7] Handling error: InvalidTokenException, Invalid refresh token (expired): 09fa27db-8f1d-4588-aedf-6fa4b134f6b3
2020-05-22 10:12:44,237 WARN org.springframework.web.servlet.mvc.method.annotation.ExceptionHandlerExceptionResolver [http-nio-8080-exec-7] Failure in @ExceptionHandler org.springframework.security.oauth2.provider.endpoint.TokenEndpoint#handleException(OAuth2Exception)
org.springframework.web.HttpMediaTypeNotAcceptableException: Could not find acceptable representation
	at org.springframework.web.servlet.mvc.method.annotation.AbstractMessageConverterMethodProcessor.writeWithMessageConverters(AbstractMessageConverterMethodProcessor.java:243)
	at org.springframework.web.servlet.mvc.method.annotation.HttpEntityMethodProcessor.handleReturnValue(HttpEntityMethodProcessor.java:219)
	at org.springframework.web.method.support.HandlerMethodReturnValueHandlerComposite.handleReturnValue(HandlerMethodReturnValueHandlerComposite.java:82)
	at org.springframework.web.servlet.mvc.method.annotation.ServletInvocableHandlerMethod.invokeAndHandle(ServletInvocableHandlerMethod.java:123)
	at org.springframework.web.servlet.mvc.method.annotation.ExceptionHandlerExceptionResolver.doResolveHandlerMethodException(ExceptionHandlerExceptionResolver.java:407)
	at org.springframework.web.servlet.handler.AbstractHandlerMethodExceptionResolver.doResolveException(AbstractHandlerMethodExceptionResolver.java:61)
	at org.springframework.web.servlet.handler.AbstractHandlerExceptionResolver.resolveException(AbstractHandlerExceptionResolver.java:141)
	at org.springframework.web.servlet.handler.HandlerExceptionResolverComposite.resolveException(HandlerExceptionResolverComposite.java:80)
	at org.springframework.web.servlet.DispatcherServlet.processHandlerException(DispatcherServlet.java:1300)
	at org.springframework.web.servlet.DispatcherServlet.processDispatchResult(DispatcherServlet.java:1111)
	at org.springframework.web.servlet.DispatcherServlet.doDispatch(DispatcherServlet.java:1057)
	at org.springframework.web.servlet.DispatcherServlet.doService(DispatcherServlet.java:943)
	at org.springframework.web.servlet.FrameworkServlet.processRequest(FrameworkServlet.java:1006)
	at org.springframework.web.servlet.FrameworkServlet.doPost(FrameworkServlet.java:909)
	at javax.servlet.http.HttpServlet.service(HttpServlet.java:660)
	at org.springframework.web.servlet.FrameworkServlet.service(FrameworkServlet.java:883)
	at javax.servlet.http.HttpServlet.service(HttpServlet.java:741)
	at org.apache.catalina.core.ApplicationFilterChain.internalDoFilter(ApplicationFilterChain.java:231)
	at org.apache.catalina.core.ApplicationFilterChain.doFilter(ApplicationFilterChain.java:166)
	at org.apache.tomcat.websocket.server.WsFilter.doFilter(WsFilter.java:53)
	at org.apache.catalina.core.ApplicationFilterChain.internalDoFilter(ApplicationFilterChain.java:193)
	at org.apache.catalina.core.ApplicationFilterChain.doFilter(ApplicationFilterChain.java:166)
	at org.springframework.security.web.FilterChainProxy$VirtualFilterChain.doFilter(FilterChainProxy.java:320)
	at org.springframework.security.web.access.intercept.FilterSecurityInterceptor.invoke(FilterSecurityInterceptor.java:126)
	at org.springframework.security.web.access.intercept.FilterSecurityInterceptor.doFilter(FilterSecurityInterceptor.java:90)
	at org.springframework.security.web.FilterChainProxy$VirtualFilterChain.doFilter(FilterChainProxy.java:334)
	at org.springframework.security.web.access.ExceptionTranslationFilter.doFilter(ExceptionTranslationFilter.java:118)
	at org.springframework.security.web.FilterChainProxy$VirtualFilterChain.doFilter(FilterChainProxy.java:334)
	at org.springframework.security.web.session.SessionManagementFilter.doFilter(SessionManagementFilter.java:137)
	at org.springframework.security.web.FilterChainProxy$VirtualFilterChain.doFilter(FilterChainProxy.java:334)
	at org.springframework.security.web.authentication.AnonymousAuthenticationFilter.doFilter(AnonymousAuthenticationFilter.java:111)
	at org.springframework.security.web.FilterChainProxy$VirtualFilterChain.doFilter(FilterChainProxy.java:334)
	at org.springframework.security.web.servletapi.SecurityContextHolderAwareRequestFilter.doFilter(SecurityContextHolderAwareRequestFilter.java:158)
	at org.springframework.security.web.FilterChainProxy$VirtualFilterChain.doFilter(FilterChainProxy.java:334)
	at org.springframework.security.web.savedrequest.RequestCacheAwareFilter.doFilter(RequestCacheAwareFilter.java:63)
	at org.springframework.security.web.FilterChainProxy$VirtualFilterChain.doFilter(FilterChainProxy.java:334)
	at org.springframework.security.web.authentication.www.BasicAuthenticationFilter.doFilterInternal(BasicAuthenticationFilter.java:204)
	at org.springframework.web.filter.OncePerRequestFilter.doFilter(OncePerRequestFilter.java:119)
	at org.springframework.security.web.FilterChainProxy$VirtualFilterChain.doFilter(FilterChainProxy.java:334)
	at org.springframework.web.filter.CorsFilter.doFilterInternal(CorsFilter.java:92)
	at org.springframework.web.filter.OncePerRequestFilter.doFilter(OncePerRequestFilter.java:119)
	at org.springframework.security.web.FilterChainProxy$VirtualFilterChain.doFilter(FilterChainProxy.java:334)
	at org.springframework.security.web.authentication.logout.LogoutFilter.doFilter(LogoutFilter.java:116)
	at org.springframework.security.web.FilterChainProxy$VirtualFilterChain.doFilter(FilterChainProxy.java:334)
	at org.springframework.security.web.header.HeaderWriterFilter.doHeadersAfter(HeaderWriterFilter.java:92)
	at org.springframework.security.web.header.HeaderWriterFilter.doFilterInternal(HeaderWriterFilter.java:77)
	at org.springframework.web.filter.OncePerRequestFilter.doFilter(OncePerRequestFilter.java:119)
	at org.springframework.security.web.FilterChainProxy$VirtualFilterChain.doFilter(FilterChainProxy.java:334)
	at org.springframework.security.web.context.SecurityContextPersistenceFilter.doFilter(SecurityContextPersistenceFilter.java:105)
	at org.springframework.security.web.FilterChainProxy$VirtualFilterChain.doFilter(FilterChainProxy.java:334)
	at org.springframework.security.web.context.request.async.WebAsyncManagerIntegrationFilter.doFilterInternal(WebAsyncManagerIntegrationFilter.java:56)
	at org.springframework.web.filter.OncePerRequestFilter.doFilter(OncePerRequestFilter.java:119)
	at org.springframework.security.web.FilterChainProxy$VirtualFilterChain.doFilter(FilterChainProxy.java:334)
	at org.springframework.security.web.FilterChainProxy.doFilterInternal(FilterChainProxy.java:215)
	at org.springframework.security.web.FilterChainProxy.doFilter(FilterChainProxy.java:178)
	at org.springframework.web.filter.DelegatingFilterProxy.invokeDelegate(DelegatingFilterProxy.java:358)
	at org.springframework.web.filter.DelegatingFilterProxy.doFilter(DelegatingFilterProxy.java:271)
	at org.apache.catalina.core.ApplicationFilterChain.internalDoFilter(ApplicationFilterChain.java:193)
	at org.apache.catalina.core.ApplicationFilterChain.doFilter(ApplicationFilterChain.java:166)
	at org.springframework.web.filter.RequestContextFilter.doFilterInternal(RequestContextFilter.java:100)
	at org.springframework.web.filter.OncePerRequestFilter.doFilter(OncePerRequestFilter.java:119)
	at org.apache.catalina.core.ApplicationFilterChain.internalDoFilter(ApplicationFilterChain.java:193)
	at org.apache.catalina.core.ApplicationFilterChain.doFilter(ApplicationFilterChain.java:166)
	at org.springframework.web.filter.FormContentFilter.doFilterInternal(FormContentFilter.java:93)
	at org.springframework.web.filter.OncePerRequestFilter.doFilter(OncePerRequestFilter.java:119)
	at org.apache.catalina.core.ApplicationFilterChain.internalDoFilter(ApplicationFilterChain.java:193)
	at org.apache.catalina.core.ApplicationFilterChain.doFilter(ApplicationFilterChain.java:166)
	at org.springframework.boot.actuate.metrics.web.servlet.WebMvcMetricsFilter.doFilterInternal(WebMvcMetricsFilter.java:109)
	at org.springframework.web.filter.OncePerRequestFilter.doFilter(OncePerRequestFilter.java:119)
	at org.apache.catalina.core.ApplicationFilterChain.internalDoFilter(ApplicationFilterChain.java:193)
	at org.apache.catalina.core.ApplicationFilterChain.doFilter(ApplicationFilterChain.java:166)
	at org.springframework.web.filter.CharacterEncodingFilter.doFilterInternal(CharacterEncodingFilter.java:201)
	at org.springframework.web.filter.OncePerRequestFilter.doFilter(OncePerRequestFilter.java:119)
	at org.apache.catalina.core.ApplicationFilterChain.internalDoFilter(ApplicationFilterChain.java:193)
	at org.apache.catalina.core.ApplicationFilterChain.doFilter(ApplicationFilterChain.java:166)
	at org.apache.catalina.core.StandardWrapperValve.invoke(StandardWrapperValve.java:202)
	at org.apache.catalina.core.StandardContextValve.invoke(StandardContextValve.java:96)
	at org.apache.catalina.authenticator.AuthenticatorBase.invoke(AuthenticatorBase.java:541)
	at org.apache.catalina.core.StandardHostValve.invoke(StandardHostValve.java:139)
	at org.apache.catalina.valves.ErrorReportValve.invoke(ErrorReportValve.java:92)
	at org.apache.catalina.core.StandardEngineValve.invoke(StandardEngineValve.java:74)
	at org.apache.catalina.connector.CoyoteAdapter.service(CoyoteAdapter.java:343)
	at org.apache.coyote.http11.Http11Processor.service(Http11Processor.java:373)
	at org.apache.coyote.AbstractProcessorLight.process(AbstractProcessorLight.java:65)
	at org.apache.coyote.AbstractProtocol$ConnectionHandler.process(AbstractProtocol.java:868)
	at org.apache.tomcat.util.net.NioEndpoint$SocketProcessor.doRun(NioEndpoint.java:1594)
	at org.apache.tomcat.util.net.SocketProcessorBase.run(SocketProcessorBase.java:49)
	at java.base/java.util.concurrent.ThreadPoolExecutor.runWorker(ThreadPoolExecutor.java:1128)
	at java.base/java.util.concurrent.ThreadPoolExecutor$Worker.run(ThreadPoolExecutor.java:628)
	at org.apache.tomcat.util.threads.TaskThread$WrappingRunnable.run(TaskThread.java:61)
	at java.base/java.lang.Thread.run(Thread.java:834)
2020-05-22 10:12:44,242 ERROR org.apache.juli.logging.DirectJDKLog [http-nio-8080-exec-7] Servlet.service() for servlet [dispatcherServlet] in context with path [] threw exception [Request processing failed; nested exception is error="invalid_token", error_description="Invalid refresh token (expired): 09fa27db-8f1d-4588-aedf-6fa4b134f6b3"] with root cause
org.springframework.security.oauth2.common.exceptions.InvalidTokenException: Invalid refresh token (expired): 09fa27db-8f1d-4588-aedf-6fa4b134f6b3
	at org.springframework.security.oauth2.provider.token.DefaultTokenServices.refreshAccessToken(DefaultTokenServices.java:166)
	at org.springframework.security.oauth2.provider.refresh.RefreshTokenGranter.getAccessToken(RefreshTokenGranter.java:47)
	at org.springframework.security.oauth2.provider.token.AbstractTokenGranter.grant(AbstractTokenGranter.java:67)
	at org.springframework.security.oauth2.provider.CompositeTokenGranter.grant(CompositeTokenGranter.java:38)
	at org.springframework.security.oauth2.config.annotation.web.configurers.AuthorizationServerEndpointsConfigurer$4.grant(AuthorizationServerEndpointsConfigurer.java:583)
	at org.springframework.security.oauth2.provider.endpoint.TokenEndpoint.postAccessToken(TokenEndpoint.java:132)
	at java.base/jdk.internal.reflect.NativeMethodAccessorImpl.invoke0(Native Method)
	at java.base/jdk.internal.reflect.NativeMethodAccessorImpl.invoke(NativeMethodAccessorImpl.java:62)
	at java.base/jdk.internal.reflect.DelegatingMethodAccessorImpl.invoke(DelegatingMethodAccessorImpl.java:43)
	at java.base/java.lang.reflect.Method.invoke(Method.java:566)
	at org.springframework.web.method.support.InvocableHandlerMethod.doInvoke(InvocableHandlerMethod.java:190)
	at org.springframework.web.method.support.InvocableHandlerMethod.invokeForRequest(InvocableHandlerMethod.java:138)
	at org.springframework.web.servlet.mvc.method.annotation.ServletInvocableHandlerMethod.invokeAndHandle(ServletInvocableHandlerMethod.java:105)
	at org.springframework.web.servlet.mvc.method.annotation.RequestMappingHandlerAdapter.invokeHandlerMethod(RequestMappingHandlerAdapter.java:879)
	at org.springframework.web.servlet.mvc.method.annotation.RequestMappingHandlerAdapter.handleInternal(RequestMappingHandlerAdapter.java:793)
	at org.springframework.web.servlet.mvc.method.AbstractHandlerMethodAdapter.handle(AbstractHandlerMethodAdapter.java:87)
	at org.springframework.web.servlet.DispatcherServlet.doDispatch(DispatcherServlet.java:1040)
	at org.springframework.web.servlet.DispatcherServlet.doService(DispatcherServlet.java:943)
	at org.springframework.web.servlet.FrameworkServlet.processRequest(FrameworkServlet.java:1006)
	at org.springframework.web.servlet.FrameworkServlet.doPost(FrameworkServlet.java:909)
	at javax.servlet.http.HttpServlet.service(HttpServlet.java:660)
	at org.springframework.web.servlet.FrameworkServlet.service(FrameworkServlet.java:883)
	at javax.servlet.http.HttpServlet.service(HttpServlet.java:741)
	at org.apache.catalina.core.ApplicationFilterChain.internalDoFilter(ApplicationFilterChain.java:231)
	at org.apache.catalina.core.ApplicationFilterChain.doFilter(ApplicationFilterChain.java:166)
	at org.apache.tomcat.websocket.server.WsFilter.doFilter(WsFilter.java:53)
	at org.apache.catalina.core.ApplicationFilterChain.internalDoFilter(ApplicationFilterChain.java:193)
	at org.apache.catalina.core.ApplicationFilterChain.doFilter(ApplicationFilterChain.java:166)
	at org.springframework.security.web.FilterChainProxy$VirtualFilterChain.doFilter(FilterChainProxy.java:320)
	at org.springframework.security.web.access.intercept.FilterSecurityInterceptor.invoke(FilterSecurityInterceptor.java:126)
	at org.springframework.security.web.access.intercept.FilterSecurityInterceptor.doFilter(FilterSecurityInterceptor.java:90)
	at org.springframework.security.web.FilterChainProxy$VirtualFilterChain.doFilter(FilterChainProxy.java:334)
	at org.springframework.security.web.access.ExceptionTranslationFilter.doFilter(ExceptionTranslationFilter.java:118)
	at org.springframework.security.web.FilterChainProxy$VirtualFilterChain.doFilter(FilterChainProxy.java:334)
	at org.springframework.security.web.session.SessionManagementFilter.doFilter(SessionManagementFilter.java:137)
	at org.springframework.security.web.FilterChainProxy$VirtualFilterChain.doFilter(FilterChainProxy.java:334)
	at org.springframework.security.web.authentication.AnonymousAuthenticationFilter.doFilter(AnonymousAuthenticationFilter.java:111)
	at org.springframework.security.web.FilterChainProxy$VirtualFilterChain.doFilter(FilterChainProxy.java:334)
	at org.springframework.security.web.servletapi.SecurityContextHolderAwareRequestFilter.doFilter(SecurityContextHolderAwareRequestFilter.java:158)
	at org.springframework.security.web.FilterChainProxy$VirtualFilterChain.doFilter(FilterChainProxy.java:334)
	at org.springframework.security.web.savedrequest.RequestCacheAwareFilter.doFilter(RequestCacheAwareFilter.java:63)
	at org.springframework.security.web.FilterChainProxy$VirtualFilterChain.doFilter(FilterChainProxy.java:334)
	at org.springframework.security.web.authentication.www.BasicAuthenticationFilter.doFilterInternal(BasicAuthenticationFilter.java:204)
	at org.springframework.web.filter.OncePerRequestFilter.doFilter(OncePerRequestFilter.java:119)
	at org.springframework.security.web.FilterChainProxy$VirtualFilterChain.doFilter(FilterChainProxy.java:334)
	at org.springframework.web.filter.CorsFilter.doFilterInternal(CorsFilter.java:92)
	at org.springframework.web.filter.OncePerRequestFilter.doFilter(OncePerRequestFilter.java:119)
	at org.springframework.security.web.FilterChainProxy$VirtualFilterChain.doFilter(FilterChainProxy.java:334)
	at org.springframework.security.web.authentication.logout.LogoutFilter.doFilter(LogoutFilter.java:116)
	at org.springframework.security.web.FilterChainProxy$VirtualFilterChain.doFilter(FilterChainProxy.java:334)
	at org.springframework.security.web.header.HeaderWriterFilter.doHeadersAfter(HeaderWriterFilter.java:92)
	at org.springframework.security.web.header.HeaderWriterFilter.doFilterInternal(HeaderWriterFilter.java:77)
	at org.springframework.web.filter.OncePerRequestFilter.doFilter(OncePerRequestFilter.java:119)
	at org.springframework.security.web.FilterChainProxy$VirtualFilterChain.doFilter(FilterChainProxy.java:334)
	at org.springframework.security.web.context.SecurityContextPersistenceFilter.doFilter(SecurityContextPersistenceFilter.java:105)
	at org.springframework.security.web.FilterChainProxy$VirtualFilterChain.doFilter(FilterChainProxy.java:334)
	at org.springframework.security.web.context.request.async.WebAsyncManagerIntegrationFilter.doFilterInternal(WebAsyncManagerIntegrationFilter.java:56)
	at org.springframework.web.filter.OncePerRequestFilter.doFilter(OncePerRequestFilter.java:119)
	at org.springframework.security.web.FilterChainProxy$VirtualFilterChain.doFilter(FilterChainProxy.java:334)
	at org.springframework.security.web.FilterChainProxy.doFilterInternal(FilterChainProxy.java:215)
	at org.springframework.security.web.FilterChainProxy.doFilter(FilterChainProxy.java:178)
	at org.springframework.web.filter.DelegatingFilterProxy.invokeDelegate(DelegatingFilterProxy.java:358)
	at org.springframework.web.filter.DelegatingFilterProxy.doFilter(DelegatingFilterProxy.java:271)
	at org.apache.catalina.core.ApplicationFilterChain.internalDoFilter(ApplicationFilterChain.java:193)
	at org.apache.catalina.core.ApplicationFilterChain.doFilter(ApplicationFilterChain.java:166)
	at org.springframework.web.filter.RequestContextFilter.doFilterInternal(RequestContextFilter.java:100)
	at org.springframework.web.filter.OncePerRequestFilter.doFilter(OncePerRequestFilter.java:119)
	at org.apache.catalina.core.ApplicationFilterChain.internalDoFilter(ApplicationFilterChain.java:193)
	at org.apache.catalina.core.ApplicationFilterChain.doFilter(ApplicationFilterChain.java:166)
	at org.springframework.web.filter.FormContentFilter.doFilterInternal(FormContentFilter.java:93)
	at org.springframework.web.filter.OncePerRequestFilter.doFilter(OncePerRequestFilter.java:119)
	at org.apache.catalina.core.ApplicationFilterChain.internalDoFilter(ApplicationFilterChain.java:193)
	at org.apache.catalina.core.ApplicationFilterChain.doFilter(ApplicationFilterChain.java:166)
	at org.springframework.boot.actuate.metrics.web.servlet.WebMvcMetricsFilter.doFilterInternal(WebMvcMetricsFilter.java:109)
	at org.springframework.web.filter.OncePerRequestFilter.doFilter(OncePerRequestFilter.java:119)
	at org.apache.catalina.core.ApplicationFilterChain.internalDoFilter(ApplicationFilterChain.java:193)
	at org.apache.catalina.core.ApplicationFilterChain.doFilter(ApplicationFilterChain.java:166)
	at org.springframework.web.filter.CharacterEncodingFilter.doFilterInternal(CharacterEncodingFilter.java:201)
	at org.springframework.web.filter.OncePerRequestFilter.doFilter(OncePerRequestFilter.java:119)
	at org.apache.catalina.core.ApplicationFilterChain.internalDoFilter(ApplicationFilterChain.java:193)
	at org.apache.catalina.core.ApplicationFilterChain.doFilter(ApplicationFilterChain.java:166)
	at org.apache.catalina.core.StandardWrapperValve.invoke(StandardWrapperValve.java:202)
	at org.apache.catalina.core.StandardContextValve.invoke(StandardContextValve.java:96)
	at org.apache.catalina.authenticator.AuthenticatorBase.invoke(AuthenticatorBase.java:541)
	at org.apache.catalina.core.StandardHostValve.invoke(StandardHostValve.java:139)
	at org.apache.catalina.valves.ErrorReportValve.invoke(ErrorReportValve.java:92)
	at org.apache.catalina.core.StandardEngineValve.invoke(StandardEngineValve.java:74)
	at org.apache.catalina.connector.CoyoteAdapter.service(CoyoteAdapter.java:343)
	at org.apache.coyote.http11.Http11Processor.service(Http11Processor.java:373)
	at org.apache.coyote.AbstractProcessorLight.process(AbstractProcessorLight.java:65)
	at org.apache.coyote.AbstractProtocol$ConnectionHandler.process(AbstractProtocol.java:868)
	at org.apache.tomcat.util.net.NioEndpoint$SocketProcessor.doRun(NioEndpoint.java:1594)
	at org.apache.tomcat.util.net.SocketProcessorBase.run(SocketProcessorBase.java:49)
	at java.base/java.util.concurrent.ThreadPoolExecutor.runWorker(ThreadPoolExecutor.java:1128)
	at java.base/java.util.concurrent.ThreadPoolExecutor$Worker.run(ThreadPoolExecutor.java:628)
	at org.apache.tomcat.util.threads.TaskThread$WrappingRunnable.run(TaskThread.java:61)
	at java.base/java.lang.Thread.run(Thread.java:834)
2020-05-22 10:12:59,547 INFO com.surshree.app.services.CustomUserDetailsService [http-nio-8080-exec-8] Granted Authorities --> ROLE_CONT
2020-05-22 10:12:59,552 INFO com.surshree.app.services.CustomUserDetailsService [http-nio-8080-exec-8] Granted Authorities --> ROLE_ADMN
2020-05-22 10:12:59,553 INFO com.surshree.app.services.CustomUserDetailsService [http-nio-8080-exec-8] Granted Authorities --> FUNC_CONT_MENU
2020-05-22 10:12:59,553 INFO com.surshree.app.services.CustomUserDetailsService [http-nio-8080-exec-8] Granted Authorities --> FUNC_CONT_MENU
2020-05-22 10:12:59,554 INFO com.surshree.app.services.CustomUserDetailsService [http-nio-8080-exec-8] Granted Authorities --> FUNC_VIEW_ADMIN_MENU
2020-05-22 10:12:59,597 INFO org.springframework.security.oauth2.provider.token.store.JdbcTokenStore [http-nio-8080-exec-8] Failed to find access token for token e8dc8301-9ce2-480b-a342-07c7b7b5cc4e
2020-05-22 10:13:00,853 INFO com.surshree.app.services.CustomUserDetailsService [http-nio-8080-exec-1] Granted Authorities --> ROLE_CONT
2020-05-22 10:13:00,856 INFO com.surshree.app.services.CustomUserDetailsService [http-nio-8080-exec-1] Granted Authorities --> ROLE_ADMN
2020-05-22 10:13:00,857 INFO com.surshree.app.services.CustomUserDetailsService [http-nio-8080-exec-1] Granted Authorities --> FUNC_CONT_MENU
2020-05-22 10:13:00,862 INFO com.surshree.app.services.CustomUserDetailsService [http-nio-8080-exec-1] Granted Authorities --> FUNC_CONT_MENU
2020-05-22 10:13:00,865 INFO com.surshree.app.services.CustomUserDetailsService [http-nio-8080-exec-1] Granted Authorities --> FUNC_VIEW_ADMIN_MENU
2020-05-22 10:13:00,872 INFO com.surshree.app.services.CustomUserDetailsService [http-nio-8080-exec-3] Granted Authorities --> ROLE_CONT
2020-05-22 10:13:00,874 INFO com.surshree.app.services.CustomUserDetailsService [http-nio-8080-exec-3] Granted Authorities --> ROLE_ADMN
2020-05-22 10:13:00,876 INFO com.surshree.app.services.CustomUserDetailsService [http-nio-8080-exec-3] Granted Authorities --> FUNC_CONT_MENU
2020-05-22 10:13:00,876 INFO com.surshree.app.services.CustomUserDetailsService [http-nio-8080-exec-3] Granted Authorities --> FUNC_CONT_MENU
2020-05-22 10:13:00,877 INFO com.surshree.app.services.CustomUserDetailsService [http-nio-8080-exec-3] Granted Authorities --> FUNC_VIEW_ADMIN_MENU
2020-05-22 10:13:08,139 INFO com.surshree.app.services.CustomUserDetailsService [http-nio-8080-exec-4] Granted Authorities --> ROLE_CONT
2020-05-22 10:13:08,140 INFO com.surshree.app.services.CustomUserDetailsService [http-nio-8080-exec-4] Granted Authorities --> ROLE_ADMN
2020-05-22 10:13:08,140 INFO com.surshree.app.services.CustomUserDetailsService [http-nio-8080-exec-4] Granted Authorities --> FUNC_CONT_MENU
2020-05-22 10:13:08,141 INFO com.surshree.app.services.CustomUserDetailsService [http-nio-8080-exec-4] Granted Authorities --> FUNC_CONT_MENU
2020-05-22 10:13:08,142 INFO com.surshree.app.services.CustomUserDetailsService [http-nio-8080-exec-4] Granted Authorities --> FUNC_VIEW_ADMIN_MENU
2020-05-22 10:13:13,618 INFO com.surshree.app.services.CustomUserDetailsService [http-nio-8080-exec-8] Granted Authorities --> ROLE_CONT
2020-05-22 10:13:13,620 INFO com.surshree.app.services.CustomUserDetailsService [http-nio-8080-exec-8] Granted Authorities --> ROLE_ADMN
2020-05-22 10:13:13,622 INFO com.surshree.app.services.CustomUserDetailsService [http-nio-8080-exec-8] Granted Authorities --> FUNC_CONT_MENU
2020-05-22 10:13:13,623 INFO com.surshree.app.services.CustomUserDetailsService [http-nio-8080-exec-8] Granted Authorities --> FUNC_CONT_MENU
2020-05-22 10:13:13,624 INFO com.surshree.app.services.CustomUserDetailsService [http-nio-8080-exec-8] Granted Authorities --> FUNC_VIEW_ADMIN_MENU
2020-05-22 10:13:14,763 INFO com.surshree.app.services.CustomUserDetailsService [http-nio-8080-exec-9] Granted Authorities --> ROLE_CONT
2020-05-22 10:13:14,764 INFO com.surshree.app.services.CustomUserDetailsService [http-nio-8080-exec-9] Granted Authorities --> ROLE_ADMN
2020-05-22 10:13:14,765 INFO com.surshree.app.services.CustomUserDetailsService [http-nio-8080-exec-9] Granted Authorities --> FUNC_CONT_MENU
2020-05-22 10:13:14,765 INFO com.surshree.app.services.CustomUserDetailsService [http-nio-8080-exec-9] Granted Authorities --> FUNC_CONT_MENU
2020-05-22 10:13:14,766 INFO com.surshree.app.services.CustomUserDetailsService [http-nio-8080-exec-9] Granted Authorities --> FUNC_VIEW_ADMIN_MENU
2020-05-22 10:14:31,488 INFO com.surshree.app.controllers.FileController [http-nio-8080-exec-7] File download URL --> http://192.168.15.13:8080/file/12267128-6398-420a-8432-43b460694000
2020-05-22 10:14:34,054 ERROR com.surshree.app.exception.CustomResponseEntityExceptionHandler [http-nio-8080-exec-9] null
java.lang.NullPointerException: null
	at com.surshree.app.controllers.UserController.updateUserProfile(UserController.java:126)
	at java.base/jdk.internal.reflect.NativeMethodAccessorImpl.invoke0(Native Method)
	at java.base/jdk.internal.reflect.NativeMethodAccessorImpl.invoke(NativeMethodAccessorImpl.java:62)
	at java.base/jdk.internal.reflect.DelegatingMethodAccessorImpl.invoke(DelegatingMethodAccessorImpl.java:43)
	at java.base/java.lang.reflect.Method.invoke(Method.java:566)
	at org.springframework.web.method.support.InvocableHandlerMethod.doInvoke(InvocableHandlerMethod.java:190)
	at org.springframework.web.method.support.InvocableHandlerMethod.invokeForRequest(InvocableHandlerMethod.java:138)
	at org.springframework.web.servlet.mvc.method.annotation.ServletInvocableHandlerMethod.invokeAndHandle(ServletInvocableHandlerMethod.java:105)
	at org.springframework.web.servlet.mvc.method.annotation.RequestMappingHandlerAdapter.invokeHandlerMethod(RequestMappingHandlerAdapter.java:879)
	at org.springframework.web.servlet.mvc.method.annotation.RequestMappingHandlerAdapter.handleInternal(RequestMappingHandlerAdapter.java:793)
	at org.springframework.web.servlet.mvc.method.AbstractHandlerMethodAdapter.handle(AbstractHandlerMethodAdapter.java:87)
	at org.springframework.web.servlet.DispatcherServlet.doDispatch(DispatcherServlet.java:1040)
	at org.springframework.web.servlet.DispatcherServlet.doService(DispatcherServlet.java:943)
	at org.springframework.web.servlet.FrameworkServlet.processRequest(FrameworkServlet.java:1006)
	at org.springframework.web.servlet.FrameworkServlet.doPost(FrameworkServlet.java:909)
	at javax.servlet.http.HttpServlet.service(HttpServlet.java:660)
	at org.springframework.web.servlet.FrameworkServlet.service(FrameworkServlet.java:883)
	at javax.servlet.http.HttpServlet.service(HttpServlet.java:741)
	at org.apache.catalina.core.ApplicationFilterChain.internalDoFilter(ApplicationFilterChain.java:231)
	at org.apache.catalina.core.ApplicationFilterChain.doFilter(ApplicationFilterChain.java:166)
	at org.apache.tomcat.websocket.server.WsFilter.doFilter(WsFilter.java:53)
	at org.apache.catalina.core.ApplicationFilterChain.internalDoFilter(ApplicationFilterChain.java:193)
	at org.apache.catalina.core.ApplicationFilterChain.doFilter(ApplicationFilterChain.java:166)
	at org.springframework.security.web.FilterChainProxy$VirtualFilterChain.doFilter(FilterChainProxy.java:320)
	at org.springframework.security.web.access.intercept.FilterSecurityInterceptor.invoke(FilterSecurityInterceptor.java:126)
	at org.springframework.security.web.access.intercept.FilterSecurityInterceptor.doFilter(FilterSecurityInterceptor.java:90)
	at org.springframework.security.web.FilterChainProxy$VirtualFilterChain.doFilter(FilterChainProxy.java:334)
	at org.springframework.security.web.access.ExceptionTranslationFilter.doFilter(ExceptionTranslationFilter.java:118)
	at org.springframework.security.web.FilterChainProxy$VirtualFilterChain.doFilter(FilterChainProxy.java:334)
	at org.springframework.security.web.session.SessionManagementFilter.doFilter(SessionManagementFilter.java:137)
	at org.springframework.security.web.FilterChainProxy$VirtualFilterChain.doFilter(FilterChainProxy.java:334)
	at org.springframework.security.web.authentication.AnonymousAuthenticationFilter.doFilter(AnonymousAuthenticationFilter.java:111)
	at org.springframework.security.web.FilterChainProxy$VirtualFilterChain.doFilter(FilterChainProxy.java:334)
	at org.springframework.security.web.servletapi.SecurityContextHolderAwareRequestFilter.doFilter(SecurityContextHolderAwareRequestFilter.java:158)
	at org.springframework.security.web.FilterChainProxy$VirtualFilterChain.doFilter(FilterChainProxy.java:334)
	at org.springframework.security.web.savedrequest.RequestCacheAwareFilter.doFilter(RequestCacheAwareFilter.java:63)
	at org.springframework.security.web.FilterChainProxy$VirtualFilterChain.doFilter(FilterChainProxy.java:334)
	at org.springframework.security.oauth2.provider.authentication.OAuth2AuthenticationProcessingFilter.doFilter(OAuth2AuthenticationProcessingFilter.java:176)
	at org.springframework.security.web.FilterChainProxy$VirtualFilterChain.doFilter(FilterChainProxy.java:334)
	at org.springframework.security.web.authentication.logout.LogoutFilter.doFilter(LogoutFilter.java:116)
	at org.springframework.security.web.FilterChainProxy$VirtualFilterChain.doFilter(FilterChainProxy.java:334)
	at org.springframework.security.web.header.HeaderWriterFilter.doHeadersAfter(HeaderWriterFilter.java:92)
	at org.springframework.security.web.header.HeaderWriterFilter.doFilterInternal(HeaderWriterFilter.java:77)
	at org.springframework.web.filter.OncePerRequestFilter.doFilter(OncePerRequestFilter.java:119)
	at org.springframework.security.web.FilterChainProxy$VirtualFilterChain.doFilter(FilterChainProxy.java:334)
	at org.springframework.security.web.context.SecurityContextPersistenceFilter.doFilter(SecurityContextPersistenceFilter.java:105)
	at org.springframework.security.web.FilterChainProxy$VirtualFilterChain.doFilter(FilterChainProxy.java:334)
	at org.springframework.security.web.context.request.async.WebAsyncManagerIntegrationFilter.doFilterInternal(WebAsyncManagerIntegrationFilter.java:56)
	at org.springframework.web.filter.OncePerRequestFilter.doFilter(OncePerRequestFilter.java:119)
	at org.springframework.security.web.FilterChainProxy$VirtualFilterChain.doFilter(FilterChainProxy.java:334)
	at org.springframework.security.web.FilterChainProxy.doFilterInternal(FilterChainProxy.java:215)
	at org.springframework.security.web.FilterChainProxy.doFilter(FilterChainProxy.java:178)
	at org.springframework.web.filter.DelegatingFilterProxy.invokeDelegate(DelegatingFilterProxy.java:358)
	at org.springframework.web.filter.DelegatingFilterProxy.doFilter(DelegatingFilterProxy.java:271)
	at org.apache.catalina.core.ApplicationFilterChain.internalDoFilter(ApplicationFilterChain.java:193)
	at org.apache.catalina.core.ApplicationFilterChain.doFilter(ApplicationFilterChain.java:166)
	at org.springframework.web.filter.RequestContextFilter.doFilterInternal(RequestContextFilter.java:100)
	at org.springframework.web.filter.OncePerRequestFilter.doFilter(OncePerRequestFilter.java:119)
	at org.apache.catalina.core.ApplicationFilterChain.internalDoFilter(ApplicationFilterChain.java:193)
	at org.apache.catalina.core.ApplicationFilterChain.doFilter(ApplicationFilterChain.java:166)
	at org.springframework.web.filter.FormContentFilter.doFilterInternal(FormContentFilter.java:93)
	at org.springframework.web.filter.OncePerRequestFilter.doFilter(OncePerRequestFilter.java:119)
	at org.apache.catalina.core.ApplicationFilterChain.internalDoFilter(ApplicationFilterChain.java:193)
	at org.apache.catalina.core.ApplicationFilterChain.doFilter(ApplicationFilterChain.java:166)
	at org.springframework.boot.actuate.metrics.web.servlet.WebMvcMetricsFilter.doFilterInternal(WebMvcMetricsFilter.java:109)
	at org.springframework.web.filter.OncePerRequestFilter.doFilter(OncePerRequestFilter.java:119)
	at org.apache.catalina.core.ApplicationFilterChain.internalDoFilter(ApplicationFilterChain.java:193)
	at org.apache.catalina.core.ApplicationFilterChain.doFilter(ApplicationFilterChain.java:166)
	at org.springframework.web.filter.CharacterEncodingFilter.doFilterInternal(CharacterEncodingFilter.java:201)
	at org.springframework.web.filter.OncePerRequestFilter.doFilter(OncePerRequestFilter.java:119)
	at org.apache.catalina.core.ApplicationFilterChain.internalDoFilter(ApplicationFilterChain.java:193)
	at org.apache.catalina.core.ApplicationFilterChain.doFilter(ApplicationFilterChain.java:166)
	at org.apache.catalina.core.StandardWrapperValve.invoke(StandardWrapperValve.java:202)
	at org.apache.catalina.core.StandardContextValve.invoke(StandardContextValve.java:96)
	at org.apache.catalina.authenticator.AuthenticatorBase.invoke(AuthenticatorBase.java:541)
	at org.apache.catalina.core.StandardHostValve.invoke(StandardHostValve.java:139)
	at org.apache.catalina.valves.ErrorReportValve.invoke(ErrorReportValve.java:92)
	at org.apache.catalina.core.StandardEngineValve.invoke(StandardEngineValve.java:74)
	at org.apache.catalina.connector.CoyoteAdapter.service(CoyoteAdapter.java:343)
	at org.apache.coyote.http11.Http11Processor.service(Http11Processor.java:373)
	at org.apache.coyote.AbstractProcessorLight.process(AbstractProcessorLight.java:65)
	at org.apache.coyote.AbstractProtocol$ConnectionHandler.process(AbstractProtocol.java:868)
	at org.apache.tomcat.util.net.NioEndpoint$SocketProcessor.doRun(NioEndpoint.java:1594)
	at org.apache.tomcat.util.net.SocketProcessorBase.run(SocketProcessorBase.java:49)
	at java.base/java.util.concurrent.ThreadPoolExecutor.runWorker(ThreadPoolExecutor.java:1128)
	at java.base/java.util.concurrent.ThreadPoolExecutor$Worker.run(ThreadPoolExecutor.java:628)
	at org.apache.tomcat.util.threads.TaskThread$WrappingRunnable.run(TaskThread.java:61)
	at java.base/java.lang.Thread.run(Thread.java:834)
2020-05-22 10:15:39,242 INFO com.surshree.app.scheduling.CacheScheduler [scheduling-1] Clear user cache : START
2020-05-22 10:15:39,249 INFO com.surshree.app.scheduling.CacheScheduler [scheduling-1] Clear user cache : END
2020-05-22 10:40:36,467 INFO org.springframework.boot.SpringApplication [main] No active profile set, falling back to default profiles: default
2020-05-22 10:40:38,916 INFO org.springframework.data.repository.config.RepositoryConfigurationDelegate [main] Bootstrapping Spring Data JPA repositories in DEFAULT mode.
2020-05-22 10:40:39,164 INFO org.springframework.data.repository.config.RepositoryConfigurationDelegate [main] Finished Spring Data repository scanning in 209ms. Found 8 JPA repository interfaces.
2020-05-22 10:40:40,819 INFO org.springframework.cloud.context.scope.GenericScope [main] BeanFactory id=09de6793-75b2-3e12-ac73-9dfe2885e5c5
2020-05-22 10:40:43,002 INFO org.springframework.boot.web.embedded.tomcat.TomcatWebServer [main] Tomcat initialized with port(s): 8080 (http)
2020-05-22 10:40:43,038 INFO org.apache.juli.logging.DirectJDKLog [main] Initializing ProtocolHandler ["http-nio-8080"]
2020-05-22 10:40:43,040 INFO org.apache.juli.logging.DirectJDKLog [main] Starting service [Tomcat]
2020-05-22 10:40:43,040 INFO org.apache.juli.logging.DirectJDKLog [main] Starting Servlet engine: [Apache Tomcat/9.0.33]
2020-05-22 10:40:43,492 INFO org.apache.juli.logging.DirectJDKLog [main] Initializing Spring embedded WebApplicationContext
2020-05-22 10:40:43,493 INFO org.springframework.boot.web.servlet.context.ServletWebServerApplicationContext [main] Root WebApplicationContext: initialization completed in 6906 ms
2020-05-22 10:40:44,137 INFO com.surshree.app.config.CacheConfig [main] Initializing cache.
2020-05-22 10:40:44,400 INFO org.hibernate.jpa.internal.util.LogHelper [main] HHH000204: Processing PersistenceUnitInfo [name: default]
2020-05-22 10:40:44,618 INFO org.hibernate.Version [main] HHH000412: Hibernate ORM core version 5.4.12.Final
2020-05-22 10:40:45,158 INFO org.hibernate.annotations.common.reflection.java.JavaReflectionManager [main] HCANN000001: Hibernate Commons Annotations {5.1.0.Final}
2020-05-22 10:40:45,635 INFO com.zaxxer.hikari.HikariDataSource [main] HikariPool-1 - Starting...
2020-05-22 10:40:46,092 INFO com.zaxxer.hikari.HikariDataSource [main] HikariPool-1 - Start completed.
2020-05-22 10:40:46,142 INFO org.hibernate.dialect.Dialect [main] HHH000400: Using dialect: org.hibernate.dialect.PostgreSQL10Dialect
2020-05-22 10:40:50,852 INFO org.hibernate.engine.transaction.jta.platform.internal.JtaPlatformInitiator [main] HHH000490: Using JtaPlatform implementation: [org.hibernate.engine.transaction.jta.platform.internal.NoJtaPlatform]
2020-05-22 10:40:51,155 INFO org.springframework.orm.jpa.AbstractEntityManagerFactoryBean [main] Initialized JPA EntityManagerFactory for persistence unit 'default'
2020-05-22 10:40:51,300 WARN org.springframework.boot.autoconfigure.orm.jpa.JpaBaseConfiguration$JpaWebConfiguration [main] spring.jpa.open-in-view is enabled by default. Therefore, database queries may be performed during view rendering. Explicitly configure spring.jpa.open-in-view to disable this warning
2020-05-22 10:40:54,412 INFO org.springframework.security.web.DefaultSecurityFilterChain [main] Creating filter chain: OrRequestMatcher [requestMatchers=[Ant [pattern='/oauth/token'], Ant [pattern='/oauth/token_key'], Ant [pattern='/oauth/check_token']]], [org.springframework.security.web.context.request.async.WebAsyncManagerIntegrationFilter@51bba775, org.springframework.security.web.context.SecurityContextPersistenceFilter@f5b81f4, org.springframework.security.web.header.HeaderWriterFilter@219c10c2, org.springframework.security.web.authentication.logout.LogoutFilter@4b60ff1c, org.springframework.web.filter.CorsFilter@3e7935f1, org.springframework.security.web.authentication.www.BasicAuthenticationFilter@49620576, org.springframework.security.web.savedrequest.RequestCacheAwareFilter@67887bf2, org.springframework.security.web.servletapi.SecurityContextHolderAwareRequestFilter@465e9090, org.springframework.security.web.authentication.AnonymousAuthenticationFilter@3c2188b0, org.springframework.security.web.session.SessionManagementFilter@788a7567, org.springframework.security.web.access.ExceptionTranslationFilter@b89cbf9, org.springframework.security.web.access.intercept.FilterSecurityInterceptor@5d04adc1]
2020-05-22 10:40:54,464 INFO org.springframework.security.web.DefaultSecurityFilterChain [main] Creating filter chain: com.surshree.app.config.ResourceServerConfig$$Lambda$1034/0x00000008009a6440@63fcc21, [org.springframework.security.web.context.request.async.WebAsyncManagerIntegrationFilter@2fc7c36a, org.springframework.security.web.context.SecurityContextPersistenceFilter@4a5cddd9, org.springframework.security.web.header.HeaderWriterFilter@79177bc, org.springframework.security.web.authentication.logout.LogoutFilter@32fefbe6, org.springframework.security.oauth2.provider.authentication.OAuth2AuthenticationProcessingFilter@6860c000, org.springframework.security.web.savedrequest.RequestCacheAwareFilter@34e700f4, org.springframework.security.web.servletapi.SecurityContextHolderAwareRequestFilter@38c7ad43, org.springframework.security.web.authentication.AnonymousAuthenticationFilter@4a5dc126, org.springframework.security.web.session.SessionManagementFilter@3fe33c59, org.springframework.security.web.access.ExceptionTranslationFilter@2f0a29f7, org.springframework.security.web.access.intercept.FilterSecurityInterceptor@47b72d3b]
2020-05-22 10:40:55,274 INFO org.springframework.boot.actuate.endpoint.web.EndpointLinksResolver [main] Exposing 2 endpoint(s) beneath base path '/actuator'
2020-05-22 10:40:55,307 INFO org.springframework.security.web.DefaultSecurityFilterChain [main] Creating filter chain: any request, [org.springframework.security.web.context.request.async.WebAsyncManagerIntegrationFilter@7aa44fa2, org.springframework.security.web.context.SecurityContextPersistenceFilter@174da9a0, org.springframework.security.web.header.HeaderWriterFilter@14cd8dfa, org.springframework.web.filter.CorsFilter@4c43c37d, org.springframework.security.web.authentication.logout.LogoutFilter@4f876114, org.springframework.security.web.authentication.www.BasicAuthenticationFilter@6870e039, org.springframework.security.web.savedrequest.RequestCacheAwareFilter@b42d1c8, org.springframework.security.web.servletapi.SecurityContextHolderAwareRequestFilter@73983f07, org.springframework.security.web.authentication.AnonymousAuthenticationFilter@61c946a0, org.springframework.security.web.session.SessionManagementFilter@5a438c0a, org.springframework.security.web.access.ExceptionTranslationFilter@59d8a968, org.springframework.security.web.access.intercept.FilterSecurityInterceptor@f53db1a]
2020-05-22 10:40:55,510 INFO org.springframework.scheduling.concurrent.ExecutorConfigurationSupport [main] Initializing ExecutorService 'applicationTaskExecutor'
2020-05-22 10:40:55,990 INFO org.springframework.scheduling.concurrent.ExecutorConfigurationSupport [main] Initializing ExecutorService 'taskScheduler'
2020-05-22 10:40:56,147 INFO com.surshree.app.scheduling.CacheScheduler [scheduling-1] Clear user cache : START
2020-05-22 10:40:56,149 INFO com.surshree.app.scheduling.CacheScheduler [scheduling-1] Clear user cache : END
2020-05-22 10:40:56,151 INFO org.apache.juli.logging.DirectJDKLog [main] Starting ProtocolHandler ["http-nio-8080"]
2020-05-22 10:40:56,255 INFO org.springframework.boot.web.embedded.tomcat.TomcatWebServer [main] Tomcat started on port(s): 8080 (http) with context path ''
2020-05-22 10:40:56,285 INFO org.springframework.boot.StartupInfoLogger [main] Started SurShreeApplication in 26.665 seconds (JVM running for 31.684)
2020-05-22 10:41:02,284 INFO org.apache.juli.logging.DirectJDKLog [http-nio-8080-exec-1] Initializing Spring DispatcherServlet 'dispatcherServlet'
2020-05-22 10:41:02,315 INFO org.springframework.web.servlet.FrameworkServlet [http-nio-8080-exec-1] Initializing Servlet 'dispatcherServlet'
2020-05-22 10:41:02,584 INFO org.springframework.web.servlet.FrameworkServlet [http-nio-8080-exec-1] Completed initialization in 268 ms
2020-05-22 10:41:05,367 INFO com.surshree.app.services.CustomUserDetailsService [http-nio-8080-exec-2] Granted Authorities --> ROLE_ADMN
2020-05-22 10:41:05,367 INFO com.surshree.app.services.CustomUserDetailsService [http-nio-8080-exec-2] Granted Authorities --> ROLE_CONT
2020-05-22 10:41:05,368 INFO com.surshree.app.services.CustomUserDetailsService [http-nio-8080-exec-2] Granted Authorities --> FUNC_CONT_MENU
2020-05-22 10:41:05,368 INFO com.surshree.app.services.CustomUserDetailsService [http-nio-8080-exec-2] Granted Authorities --> FUNC_VIEW_ADMIN_MENU
2020-05-22 10:41:05,369 INFO com.surshree.app.services.CustomUserDetailsService [http-nio-8080-exec-2] Granted Authorities --> FUNC_CONT_MENU
2020-05-22 10:41:06,645 INFO com.surshree.app.services.CustomUserDetailsService [http-nio-8080-exec-5] Granted Authorities --> ROLE_ADMN
2020-05-22 10:41:06,646 INFO com.surshree.app.services.CustomUserDetailsService [http-nio-8080-exec-5] Granted Authorities --> ROLE_CONT
2020-05-22 10:41:06,647 INFO com.surshree.app.services.CustomUserDetailsService [http-nio-8080-exec-5] Granted Authorities --> FUNC_CONT_MENU
2020-05-22 10:41:06,647 INFO com.surshree.app.services.CustomUserDetailsService [http-nio-8080-exec-5] Granted Authorities --> FUNC_VIEW_ADMIN_MENU
2020-05-22 10:41:06,648 INFO com.surshree.app.services.CustomUserDetailsService [http-nio-8080-exec-5] Granted Authorities --> FUNC_CONT_MENU
2020-05-22 10:41:06,838 INFO com.surshree.app.services.CustomUserDetailsService [http-nio-8080-exec-7] Granted Authorities --> ROLE_ADMN
2020-05-22 10:41:06,839 INFO com.surshree.app.services.CustomUserDetailsService [http-nio-8080-exec-7] Granted Authorities --> ROLE_CONT
2020-05-22 10:41:06,841 INFO com.surshree.app.services.CustomUserDetailsService [http-nio-8080-exec-7] Granted Authorities --> FUNC_CONT_MENU
2020-05-22 10:41:06,842 INFO com.surshree.app.services.CustomUserDetailsService [http-nio-8080-exec-7] Granted Authorities --> FUNC_VIEW_ADMIN_MENU
2020-05-22 10:41:06,844 INFO com.surshree.app.services.CustomUserDetailsService [http-nio-8080-exec-7] Granted Authorities --> FUNC_CONT_MENU
2020-05-22 10:41:21,859 INFO com.surshree.app.services.CustomUserDetailsService [http-nio-8080-exec-10] Granted Authorities --> ROLE_ADMN
2020-05-22 10:41:21,861 INFO com.surshree.app.services.CustomUserDetailsService [http-nio-8080-exec-10] Granted Authorities --> ROLE_CONT
2020-05-22 10:41:21,861 INFO com.surshree.app.services.CustomUserDetailsService [http-nio-8080-exec-10] Granted Authorities --> FUNC_CONT_MENU
2020-05-22 10:41:21,862 INFO com.surshree.app.services.CustomUserDetailsService [http-nio-8080-exec-10] Granted Authorities --> FUNC_VIEW_ADMIN_MENU
2020-05-22 10:41:21,863 INFO com.surshree.app.services.CustomUserDetailsService [http-nio-8080-exec-10] Granted Authorities --> FUNC_CONT_MENU
2020-05-22 10:41:27,364 INFO com.surshree.app.services.CustomUserDetailsService [http-nio-8080-exec-3] Granted Authorities --> ROLE_ADMN
2020-05-22 10:41:27,383 INFO com.surshree.app.services.CustomUserDetailsService [http-nio-8080-exec-3] Granted Authorities --> ROLE_CONT
2020-05-22 10:41:27,387 INFO com.surshree.app.services.CustomUserDetailsService [http-nio-8080-exec-3] Granted Authorities --> FUNC_CONT_MENU
2020-05-22 10:41:27,388 INFO com.surshree.app.services.CustomUserDetailsService [http-nio-8080-exec-3] Granted Authorities --> FUNC_VIEW_ADMIN_MENU
2020-05-22 10:41:27,390 INFO com.surshree.app.services.CustomUserDetailsService [http-nio-8080-exec-3] Granted Authorities --> FUNC_CONT_MENU
2020-05-22 10:41:28,220 INFO com.surshree.app.services.CustomUserDetailsService [http-nio-8080-exec-6] Granted Authorities --> ROLE_ADMN
2020-05-22 10:41:28,222 INFO com.surshree.app.services.CustomUserDetailsService [http-nio-8080-exec-6] Granted Authorities --> ROLE_CONT
2020-05-22 10:41:28,223 INFO com.surshree.app.services.CustomUserDetailsService [http-nio-8080-exec-6] Granted Authorities --> FUNC_CONT_MENU
2020-05-22 10:41:28,225 INFO com.surshree.app.services.CustomUserDetailsService [http-nio-8080-exec-6] Granted Authorities --> FUNC_VIEW_ADMIN_MENU
2020-05-22 10:41:28,227 INFO com.surshree.app.services.CustomUserDetailsService [http-nio-8080-exec-6] Granted Authorities --> FUNC_CONT_MENU
2020-05-22 10:43:00,282 INFO org.springframework.boot.SpringApplication [main] No active profile set, falling back to default profiles: default
2020-05-22 10:43:02,040 INFO org.springframework.data.repository.config.RepositoryConfigurationDelegate [main] Bootstrapping Spring Data JPA repositories in DEFAULT mode.
2020-05-22 10:43:02,292 INFO org.springframework.data.repository.config.RepositoryConfigurationDelegate [main] Finished Spring Data repository scanning in 223ms. Found 8 JPA repository interfaces.
2020-05-22 10:43:03,956 INFO org.springframework.cloud.context.scope.GenericScope [main] BeanFactory id=09de6793-75b2-3e12-ac73-9dfe2885e5c5
2020-05-22 10:43:05,385 INFO org.springframework.boot.web.embedded.tomcat.TomcatWebServer [main] Tomcat initialized with port(s): 8080 (http)
2020-05-22 10:43:05,426 INFO org.apache.juli.logging.DirectJDKLog [main] Initializing ProtocolHandler ["http-nio-8080"]
2020-05-22 10:43:05,427 INFO org.apache.juli.logging.DirectJDKLog [main] Starting service [Tomcat]
2020-05-22 10:43:05,427 INFO org.apache.juli.logging.DirectJDKLog [main] Starting Servlet engine: [Apache Tomcat/9.0.33]
2020-05-22 10:43:05,840 INFO org.apache.juli.logging.DirectJDKLog [main] Initializing Spring embedded WebApplicationContext
2020-05-22 10:43:05,841 INFO org.springframework.boot.web.servlet.context.ServletWebServerApplicationContext [main] Root WebApplicationContext: initialization completed in 5478 ms
2020-05-22 10:43:06,561 INFO com.surshree.app.config.CacheConfig [main] Initializing cache.
2020-05-22 10:43:06,734 INFO org.hibernate.jpa.internal.util.LogHelper [main] HHH000204: Processing PersistenceUnitInfo [name: default]
2020-05-22 10:43:06,900 INFO org.hibernate.Version [main] HHH000412: Hibernate ORM core version 5.4.12.Final
2020-05-22 10:43:07,324 INFO org.hibernate.annotations.common.reflection.java.JavaReflectionManager [main] HCANN000001: Hibernate Commons Annotations {5.1.0.Final}
2020-05-22 10:43:07,604 INFO com.zaxxer.hikari.HikariDataSource [main] HikariPool-1 - Starting...
2020-05-22 10:43:07,884 INFO com.zaxxer.hikari.HikariDataSource [main] HikariPool-1 - Start completed.
2020-05-22 10:43:07,929 INFO org.hibernate.dialect.Dialect [main] HHH000400: Using dialect: org.hibernate.dialect.PostgreSQL10Dialect
2020-05-22 10:43:10,605 INFO org.hibernate.engine.transaction.jta.platform.internal.JtaPlatformInitiator [main] HHH000490: Using JtaPlatform implementation: [org.hibernate.engine.transaction.jta.platform.internal.NoJtaPlatform]
2020-05-22 10:43:10,866 INFO org.springframework.orm.jpa.AbstractEntityManagerFactoryBean [main] Initialized JPA EntityManagerFactory for persistence unit 'default'
2020-05-22 10:43:10,982 WARN org.springframework.boot.autoconfigure.orm.jpa.JpaBaseConfiguration$JpaWebConfiguration [main] spring.jpa.open-in-view is enabled by default. Therefore, database queries may be performed during view rendering. Explicitly configure spring.jpa.open-in-view to disable this warning
2020-05-22 10:43:15,175 INFO org.springframework.security.web.DefaultSecurityFilterChain [main] Creating filter chain: OrRequestMatcher [requestMatchers=[Ant [pattern='/oauth/token'], Ant [pattern='/oauth/token_key'], Ant [pattern='/oauth/check_token']]], [org.springframework.security.web.context.request.async.WebAsyncManagerIntegrationFilter@b42d1c8, org.springframework.security.web.context.SecurityContextPersistenceFilter@42102827, org.springframework.security.web.header.HeaderWriterFilter@1a44ad96, org.springframework.security.web.authentication.logout.LogoutFilter@461e479c, org.springframework.web.filter.CorsFilter@73983f07, org.springframework.security.web.authentication.www.BasicAuthenticationFilter@796687de, org.springframework.security.web.savedrequest.RequestCacheAwareFilter@5896899d, org.springframework.security.web.servletapi.SecurityContextHolderAwareRequestFilter@5b9ed77b, org.springframework.security.web.authentication.AnonymousAuthenticationFilter@35fddea2, org.springframework.security.web.session.SessionManagementFilter@2801ccb3, org.springframework.security.web.access.ExceptionTranslationFilter@30eed725, org.springframework.security.web.access.intercept.FilterSecurityInterceptor@4d7f3adf]
2020-05-22 10:43:15,349 INFO org.springframework.security.web.DefaultSecurityFilterChain [main] Creating filter chain: com.surshree.app.config.ResourceServerConfig$$Lambda$1033/0x00000008009a6040@8fd3eee, [org.springframework.security.web.context.request.async.WebAsyncManagerIntegrationFilter@d9ff1cd, org.springframework.security.web.context.SecurityContextPersistenceFilter@6870e039, org.springframework.security.web.header.HeaderWriterFilter@4b37b01e, org.springframework.security.web.authentication.logout.LogoutFilter@4a1cafb2, org.springframework.security.oauth2.provider.authentication.OAuth2AuthenticationProcessingFilter@651a399, org.springframework.security.web.savedrequest.RequestCacheAwareFilter@42599b84, org.springframework.security.web.servletapi.SecurityContextHolderAwareRequestFilter@34986491, org.springframework.security.web.authentication.AnonymousAuthenticationFilter@2c64ee53, org.springframework.security.web.session.SessionManagementFilter@f53db1a, org.springframework.security.web.access.ExceptionTranslationFilter@402d45c6, org.springframework.security.web.access.intercept.FilterSecurityInterceptor@3bb186b]
2020-05-22 10:43:16,334 INFO org.springframework.boot.actuate.endpoint.web.EndpointLinksResolver [main] Exposing 2 endpoint(s) beneath base path '/actuator'
2020-05-22 10:43:16,375 INFO org.springframework.security.web.DefaultSecurityFilterChain [main] Creating filter chain: any request, [org.springframework.security.web.context.request.async.WebAsyncManagerIntegrationFilter@517d68b8, org.springframework.security.web.context.SecurityContextPersistenceFilter@5a513627, org.springframework.security.web.header.HeaderWriterFilter@3448a248, org.springframework.web.filter.CorsFilter@58b03882, org.springframework.security.web.authentication.logout.LogoutFilter@2fe12ec3, org.springframework.security.web.authentication.www.BasicAuthenticationFilter@329cef32, org.springframework.security.web.savedrequest.RequestCacheAwareFilter@41413c5a, org.springframework.security.web.servletapi.SecurityContextHolderAwareRequestFilter@306a9cd8, org.springframework.security.web.authentication.AnonymousAuthenticationFilter@24710e61, org.springframework.security.web.session.SessionManagementFilter@8788194, org.springframework.security.web.access.ExceptionTranslationFilter@489a722d, org.springframework.security.web.access.intercept.FilterSecurityInterceptor@4fe91eed]
2020-05-22 10:43:16,536 INFO org.springframework.scheduling.concurrent.ExecutorConfigurationSupport [main] Initializing ExecutorService 'applicationTaskExecutor'
2020-05-22 10:43:16,940 INFO org.springframework.scheduling.concurrent.ExecutorConfigurationSupport [main] Initializing ExecutorService 'taskScheduler'
2020-05-22 10:43:17,065 INFO com.surshree.app.scheduling.CacheScheduler [scheduling-1] Clear user cache : START
2020-05-22 10:43:17,067 INFO com.surshree.app.scheduling.CacheScheduler [scheduling-1] Clear user cache : END
2020-05-22 10:43:17,068 INFO org.apache.juli.logging.DirectJDKLog [main] Starting ProtocolHandler ["http-nio-8080"]
2020-05-22 10:43:17,160 INFO org.springframework.boot.web.embedded.tomcat.TomcatWebServer [main] Tomcat started on port(s): 8080 (http) with context path ''
2020-05-22 10:43:17,191 INFO org.springframework.boot.StartupInfoLogger [main] Started SurShreeApplication in 19.792 seconds (JVM running for 21.489)
2020-05-22 10:45:15,341 INFO org.apache.juli.logging.DirectJDKLog [http-nio-8080-exec-1] Initializing Spring DispatcherServlet 'dispatcherServlet'
2020-05-22 10:45:15,357 INFO org.springframework.web.servlet.FrameworkServlet [http-nio-8080-exec-1] Initializing Servlet 'dispatcherServlet'
2020-05-22 10:45:15,463 INFO org.springframework.web.servlet.FrameworkServlet [http-nio-8080-exec-1] Completed initialization in 105 ms
2020-05-22 10:45:17,555 INFO com.surshree.app.services.CustomUserDetailsService [http-nio-8080-exec-3] Granted Authorities --> ROLE_ADMN
2020-05-22 10:45:17,556 INFO com.surshree.app.services.CustomUserDetailsService [http-nio-8080-exec-3] Granted Authorities --> ROLE_CONT
2020-05-22 10:45:17,557 INFO com.surshree.app.services.CustomUserDetailsService [http-nio-8080-exec-3] Granted Authorities --> FUNC_CONT_MENU
2020-05-22 10:45:17,557 INFO com.surshree.app.services.CustomUserDetailsService [http-nio-8080-exec-3] Granted Authorities --> FUNC_VIEW_ADMIN_MENU
2020-05-22 10:45:17,558 INFO com.surshree.app.services.CustomUserDetailsService [http-nio-8080-exec-3] Granted Authorities --> FUNC_CONT_MENU
2020-05-22 10:45:18,423 INFO com.surshree.app.services.CustomUserDetailsService [http-nio-8080-exec-6] Granted Authorities --> ROLE_ADMN
2020-05-22 10:45:18,424 INFO com.surshree.app.services.CustomUserDetailsService [http-nio-8080-exec-6] Granted Authorities --> ROLE_CONT
2020-05-22 10:45:18,425 INFO com.surshree.app.services.CustomUserDetailsService [http-nio-8080-exec-6] Granted Authorities --> FUNC_CONT_MENU
2020-05-22 10:45:18,426 INFO com.surshree.app.services.CustomUserDetailsService [http-nio-8080-exec-6] Granted Authorities --> FUNC_VIEW_ADMIN_MENU
2020-05-22 10:45:18,426 INFO com.surshree.app.services.CustomUserDetailsService [http-nio-8080-exec-6] Granted Authorities --> FUNC_CONT_MENU
2020-05-22 10:46:11,637 INFO com.surshree.app.services.CustomUserDetailsService [http-nio-8080-exec-9] Granted Authorities --> ROLE_ADMN
2020-05-22 10:46:11,638 INFO com.surshree.app.services.CustomUserDetailsService [http-nio-8080-exec-9] Granted Authorities --> ROLE_CONT
2020-05-22 10:46:11,638 INFO com.surshree.app.services.CustomUserDetailsService [http-nio-8080-exec-9] Granted Authorities --> FUNC_CONT_MENU
2020-05-22 10:46:11,639 INFO com.surshree.app.services.CustomUserDetailsService [http-nio-8080-exec-9] Granted Authorities --> FUNC_VIEW_ADMIN_MENU
2020-05-22 10:46:11,640 INFO com.surshree.app.services.CustomUserDetailsService [http-nio-8080-exec-9] Granted Authorities --> FUNC_CONT_MENU
2020-05-22 10:46:12,695 INFO com.surshree.app.services.CustomUserDetailsService [http-nio-8080-exec-2] Granted Authorities --> ROLE_ADMN
2020-05-22 10:46:12,696 INFO com.surshree.app.services.CustomUserDetailsService [http-nio-8080-exec-2] Granted Authorities --> ROLE_CONT
2020-05-22 10:46:12,697 INFO com.surshree.app.services.CustomUserDetailsService [http-nio-8080-exec-2] Granted Authorities --> FUNC_CONT_MENU
2020-05-22 10:46:12,697 INFO com.surshree.app.services.CustomUserDetailsService [http-nio-8080-exec-2] Granted Authorities --> FUNC_VIEW_ADMIN_MENU
2020-05-22 10:46:12,698 INFO com.surshree.app.services.CustomUserDetailsService [http-nio-8080-exec-2] Granted Authorities --> FUNC_CONT_MENU
2020-05-22 10:48:20,435 INFO com.surshree.app.services.CustomUserDetailsService [http-nio-8080-exec-7] Granted Authorities --> ROLE_ADMN
2020-05-22 10:48:20,439 INFO com.surshree.app.services.CustomUserDetailsService [http-nio-8080-exec-7] Granted Authorities --> ROLE_CONT
2020-05-22 10:48:20,440 INFO com.surshree.app.services.CustomUserDetailsService [http-nio-8080-exec-7] Granted Authorities --> FUNC_CONT_MENU
2020-05-22 10:48:20,440 INFO com.surshree.app.services.CustomUserDetailsService [http-nio-8080-exec-7] Granted Authorities --> FUNC_VIEW_ADMIN_MENU
2020-05-22 10:48:20,441 INFO com.surshree.app.services.CustomUserDetailsService [http-nio-8080-exec-7] Granted Authorities --> FUNC_CONT_MENU
2020-05-22 10:48:22,006 INFO com.surshree.app.services.CustomUserDetailsService [http-nio-8080-exec-9] Granted Authorities --> ROLE_ADMN
2020-05-22 10:48:22,008 INFO com.surshree.app.services.CustomUserDetailsService [http-nio-8080-exec-9] Granted Authorities --> ROLE_CONT
2020-05-22 10:48:22,010 INFO com.surshree.app.services.CustomUserDetailsService [http-nio-8080-exec-9] Granted Authorities --> FUNC_CONT_MENU
2020-05-22 10:48:22,011 INFO com.surshree.app.services.CustomUserDetailsService [http-nio-8080-exec-9] Granted Authorities --> FUNC_VIEW_ADMIN_MENU
2020-05-22 10:48:22,013 INFO com.surshree.app.services.CustomUserDetailsService [http-nio-8080-exec-9] Granted Authorities --> FUNC_CONT_MENU
2020-05-22 10:48:35,605 INFO com.surshree.app.services.CustomUserDetailsService [http-nio-8080-exec-4] Granted Authorities --> ROLE_ADMN
2020-05-22 10:48:35,607 INFO com.surshree.app.services.CustomUserDetailsService [http-nio-8080-exec-4] Granted Authorities --> ROLE_CONT
2020-05-22 10:48:35,608 INFO com.surshree.app.services.CustomUserDetailsService [http-nio-8080-exec-4] Granted Authorities --> FUNC_CONT_MENU
2020-05-22 10:48:35,609 INFO com.surshree.app.services.CustomUserDetailsService [http-nio-8080-exec-4] Granted Authorities --> FUNC_VIEW_ADMIN_MENU
2020-05-22 10:48:35,610 INFO com.surshree.app.services.CustomUserDetailsService [http-nio-8080-exec-4] Granted Authorities --> FUNC_CONT_MENU
2020-05-22 10:48:36,256 INFO com.surshree.app.services.CustomUserDetailsService [http-nio-8080-exec-3] Granted Authorities --> ROLE_ADMN
2020-05-22 10:48:36,257 INFO com.surshree.app.services.CustomUserDetailsService [http-nio-8080-exec-3] Granted Authorities --> ROLE_CONT
2020-05-22 10:48:36,258 INFO com.surshree.app.services.CustomUserDetailsService [http-nio-8080-exec-3] Granted Authorities --> FUNC_CONT_MENU
2020-05-22 10:48:36,258 INFO com.surshree.app.services.CustomUserDetailsService [http-nio-8080-exec-3] Granted Authorities --> FUNC_VIEW_ADMIN_MENU
2020-05-22 10:48:36,259 INFO com.surshree.app.services.CustomUserDetailsService [http-nio-8080-exec-3] Granted Authorities --> FUNC_CONT_MENU
2020-05-22 10:50:19,564 INFO com.surshree.app.services.CustomUserDetailsService [http-nio-8080-exec-4] Granted Authorities --> ROLE_ADMN
2020-05-22 10:50:19,571 INFO com.surshree.app.services.CustomUserDetailsService [http-nio-8080-exec-4] Granted Authorities --> ROLE_CONT
2020-05-22 10:50:19,572 INFO com.surshree.app.services.CustomUserDetailsService [http-nio-8080-exec-4] Granted Authorities --> FUNC_CONT_MENU
2020-05-22 10:50:19,573 INFO com.surshree.app.services.CustomUserDetailsService [http-nio-8080-exec-4] Granted Authorities --> FUNC_VIEW_ADMIN_MENU
2020-05-22 10:50:19,574 INFO com.surshree.app.services.CustomUserDetailsService [http-nio-8080-exec-4] Granted Authorities --> FUNC_CONT_MENU
2020-05-22 10:50:20,489 INFO com.surshree.app.services.CustomUserDetailsService [http-nio-8080-exec-3] Granted Authorities --> ROLE_ADMN
2020-05-22 10:50:20,490 INFO com.surshree.app.services.CustomUserDetailsService [http-nio-8080-exec-3] Granted Authorities --> ROLE_CONT
2020-05-22 10:50:20,490 INFO com.surshree.app.services.CustomUserDetailsService [http-nio-8080-exec-3] Granted Authorities --> FUNC_CONT_MENU
2020-05-22 10:50:20,491 INFO com.surshree.app.services.CustomUserDetailsService [http-nio-8080-exec-3] Granted Authorities --> FUNC_VIEW_ADMIN_MENU
2020-05-22 10:50:20,491 INFO com.surshree.app.services.CustomUserDetailsService [http-nio-8080-exec-3] Granted Authorities --> FUNC_CONT_MENU
2020-05-22 10:51:21,725 INFO com.surshree.app.services.CustomUserDetailsService [http-nio-8080-exec-9] Granted Authorities --> ROLE_ADMN
2020-05-22 10:51:21,729 INFO com.surshree.app.services.CustomUserDetailsService [http-nio-8080-exec-9] Granted Authorities --> ROLE_CONT
2020-05-22 10:51:21,730 INFO com.surshree.app.services.CustomUserDetailsService [http-nio-8080-exec-9] Granted Authorities --> FUNC_CONT_MENU
2020-05-22 10:51:21,731 INFO com.surshree.app.services.CustomUserDetailsService [http-nio-8080-exec-9] Granted Authorities --> FUNC_VIEW_ADMIN_MENU
2020-05-22 10:51:21,732 INFO com.surshree.app.services.CustomUserDetailsService [http-nio-8080-exec-9] Granted Authorities --> FUNC_CONT_MENU
2020-05-22 10:51:22,338 INFO com.surshree.app.services.CustomUserDetailsService [http-nio-8080-exec-2] Granted Authorities --> ROLE_ADMN
2020-05-22 10:51:22,339 INFO com.surshree.app.services.CustomUserDetailsService [http-nio-8080-exec-2] Granted Authorities --> ROLE_CONT
2020-05-22 10:51:22,340 INFO com.surshree.app.services.CustomUserDetailsService [http-nio-8080-exec-2] Granted Authorities --> FUNC_CONT_MENU
2020-05-22 10:51:22,341 INFO com.surshree.app.services.CustomUserDetailsService [http-nio-8080-exec-2] Granted Authorities --> FUNC_VIEW_ADMIN_MENU
2020-05-22 10:51:22,342 INFO com.surshree.app.services.CustomUserDetailsService [http-nio-8080-exec-2] Granted Authorities --> FUNC_CONT_MENU
2020-05-22 10:51:31,682 INFO com.surshree.app.services.CustomUserDetailsService [http-nio-8080-exec-6] Granted Authorities --> ROLE_ADMN
2020-05-22 10:51:31,683 INFO com.surshree.app.services.CustomUserDetailsService [http-nio-8080-exec-6] Granted Authorities --> ROLE_CONT
2020-05-22 10:51:31,684 INFO com.surshree.app.services.CustomUserDetailsService [http-nio-8080-exec-6] Granted Authorities --> FUNC_CONT_MENU
2020-05-22 10:51:31,685 INFO com.surshree.app.services.CustomUserDetailsService [http-nio-8080-exec-6] Granted Authorities --> FUNC_VIEW_ADMIN_MENU
2020-05-22 10:51:31,686 INFO com.surshree.app.services.CustomUserDetailsService [http-nio-8080-exec-6] Granted Authorities --> FUNC_CONT_MENU
2020-05-22 10:51:32,260 INFO com.surshree.app.services.CustomUserDetailsService [http-nio-8080-exec-9] Granted Authorities --> ROLE_ADMN
2020-05-22 10:51:32,261 INFO com.surshree.app.services.CustomUserDetailsService [http-nio-8080-exec-9] Granted Authorities --> ROLE_CONT
2020-05-22 10:51:32,262 INFO com.surshree.app.services.CustomUserDetailsService [http-nio-8080-exec-9] Granted Authorities --> FUNC_CONT_MENU
2020-05-22 10:51:32,262 INFO com.surshree.app.services.CustomUserDetailsService [http-nio-8080-exec-9] Granted Authorities --> FUNC_VIEW_ADMIN_MENU
2020-05-22 10:51:32,263 INFO com.surshree.app.services.CustomUserDetailsService [http-nio-8080-exec-9] Granted Authorities --> FUNC_CONT_MENU
2020-05-22 10:52:09,981 INFO com.surshree.app.controllers.FileController [http-nio-8080-exec-1] File download URL --> http://192.168.15.13:8080/file/b3bc4cfe-0c8f-45e8-9028-105086927322
2020-05-22 10:52:12,258 INFO com.surshree.app.services.CustomUserDetailsService [http-nio-8080-exec-7] Granted Authorities --> ROLE_ADMN
2020-05-22 10:52:12,260 INFO com.surshree.app.services.CustomUserDetailsService [http-nio-8080-exec-7] Granted Authorities --> ROLE_CONT
2020-05-22 10:52:12,260 INFO com.surshree.app.services.CustomUserDetailsService [http-nio-8080-exec-7] Granted Authorities --> FUNC_CONT_MENU
2020-05-22 10:52:12,261 INFO com.surshree.app.services.CustomUserDetailsService [http-nio-8080-exec-7] Granted Authorities --> FUNC_VIEW_ADMIN_MENU
2020-05-22 10:52:12,262 INFO com.surshree.app.services.CustomUserDetailsService [http-nio-8080-exec-7] Granted Authorities --> FUNC_CONT_MENU
2020-05-22 10:52:12,466 WARN org.hibernate.engine.jdbc.spi.SqlExceptionHelper [http-nio-8080-exec-7] SQL Error: 0, SQLState: 23502
2020-05-22 10:52:12,469 ERROR org.hibernate.engine.jdbc.spi.SqlExceptionHelper [http-nio-8080-exec-7] ERROR: null value in column "aadhar_no" violates not-null constraint
  Detail: Failing row contains (46, 1, null, null, 47, null, null, 2020-05-22 10:52:12.354, 2020-05-22 10:52:12.354, admin, admin, null, null, null, b3bc4cfe-0c8f-45e8-9028-105086927322, null).
2020-05-22 10:52:12,499 WARN org.springframework.web.servlet.mvc.method.annotation.ExceptionHandlerExceptionResolver [http-nio-8080-exec-7] Failure in @ExceptionHandler com.surshree.app.exception.CustomResponseEntityExceptionHandler#handleDataIntegrityViolationException(DataIntegrityViolationException, WebRequest)
java.lang.ArrayIndexOutOfBoundsException: Index 1 out of bounds for length 1
	at com.surshree.app.exception.CustomResponseEntityExceptionHandler.handleDataIntegrityViolationException(CustomResponseEntityExceptionHandler.java:51)
	at java.base/jdk.internal.reflect.NativeMethodAccessorImpl.invoke0(Native Method)
	at java.base/jdk.internal.reflect.NativeMethodAccessorImpl.invoke(NativeMethodAccessorImpl.java:62)
	at java.base/jdk.internal.reflect.DelegatingMethodAccessorImpl.invoke(DelegatingMethodAccessorImpl.java:43)
	at java.base/java.lang.reflect.Method.invoke(Method.java:566)
	at org.springframework.web.method.support.InvocableHandlerMethod.doInvoke(InvocableHandlerMethod.java:190)
	at org.springframework.web.method.support.InvocableHandlerMethod.invokeForRequest(InvocableHandlerMethod.java:138)
	at org.springframework.web.servlet.mvc.method.annotation.ServletInvocableHandlerMethod.invokeAndHandle(ServletInvocableHandlerMethod.java:105)
	at org.springframework.web.servlet.mvc.method.annotation.ExceptionHandlerExceptionResolver.doResolveHandlerMethodException(ExceptionHandlerExceptionResolver.java:403)
	at org.springframework.web.servlet.handler.AbstractHandlerMethodExceptionResolver.doResolveException(AbstractHandlerMethodExceptionResolver.java:61)
	at org.springframework.web.servlet.handler.AbstractHandlerExceptionResolver.resolveException(AbstractHandlerExceptionResolver.java:141)
	at org.springframework.web.servlet.handler.HandlerExceptionResolverComposite.resolveException(HandlerExceptionResolverComposite.java:80)
	at org.springframework.web.servlet.DispatcherServlet.processHandlerException(DispatcherServlet.java:1300)
	at org.springframework.web.servlet.DispatcherServlet.processDispatchResult(DispatcherServlet.java:1111)
	at org.springframework.web.servlet.DispatcherServlet.doDispatch(DispatcherServlet.java:1057)
	at org.springframework.web.servlet.DispatcherServlet.doService(DispatcherServlet.java:943)
	at org.springframework.web.servlet.FrameworkServlet.processRequest(FrameworkServlet.java:1006)
	at org.springframework.web.servlet.FrameworkServlet.doPost(FrameworkServlet.java:909)
	at javax.servlet.http.HttpServlet.service(HttpServlet.java:660)
	at org.springframework.web.servlet.FrameworkServlet.service(FrameworkServlet.java:883)
	at javax.servlet.http.HttpServlet.service(HttpServlet.java:741)
	at org.apache.catalina.core.ApplicationFilterChain.internalDoFilter(ApplicationFilterChain.java:231)
	at org.apache.catalina.core.ApplicationFilterChain.doFilter(ApplicationFilterChain.java:166)
	at org.apache.tomcat.websocket.server.WsFilter.doFilter(WsFilter.java:53)
	at org.apache.catalina.core.ApplicationFilterChain.internalDoFilter(ApplicationFilterChain.java:193)
	at org.apache.catalina.core.ApplicationFilterChain.doFilter(ApplicationFilterChain.java:166)
	at org.springframework.security.web.FilterChainProxy$VirtualFilterChain.doFilter(FilterChainProxy.java:320)
	at org.springframework.security.web.access.intercept.FilterSecurityInterceptor.invoke(FilterSecurityInterceptor.java:126)
	at org.springframework.security.web.access.intercept.FilterSecurityInterceptor.doFilter(FilterSecurityInterceptor.java:90)
	at org.springframework.security.web.FilterChainProxy$VirtualFilterChain.doFilter(FilterChainProxy.java:334)
	at org.springframework.security.web.access.ExceptionTranslationFilter.doFilter(ExceptionTranslationFilter.java:118)
	at org.springframework.security.web.FilterChainProxy$VirtualFilterChain.doFilter(FilterChainProxy.java:334)
	at org.springframework.security.web.session.SessionManagementFilter.doFilter(SessionManagementFilter.java:137)
	at org.springframework.security.web.FilterChainProxy$VirtualFilterChain.doFilter(FilterChainProxy.java:334)
	at org.springframework.security.web.authentication.AnonymousAuthenticationFilter.doFilter(AnonymousAuthenticationFilter.java:111)
	at org.springframework.security.web.FilterChainProxy$VirtualFilterChain.doFilter(FilterChainProxy.java:334)
	at org.springframework.security.web.servletapi.SecurityContextHolderAwareRequestFilter.doFilter(SecurityContextHolderAwareRequestFilter.java:158)
	at org.springframework.security.web.FilterChainProxy$VirtualFilterChain.doFilter(FilterChainProxy.java:334)
	at org.springframework.security.web.savedrequest.RequestCacheAwareFilter.doFilter(RequestCacheAwareFilter.java:63)
	at org.springframework.security.web.FilterChainProxy$VirtualFilterChain.doFilter(FilterChainProxy.java:334)
	at org.springframework.security.oauth2.provider.authentication.OAuth2AuthenticationProcessingFilter.doFilter(OAuth2AuthenticationProcessingFilter.java:176)
	at org.springframework.security.web.FilterChainProxy$VirtualFilterChain.doFilter(FilterChainProxy.java:334)
	at org.springframework.security.web.authentication.logout.LogoutFilter.doFilter(LogoutFilter.java:116)
	at org.springframework.security.web.FilterChainProxy$VirtualFilterChain.doFilter(FilterChainProxy.java:334)
	at org.springframework.security.web.header.HeaderWriterFilter.doHeadersAfter(HeaderWriterFilter.java:92)
	at org.springframework.security.web.header.HeaderWriterFilter.doFilterInternal(HeaderWriterFilter.java:77)
	at org.springframework.web.filter.OncePerRequestFilter.doFilter(OncePerRequestFilter.java:119)
	at org.springframework.security.web.FilterChainProxy$VirtualFilterChain.doFilter(FilterChainProxy.java:334)
	at org.springframework.security.web.context.SecurityContextPersistenceFilter.doFilter(SecurityContextPersistenceFilter.java:105)
	at org.springframework.security.web.FilterChainProxy$VirtualFilterChain.doFilter(FilterChainProxy.java:334)
	at org.springframework.security.web.context.request.async.WebAsyncManagerIntegrationFilter.doFilterInternal(WebAsyncManagerIntegrationFilter.java:56)
	at org.springframework.web.filter.OncePerRequestFilter.doFilter(OncePerRequestFilter.java:119)
	at org.springframework.security.web.FilterChainProxy$VirtualFilterChain.doFilter(FilterChainProxy.java:334)
	at org.springframework.security.web.FilterChainProxy.doFilterInternal(FilterChainProxy.java:215)
	at org.springframework.security.web.FilterChainProxy.doFilter(FilterChainProxy.java:178)
	at org.springframework.web.filter.DelegatingFilterProxy.invokeDelegate(DelegatingFilterProxy.java:358)
	at org.springframework.web.filter.DelegatingFilterProxy.doFilter(DelegatingFilterProxy.java:271)
	at org.apache.catalina.core.ApplicationFilterChain.internalDoFilter(ApplicationFilterChain.java:193)
	at org.apache.catalina.core.ApplicationFilterChain.doFilter(ApplicationFilterChain.java:166)
	at org.springframework.web.filter.RequestContextFilter.doFilterInternal(RequestContextFilter.java:100)
	at org.springframework.web.filter.OncePerRequestFilter.doFilter(OncePerRequestFilter.java:119)
	at org.apache.catalina.core.ApplicationFilterChain.internalDoFilter(ApplicationFilterChain.java:193)
	at org.apache.catalina.core.ApplicationFilterChain.doFilter(ApplicationFilterChain.java:166)
	at org.springframework.web.filter.FormContentFilter.doFilterInternal(FormContentFilter.java:93)
	at org.springframework.web.filter.OncePerRequestFilter.doFilter(OncePerRequestFilter.java:119)
	at org.apache.catalina.core.ApplicationFilterChain.internalDoFilter(ApplicationFilterChain.java:193)
	at org.apache.catalina.core.ApplicationFilterChain.doFilter(ApplicationFilterChain.java:166)
	at org.springframework.boot.actuate.metrics.web.servlet.WebMvcMetricsFilter.doFilterInternal(WebMvcMetricsFilter.java:109)
	at org.springframework.web.filter.OncePerRequestFilter.doFilter(OncePerRequestFilter.java:119)
	at org.apache.catalina.core.ApplicationFilterChain.internalDoFilter(ApplicationFilterChain.java:193)
	at org.apache.catalina.core.ApplicationFilterChain.doFilter(ApplicationFilterChain.java:166)
	at org.springframework.web.filter.CharacterEncodingFilter.doFilterInternal(CharacterEncodingFilter.java:201)
	at org.springframework.web.filter.OncePerRequestFilter.doFilter(OncePerRequestFilter.java:119)
	at org.apache.catalina.core.ApplicationFilterChain.internalDoFilter(ApplicationFilterChain.java:193)
	at org.apache.catalina.core.ApplicationFilterChain.doFilter(ApplicationFilterChain.java:166)
	at org.apache.catalina.core.StandardWrapperValve.invoke(StandardWrapperValve.java:202)
	at org.apache.catalina.core.StandardContextValve.invoke(StandardContextValve.java:96)
	at org.apache.catalina.authenticator.AuthenticatorBase.invoke(AuthenticatorBase.java:541)
	at org.apache.catalina.core.StandardHostValve.invoke(StandardHostValve.java:139)
	at org.apache.catalina.valves.ErrorReportValve.invoke(ErrorReportValve.java:92)
	at org.apache.catalina.core.StandardEngineValve.invoke(StandardEngineValve.java:74)
	at org.apache.catalina.connector.CoyoteAdapter.service(CoyoteAdapter.java:343)
	at org.apache.coyote.http11.Http11Processor.service(Http11Processor.java:373)
	at org.apache.coyote.AbstractProcessorLight.process(AbstractProcessorLight.java:65)
	at org.apache.coyote.AbstractProtocol$ConnectionHandler.process(AbstractProtocol.java:868)
	at org.apache.tomcat.util.net.NioEndpoint$SocketProcessor.doRun(NioEndpoint.java:1594)
	at org.apache.tomcat.util.net.SocketProcessorBase.run(SocketProcessorBase.java:49)
	at java.base/java.util.concurrent.ThreadPoolExecutor.runWorker(ThreadPoolExecutor.java:1128)
	at java.base/java.util.concurrent.ThreadPoolExecutor$Worker.run(ThreadPoolExecutor.java:628)
	at org.apache.tomcat.util.threads.TaskThread$WrappingRunnable.run(TaskThread.java:61)
	at java.base/java.lang.Thread.run(Thread.java:834)
2020-05-22 10:52:12,532 ERROR org.apache.juli.logging.DirectJDKLog [http-nio-8080-exec-7] Servlet.service() for servlet [dispatcherServlet] in context with path [] threw exception [Request processing failed; nested exception is org.springframework.dao.DataIntegrityViolationException: could not execute statement; SQL [n/a]; constraint [aadhar_no]; nested exception is org.hibernate.exception.ConstraintViolationException: could not execute statement] with root cause
org.postgresql.util.PSQLException: ERROR: null value in column "aadhar_no" violates not-null constraint
  Detail: Failing row contains (46, 1, null, null, 47, null, null, 2020-05-22 10:52:12.354, 2020-05-22 10:52:12.354, admin, admin, null, null, null, b3bc4cfe-0c8f-45e8-9028-105086927322, null).
	at org.postgresql.core.v3.QueryExecutorImpl.receiveErrorResponse(QueryExecutorImpl.java:2578)
	at org.postgresql.core.v3.QueryExecutorImpl.processResults(QueryExecutorImpl.java:2313)
	at org.postgresql.core.v3.QueryExecutorImpl.execute(QueryExecutorImpl.java:331)
	at org.postgresql.jdbc.PgStatement.executeInternal(PgStatement.java:448)
	at org.postgresql.jdbc.PgStatement.execute(PgStatement.java:369)
	at org.postgresql.jdbc.PgPreparedStatement.executeWithFlags(PgPreparedStatement.java:159)
	at org.postgresql.jdbc.PgPreparedStatement.executeUpdate(PgPreparedStatement.java:125)
	at com.zaxxer.hikari.pool.ProxyPreparedStatement.executeUpdate(ProxyPreparedStatement.java:61)
	at com.zaxxer.hikari.pool.HikariProxyPreparedStatement.executeUpdate(HikariProxyPreparedStatement.java)
	at org.hibernate.engine.jdbc.internal.ResultSetReturnImpl.executeUpdate(ResultSetReturnImpl.java:197)
	at org.hibernate.persister.entity.AbstractEntityPersister.insert(AbstractEntityPersister.java:3235)
	at org.hibernate.persister.entity.AbstractEntityPersister.insert(AbstractEntityPersister.java:3760)
	at org.hibernate.action.internal.EntityInsertAction.execute(EntityInsertAction.java:107)
	at org.hibernate.engine.spi.ActionQueue.executeActions(ActionQueue.java:604)
	at org.hibernate.engine.spi.ActionQueue.lambda$executeActions$1(ActionQueue.java:478)
	at java.base/java.util.LinkedHashMap.forEach(LinkedHashMap.java:684)
	at org.hibernate.engine.spi.ActionQueue.executeActions(ActionQueue.java:475)
	at org.hibernate.event.internal.AbstractFlushingEventListener.performExecutions(AbstractFlushingEventListener.java:348)
	at org.hibernate.event.internal.DefaultFlushEventListener.onFlush(DefaultFlushEventListener.java:40)
	at org.hibernate.event.service.internal.EventListenerGroupImpl.fireEventOnEachListener(EventListenerGroupImpl.java:102)
	at org.hibernate.internal.SessionImpl.doFlush(SessionImpl.java:1352)
	at org.hibernate.internal.SessionImpl.managedFlush(SessionImpl.java:443)
	at org.hibernate.internal.SessionImpl.flushBeforeTransactionCompletion(SessionImpl.java:3202)
	at org.hibernate.internal.SessionImpl.beforeTransactionCompletion(SessionImpl.java:2370)
	at org.hibernate.engine.jdbc.internal.JdbcCoordinatorImpl.beforeTransactionCompletion(JdbcCoordinatorImpl.java:447)
	at org.hibernate.resource.transaction.backend.jdbc.internal.JdbcResourceLocalTransactionCoordinatorImpl.beforeCompletionCallback(JdbcResourceLocalTransactionCoordinatorImpl.java:183)
	at org.hibernate.resource.transaction.backend.jdbc.internal.JdbcResourceLocalTransactionCoordinatorImpl.access$300(JdbcResourceLocalTransactionCoordinatorImpl.java:40)
	at org.hibernate.resource.transaction.backend.jdbc.internal.JdbcResourceLocalTransactionCoordinatorImpl$TransactionDriverControlImpl.commit(JdbcResourceLocalTransactionCoordinatorImpl.java:281)
	at org.hibernate.engine.transaction.internal.TransactionImpl.commit(TransactionImpl.java:101)
	at org.springframework.orm.jpa.JpaTransactionManager.doCommit(JpaTransactionManager.java:534)
	at org.springframework.transaction.support.AbstractPlatformTransactionManager.processCommit(AbstractPlatformTransactionManager.java:743)
	at org.springframework.transaction.support.AbstractPlatformTransactionManager.commit(AbstractPlatformTransactionManager.java:711)
	at org.springframework.transaction.interceptor.TransactionAspectSupport.commitTransactionAfterReturning(TransactionAspectSupport.java:631)
	at org.springframework.transaction.interceptor.TransactionAspectSupport.invokeWithinTransaction(TransactionAspectSupport.java:385)
	at org.springframework.transaction.interceptor.TransactionInterceptor.invoke(TransactionInterceptor.java:118)
	at org.springframework.aop.framework.ReflectiveMethodInvocation.proceed(ReflectiveMethodInvocation.java:186)
	at org.springframework.aop.framework.CglibAopProxy$CglibMethodInvocation.proceed(CglibAopProxy.java:749)
	at org.springframework.aop.framework.CglibAopProxy$DynamicAdvisedInterceptor.intercept(CglibAopProxy.java:691)
	at com.surshree.app.services.CustomUserDetailsService$$EnhancerBySpringCGLIB$$5f0c89e6.saveOrUpdateUser(<generated>)
	at com.surshree.app.controllers.UserController.updateUserProfile(UserController.java:152)
	at java.base/jdk.internal.reflect.NativeMethodAccessorImpl.invoke0(Native Method)
	at java.base/jdk.internal.reflect.NativeMethodAccessorImpl.invoke(NativeMethodAccessorImpl.java:62)
	at java.base/jdk.internal.reflect.DelegatingMethodAccessorImpl.invoke(DelegatingMethodAccessorImpl.java:43)
	at java.base/java.lang.reflect.Method.invoke(Method.java:566)
	at org.springframework.web.method.support.InvocableHandlerMethod.doInvoke(InvocableHandlerMethod.java:190)
	at org.springframework.web.method.support.InvocableHandlerMethod.invokeForRequest(InvocableHandlerMethod.java:138)
	at org.springframework.web.servlet.mvc.method.annotation.ServletInvocableHandlerMethod.invokeAndHandle(ServletInvocableHandlerMethod.java:105)
	at org.springframework.web.servlet.mvc.method.annotation.RequestMappingHandlerAdapter.invokeHandlerMethod(RequestMappingHandlerAdapter.java:879)
	at org.springframework.web.servlet.mvc.method.annotation.RequestMappingHandlerAdapter.handleInternal(RequestMappingHandlerAdapter.java:793)
	at org.springframework.web.servlet.mvc.method.AbstractHandlerMethodAdapter.handle(AbstractHandlerMethodAdapter.java:87)
	at org.springframework.web.servlet.DispatcherServlet.doDispatch(DispatcherServlet.java:1040)
	at org.springframework.web.servlet.DispatcherServlet.doService(DispatcherServlet.java:943)
	at org.springframework.web.servlet.FrameworkServlet.processRequest(FrameworkServlet.java:1006)
	at org.springframework.web.servlet.FrameworkServlet.doPost(FrameworkServlet.java:909)
	at javax.servlet.http.HttpServlet.service(HttpServlet.java:660)
	at org.springframework.web.servlet.FrameworkServlet.service(FrameworkServlet.java:883)
	at javax.servlet.http.HttpServlet.service(HttpServlet.java:741)
	at org.apache.catalina.core.ApplicationFilterChain.internalDoFilter(ApplicationFilterChain.java:231)
	at org.apache.catalina.core.ApplicationFilterChain.doFilter(ApplicationFilterChain.java:166)
	at org.apache.tomcat.websocket.server.WsFilter.doFilter(WsFilter.java:53)
	at org.apache.catalina.core.ApplicationFilterChain.internalDoFilter(ApplicationFilterChain.java:193)
	at org.apache.catalina.core.ApplicationFilterChain.doFilter(ApplicationFilterChain.java:166)
	at org.springframework.security.web.FilterChainProxy$VirtualFilterChain.doFilter(FilterChainProxy.java:320)
	at org.springframework.security.web.access.intercept.FilterSecurityInterceptor.invoke(FilterSecurityInterceptor.java:126)
	at org.springframework.security.web.access.intercept.FilterSecurityInterceptor.doFilter(FilterSecurityInterceptor.java:90)
	at org.springframework.security.web.FilterChainProxy$VirtualFilterChain.doFilter(FilterChainProxy.java:334)
	at org.springframework.security.web.access.ExceptionTranslationFilter.doFilter(ExceptionTranslationFilter.java:118)
	at org.springframework.security.web.FilterChainProxy$VirtualFilterChain.doFilter(FilterChainProxy.java:334)
	at org.springframework.security.web.session.SessionManagementFilter.doFilter(SessionManagementFilter.java:137)
	at org.springframework.security.web.FilterChainProxy$VirtualFilterChain.doFilter(FilterChainProxy.java:334)
	at org.springframework.security.web.authentication.AnonymousAuthenticationFilter.doFilter(AnonymousAuthenticationFilter.java:111)
	at org.springframework.security.web.FilterChainProxy$VirtualFilterChain.doFilter(FilterChainProxy.java:334)
	at org.springframework.security.web.servletapi.SecurityContextHolderAwareRequestFilter.doFilter(SecurityContextHolderAwareRequestFilter.java:158)
	at org.springframework.security.web.FilterChainProxy$VirtualFilterChain.doFilter(FilterChainProxy.java:334)
	at org.springframework.security.web.savedrequest.RequestCacheAwareFilter.doFilter(RequestCacheAwareFilter.java:63)
	at org.springframework.security.web.FilterChainProxy$VirtualFilterChain.doFilter(FilterChainProxy.java:334)
	at org.springframework.security.oauth2.provider.authentication.OAuth2AuthenticationProcessingFilter.doFilter(OAuth2AuthenticationProcessingFilter.java:176)
	at org.springframework.security.web.FilterChainProxy$VirtualFilterChain.doFilter(FilterChainProxy.java:334)
	at org.springframework.security.web.authentication.logout.LogoutFilter.doFilter(LogoutFilter.java:116)
	at org.springframework.security.web.FilterChainProxy$VirtualFilterChain.doFilter(FilterChainProxy.java:334)
	at org.springframework.security.web.header.HeaderWriterFilter.doHeadersAfter(HeaderWriterFilter.java:92)
	at org.springframework.security.web.header.HeaderWriterFilter.doFilterInternal(HeaderWriterFilter.java:77)
	at org.springframework.web.filter.OncePerRequestFilter.doFilter(OncePerRequestFilter.java:119)
	at org.springframework.security.web.FilterChainProxy$VirtualFilterChain.doFilter(FilterChainProxy.java:334)
	at org.springframework.security.web.context.SecurityContextPersistenceFilter.doFilter(SecurityContextPersistenceFilter.java:105)
	at org.springframework.security.web.FilterChainProxy$VirtualFilterChain.doFilter(FilterChainProxy.java:334)
	at org.springframework.security.web.context.request.async.WebAsyncManagerIntegrationFilter.doFilterInternal(WebAsyncManagerIntegrationFilter.java:56)
	at org.springframework.web.filter.OncePerRequestFilter.doFilter(OncePerRequestFilter.java:119)
	at org.springframework.security.web.FilterChainProxy$VirtualFilterChain.doFilter(FilterChainProxy.java:334)
	at org.springframework.security.web.FilterChainProxy.doFilterInternal(FilterChainProxy.java:215)
	at org.springframework.security.web.FilterChainProxy.doFilter(FilterChainProxy.java:178)
	at org.springframework.web.filter.DelegatingFilterProxy.invokeDelegate(DelegatingFilterProxy.java:358)
	at org.springframework.web.filter.DelegatingFilterProxy.doFilter(DelegatingFilterProxy.java:271)
	at org.apache.catalina.core.ApplicationFilterChain.internalDoFilter(ApplicationFilterChain.java:193)
	at org.apache.catalina.core.ApplicationFilterChain.doFilter(ApplicationFilterChain.java:166)
	at org.springframework.web.filter.RequestContextFilter.doFilterInternal(RequestContextFilter.java:100)
	at org.springframework.web.filter.OncePerRequestFilter.doFilter(OncePerRequestFilter.java:119)
	at org.apache.catalina.core.ApplicationFilterChain.internalDoFilter(ApplicationFilterChain.java:193)
	at org.apache.catalina.core.ApplicationFilterChain.doFilter(ApplicationFilterChain.java:166)
	at org.springframework.web.filter.FormContentFilter.doFilterInternal(FormContentFilter.java:93)
	at org.springframework.web.filter.OncePerRequestFilter.doFilter(OncePerRequestFilter.java:119)
	at org.apache.catalina.core.ApplicationFilterChain.internalDoFilter(ApplicationFilterChain.java:193)
	at org.apache.catalina.core.ApplicationFilterChain.doFilter(ApplicationFilterChain.java:166)
	at org.springframework.boot.actuate.metrics.web.servlet.WebMvcMetricsFilter.doFilterInternal(WebMvcMetricsFilter.java:109)
	at org.springframework.web.filter.OncePerRequestFilter.doFilter(OncePerRequestFilter.java:119)
	at org.apache.catalina.core.ApplicationFilterChain.internalDoFilter(ApplicationFilterChain.java:193)
	at org.apache.catalina.core.ApplicationFilterChain.doFilter(ApplicationFilterChain.java:166)
	at org.springframework.web.filter.CharacterEncodingFilter.doFilterInternal(CharacterEncodingFilter.java:201)
	at org.springframework.web.filter.OncePerRequestFilter.doFilter(OncePerRequestFilter.java:119)
	at org.apache.catalina.core.ApplicationFilterChain.internalDoFilter(ApplicationFilterChain.java:193)
	at org.apache.catalina.core.ApplicationFilterChain.doFilter(ApplicationFilterChain.java:166)
	at org.apache.catalina.core.StandardWrapperValve.invoke(StandardWrapperValve.java:202)
	at org.apache.catalina.core.StandardContextValve.invoke(StandardContextValve.java:96)
	at org.apache.catalina.authenticator.AuthenticatorBase.invoke(AuthenticatorBase.java:541)
	at org.apache.catalina.core.StandardHostValve.invoke(StandardHostValve.java:139)
	at org.apache.catalina.valves.ErrorReportValve.invoke(ErrorReportValve.java:92)
	at org.apache.catalina.core.StandardEngineValve.invoke(StandardEngineValve.java:74)
	at org.apache.catalina.connector.CoyoteAdapter.service(CoyoteAdapter.java:343)
	at org.apache.coyote.http11.Http11Processor.service(Http11Processor.java:373)
	at org.apache.coyote.AbstractProcessorLight.process(AbstractProcessorLight.java:65)
	at org.apache.coyote.AbstractProtocol$ConnectionHandler.process(AbstractProtocol.java:868)
	at org.apache.tomcat.util.net.NioEndpoint$SocketProcessor.doRun(NioEndpoint.java:1594)
	at org.apache.tomcat.util.net.SocketProcessorBase.run(SocketProcessorBase.java:49)
	at java.base/java.util.concurrent.ThreadPoolExecutor.runWorker(ThreadPoolExecutor.java:1128)
	at java.base/java.util.concurrent.ThreadPoolExecutor$Worker.run(ThreadPoolExecutor.java:628)
	at org.apache.tomcat.util.threads.TaskThread$WrappingRunnable.run(TaskThread.java:61)
	at java.base/java.lang.Thread.run(Thread.java:834)
2020-05-22 10:53:17,053 INFO com.surshree.app.scheduling.CacheScheduler [scheduling-1] Clear user cache : START
2020-05-22 10:53:17,054 INFO com.surshree.app.scheduling.CacheScheduler [scheduling-1] Clear user cache : END
2020-05-22 10:53:39,813 INFO com.surshree.app.services.CustomUserDetailsService [http-nio-8080-exec-10] Granted Authorities --> ROLE_CONT
2020-05-22 10:53:39,814 INFO com.surshree.app.services.CustomUserDetailsService [http-nio-8080-exec-10] Granted Authorities --> ROLE_ADMN
2020-05-22 10:53:39,815 INFO com.surshree.app.services.CustomUserDetailsService [http-nio-8080-exec-10] Granted Authorities --> FUNC_CONT_MENU
2020-05-22 10:53:39,816 INFO com.surshree.app.services.CustomUserDetailsService [http-nio-8080-exec-10] Granted Authorities --> FUNC_VIEW_ADMIN_MENU
2020-05-22 10:53:39,816 INFO com.surshree.app.services.CustomUserDetailsService [http-nio-8080-exec-10] Granted Authorities --> FUNC_CONT_MENU
2020-05-22 10:54:26,351 INFO com.surshree.app.services.CustomUserDetailsService [http-nio-8080-exec-1] Granted Authorities --> ROLE_CONT
2020-05-22 10:54:26,352 INFO com.surshree.app.services.CustomUserDetailsService [http-nio-8080-exec-1] Granted Authorities --> ROLE_ADMN
2020-05-22 10:54:26,353 INFO com.surshree.app.services.CustomUserDetailsService [http-nio-8080-exec-1] Granted Authorities --> FUNC_CONT_MENU
2020-05-22 10:54:26,353 INFO com.surshree.app.services.CustomUserDetailsService [http-nio-8080-exec-1] Granted Authorities --> FUNC_VIEW_ADMIN_MENU
2020-05-22 10:54:26,353 INFO com.surshree.app.services.CustomUserDetailsService [http-nio-8080-exec-1] Granted Authorities --> FUNC_CONT_MENU
2020-05-22 10:55:00,220 INFO com.surshree.app.services.CustomUserDetailsService [http-nio-8080-exec-5] Granted Authorities --> ROLE_CONT
2020-05-22 10:55:00,221 INFO com.surshree.app.services.CustomUserDetailsService [http-nio-8080-exec-5] Granted Authorities --> ROLE_ADMN
2020-05-22 10:55:00,223 INFO com.surshree.app.services.CustomUserDetailsService [http-nio-8080-exec-5] Granted Authorities --> FUNC_CONT_MENU
2020-05-22 10:55:00,223 INFO com.surshree.app.services.CustomUserDetailsService [http-nio-8080-exec-5] Granted Authorities --> FUNC_VIEW_ADMIN_MENU
2020-05-22 10:55:00,224 INFO com.surshree.app.services.CustomUserDetailsService [http-nio-8080-exec-5] Granted Authorities --> FUNC_CONT_MENU
2020-05-22 10:55:00,798 INFO com.surshree.app.services.CustomUserDetailsService [http-nio-8080-exec-8] Granted Authorities --> ROLE_CONT
2020-05-22 10:55:00,799 INFO com.surshree.app.services.CustomUserDetailsService [http-nio-8080-exec-8] Granted Authorities --> ROLE_ADMN
2020-05-22 10:55:00,800 INFO com.surshree.app.services.CustomUserDetailsService [http-nio-8080-exec-8] Granted Authorities --> FUNC_CONT_MENU
2020-05-22 10:55:00,800 INFO com.surshree.app.services.CustomUserDetailsService [http-nio-8080-exec-8] Granted Authorities --> FUNC_VIEW_ADMIN_MENU
2020-05-22 10:55:00,801 INFO com.surshree.app.services.CustomUserDetailsService [http-nio-8080-exec-8] Granted Authorities --> FUNC_CONT_MENU
2020-05-22 10:55:36,320 WARN com.zaxxer.hikari.pool.HikariPool$HouseKeeper [HikariPool-1 housekeeper] HikariPool-1 - Retrograde clock change detected (housekeeper delta=28s298ms), soft-evicting connections from pool.
2020-05-22 10:58:53,540 INFO com.surshree.app.services.CustomUserDetailsService [http-nio-8080-exec-4] Granted Authorities --> ROLE_CONT
2020-05-22 10:58:53,542 INFO com.surshree.app.services.CustomUserDetailsService [http-nio-8080-exec-4] Granted Authorities --> ROLE_ADMN
2020-05-22 10:58:53,543 INFO com.surshree.app.services.CustomUserDetailsService [http-nio-8080-exec-4] Granted Authorities --> FUNC_CONT_MENU
2020-05-22 10:58:53,544 INFO com.surshree.app.services.CustomUserDetailsService [http-nio-8080-exec-4] Granted Authorities --> FUNC_VIEW_ADMIN_MENU
2020-05-22 10:58:53,546 INFO com.surshree.app.services.CustomUserDetailsService [http-nio-8080-exec-4] Granted Authorities --> FUNC_CONT_MENU
2020-05-22 10:58:54,119 INFO com.surshree.app.services.CustomUserDetailsService [http-nio-8080-exec-3] Granted Authorities --> ROLE_CONT
2020-05-22 10:58:54,120 INFO com.surshree.app.services.CustomUserDetailsService [http-nio-8080-exec-3] Granted Authorities --> ROLE_ADMN
2020-05-22 10:58:54,120 INFO com.surshree.app.services.CustomUserDetailsService [http-nio-8080-exec-3] Granted Authorities --> FUNC_CONT_MENU
2020-05-22 10:58:54,121 INFO com.surshree.app.services.CustomUserDetailsService [http-nio-8080-exec-3] Granted Authorities --> FUNC_VIEW_ADMIN_MENU
2020-05-22 10:58:54,121 INFO com.surshree.app.services.CustomUserDetailsService [http-nio-8080-exec-3] Granted Authorities --> FUNC_CONT_MENU
2020-05-22 10:59:27,795 INFO com.surshree.app.services.CustomUserDetailsService [http-nio-8080-exec-9] Granted Authorities --> ROLE_CONT
2020-05-22 10:59:27,797 INFO com.surshree.app.services.CustomUserDetailsService [http-nio-8080-exec-9] Granted Authorities --> ROLE_ADMN
2020-05-22 10:59:27,798 INFO com.surshree.app.services.CustomUserDetailsService [http-nio-8080-exec-9] Granted Authorities --> FUNC_CONT_MENU
2020-05-22 10:59:27,798 INFO com.surshree.app.services.CustomUserDetailsService [http-nio-8080-exec-9] Granted Authorities --> FUNC_VIEW_ADMIN_MENU
2020-05-22 10:59:27,799 INFO com.surshree.app.services.CustomUserDetailsService [http-nio-8080-exec-9] Granted Authorities --> FUNC_CONT_MENU
2020-05-22 10:59:28,301 INFO com.surshree.app.services.CustomUserDetailsService [http-nio-8080-exec-2] Granted Authorities --> ROLE_CONT
2020-05-22 10:59:28,301 INFO com.surshree.app.services.CustomUserDetailsService [http-nio-8080-exec-2] Granted Authorities --> ROLE_ADMN
2020-05-22 10:59:28,302 INFO com.surshree.app.services.CustomUserDetailsService [http-nio-8080-exec-2] Granted Authorities --> FUNC_CONT_MENU
2020-05-22 10:59:28,302 INFO com.surshree.app.services.CustomUserDetailsService [http-nio-8080-exec-2] Granted Authorities --> FUNC_VIEW_ADMIN_MENU
2020-05-22 10:59:28,303 INFO com.surshree.app.services.CustomUserDetailsService [http-nio-8080-exec-2] Granted Authorities --> FUNC_CONT_MENU
2020-05-22 11:03:10,214 INFO org.springframework.boot.SpringApplication [main] No active profile set, falling back to default profiles: default
2020-05-22 11:03:11,669 INFO org.springframework.data.repository.config.RepositoryConfigurationDelegate [main] Bootstrapping Spring Data JPA repositories in DEFAULT mode.
2020-05-22 11:03:11,860 INFO org.springframework.data.repository.config.RepositoryConfigurationDelegate [main] Finished Spring Data repository scanning in 169ms. Found 8 JPA repository interfaces.
2020-05-22 11:03:12,885 INFO org.springframework.cloud.context.scope.GenericScope [main] BeanFactory id=09de6793-75b2-3e12-ac73-9dfe2885e5c5
2020-05-22 11:03:14,068 INFO org.springframework.boot.web.embedded.tomcat.TomcatWebServer [main] Tomcat initialized with port(s): 8080 (http)
2020-05-22 11:03:14,086 INFO org.apache.juli.logging.DirectJDKLog [main] Initializing ProtocolHandler ["http-nio-8080"]
2020-05-22 11:03:14,087 INFO org.apache.juli.logging.DirectJDKLog [main] Starting service [Tomcat]
2020-05-22 11:03:14,088 INFO org.apache.juli.logging.DirectJDKLog [main] Starting Servlet engine: [Apache Tomcat/9.0.33]
2020-05-22 11:03:14,421 INFO org.apache.juli.logging.DirectJDKLog [main] Initializing Spring embedded WebApplicationContext
2020-05-22 11:03:14,421 INFO org.springframework.boot.web.servlet.context.ServletWebServerApplicationContext [main] Root WebApplicationContext: initialization completed in 4132 ms
2020-05-22 11:03:15,062 INFO com.surshree.app.config.CacheConfig [main] Initializing cache.
2020-05-22 11:03:15,222 INFO org.hibernate.jpa.internal.util.LogHelper [main] HHH000204: Processing PersistenceUnitInfo [name: default]
2020-05-22 11:03:15,386 INFO org.hibernate.Version [main] HHH000412: Hibernate ORM core version 5.4.12.Final
2020-05-22 11:03:15,694 INFO org.hibernate.annotations.common.reflection.java.JavaReflectionManager [main] HCANN000001: Hibernate Commons Annotations {5.1.0.Final}
2020-05-22 11:03:15,931 INFO com.zaxxer.hikari.HikariDataSource [main] HikariPool-1 - Starting...
2020-05-22 11:03:16,129 INFO com.zaxxer.hikari.HikariDataSource [main] HikariPool-1 - Start completed.
2020-05-22 11:03:16,163 INFO org.hibernate.dialect.Dialect [main] HHH000400: Using dialect: org.hibernate.dialect.PostgreSQL10Dialect
2020-05-22 11:03:18,444 INFO org.hibernate.engine.transaction.jta.platform.internal.JtaPlatformInitiator [main] HHH000490: Using JtaPlatform implementation: [org.hibernate.engine.transaction.jta.platform.internal.NoJtaPlatform]
2020-05-22 11:03:18,673 INFO org.springframework.orm.jpa.AbstractEntityManagerFactoryBean [main] Initialized JPA EntityManagerFactory for persistence unit 'default'
2020-05-22 11:03:18,780 WARN org.springframework.boot.autoconfigure.orm.jpa.JpaBaseConfiguration$JpaWebConfiguration [main] spring.jpa.open-in-view is enabled by default. Therefore, database queries may be performed during view rendering. Explicitly configure spring.jpa.open-in-view to disable this warning
2020-05-22 11:03:21,107 INFO org.springframework.security.web.DefaultSecurityFilterChain [main] Creating filter chain: OrRequestMatcher [requestMatchers=[Ant [pattern='/oauth/token'], Ant [pattern='/oauth/token_key'], Ant [pattern='/oauth/check_token']]], [org.springframework.security.web.context.request.async.WebAsyncManagerIntegrationFilter@2b57dc2, org.springframework.security.web.context.SecurityContextPersistenceFilter@26864891, org.springframework.security.web.header.HeaderWriterFilter@5e752a2a, org.springframework.security.web.authentication.logout.LogoutFilter@5f171392, org.springframework.web.filter.CorsFilter@75c36570, org.springframework.security.web.authentication.www.BasicAuthenticationFilter@470c2a7a, org.springframework.security.web.savedrequest.RequestCacheAwareFilter@651a399, org.springframework.security.web.servletapi.SecurityContextHolderAwareRequestFilter@162c89ac, org.springframework.security.web.authentication.AnonymousAuthenticationFilter@67857a20, org.springframework.security.web.session.SessionManagementFilter@46e32574, org.springframework.security.web.access.ExceptionTranslationFilter@313c3cb, org.springframework.security.web.access.intercept.FilterSecurityInterceptor@4945cd1f]
2020-05-22 11:03:21,222 INFO org.springframework.security.web.DefaultSecurityFilterChain [main] Creating filter chain: com.surshree.app.config.ResourceServerConfig$$Lambda$1044/0x0000000800a28840@70eced1f, [org.springframework.security.web.context.request.async.WebAsyncManagerIntegrationFilter@39068df9, org.springframework.security.web.context.SecurityContextPersistenceFilter@294aaa6, org.springframework.security.web.header.HeaderWriterFilter@79690a0a, org.springframework.security.web.authentication.logout.LogoutFilter@2298d741, org.springframework.security.oauth2.provider.authentication.OAuth2AuthenticationProcessingFilter@5680f009, org.springframework.security.web.savedrequest.RequestCacheAwareFilter@1f612968, org.springframework.security.web.servletapi.SecurityContextHolderAwareRequestFilter@2ee949d4, org.springframework.security.web.authentication.AnonymousAuthenticationFilter@4ca83ec3, org.springframework.security.web.session.SessionManagementFilter@619944a7, org.springframework.security.web.access.ExceptionTranslationFilter@373c367, org.springframework.security.web.access.intercept.FilterSecurityInterceptor@213d5189]
2020-05-22 11:03:21,662 INFO org.springframework.boot.actuate.endpoint.web.EndpointLinksResolver [main] Exposing 2 endpoint(s) beneath base path '/actuator'
2020-05-22 11:03:21,691 INFO org.springframework.security.web.DefaultSecurityFilterChain [main] Creating filter chain: any request, [org.springframework.security.web.context.request.async.WebAsyncManagerIntegrationFilter@168ffb0, org.springframework.security.web.context.SecurityContextPersistenceFilter@517d68b8, org.springframework.security.web.header.HeaderWriterFilter@dfe2875, org.springframework.web.filter.CorsFilter@ca90087, org.springframework.security.web.authentication.logout.LogoutFilter@209ab1d7, org.springframework.security.web.authentication.www.BasicAuthenticationFilter@cf933b1, org.springframework.security.web.savedrequest.RequestCacheAwareFilter@58b03882, org.springframework.security.web.servletapi.SecurityContextHolderAwareRequestFilter@24710e61, org.springframework.security.web.authentication.AnonymousAuthenticationFilter@59a49dbc, org.springframework.security.web.session.SessionManagementFilter@402fcf14, org.springframework.security.web.access.ExceptionTranslationFilter@2ff4d61b, org.springframework.security.web.access.intercept.FilterSecurityInterceptor@544faa01]
2020-05-22 11:03:21,857 INFO org.springframework.scheduling.concurrent.ExecutorConfigurationSupport [main] Initializing ExecutorService 'applicationTaskExecutor'
2020-05-22 11:03:22,240 INFO org.springframework.scheduling.concurrent.ExecutorConfigurationSupport [main] Initializing ExecutorService 'taskScheduler'
2020-05-22 11:03:22,383 INFO com.surshree.app.scheduling.CacheScheduler [scheduling-1] Clear user cache : START
2020-05-22 11:03:22,385 INFO com.surshree.app.scheduling.CacheScheduler [scheduling-1] Clear user cache : END
2020-05-22 11:03:22,386 INFO org.apache.juli.logging.DirectJDKLog [main] Starting ProtocolHandler ["http-nio-8080"]
2020-05-22 11:03:22,456 INFO org.springframework.boot.web.embedded.tomcat.TomcatWebServer [main] Tomcat started on port(s): 8080 (http) with context path ''
2020-05-22 11:03:22,463 INFO org.springframework.boot.StartupInfoLogger [main] Started SurShreeApplication in 14.561 seconds (JVM running for 15.946)
2020-05-22 11:05:58,587 INFO org.apache.juli.logging.DirectJDKLog [http-nio-8080-exec-1] Initializing Spring DispatcherServlet 'dispatcherServlet'
2020-05-22 11:05:58,594 INFO org.springframework.web.servlet.FrameworkServlet [http-nio-8080-exec-1] Initializing Servlet 'dispatcherServlet'
2020-05-22 11:05:58,625 INFO org.springframework.web.servlet.FrameworkServlet [http-nio-8080-exec-1] Completed initialization in 29 ms
2020-05-22 11:06:02,419 INFO com.surshree.app.services.CustomUserDetailsService [http-nio-8080-exec-3] Granted Authorities --> ROLE_ADMN
2020-05-22 11:06:02,422 INFO com.surshree.app.services.CustomUserDetailsService [http-nio-8080-exec-3] Granted Authorities --> ROLE_CONT
2020-05-22 11:06:02,423 INFO com.surshree.app.services.CustomUserDetailsService [http-nio-8080-exec-3] Granted Authorities --> FUNC_CONT_MENU
2020-05-22 11:06:02,424 INFO com.surshree.app.services.CustomUserDetailsService [http-nio-8080-exec-3] Granted Authorities --> FUNC_VIEW_ADMIN_MENU
2020-05-22 11:06:02,428 INFO com.surshree.app.services.CustomUserDetailsService [http-nio-8080-exec-3] Granted Authorities --> FUNC_CONT_MENU
2020-05-22 11:06:03,580 INFO com.surshree.app.services.CustomUserDetailsService [http-nio-8080-exec-5] Granted Authorities --> ROLE_ADMN
2020-05-22 11:06:03,582 INFO com.surshree.app.services.CustomUserDetailsService [http-nio-8080-exec-5] Granted Authorities --> ROLE_CONT
2020-05-22 11:06:03,582 INFO com.surshree.app.services.CustomUserDetailsService [http-nio-8080-exec-5] Granted Authorities --> FUNC_CONT_MENU
2020-05-22 11:06:03,583 INFO com.surshree.app.services.CustomUserDetailsService [http-nio-8080-exec-5] Granted Authorities --> FUNC_VIEW_ADMIN_MENU
2020-05-22 11:06:03,583 INFO com.surshree.app.services.CustomUserDetailsService [http-nio-8080-exec-5] Granted Authorities --> FUNC_CONT_MENU
2020-05-22 11:11:55,942 INFO com.surshree.app.services.CustomUserDetailsService [http-nio-8080-exec-3] Granted Authorities --> ROLE_ADMN
2020-05-22 11:11:55,946 INFO com.surshree.app.services.CustomUserDetailsService [http-nio-8080-exec-3] Granted Authorities --> ROLE_CONT
2020-05-22 11:11:55,947 INFO com.surshree.app.services.CustomUserDetailsService [http-nio-8080-exec-3] Granted Authorities --> FUNC_CONT_MENU
2020-05-22 11:11:55,949 INFO com.surshree.app.services.CustomUserDetailsService [http-nio-8080-exec-3] Granted Authorities --> FUNC_VIEW_ADMIN_MENU
2020-05-22 11:11:55,953 INFO com.surshree.app.services.CustomUserDetailsService [http-nio-8080-exec-3] Granted Authorities --> FUNC_CONT_MENU
2020-05-22 11:11:56,647 INFO com.surshree.app.services.CustomUserDetailsService [http-nio-8080-exec-6] Granted Authorities --> ROLE_ADMN
2020-05-22 11:11:56,649 INFO com.surshree.app.services.CustomUserDetailsService [http-nio-8080-exec-6] Granted Authorities --> ROLE_CONT
2020-05-22 11:11:56,653 INFO com.surshree.app.services.CustomUserDetailsService [http-nio-8080-exec-6] Granted Authorities --> FUNC_CONT_MENU
2020-05-22 11:11:56,656 INFO com.surshree.app.services.CustomUserDetailsService [http-nio-8080-exec-6] Granted Authorities --> FUNC_VIEW_ADMIN_MENU
2020-05-22 11:11:56,657 INFO com.surshree.app.services.CustomUserDetailsService [http-nio-8080-exec-6] Granted Authorities --> FUNC_CONT_MENU
2020-05-22 11:12:43,737 INFO com.surshree.app.services.CustomUserDetailsService [http-nio-8080-exec-10] Granted Authorities --> ROLE_ADMN
2020-05-22 11:12:43,738 INFO com.surshree.app.services.CustomUserDetailsService [http-nio-8080-exec-10] Granted Authorities --> ROLE_CONT
2020-05-22 11:12:43,739 INFO com.surshree.app.services.CustomUserDetailsService [http-nio-8080-exec-10] Granted Authorities --> FUNC_CONT_MENU
2020-05-22 11:12:43,740 INFO com.surshree.app.services.CustomUserDetailsService [http-nio-8080-exec-10] Granted Authorities --> FUNC_VIEW_ADMIN_MENU
2020-05-22 11:12:43,740 INFO com.surshree.app.services.CustomUserDetailsService [http-nio-8080-exec-10] Granted Authorities --> FUNC_CONT_MENU
2020-05-22 11:12:44,381 INFO com.surshree.app.services.CustomUserDetailsService [http-nio-8080-exec-2] Granted Authorities --> ROLE_ADMN
2020-05-22 11:12:44,382 INFO com.surshree.app.services.CustomUserDetailsService [http-nio-8080-exec-2] Granted Authorities --> ROLE_CONT
2020-05-22 11:12:44,382 INFO com.surshree.app.services.CustomUserDetailsService [http-nio-8080-exec-2] Granted Authorities --> FUNC_CONT_MENU
2020-05-22 11:12:44,383 INFO com.surshree.app.services.CustomUserDetailsService [http-nio-8080-exec-2] Granted Authorities --> FUNC_VIEW_ADMIN_MENU
2020-05-22 11:12:44,384 INFO com.surshree.app.services.CustomUserDetailsService [http-nio-8080-exec-2] Granted Authorities --> FUNC_CONT_MENU
2020-05-22 11:13:22,367 INFO com.surshree.app.scheduling.CacheScheduler [scheduling-1] Clear user cache : START
2020-05-22 11:13:22,375 INFO com.surshree.app.scheduling.CacheScheduler [scheduling-1] Clear user cache : END
2020-05-22 11:13:46,835 INFO org.springframework.security.oauth2.provider.token.store.JdbcTokenStore [http-nio-8080-exec-8] Failed to find access token for token e8dc8301-9ce2-480b-a342-07c7b7b5cc4e
2020-05-22 11:13:47,878 INFO org.springframework.security.oauth2.provider.token.store.JdbcTokenStore [http-nio-8080-exec-10] Failed to find access token for token e8dc8301-9ce2-480b-a342-07c7b7b5cc4e
2020-05-22 11:14:41,240 INFO com.surshree.app.services.CustomUserDetailsService [http-nio-8080-exec-2] Granted Authorities --> ROLE_ADMN
2020-05-22 11:14:41,243 INFO com.surshree.app.services.CustomUserDetailsService [http-nio-8080-exec-2] Granted Authorities --> ROLE_CONT
2020-05-22 11:14:41,244 INFO com.surshree.app.services.CustomUserDetailsService [http-nio-8080-exec-2] Granted Authorities --> FUNC_CONT_MENU
2020-05-22 11:14:41,244 INFO com.surshree.app.services.CustomUserDetailsService [http-nio-8080-exec-2] Granted Authorities --> FUNC_VIEW_ADMIN_MENU
2020-05-22 11:14:41,245 INFO com.surshree.app.services.CustomUserDetailsService [http-nio-8080-exec-2] Granted Authorities --> FUNC_CONT_MENU
2020-05-22 11:14:41,280 INFO org.springframework.security.oauth2.provider.token.store.JdbcTokenStore [http-nio-8080-exec-2] Failed to find access token for token aae1f76d-dd39-4c1a-8a8a-c275b69cd368
2020-05-22 11:14:41,968 INFO com.surshree.app.services.CustomUserDetailsService [http-nio-8080-exec-4] Granted Authorities --> ROLE_ADMN
2020-05-22 11:14:41,969 INFO com.surshree.app.services.CustomUserDetailsService [http-nio-8080-exec-4] Granted Authorities --> ROLE_CONT
2020-05-22 11:14:41,970 INFO com.surshree.app.services.CustomUserDetailsService [http-nio-8080-exec-4] Granted Authorities --> FUNC_CONT_MENU
2020-05-22 11:14:41,970 INFO com.surshree.app.services.CustomUserDetailsService [http-nio-8080-exec-4] Granted Authorities --> FUNC_VIEW_ADMIN_MENU
2020-05-22 11:14:41,971 INFO com.surshree.app.services.CustomUserDetailsService [http-nio-8080-exec-4] Granted Authorities --> FUNC_CONT_MENU
2020-05-22 11:14:42,745 INFO com.surshree.app.services.CustomUserDetailsService [http-nio-8080-exec-6] Granted Authorities --> ROLE_ADMN
2020-05-22 11:14:42,748 INFO com.surshree.app.services.CustomUserDetailsService [http-nio-8080-exec-6] Granted Authorities --> ROLE_CONT
2020-05-22 11:14:42,749 INFO com.surshree.app.services.CustomUserDetailsService [http-nio-8080-exec-6] Granted Authorities --> FUNC_CONT_MENU
2020-05-22 11:14:42,749 INFO com.surshree.app.services.CustomUserDetailsService [http-nio-8080-exec-6] Granted Authorities --> FUNC_VIEW_ADMIN_MENU
2020-05-22 11:14:42,750 INFO com.surshree.app.services.CustomUserDetailsService [http-nio-8080-exec-6] Granted Authorities --> FUNC_CONT_MENU
2020-05-22 11:14:46,798 INFO com.surshree.app.services.CustomUserDetailsService [http-nio-8080-exec-10] Granted Authorities --> ROLE_ADMN
2020-05-22 11:14:46,801 INFO com.surshree.app.services.CustomUserDetailsService [http-nio-8080-exec-10] Granted Authorities --> ROLE_CONT
2020-05-22 11:14:46,803 INFO com.surshree.app.services.CustomUserDetailsService [http-nio-8080-exec-10] Granted Authorities --> FUNC_CONT_MENU
2020-05-22 11:14:46,804 INFO com.surshree.app.services.CustomUserDetailsService [http-nio-8080-exec-10] Granted Authorities --> FUNC_VIEW_ADMIN_MENU
2020-05-22 11:14:46,805 INFO com.surshree.app.services.CustomUserDetailsService [http-nio-8080-exec-10] Granted Authorities --> FUNC_CONT_MENU
2020-05-22 11:14:54,264 INFO com.surshree.app.services.CustomUserDetailsService [http-nio-8080-exec-1] Granted Authorities --> ROLE_ADMN
2020-05-22 11:14:54,266 INFO com.surshree.app.services.CustomUserDetailsService [http-nio-8080-exec-1] Granted Authorities --> ROLE_CONT
2020-05-22 11:14:54,267 INFO com.surshree.app.services.CustomUserDetailsService [http-nio-8080-exec-1] Granted Authorities --> FUNC_CONT_MENU
2020-05-22 11:14:54,268 INFO com.surshree.app.services.CustomUserDetailsService [http-nio-8080-exec-1] Granted Authorities --> FUNC_VIEW_ADMIN_MENU
2020-05-22 11:14:54,268 INFO com.surshree.app.services.CustomUserDetailsService [http-nio-8080-exec-1] Granted Authorities --> FUNC_CONT_MENU
2020-05-22 11:14:54,820 INFO com.surshree.app.services.CustomUserDetailsService [http-nio-8080-exec-4] Granted Authorities --> ROLE_ADMN
2020-05-22 11:14:54,822 INFO com.surshree.app.services.CustomUserDetailsService [http-nio-8080-exec-4] Granted Authorities --> ROLE_CONT
2020-05-22 11:14:54,822 INFO com.surshree.app.services.CustomUserDetailsService [http-nio-8080-exec-4] Granted Authorities --> FUNC_CONT_MENU
2020-05-22 11:14:54,823 INFO com.surshree.app.services.CustomUserDetailsService [http-nio-8080-exec-4] Granted Authorities --> FUNC_VIEW_ADMIN_MENU
2020-05-22 11:14:54,824 INFO com.surshree.app.services.CustomUserDetailsService [http-nio-8080-exec-4] Granted Authorities --> FUNC_CONT_MENU
2020-05-22 11:16:08,418 INFO com.surshree.app.services.CustomUserDetailsService [http-nio-8080-exec-9] Granted Authorities --> ROLE_ADMN
2020-05-22 11:16:08,419 INFO com.surshree.app.services.CustomUserDetailsService [http-nio-8080-exec-9] Granted Authorities --> ROLE_CONT
2020-05-22 11:16:08,420 INFO com.surshree.app.services.CustomUserDetailsService [http-nio-8080-exec-9] Granted Authorities --> FUNC_CONT_MENU
2020-05-22 11:16:08,420 INFO com.surshree.app.services.CustomUserDetailsService [http-nio-8080-exec-9] Granted Authorities --> FUNC_VIEW_ADMIN_MENU
2020-05-22 11:16:08,421 INFO com.surshree.app.services.CustomUserDetailsService [http-nio-8080-exec-9] Granted Authorities --> FUNC_CONT_MENU
2020-05-22 11:16:09,019 INFO com.surshree.app.services.CustomUserDetailsService [http-nio-8080-exec-1] Granted Authorities --> ROLE_ADMN
2020-05-22 11:16:09,019 INFO com.surshree.app.services.CustomUserDetailsService [http-nio-8080-exec-1] Granted Authorities --> ROLE_CONT
2020-05-22 11:16:09,020 INFO com.surshree.app.services.CustomUserDetailsService [http-nio-8080-exec-1] Granted Authorities --> FUNC_CONT_MENU
2020-05-22 11:16:09,020 INFO com.surshree.app.services.CustomUserDetailsService [http-nio-8080-exec-1] Granted Authorities --> FUNC_VIEW_ADMIN_MENU
2020-05-22 11:16:09,021 INFO com.surshree.app.services.CustomUserDetailsService [http-nio-8080-exec-1] Granted Authorities --> FUNC_CONT_MENU
2020-05-22 11:16:13,756 INFO com.surshree.app.services.CustomUserDetailsService [http-nio-8080-exec-5] Granted Authorities --> ROLE_ADMN
2020-05-22 11:16:13,757 INFO com.surshree.app.services.CustomUserDetailsService [http-nio-8080-exec-5] Granted Authorities --> ROLE_CONT
2020-05-22 11:16:13,757 INFO com.surshree.app.services.CustomUserDetailsService [http-nio-8080-exec-5] Granted Authorities --> FUNC_CONT_MENU
2020-05-22 11:16:13,757 INFO com.surshree.app.services.CustomUserDetailsService [http-nio-8080-exec-5] Granted Authorities --> FUNC_VIEW_ADMIN_MENU
2020-05-22 11:16:13,758 INFO com.surshree.app.services.CustomUserDetailsService [http-nio-8080-exec-5] Granted Authorities --> FUNC_CONT_MENU
2020-05-22 11:16:14,331 INFO com.surshree.app.services.CustomUserDetailsService [http-nio-8080-exec-8] Granted Authorities --> ROLE_ADMN
2020-05-22 11:16:14,335 INFO com.surshree.app.services.CustomUserDetailsService [http-nio-8080-exec-8] Granted Authorities --> ROLE_CONT
2020-05-22 11:16:14,336 INFO com.surshree.app.services.CustomUserDetailsService [http-nio-8080-exec-8] Granted Authorities --> FUNC_CONT_MENU
2020-05-22 11:16:14,337 INFO com.surshree.app.services.CustomUserDetailsService [http-nio-8080-exec-8] Granted Authorities --> FUNC_VIEW_ADMIN_MENU
2020-05-22 11:16:14,338 INFO com.surshree.app.services.CustomUserDetailsService [http-nio-8080-exec-8] Granted Authorities --> FUNC_CONT_MENU
2020-05-22 11:21:16,387 ERROR com.surshree.app.exception.CustomResponseEntityExceptionHandler [http-nio-8080-exec-5] java.io.IOException: Broken pipe
org.apache.catalina.connector.ClientAbortException: java.io.IOException: Broken pipe
	at org.apache.catalina.connector.OutputBuffer.realWriteBytes(OutputBuffer.java:351)
	at org.apache.catalina.connector.OutputBuffer.flushByteBuffer(OutputBuffer.java:776)
	at org.apache.catalina.connector.OutputBuffer.append(OutputBuffer.java:681)
	at org.apache.catalina.connector.OutputBuffer.writeBytes(OutputBuffer.java:386)
	at org.apache.catalina.connector.OutputBuffer.write(OutputBuffer.java:364)
	at org.apache.catalina.connector.CoyoteOutputStream.write(CoyoteOutputStream.java:96)
	at org.springframework.security.web.util.OnCommittedResponseWrapper$SaveContextServletOutputStream.write(OnCommittedResponseWrapper.java:645)
	at org.springframework.security.web.util.OnCommittedResponseWrapper$SaveContextServletOutputStream.write(OnCommittedResponseWrapper.java:645)
	at org.springframework.util.StreamUtils.copyRange(StreamUtils.java:180)
	at org.springframework.http.converter.ResourceRegionHttpMessageConverter.writeResourceRegion(ResourceRegionHttpMessageConverter.java:159)
	at org.springframework.http.converter.ResourceRegionHttpMessageConverter.writeInternal(ResourceRegionHttpMessageConverter.java:136)
	at org.springframework.http.converter.AbstractGenericHttpMessageConverter.write(AbstractGenericHttpMessageConverter.java:104)
	at org.springframework.web.servlet.mvc.method.annotation.AbstractMessageConverterMethodProcessor.writeWithMessageConverters(AbstractMessageConverterMethodProcessor.java:287)
	at org.springframework.web.servlet.mvc.method.annotation.HttpEntityMethodProcessor.handleReturnValue(HttpEntityMethodProcessor.java:219)
	at org.springframework.web.method.support.HandlerMethodReturnValueHandlerComposite.handleReturnValue(HandlerMethodReturnValueHandlerComposite.java:82)
	at org.springframework.web.servlet.mvc.method.annotation.ServletInvocableHandlerMethod.invokeAndHandle(ServletInvocableHandlerMethod.java:123)
	at org.springframework.web.servlet.mvc.method.annotation.RequestMappingHandlerAdapter.invokeHandlerMethod(RequestMappingHandlerAdapter.java:879)
	at org.springframework.web.servlet.mvc.method.annotation.RequestMappingHandlerAdapter.handleInternal(RequestMappingHandlerAdapter.java:793)
	at org.springframework.web.servlet.mvc.method.AbstractHandlerMethodAdapter.handle(AbstractHandlerMethodAdapter.java:87)
	at org.springframework.web.servlet.DispatcherServlet.doDispatch(DispatcherServlet.java:1040)
	at org.springframework.web.servlet.DispatcherServlet.doService(DispatcherServlet.java:943)
	at org.springframework.web.servlet.FrameworkServlet.processRequest(FrameworkServlet.java:1006)
	at org.springframework.web.servlet.FrameworkServlet.doGet(FrameworkServlet.java:898)
	at javax.servlet.http.HttpServlet.service(HttpServlet.java:634)
	at org.springframework.web.servlet.FrameworkServlet.service(FrameworkServlet.java:883)
	at javax.servlet.http.HttpServlet.service(HttpServlet.java:741)
	at org.apache.catalina.core.ApplicationFilterChain.internalDoFilter(ApplicationFilterChain.java:231)
	at org.apache.catalina.core.ApplicationFilterChain.doFilter(ApplicationFilterChain.java:166)
	at org.apache.tomcat.websocket.server.WsFilter.doFilter(WsFilter.java:53)
	at org.apache.catalina.core.ApplicationFilterChain.internalDoFilter(ApplicationFilterChain.java:193)
	at org.apache.catalina.core.ApplicationFilterChain.doFilter(ApplicationFilterChain.java:166)
	at org.springframework.security.web.FilterChainProxy$VirtualFilterChain.doFilter(FilterChainProxy.java:320)
	at org.springframework.security.web.access.intercept.FilterSecurityInterceptor.invoke(FilterSecurityInterceptor.java:126)
	at org.springframework.security.web.access.intercept.FilterSecurityInterceptor.doFilter(FilterSecurityInterceptor.java:90)
	at org.springframework.security.web.FilterChainProxy$VirtualFilterChain.doFilter(FilterChainProxy.java:334)
	at org.springframework.security.web.access.ExceptionTranslationFilter.doFilter(ExceptionTranslationFilter.java:118)
	at org.springframework.security.web.FilterChainProxy$VirtualFilterChain.doFilter(FilterChainProxy.java:334)
	at org.springframework.security.web.session.SessionManagementFilter.doFilter(SessionManagementFilter.java:137)
	at org.springframework.security.web.FilterChainProxy$VirtualFilterChain.doFilter(FilterChainProxy.java:334)
	at org.springframework.security.web.authentication.AnonymousAuthenticationFilter.doFilter(AnonymousAuthenticationFilter.java:111)
	at org.springframework.security.web.FilterChainProxy$VirtualFilterChain.doFilter(FilterChainProxy.java:334)
	at org.springframework.security.web.servletapi.SecurityContextHolderAwareRequestFilter.doFilter(SecurityContextHolderAwareRequestFilter.java:158)
	at org.springframework.security.web.FilterChainProxy$VirtualFilterChain.doFilter(FilterChainProxy.java:334)
	at org.springframework.security.web.savedrequest.RequestCacheAwareFilter.doFilter(RequestCacheAwareFilter.java:63)
	at org.springframework.security.web.FilterChainProxy$VirtualFilterChain.doFilter(FilterChainProxy.java:334)
	at org.springframework.security.web.authentication.www.BasicAuthenticationFilter.doFilterInternal(BasicAuthenticationFilter.java:155)
	at org.springframework.web.filter.OncePerRequestFilter.doFilter(OncePerRequestFilter.java:119)
	at org.springframework.security.web.FilterChainProxy$VirtualFilterChain.doFilter(FilterChainProxy.java:334)
	at org.springframework.security.web.authentication.logout.LogoutFilter.doFilter(LogoutFilter.java:116)
	at org.springframework.security.web.FilterChainProxy$VirtualFilterChain.doFilter(FilterChainProxy.java:334)
	at org.springframework.web.filter.CorsFilter.doFilterInternal(CorsFilter.java:92)
	at org.springframework.web.filter.OncePerRequestFilter.doFilter(OncePerRequestFilter.java:119)
	at org.springframework.security.web.FilterChainProxy$VirtualFilterChain.doFilter(FilterChainProxy.java:334)
	at org.springframework.security.web.header.HeaderWriterFilter.doHeadersAfter(HeaderWriterFilter.java:92)
	at org.springframework.security.web.header.HeaderWriterFilter.doFilterInternal(HeaderWriterFilter.java:77)
	at org.springframework.web.filter.OncePerRequestFilter.doFilter(OncePerRequestFilter.java:119)
	at org.springframework.security.web.FilterChainProxy$VirtualFilterChain.doFilter(FilterChainProxy.java:334)
	at org.springframework.security.web.context.SecurityContextPersistenceFilter.doFilter(SecurityContextPersistenceFilter.java:105)
	at org.springframework.security.web.FilterChainProxy$VirtualFilterChain.doFilter(FilterChainProxy.java:334)
	at org.springframework.security.web.context.request.async.WebAsyncManagerIntegrationFilter.doFilterInternal(WebAsyncManagerIntegrationFilter.java:56)
	at org.springframework.web.filter.OncePerRequestFilter.doFilter(OncePerRequestFilter.java:119)
	at org.springframework.security.web.FilterChainProxy$VirtualFilterChain.doFilter(FilterChainProxy.java:334)
	at org.springframework.security.web.FilterChainProxy.doFilterInternal(FilterChainProxy.java:215)
	at org.springframework.security.web.FilterChainProxy.doFilter(FilterChainProxy.java:178)
	at org.springframework.web.filter.DelegatingFilterProxy.invokeDelegate(DelegatingFilterProxy.java:358)
	at org.springframework.web.filter.DelegatingFilterProxy.doFilter(DelegatingFilterProxy.java:271)
	at org.apache.catalina.core.ApplicationFilterChain.internalDoFilter(ApplicationFilterChain.java:193)
	at org.apache.catalina.core.ApplicationFilterChain.doFilter(ApplicationFilterChain.java:166)
	at org.springframework.web.filter.RequestContextFilter.doFilterInternal(RequestContextFilter.java:100)
	at org.springframework.web.filter.OncePerRequestFilter.doFilter(OncePerRequestFilter.java:119)
	at org.apache.catalina.core.ApplicationFilterChain.internalDoFilter(ApplicationFilterChain.java:193)
	at org.apache.catalina.core.ApplicationFilterChain.doFilter(ApplicationFilterChain.java:166)
	at org.springframework.web.filter.FormContentFilter.doFilterInternal(FormContentFilter.java:93)
	at org.springframework.web.filter.OncePerRequestFilter.doFilter(OncePerRequestFilter.java:119)
	at org.apache.catalina.core.ApplicationFilterChain.internalDoFilter(ApplicationFilterChain.java:193)
	at org.apache.catalina.core.ApplicationFilterChain.doFilter(ApplicationFilterChain.java:166)
	at org.springframework.boot.actuate.metrics.web.servlet.WebMvcMetricsFilter.doFilterInternal(WebMvcMetricsFilter.java:109)
	at org.springframework.web.filter.OncePerRequestFilter.doFilter(OncePerRequestFilter.java:119)
	at org.apache.catalina.core.ApplicationFilterChain.internalDoFilter(ApplicationFilterChain.java:193)
	at org.apache.catalina.core.ApplicationFilterChain.doFilter(ApplicationFilterChain.java:166)
	at org.springframework.web.filter.CharacterEncodingFilter.doFilterInternal(CharacterEncodingFilter.java:201)
	at org.springframework.web.filter.OncePerRequestFilter.doFilter(OncePerRequestFilter.java:119)
	at org.apache.catalina.core.ApplicationFilterChain.internalDoFilter(ApplicationFilterChain.java:193)
	at org.apache.catalina.core.ApplicationFilterChain.doFilter(ApplicationFilterChain.java:166)
	at org.apache.catalina.core.StandardWrapperValve.invoke(StandardWrapperValve.java:202)
	at org.apache.catalina.core.StandardContextValve.invoke(StandardContextValve.java:96)
	at org.apache.catalina.authenticator.AuthenticatorBase.invoke(AuthenticatorBase.java:541)
	at org.apache.catalina.core.StandardHostValve.invoke(StandardHostValve.java:139)
	at org.apache.catalina.valves.ErrorReportValve.invoke(ErrorReportValve.java:92)
	at org.apache.catalina.core.StandardEngineValve.invoke(StandardEngineValve.java:74)
	at org.apache.catalina.connector.CoyoteAdapter.service(CoyoteAdapter.java:343)
	at org.apache.coyote.http11.Http11Processor.service(Http11Processor.java:373)
	at org.apache.coyote.AbstractProcessorLight.process(AbstractProcessorLight.java:65)
	at org.apache.coyote.AbstractProtocol$ConnectionHandler.process(AbstractProtocol.java:868)
	at org.apache.tomcat.util.net.NioEndpoint$SocketProcessor.doRun(NioEndpoint.java:1594)
	at org.apache.tomcat.util.net.SocketProcessorBase.run(SocketProcessorBase.java:49)
	at java.base/java.util.concurrent.ThreadPoolExecutor.runWorker(ThreadPoolExecutor.java:1128)
	at java.base/java.util.concurrent.ThreadPoolExecutor$Worker.run(ThreadPoolExecutor.java:628)
	at org.apache.tomcat.util.threads.TaskThread$WrappingRunnable.run(TaskThread.java:61)
	at java.base/java.lang.Thread.run(Thread.java:834)
Caused by: java.io.IOException: Broken pipe
	at java.base/sun.nio.ch.FileDispatcherImpl.write0(Native Method)
	at java.base/sun.nio.ch.SocketDispatcher.write(SocketDispatcher.java:47)
	at java.base/sun.nio.ch.IOUtil.writeFromNativeBuffer(IOUtil.java:113)
	at java.base/sun.nio.ch.IOUtil.write(IOUtil.java:79)
	at java.base/sun.nio.ch.IOUtil.write(IOUtil.java:50)
	at java.base/sun.nio.ch.SocketChannelImpl.write(SocketChannelImpl.java:466)
	at org.apache.tomcat.util.net.NioChannel.write(NioChannel.java:138)
	at org.apache.tomcat.util.net.NioBlockingSelector.write(NioBlockingSelector.java:101)
	at org.apache.tomcat.util.net.NioSelectorPool.write(NioSelectorPool.java:152)
	at org.apache.tomcat.util.net.NioEndpoint$NioSocketWrapper.doWrite(NioEndpoint.java:1253)
	at org.apache.tomcat.util.net.SocketWrapperBase.doWrite(SocketWrapperBase.java:740)
	at org.apache.tomcat.util.net.SocketWrapperBase.writeBlocking(SocketWrapperBase.java:560)
	at org.apache.tomcat.util.net.SocketWrapperBase.write(SocketWrapperBase.java:504)
	at org.apache.coyote.http11.Http11OutputBuffer$SocketOutputBuffer.doWrite(Http11OutputBuffer.java:538)
	at org.apache.coyote.http11.filters.IdentityOutputFilter.doWrite(IdentityOutputFilter.java:73)
	at org.apache.coyote.http11.Http11OutputBuffer.doWrite(Http11OutputBuffer.java:190)
	at org.apache.coyote.Response.doWrite(Response.java:601)
	at org.apache.catalina.connector.OutputBuffer.realWriteBytes(OutputBuffer.java:339)
	... 99 common frames omitted
2020-05-22 11:21:16,398 WARN org.springframework.web.servlet.mvc.method.annotation.ExceptionHandlerExceptionResolver [http-nio-8080-exec-5] Failure in @ExceptionHandler com.surshree.app.exception.CustomResponseEntityExceptionHandler#handleAllException(Exception, WebRequest)
org.springframework.http.converter.HttpMessageNotWritableException: No converter for [class com.surshree.app.exception.ExceptionMessage] with preset Content-Type 'video/mp4'
	at org.springframework.web.servlet.mvc.method.annotation.AbstractMessageConverterMethodProcessor.writeWithMessageConverters(AbstractMessageConverterMethodProcessor.java:309)
	at org.springframework.web.servlet.mvc.method.annotation.HttpEntityMethodProcessor.handleReturnValue(HttpEntityMethodProcessor.java:219)
	at org.springframework.web.method.support.HandlerMethodReturnValueHandlerComposite.handleReturnValue(HandlerMethodReturnValueHandlerComposite.java:82)
	at org.springframework.web.servlet.mvc.method.annotation.ServletInvocableHandlerMethod.invokeAndHandle(ServletInvocableHandlerMethod.java:123)
	at org.springframework.web.servlet.mvc.method.annotation.ExceptionHandlerExceptionResolver.doResolveHandlerMethodException(ExceptionHandlerExceptionResolver.java:403)
	at org.springframework.web.servlet.handler.AbstractHandlerMethodExceptionResolver.doResolveException(AbstractHandlerMethodExceptionResolver.java:61)
	at org.springframework.web.servlet.handler.AbstractHandlerExceptionResolver.resolveException(AbstractHandlerExceptionResolver.java:141)
	at org.springframework.web.servlet.handler.HandlerExceptionResolverComposite.resolveException(HandlerExceptionResolverComposite.java:80)
	at org.springframework.web.servlet.DispatcherServlet.processHandlerException(DispatcherServlet.java:1300)
	at org.springframework.web.servlet.DispatcherServlet.processDispatchResult(DispatcherServlet.java:1111)
	at org.springframework.web.servlet.DispatcherServlet.doDispatch(DispatcherServlet.java:1057)
	at org.springframework.web.servlet.DispatcherServlet.doService(DispatcherServlet.java:943)
	at org.springframework.web.servlet.FrameworkServlet.processRequest(FrameworkServlet.java:1006)
	at org.springframework.web.servlet.FrameworkServlet.doGet(FrameworkServlet.java:898)
	at javax.servlet.http.HttpServlet.service(HttpServlet.java:634)
	at org.springframework.web.servlet.FrameworkServlet.service(FrameworkServlet.java:883)
	at javax.servlet.http.HttpServlet.service(HttpServlet.java:741)
	at org.apache.catalina.core.ApplicationFilterChain.internalDoFilter(ApplicationFilterChain.java:231)
	at org.apache.catalina.core.ApplicationFilterChain.doFilter(ApplicationFilterChain.java:166)
	at org.apache.tomcat.websocket.server.WsFilter.doFilter(WsFilter.java:53)
	at org.apache.catalina.core.ApplicationFilterChain.internalDoFilter(ApplicationFilterChain.java:193)
	at org.apache.catalina.core.ApplicationFilterChain.doFilter(ApplicationFilterChain.java:166)
	at org.springframework.security.web.FilterChainProxy$VirtualFilterChain.doFilter(FilterChainProxy.java:320)
	at org.springframework.security.web.access.intercept.FilterSecurityInterceptor.invoke(FilterSecurityInterceptor.java:126)
	at org.springframework.security.web.access.intercept.FilterSecurityInterceptor.doFilter(FilterSecurityInterceptor.java:90)
	at org.springframework.security.web.FilterChainProxy$VirtualFilterChain.doFilter(FilterChainProxy.java:334)
	at org.springframework.security.web.access.ExceptionTranslationFilter.doFilter(ExceptionTranslationFilter.java:118)
	at org.springframework.security.web.FilterChainProxy$VirtualFilterChain.doFilter(FilterChainProxy.java:334)
	at org.springframework.security.web.session.SessionManagementFilter.doFilter(SessionManagementFilter.java:137)
	at org.springframework.security.web.FilterChainProxy$VirtualFilterChain.doFilter(FilterChainProxy.java:334)
	at org.springframework.security.web.authentication.AnonymousAuthenticationFilter.doFilter(AnonymousAuthenticationFilter.java:111)
	at org.springframework.security.web.FilterChainProxy$VirtualFilterChain.doFilter(FilterChainProxy.java:334)
	at org.springframework.security.web.servletapi.SecurityContextHolderAwareRequestFilter.doFilter(SecurityContextHolderAwareRequestFilter.java:158)
	at org.springframework.security.web.FilterChainProxy$VirtualFilterChain.doFilter(FilterChainProxy.java:334)
	at org.springframework.security.web.savedrequest.RequestCacheAwareFilter.doFilter(RequestCacheAwareFilter.java:63)
	at org.springframework.security.web.FilterChainProxy$VirtualFilterChain.doFilter(FilterChainProxy.java:334)
	at org.springframework.security.web.authentication.www.BasicAuthenticationFilter.doFilterInternal(BasicAuthenticationFilter.java:155)
	at org.springframework.web.filter.OncePerRequestFilter.doFilter(OncePerRequestFilter.java:119)
	at org.springframework.security.web.FilterChainProxy$VirtualFilterChain.doFilter(FilterChainProxy.java:334)
	at org.springframework.security.web.authentication.logout.LogoutFilter.doFilter(LogoutFilter.java:116)
	at org.springframework.security.web.FilterChainProxy$VirtualFilterChain.doFilter(FilterChainProxy.java:334)
	at org.springframework.web.filter.CorsFilter.doFilterInternal(CorsFilter.java:92)
	at org.springframework.web.filter.OncePerRequestFilter.doFilter(OncePerRequestFilter.java:119)
	at org.springframework.security.web.FilterChainProxy$VirtualFilterChain.doFilter(FilterChainProxy.java:334)
	at org.springframework.security.web.header.HeaderWriterFilter.doHeadersAfter(HeaderWriterFilter.java:92)
	at org.springframework.security.web.header.HeaderWriterFilter.doFilterInternal(HeaderWriterFilter.java:77)
	at org.springframework.web.filter.OncePerRequestFilter.doFilter(OncePerRequestFilter.java:119)
	at org.springframework.security.web.FilterChainProxy$VirtualFilterChain.doFilter(FilterChainProxy.java:334)
	at org.springframework.security.web.context.SecurityContextPersistenceFilter.doFilter(SecurityContextPersistenceFilter.java:105)
	at org.springframework.security.web.FilterChainProxy$VirtualFilterChain.doFilter(FilterChainProxy.java:334)
	at org.springframework.security.web.context.request.async.WebAsyncManagerIntegrationFilter.doFilterInternal(WebAsyncManagerIntegrationFilter.java:56)
	at org.springframework.web.filter.OncePerRequestFilter.doFilter(OncePerRequestFilter.java:119)
	at org.springframework.security.web.FilterChainProxy$VirtualFilterChain.doFilter(FilterChainProxy.java:334)
	at org.springframework.security.web.FilterChainProxy.doFilterInternal(FilterChainProxy.java:215)
	at org.springframework.security.web.FilterChainProxy.doFilter(FilterChainProxy.java:178)
	at org.springframework.web.filter.DelegatingFilterProxy.invokeDelegate(DelegatingFilterProxy.java:358)
	at org.springframework.web.filter.DelegatingFilterProxy.doFilter(DelegatingFilterProxy.java:271)
	at org.apache.catalina.core.ApplicationFilterChain.internalDoFilter(ApplicationFilterChain.java:193)
	at org.apache.catalina.core.ApplicationFilterChain.doFilter(ApplicationFilterChain.java:166)
	at org.springframework.web.filter.RequestContextFilter.doFilterInternal(RequestContextFilter.java:100)
	at org.springframework.web.filter.OncePerRequestFilter.doFilter(OncePerRequestFilter.java:119)
	at org.apache.catalina.core.ApplicationFilterChain.internalDoFilter(ApplicationFilterChain.java:193)
	at org.apache.catalina.core.ApplicationFilterChain.doFilter(ApplicationFilterChain.java:166)
	at org.springframework.web.filter.FormContentFilter.doFilterInternal(FormContentFilter.java:93)
	at org.springframework.web.filter.OncePerRequestFilter.doFilter(OncePerRequestFilter.java:119)
	at org.apache.catalina.core.ApplicationFilterChain.internalDoFilter(ApplicationFilterChain.java:193)
	at org.apache.catalina.core.ApplicationFilterChain.doFilter(ApplicationFilterChain.java:166)
	at org.springframework.boot.actuate.metrics.web.servlet.WebMvcMetricsFilter.doFilterInternal(WebMvcMetricsFilter.java:109)
	at org.springframework.web.filter.OncePerRequestFilter.doFilter(OncePerRequestFilter.java:119)
	at org.apache.catalina.core.ApplicationFilterChain.internalDoFilter(ApplicationFilterChain.java:193)
	at org.apache.catalina.core.ApplicationFilterChain.doFilter(ApplicationFilterChain.java:166)
	at org.springframework.web.filter.CharacterEncodingFilter.doFilterInternal(CharacterEncodingFilter.java:201)
	at org.springframework.web.filter.OncePerRequestFilter.doFilter(OncePerRequestFilter.java:119)
	at org.apache.catalina.core.ApplicationFilterChain.internalDoFilter(ApplicationFilterChain.java:193)
	at org.apache.catalina.core.ApplicationFilterChain.doFilter(ApplicationFilterChain.java:166)
	at org.apache.catalina.core.StandardWrapperValve.invoke(StandardWrapperValve.java:202)
	at org.apache.catalina.core.StandardContextValve.invoke(StandardContextValve.java:96)
	at org.apache.catalina.authenticator.AuthenticatorBase.invoke(AuthenticatorBase.java:541)
	at org.apache.catalina.core.StandardHostValve.invoke(StandardHostValve.java:139)
	at org.apache.catalina.valves.ErrorReportValve.invoke(ErrorReportValve.java:92)
	at org.apache.catalina.core.StandardEngineValve.invoke(StandardEngineValve.java:74)
	at org.apache.catalina.connector.CoyoteAdapter.service(CoyoteAdapter.java:343)
	at org.apache.coyote.http11.Http11Processor.service(Http11Processor.java:373)
	at org.apache.coyote.AbstractProcessorLight.process(AbstractProcessorLight.java:65)
	at org.apache.coyote.AbstractProtocol$ConnectionHandler.process(AbstractProtocol.java:868)
	at org.apache.tomcat.util.net.NioEndpoint$SocketProcessor.doRun(NioEndpoint.java:1594)
	at org.apache.tomcat.util.net.SocketProcessorBase.run(SocketProcessorBase.java:49)
	at java.base/java.util.concurrent.ThreadPoolExecutor.runWorker(ThreadPoolExecutor.java:1128)
	at java.base/java.util.concurrent.ThreadPoolExecutor$Worker.run(ThreadPoolExecutor.java:628)
	at org.apache.tomcat.util.threads.TaskThread$WrappingRunnable.run(TaskThread.java:61)
	at java.base/java.lang.Thread.run(Thread.java:834)
2020-05-22 11:23:22,412 INFO com.surshree.app.scheduling.CacheScheduler [scheduling-1] Clear user cache : START
2020-05-22 11:23:22,420 INFO com.surshree.app.scheduling.CacheScheduler [scheduling-1] Clear user cache : END
2020-05-22 11:24:04,242 INFO com.surshree.app.services.CustomUserDetailsService [http-nio-8080-exec-1] Granted Authorities --> ROLE_CONT
2020-05-22 11:24:04,245 INFO com.surshree.app.services.CustomUserDetailsService [http-nio-8080-exec-1] Granted Authorities --> ROLE_ADMN
2020-05-22 11:24:04,247 INFO com.surshree.app.services.CustomUserDetailsService [http-nio-8080-exec-1] Granted Authorities --> FUNC_CONT_MENU
2020-05-22 11:24:04,248 INFO com.surshree.app.services.CustomUserDetailsService [http-nio-8080-exec-1] Granted Authorities --> FUNC_VIEW_ADMIN_MENU
2020-05-22 11:24:04,248 INFO com.surshree.app.services.CustomUserDetailsService [http-nio-8080-exec-1] Granted Authorities --> FUNC_CONT_MENU
2020-05-22 11:24:04,814 INFO com.surshree.app.services.CustomUserDetailsService [http-nio-8080-exec-3] Granted Authorities --> ROLE_CONT
2020-05-22 11:24:04,815 INFO com.surshree.app.services.CustomUserDetailsService [http-nio-8080-exec-3] Granted Authorities --> ROLE_ADMN
2020-05-22 11:24:04,816 INFO com.surshree.app.services.CustomUserDetailsService [http-nio-8080-exec-3] Granted Authorities --> FUNC_CONT_MENU
2020-05-22 11:24:04,818 INFO com.surshree.app.services.CustomUserDetailsService [http-nio-8080-exec-3] Granted Authorities --> FUNC_VIEW_ADMIN_MENU
2020-05-22 11:24:04,819 INFO com.surshree.app.services.CustomUserDetailsService [http-nio-8080-exec-3] Granted Authorities --> FUNC_CONT_MENU
2020-05-22 11:26:32,160 INFO com.surshree.app.services.CustomUserDetailsService [http-nio-8080-exec-5] Granted Authorities --> ROLE_CONT
2020-05-22 11:26:32,167 INFO com.surshree.app.services.CustomUserDetailsService [http-nio-8080-exec-5] Granted Authorities --> ROLE_ADMN
2020-05-22 11:26:32,168 INFO com.surshree.app.services.CustomUserDetailsService [http-nio-8080-exec-5] Granted Authorities --> FUNC_CONT_MENU
2020-05-22 11:26:32,169 INFO com.surshree.app.services.CustomUserDetailsService [http-nio-8080-exec-5] Granted Authorities --> FUNC_VIEW_ADMIN_MENU
2020-05-22 11:26:32,169 INFO com.surshree.app.services.CustomUserDetailsService [http-nio-8080-exec-5] Granted Authorities --> FUNC_CONT_MENU
2020-05-22 11:26:32,711 INFO com.surshree.app.services.CustomUserDetailsService [http-nio-8080-exec-7] Granted Authorities --> ROLE_CONT
2020-05-22 11:26:32,713 INFO com.surshree.app.services.CustomUserDetailsService [http-nio-8080-exec-7] Granted Authorities --> ROLE_ADMN
2020-05-22 11:26:32,716 INFO com.surshree.app.services.CustomUserDetailsService [http-nio-8080-exec-7] Granted Authorities --> FUNC_CONT_MENU
2020-05-22 11:26:32,716 INFO com.surshree.app.services.CustomUserDetailsService [http-nio-8080-exec-7] Granted Authorities --> FUNC_VIEW_ADMIN_MENU
2020-05-22 11:26:32,717 INFO com.surshree.app.services.CustomUserDetailsService [http-nio-8080-exec-7] Granted Authorities --> FUNC_CONT_MENU
2020-05-22 11:27:46,003 INFO com.surshree.app.services.CustomUserDetailsService [http-nio-8080-exec-4] Granted Authorities --> ROLE_CONT
2020-05-22 11:27:46,005 INFO com.surshree.app.services.CustomUserDetailsService [http-nio-8080-exec-4] Granted Authorities --> ROLE_ADMN
2020-05-22 11:27:46,006 INFO com.surshree.app.services.CustomUserDetailsService [http-nio-8080-exec-4] Granted Authorities --> FUNC_CONT_MENU
2020-05-22 11:27:46,007 INFO com.surshree.app.services.CustomUserDetailsService [http-nio-8080-exec-4] Granted Authorities --> FUNC_VIEW_ADMIN_MENU
2020-05-22 11:27:46,007 INFO com.surshree.app.services.CustomUserDetailsService [http-nio-8080-exec-4] Granted Authorities --> FUNC_CONT_MENU
2020-05-22 11:27:46,658 INFO com.surshree.app.services.CustomUserDetailsService [http-nio-8080-exec-6] Granted Authorities --> ROLE_CONT
2020-05-22 11:27:46,659 INFO com.surshree.app.services.CustomUserDetailsService [http-nio-8080-exec-6] Granted Authorities --> ROLE_ADMN
2020-05-22 11:27:46,659 INFO com.surshree.app.services.CustomUserDetailsService [http-nio-8080-exec-6] Granted Authorities --> FUNC_CONT_MENU
2020-05-22 11:27:46,660 INFO com.surshree.app.services.CustomUserDetailsService [http-nio-8080-exec-6] Granted Authorities --> FUNC_VIEW_ADMIN_MENU
2020-05-22 11:27:46,660 INFO com.surshree.app.services.CustomUserDetailsService [http-nio-8080-exec-6] Granted Authorities --> FUNC_CONT_MENU
2020-05-22 11:28:20,210 INFO com.surshree.app.services.CustomUserDetailsService [http-nio-8080-exec-10] Granted Authorities --> ROLE_CONT
2020-05-22 11:28:20,211 INFO com.surshree.app.services.CustomUserDetailsService [http-nio-8080-exec-10] Granted Authorities --> ROLE_ADMN
2020-05-22 11:28:20,212 INFO com.surshree.app.services.CustomUserDetailsService [http-nio-8080-exec-10] Granted Authorities --> FUNC_CONT_MENU
2020-05-22 11:28:20,212 INFO com.surshree.app.services.CustomUserDetailsService [http-nio-8080-exec-10] Granted Authorities --> FUNC_VIEW_ADMIN_MENU
2020-05-22 11:28:20,213 INFO com.surshree.app.services.CustomUserDetailsService [http-nio-8080-exec-10] Granted Authorities --> FUNC_CONT_MENU
2020-05-22 11:28:20,982 INFO com.surshree.app.services.CustomUserDetailsService [http-nio-8080-exec-1] Granted Authorities --> ROLE_CONT
2020-05-22 11:28:20,983 INFO com.surshree.app.services.CustomUserDetailsService [http-nio-8080-exec-1] Granted Authorities --> ROLE_ADMN
2020-05-22 11:28:20,984 INFO com.surshree.app.services.CustomUserDetailsService [http-nio-8080-exec-1] Granted Authorities --> FUNC_CONT_MENU
2020-05-22 11:28:20,984 INFO com.surshree.app.services.CustomUserDetailsService [http-nio-8080-exec-1] Granted Authorities --> FUNC_VIEW_ADMIN_MENU
2020-05-22 11:28:20,988 INFO com.surshree.app.services.CustomUserDetailsService [http-nio-8080-exec-1] Granted Authorities --> FUNC_CONT_MENU
2020-05-22 11:28:37,571 INFO com.surshree.app.services.CustomUserDetailsService [http-nio-8080-exec-4] Granted Authorities --> ROLE_CONT
2020-05-22 11:28:37,573 INFO com.surshree.app.services.CustomUserDetailsService [http-nio-8080-exec-4] Granted Authorities --> ROLE_ADMN
2020-05-22 11:28:37,574 INFO com.surshree.app.services.CustomUserDetailsService [http-nio-8080-exec-4] Granted Authorities --> FUNC_CONT_MENU
2020-05-22 11:28:37,577 INFO com.surshree.app.services.CustomUserDetailsService [http-nio-8080-exec-4] Granted Authorities --> FUNC_VIEW_ADMIN_MENU
2020-05-22 11:28:37,579 INFO com.surshree.app.services.CustomUserDetailsService [http-nio-8080-exec-4] Granted Authorities --> FUNC_CONT_MENU
2020-05-22 11:28:38,153 INFO com.surshree.app.services.CustomUserDetailsService [http-nio-8080-exec-6] Granted Authorities --> ROLE_CONT
2020-05-22 11:28:38,154 INFO com.surshree.app.services.CustomUserDetailsService [http-nio-8080-exec-6] Granted Authorities --> ROLE_ADMN
2020-05-22 11:28:38,155 INFO com.surshree.app.services.CustomUserDetailsService [http-nio-8080-exec-6] Granted Authorities --> FUNC_CONT_MENU
2020-05-22 11:28:38,155 INFO com.surshree.app.services.CustomUserDetailsService [http-nio-8080-exec-6] Granted Authorities --> FUNC_VIEW_ADMIN_MENU
2020-05-22 11:28:38,157 INFO com.surshree.app.services.CustomUserDetailsService [http-nio-8080-exec-6] Granted Authorities --> FUNC_CONT_MENU
2020-05-22 11:29:48,814 INFO com.surshree.app.services.CustomUserDetailsService [http-nio-8080-exec-4] Granted Authorities --> ROLE_CONT
2020-05-22 11:29:48,817 INFO com.surshree.app.services.CustomUserDetailsService [http-nio-8080-exec-4] Granted Authorities --> ROLE_ADMN
2020-05-22 11:29:48,818 INFO com.surshree.app.services.CustomUserDetailsService [http-nio-8080-exec-4] Granted Authorities --> FUNC_CONT_MENU
2020-05-22 11:29:48,819 INFO com.surshree.app.services.CustomUserDetailsService [http-nio-8080-exec-4] Granted Authorities --> FUNC_VIEW_ADMIN_MENU
2020-05-22 11:29:48,819 INFO com.surshree.app.services.CustomUserDetailsService [http-nio-8080-exec-4] Granted Authorities --> FUNC_CONT_MENU
2020-05-22 11:29:49,318 INFO com.surshree.app.services.CustomUserDetailsService [http-nio-8080-exec-6] Granted Authorities --> ROLE_CONT
2020-05-22 11:29:49,319 INFO com.surshree.app.services.CustomUserDetailsService [http-nio-8080-exec-6] Granted Authorities --> ROLE_ADMN
2020-05-22 11:29:49,320 INFO com.surshree.app.services.CustomUserDetailsService [http-nio-8080-exec-6] Granted Authorities --> FUNC_CONT_MENU
2020-05-22 11:29:49,321 INFO com.surshree.app.services.CustomUserDetailsService [http-nio-8080-exec-6] Granted Authorities --> FUNC_VIEW_ADMIN_MENU
2020-05-22 11:29:49,321 INFO com.surshree.app.services.CustomUserDetailsService [http-nio-8080-exec-6] Granted Authorities --> FUNC_CONT_MENU
2020-05-22 11:30:01,182 INFO com.surshree.app.services.CustomUserDetailsService [http-nio-8080-exec-1] Granted Authorities --> ROLE_CONT
2020-05-22 11:30:01,185 INFO com.surshree.app.services.CustomUserDetailsService [http-nio-8080-exec-1] Granted Authorities --> ROLE_ADMN
2020-05-22 11:30:01,187 INFO com.surshree.app.services.CustomUserDetailsService [http-nio-8080-exec-1] Granted Authorities --> FUNC_CONT_MENU
2020-05-22 11:30:01,189 INFO com.surshree.app.services.CustomUserDetailsService [http-nio-8080-exec-1] Granted Authorities --> FUNC_VIEW_ADMIN_MENU
2020-05-22 11:30:01,189 INFO com.surshree.app.services.CustomUserDetailsService [http-nio-8080-exec-1] Granted Authorities --> FUNC_CONT_MENU
2020-05-22 11:30:01,678 INFO com.surshree.app.services.CustomUserDetailsService [http-nio-8080-exec-3] Granted Authorities --> ROLE_CONT
2020-05-22 11:30:01,678 INFO com.surshree.app.services.CustomUserDetailsService [http-nio-8080-exec-3] Granted Authorities --> ROLE_ADMN
2020-05-22 11:30:01,681 INFO com.surshree.app.services.CustomUserDetailsService [http-nio-8080-exec-3] Granted Authorities --> FUNC_CONT_MENU
2020-05-22 11:30:01,682 INFO com.surshree.app.services.CustomUserDetailsService [http-nio-8080-exec-3] Granted Authorities --> FUNC_VIEW_ADMIN_MENU
2020-05-22 11:30:01,683 INFO com.surshree.app.services.CustomUserDetailsService [http-nio-8080-exec-3] Granted Authorities --> FUNC_CONT_MENU
2020-05-22 11:31:31,225 INFO com.surshree.app.services.CustomUserDetailsService [http-nio-8080-exec-1] Granted Authorities --> ROLE_CONT
2020-05-22 11:31:31,229 INFO com.surshree.app.services.CustomUserDetailsService [http-nio-8080-exec-1] Granted Authorities --> ROLE_ADMN
2020-05-22 11:31:31,231 INFO com.surshree.app.services.CustomUserDetailsService [http-nio-8080-exec-1] Granted Authorities --> FUNC_CONT_MENU
2020-05-22 11:31:31,232 INFO com.surshree.app.services.CustomUserDetailsService [http-nio-8080-exec-1] Granted Authorities --> FUNC_VIEW_ADMIN_MENU
2020-05-22 11:31:31,232 INFO com.surshree.app.services.CustomUserDetailsService [http-nio-8080-exec-1] Granted Authorities --> FUNC_CONT_MENU
2020-05-22 11:31:31,939 INFO com.surshree.app.services.CustomUserDetailsService [http-nio-8080-exec-3] Granted Authorities --> ROLE_CONT
2020-05-22 11:31:31,940 INFO com.surshree.app.services.CustomUserDetailsService [http-nio-8080-exec-3] Granted Authorities --> ROLE_ADMN
2020-05-22 11:31:31,940 INFO com.surshree.app.services.CustomUserDetailsService [http-nio-8080-exec-3] Granted Authorities --> FUNC_CONT_MENU
2020-05-22 11:31:31,941 INFO com.surshree.app.services.CustomUserDetailsService [http-nio-8080-exec-3] Granted Authorities --> FUNC_VIEW_ADMIN_MENU
2020-05-22 11:31:31,941 INFO com.surshree.app.services.CustomUserDetailsService [http-nio-8080-exec-3] Granted Authorities --> FUNC_CONT_MENU
2020-05-22 11:32:29,931 INFO com.surshree.app.services.CustomUserDetailsService [http-nio-8080-exec-8] Granted Authorities --> ROLE_CONT
2020-05-22 11:32:29,933 INFO com.surshree.app.services.CustomUserDetailsService [http-nio-8080-exec-8] Granted Authorities --> ROLE_ADMN
2020-05-22 11:32:29,936 INFO com.surshree.app.services.CustomUserDetailsService [http-nio-8080-exec-8] Granted Authorities --> FUNC_CONT_MENU
2020-05-22 11:32:29,937 INFO com.surshree.app.services.CustomUserDetailsService [http-nio-8080-exec-8] Granted Authorities --> FUNC_VIEW_ADMIN_MENU
2020-05-22 11:32:29,937 INFO com.surshree.app.services.CustomUserDetailsService [http-nio-8080-exec-8] Granted Authorities --> FUNC_CONT_MENU
2020-05-22 11:32:30,518 INFO com.surshree.app.services.CustomUserDetailsService [http-nio-8080-exec-10] Granted Authorities --> ROLE_CONT
2020-05-22 11:32:30,519 INFO com.surshree.app.services.CustomUserDetailsService [http-nio-8080-exec-10] Granted Authorities --> ROLE_ADMN
2020-05-22 11:32:30,521 INFO com.surshree.app.services.CustomUserDetailsService [http-nio-8080-exec-10] Granted Authorities --> FUNC_CONT_MENU
2020-05-22 11:32:30,522 INFO com.surshree.app.services.CustomUserDetailsService [http-nio-8080-exec-10] Granted Authorities --> FUNC_VIEW_ADMIN_MENU
2020-05-22 11:32:30,524 INFO com.surshree.app.services.CustomUserDetailsService [http-nio-8080-exec-10] Granted Authorities --> FUNC_CONT_MENU
2020-05-22 11:33:22,448 INFO com.surshree.app.scheduling.CacheScheduler [scheduling-1] Clear user cache : START
2020-05-22 11:33:22,451 INFO com.surshree.app.scheduling.CacheScheduler [scheduling-1] Clear user cache : END
2020-05-22 11:33:47,220 ERROR com.surshree.app.exception.CustomResponseEntityExceptionHandler [http-nio-8080-exec-3] java.io.IOException: Broken pipe
org.apache.catalina.connector.ClientAbortException: java.io.IOException: Broken pipe
	at org.apache.catalina.connector.OutputBuffer.realWriteBytes(OutputBuffer.java:351)
	at org.apache.catalina.connector.OutputBuffer.flushByteBuffer(OutputBuffer.java:776)
	at org.apache.catalina.connector.OutputBuffer.append(OutputBuffer.java:681)
	at org.apache.catalina.connector.OutputBuffer.writeBytes(OutputBuffer.java:386)
	at org.apache.catalina.connector.OutputBuffer.write(OutputBuffer.java:364)
	at org.apache.catalina.connector.CoyoteOutputStream.write(CoyoteOutputStream.java:96)
	at org.springframework.security.web.util.OnCommittedResponseWrapper$SaveContextServletOutputStream.write(OnCommittedResponseWrapper.java:645)
	at org.springframework.security.web.util.OnCommittedResponseWrapper$SaveContextServletOutputStream.write(OnCommittedResponseWrapper.java:645)
	at org.springframework.util.StreamUtils.copyRange(StreamUtils.java:180)
	at org.springframework.http.converter.ResourceRegionHttpMessageConverter.writeResourceRegion(ResourceRegionHttpMessageConverter.java:159)
	at org.springframework.http.converter.ResourceRegionHttpMessageConverter.writeInternal(ResourceRegionHttpMessageConverter.java:136)
	at org.springframework.http.converter.AbstractGenericHttpMessageConverter.write(AbstractGenericHttpMessageConverter.java:104)
	at org.springframework.web.servlet.mvc.method.annotation.AbstractMessageConverterMethodProcessor.writeWithMessageConverters(AbstractMessageConverterMethodProcessor.java:287)
	at org.springframework.web.servlet.mvc.method.annotation.HttpEntityMethodProcessor.handleReturnValue(HttpEntityMethodProcessor.java:219)
	at org.springframework.web.method.support.HandlerMethodReturnValueHandlerComposite.handleReturnValue(HandlerMethodReturnValueHandlerComposite.java:82)
	at org.springframework.web.servlet.mvc.method.annotation.ServletInvocableHandlerMethod.invokeAndHandle(ServletInvocableHandlerMethod.java:123)
	at org.springframework.web.servlet.mvc.method.annotation.RequestMappingHandlerAdapter.invokeHandlerMethod(RequestMappingHandlerAdapter.java:879)
	at org.springframework.web.servlet.mvc.method.annotation.RequestMappingHandlerAdapter.handleInternal(RequestMappingHandlerAdapter.java:793)
	at org.springframework.web.servlet.mvc.method.AbstractHandlerMethodAdapter.handle(AbstractHandlerMethodAdapter.java:87)
	at org.springframework.web.servlet.DispatcherServlet.doDispatch(DispatcherServlet.java:1040)
	at org.springframework.web.servlet.DispatcherServlet.doService(DispatcherServlet.java:943)
	at org.springframework.web.servlet.FrameworkServlet.processRequest(FrameworkServlet.java:1006)
	at org.springframework.web.servlet.FrameworkServlet.doGet(FrameworkServlet.java:898)
	at javax.servlet.http.HttpServlet.service(HttpServlet.java:634)
	at org.springframework.web.servlet.FrameworkServlet.service(FrameworkServlet.java:883)
	at javax.servlet.http.HttpServlet.service(HttpServlet.java:741)
	at org.apache.catalina.core.ApplicationFilterChain.internalDoFilter(ApplicationFilterChain.java:231)
	at org.apache.catalina.core.ApplicationFilterChain.doFilter(ApplicationFilterChain.java:166)
	at org.apache.tomcat.websocket.server.WsFilter.doFilter(WsFilter.java:53)
	at org.apache.catalina.core.ApplicationFilterChain.internalDoFilter(ApplicationFilterChain.java:193)
	at org.apache.catalina.core.ApplicationFilterChain.doFilter(ApplicationFilterChain.java:166)
	at org.springframework.security.web.FilterChainProxy$VirtualFilterChain.doFilter(FilterChainProxy.java:320)
	at org.springframework.security.web.access.intercept.FilterSecurityInterceptor.invoke(FilterSecurityInterceptor.java:126)
	at org.springframework.security.web.access.intercept.FilterSecurityInterceptor.doFilter(FilterSecurityInterceptor.java:90)
	at org.springframework.security.web.FilterChainProxy$VirtualFilterChain.doFilter(FilterChainProxy.java:334)
	at org.springframework.security.web.access.ExceptionTranslationFilter.doFilter(ExceptionTranslationFilter.java:118)
	at org.springframework.security.web.FilterChainProxy$VirtualFilterChain.doFilter(FilterChainProxy.java:334)
	at org.springframework.security.web.session.SessionManagementFilter.doFilter(SessionManagementFilter.java:137)
	at org.springframework.security.web.FilterChainProxy$VirtualFilterChain.doFilter(FilterChainProxy.java:334)
	at org.springframework.security.web.authentication.AnonymousAuthenticationFilter.doFilter(AnonymousAuthenticationFilter.java:111)
	at org.springframework.security.web.FilterChainProxy$VirtualFilterChain.doFilter(FilterChainProxy.java:334)
	at org.springframework.security.web.servletapi.SecurityContextHolderAwareRequestFilter.doFilter(SecurityContextHolderAwareRequestFilter.java:158)
	at org.springframework.security.web.FilterChainProxy$VirtualFilterChain.doFilter(FilterChainProxy.java:334)
	at org.springframework.security.web.savedrequest.RequestCacheAwareFilter.doFilter(RequestCacheAwareFilter.java:63)
	at org.springframework.security.web.FilterChainProxy$VirtualFilterChain.doFilter(FilterChainProxy.java:334)
	at org.springframework.security.web.authentication.www.BasicAuthenticationFilter.doFilterInternal(BasicAuthenticationFilter.java:155)
	at org.springframework.web.filter.OncePerRequestFilter.doFilter(OncePerRequestFilter.java:119)
	at org.springframework.security.web.FilterChainProxy$VirtualFilterChain.doFilter(FilterChainProxy.java:334)
	at org.springframework.security.web.authentication.logout.LogoutFilter.doFilter(LogoutFilter.java:116)
	at org.springframework.security.web.FilterChainProxy$VirtualFilterChain.doFilter(FilterChainProxy.java:334)
	at org.springframework.web.filter.CorsFilter.doFilterInternal(CorsFilter.java:92)
	at org.springframework.web.filter.OncePerRequestFilter.doFilter(OncePerRequestFilter.java:119)
	at org.springframework.security.web.FilterChainProxy$VirtualFilterChain.doFilter(FilterChainProxy.java:334)
	at org.springframework.security.web.header.HeaderWriterFilter.doHeadersAfter(HeaderWriterFilter.java:92)
	at org.springframework.security.web.header.HeaderWriterFilter.doFilterInternal(HeaderWriterFilter.java:77)
	at org.springframework.web.filter.OncePerRequestFilter.doFilter(OncePerRequestFilter.java:119)
	at org.springframework.security.web.FilterChainProxy$VirtualFilterChain.doFilter(FilterChainProxy.java:334)
	at org.springframework.security.web.context.SecurityContextPersistenceFilter.doFilter(SecurityContextPersistenceFilter.java:105)
	at org.springframework.security.web.FilterChainProxy$VirtualFilterChain.doFilter(FilterChainProxy.java:334)
	at org.springframework.security.web.context.request.async.WebAsyncManagerIntegrationFilter.doFilterInternal(WebAsyncManagerIntegrationFilter.java:56)
	at org.springframework.web.filter.OncePerRequestFilter.doFilter(OncePerRequestFilter.java:119)
	at org.springframework.security.web.FilterChainProxy$VirtualFilterChain.doFilter(FilterChainProxy.java:334)
	at org.springframework.security.web.FilterChainProxy.doFilterInternal(FilterChainProxy.java:215)
	at org.springframework.security.web.FilterChainProxy.doFilter(FilterChainProxy.java:178)
	at org.springframework.web.filter.DelegatingFilterProxy.invokeDelegate(DelegatingFilterProxy.java:358)
	at org.springframework.web.filter.DelegatingFilterProxy.doFilter(DelegatingFilterProxy.java:271)
	at org.apache.catalina.core.ApplicationFilterChain.internalDoFilter(ApplicationFilterChain.java:193)
	at org.apache.catalina.core.ApplicationFilterChain.doFilter(ApplicationFilterChain.java:166)
	at org.springframework.web.filter.RequestContextFilter.doFilterInternal(RequestContextFilter.java:100)
	at org.springframework.web.filter.OncePerRequestFilter.doFilter(OncePerRequestFilter.java:119)
	at org.apache.catalina.core.ApplicationFilterChain.internalDoFilter(ApplicationFilterChain.java:193)
	at org.apache.catalina.core.ApplicationFilterChain.doFilter(ApplicationFilterChain.java:166)
	at org.springframework.web.filter.FormContentFilter.doFilterInternal(FormContentFilter.java:93)
	at org.springframework.web.filter.OncePerRequestFilter.doFilter(OncePerRequestFilter.java:119)
	at org.apache.catalina.core.ApplicationFilterChain.internalDoFilter(ApplicationFilterChain.java:193)
	at org.apache.catalina.core.ApplicationFilterChain.doFilter(ApplicationFilterChain.java:166)
	at org.springframework.boot.actuate.metrics.web.servlet.WebMvcMetricsFilter.doFilterInternal(WebMvcMetricsFilter.java:109)
	at org.springframework.web.filter.OncePerRequestFilter.doFilter(OncePerRequestFilter.java:119)
	at org.apache.catalina.core.ApplicationFilterChain.internalDoFilter(ApplicationFilterChain.java:193)
	at org.apache.catalina.core.ApplicationFilterChain.doFilter(ApplicationFilterChain.java:166)
	at org.springframework.web.filter.CharacterEncodingFilter.doFilterInternal(CharacterEncodingFilter.java:201)
	at org.springframework.web.filter.OncePerRequestFilter.doFilter(OncePerRequestFilter.java:119)
	at org.apache.catalina.core.ApplicationFilterChain.internalDoFilter(ApplicationFilterChain.java:193)
	at org.apache.catalina.core.ApplicationFilterChain.doFilter(ApplicationFilterChain.java:166)
	at org.apache.catalina.core.StandardWrapperValve.invoke(StandardWrapperValve.java:202)
	at org.apache.catalina.core.StandardContextValve.invoke(StandardContextValve.java:96)
	at org.apache.catalina.authenticator.AuthenticatorBase.invoke(AuthenticatorBase.java:541)
	at org.apache.catalina.core.StandardHostValve.invoke(StandardHostValve.java:139)
	at org.apache.catalina.valves.ErrorReportValve.invoke(ErrorReportValve.java:92)
	at org.apache.catalina.core.StandardEngineValve.invoke(StandardEngineValve.java:74)
	at org.apache.catalina.connector.CoyoteAdapter.service(CoyoteAdapter.java:343)
	at org.apache.coyote.http11.Http11Processor.service(Http11Processor.java:373)
	at org.apache.coyote.AbstractProcessorLight.process(AbstractProcessorLight.java:65)
	at org.apache.coyote.AbstractProtocol$ConnectionHandler.process(AbstractProtocol.java:868)
	at org.apache.tomcat.util.net.NioEndpoint$SocketProcessor.doRun(NioEndpoint.java:1594)
	at org.apache.tomcat.util.net.SocketProcessorBase.run(SocketProcessorBase.java:49)
	at java.base/java.util.concurrent.ThreadPoolExecutor.runWorker(ThreadPoolExecutor.java:1128)
	at java.base/java.util.concurrent.ThreadPoolExecutor$Worker.run(ThreadPoolExecutor.java:628)
	at org.apache.tomcat.util.threads.TaskThread$WrappingRunnable.run(TaskThread.java:61)
	at java.base/java.lang.Thread.run(Thread.java:834)
Caused by: java.io.IOException: Broken pipe
	at java.base/sun.nio.ch.FileDispatcherImpl.write0(Native Method)
	at java.base/sun.nio.ch.SocketDispatcher.write(SocketDispatcher.java:47)
	at java.base/sun.nio.ch.IOUtil.writeFromNativeBuffer(IOUtil.java:113)
	at java.base/sun.nio.ch.IOUtil.write(IOUtil.java:79)
	at java.base/sun.nio.ch.IOUtil.write(IOUtil.java:50)
	at java.base/sun.nio.ch.SocketChannelImpl.write(SocketChannelImpl.java:466)
	at org.apache.tomcat.util.net.NioChannel.write(NioChannel.java:138)
	at org.apache.tomcat.util.net.NioBlockingSelector.write(NioBlockingSelector.java:101)
	at org.apache.tomcat.util.net.NioSelectorPool.write(NioSelectorPool.java:152)
	at org.apache.tomcat.util.net.NioEndpoint$NioSocketWrapper.doWrite(NioEndpoint.java:1253)
	at org.apache.tomcat.util.net.SocketWrapperBase.doWrite(SocketWrapperBase.java:740)
	at org.apache.tomcat.util.net.SocketWrapperBase.writeBlocking(SocketWrapperBase.java:560)
	at org.apache.tomcat.util.net.SocketWrapperBase.write(SocketWrapperBase.java:504)
	at org.apache.coyote.http11.Http11OutputBuffer$SocketOutputBuffer.doWrite(Http11OutputBuffer.java:538)
	at org.apache.coyote.http11.filters.IdentityOutputFilter.doWrite(IdentityOutputFilter.java:73)
	at org.apache.coyote.http11.Http11OutputBuffer.doWrite(Http11OutputBuffer.java:190)
	at org.apache.coyote.Response.doWrite(Response.java:601)
	at org.apache.catalina.connector.OutputBuffer.realWriteBytes(OutputBuffer.java:339)
	... 99 common frames omitted
2020-05-22 11:33:47,269 WARN org.springframework.web.servlet.mvc.method.annotation.ExceptionHandlerExceptionResolver [http-nio-8080-exec-3] Failure in @ExceptionHandler com.surshree.app.exception.CustomResponseEntityExceptionHandler#handleAllException(Exception, WebRequest)
org.springframework.http.converter.HttpMessageNotWritableException: No converter for [class com.surshree.app.exception.ExceptionMessage] with preset Content-Type 'video/mp4'
	at org.springframework.web.servlet.mvc.method.annotation.AbstractMessageConverterMethodProcessor.writeWithMessageConverters(AbstractMessageConverterMethodProcessor.java:309)
	at org.springframework.web.servlet.mvc.method.annotation.HttpEntityMethodProcessor.handleReturnValue(HttpEntityMethodProcessor.java:219)
	at org.springframework.web.method.support.HandlerMethodReturnValueHandlerComposite.handleReturnValue(HandlerMethodReturnValueHandlerComposite.java:82)
	at org.springframework.web.servlet.mvc.method.annotation.ServletInvocableHandlerMethod.invokeAndHandle(ServletInvocableHandlerMethod.java:123)
	at org.springframework.web.servlet.mvc.method.annotation.ExceptionHandlerExceptionResolver.doResolveHandlerMethodException(ExceptionHandlerExceptionResolver.java:403)
	at org.springframework.web.servlet.handler.AbstractHandlerMethodExceptionResolver.doResolveException(AbstractHandlerMethodExceptionResolver.java:61)
	at org.springframework.web.servlet.handler.AbstractHandlerExceptionResolver.resolveException(AbstractHandlerExceptionResolver.java:141)
	at org.springframework.web.servlet.handler.HandlerExceptionResolverComposite.resolveException(HandlerExceptionResolverComposite.java:80)
	at org.springframework.web.servlet.DispatcherServlet.processHandlerException(DispatcherServlet.java:1300)
	at org.springframework.web.servlet.DispatcherServlet.processDispatchResult(DispatcherServlet.java:1111)
	at org.springframework.web.servlet.DispatcherServlet.doDispatch(DispatcherServlet.java:1057)
	at org.springframework.web.servlet.DispatcherServlet.doService(DispatcherServlet.java:943)
	at org.springframework.web.servlet.FrameworkServlet.processRequest(FrameworkServlet.java:1006)
	at org.springframework.web.servlet.FrameworkServlet.doGet(FrameworkServlet.java:898)
	at javax.servlet.http.HttpServlet.service(HttpServlet.java:634)
	at org.springframework.web.servlet.FrameworkServlet.service(FrameworkServlet.java:883)
	at javax.servlet.http.HttpServlet.service(HttpServlet.java:741)
	at org.apache.catalina.core.ApplicationFilterChain.internalDoFilter(ApplicationFilterChain.java:231)
	at org.apache.catalina.core.ApplicationFilterChain.doFilter(ApplicationFilterChain.java:166)
	at org.apache.tomcat.websocket.server.WsFilter.doFilter(WsFilter.java:53)
	at org.apache.catalina.core.ApplicationFilterChain.internalDoFilter(ApplicationFilterChain.java:193)
	at org.apache.catalina.core.ApplicationFilterChain.doFilter(ApplicationFilterChain.java:166)
	at org.springframework.security.web.FilterChainProxy$VirtualFilterChain.doFilter(FilterChainProxy.java:320)
	at org.springframework.security.web.access.intercept.FilterSecurityInterceptor.invoke(FilterSecurityInterceptor.java:126)
	at org.springframework.security.web.access.intercept.FilterSecurityInterceptor.doFilter(FilterSecurityInterceptor.java:90)
	at org.springframework.security.web.FilterChainProxy$VirtualFilterChain.doFilter(FilterChainProxy.java:334)
	at org.springframework.security.web.access.ExceptionTranslationFilter.doFilter(ExceptionTranslationFilter.java:118)
	at org.springframework.security.web.FilterChainProxy$VirtualFilterChain.doFilter(FilterChainProxy.java:334)
	at org.springframework.security.web.session.SessionManagementFilter.doFilter(SessionManagementFilter.java:137)
	at org.springframework.security.web.FilterChainProxy$VirtualFilterChain.doFilter(FilterChainProxy.java:334)
	at org.springframework.security.web.authentication.AnonymousAuthenticationFilter.doFilter(AnonymousAuthenticationFilter.java:111)
	at org.springframework.security.web.FilterChainProxy$VirtualFilterChain.doFilter(FilterChainProxy.java:334)
	at org.springframework.security.web.servletapi.SecurityContextHolderAwareRequestFilter.doFilter(SecurityContextHolderAwareRequestFilter.java:158)
	at org.springframework.security.web.FilterChainProxy$VirtualFilterChain.doFilter(FilterChainProxy.java:334)
	at org.springframework.security.web.savedrequest.RequestCacheAwareFilter.doFilter(RequestCacheAwareFilter.java:63)
	at org.springframework.security.web.FilterChainProxy$VirtualFilterChain.doFilter(FilterChainProxy.java:334)
	at org.springframework.security.web.authentication.www.BasicAuthenticationFilter.doFilterInternal(BasicAuthenticationFilter.java:155)
	at org.springframework.web.filter.OncePerRequestFilter.doFilter(OncePerRequestFilter.java:119)
	at org.springframework.security.web.FilterChainProxy$VirtualFilterChain.doFilter(FilterChainProxy.java:334)
	at org.springframework.security.web.authentication.logout.LogoutFilter.doFilter(LogoutFilter.java:116)
	at org.springframework.security.web.FilterChainProxy$VirtualFilterChain.doFilter(FilterChainProxy.java:334)
	at org.springframework.web.filter.CorsFilter.doFilterInternal(CorsFilter.java:92)
	at org.springframework.web.filter.OncePerRequestFilter.doFilter(OncePerRequestFilter.java:119)
	at org.springframework.security.web.FilterChainProxy$VirtualFilterChain.doFilter(FilterChainProxy.java:334)
	at org.springframework.security.web.header.HeaderWriterFilter.doHeadersAfter(HeaderWriterFilter.java:92)
	at org.springframework.security.web.header.HeaderWriterFilter.doFilterInternal(HeaderWriterFilter.java:77)
	at org.springframework.web.filter.OncePerRequestFilter.doFilter(OncePerRequestFilter.java:119)
	at org.springframework.security.web.FilterChainProxy$VirtualFilterChain.doFilter(FilterChainProxy.java:334)
	at org.springframework.security.web.context.SecurityContextPersistenceFilter.doFilter(SecurityContextPersistenceFilter.java:105)
	at org.springframework.security.web.FilterChainProxy$VirtualFilterChain.doFilter(FilterChainProxy.java:334)
	at org.springframework.security.web.context.request.async.WebAsyncManagerIntegrationFilter.doFilterInternal(WebAsyncManagerIntegrationFilter.java:56)
	at org.springframework.web.filter.OncePerRequestFilter.doFilter(OncePerRequestFilter.java:119)
	at org.springframework.security.web.FilterChainProxy$VirtualFilterChain.doFilter(FilterChainProxy.java:334)
	at org.springframework.security.web.FilterChainProxy.doFilterInternal(FilterChainProxy.java:215)
	at org.springframework.security.web.FilterChainProxy.doFilter(FilterChainProxy.java:178)
	at org.springframework.web.filter.DelegatingFilterProxy.invokeDelegate(DelegatingFilterProxy.java:358)
	at org.springframework.web.filter.DelegatingFilterProxy.doFilter(DelegatingFilterProxy.java:271)
	at org.apache.catalina.core.ApplicationFilterChain.internalDoFilter(ApplicationFilterChain.java:193)
	at org.apache.catalina.core.ApplicationFilterChain.doFilter(ApplicationFilterChain.java:166)
	at org.springframework.web.filter.RequestContextFilter.doFilterInternal(RequestContextFilter.java:100)
	at org.springframework.web.filter.OncePerRequestFilter.doFilter(OncePerRequestFilter.java:119)
	at org.apache.catalina.core.ApplicationFilterChain.internalDoFilter(ApplicationFilterChain.java:193)
	at org.apache.catalina.core.ApplicationFilterChain.doFilter(ApplicationFilterChain.java:166)
	at org.springframework.web.filter.FormContentFilter.doFilterInternal(FormContentFilter.java:93)
	at org.springframework.web.filter.OncePerRequestFilter.doFilter(OncePerRequestFilter.java:119)
	at org.apache.catalina.core.ApplicationFilterChain.internalDoFilter(ApplicationFilterChain.java:193)
	at org.apache.catalina.core.ApplicationFilterChain.doFilter(ApplicationFilterChain.java:166)
	at org.springframework.boot.actuate.metrics.web.servlet.WebMvcMetricsFilter.doFilterInternal(WebMvcMetricsFilter.java:109)
	at org.springframework.web.filter.OncePerRequestFilter.doFilter(OncePerRequestFilter.java:119)
	at org.apache.catalina.core.ApplicationFilterChain.internalDoFilter(ApplicationFilterChain.java:193)
	at org.apache.catalina.core.ApplicationFilterChain.doFilter(ApplicationFilterChain.java:166)
	at org.springframework.web.filter.CharacterEncodingFilter.doFilterInternal(CharacterEncodingFilter.java:201)
	at org.springframework.web.filter.OncePerRequestFilter.doFilter(OncePerRequestFilter.java:119)
	at org.apache.catalina.core.ApplicationFilterChain.internalDoFilter(ApplicationFilterChain.java:193)
	at org.apache.catalina.core.ApplicationFilterChain.doFilter(ApplicationFilterChain.java:166)
	at org.apache.catalina.core.StandardWrapperValve.invoke(StandardWrapperValve.java:202)
	at org.apache.catalina.core.StandardContextValve.invoke(StandardContextValve.java:96)
	at org.apache.catalina.authenticator.AuthenticatorBase.invoke(AuthenticatorBase.java:541)
	at org.apache.catalina.core.StandardHostValve.invoke(StandardHostValve.java:139)
	at org.apache.catalina.valves.ErrorReportValve.invoke(ErrorReportValve.java:92)
	at org.apache.catalina.core.StandardEngineValve.invoke(StandardEngineValve.java:74)
	at org.apache.catalina.connector.CoyoteAdapter.service(CoyoteAdapter.java:343)
	at org.apache.coyote.http11.Http11Processor.service(Http11Processor.java:373)
	at org.apache.coyote.AbstractProcessorLight.process(AbstractProcessorLight.java:65)
	at org.apache.coyote.AbstractProtocol$ConnectionHandler.process(AbstractProtocol.java:868)
	at org.apache.tomcat.util.net.NioEndpoint$SocketProcessor.doRun(NioEndpoint.java:1594)
	at org.apache.tomcat.util.net.SocketProcessorBase.run(SocketProcessorBase.java:49)
	at java.base/java.util.concurrent.ThreadPoolExecutor.runWorker(ThreadPoolExecutor.java:1128)
	at java.base/java.util.concurrent.ThreadPoolExecutor$Worker.run(ThreadPoolExecutor.java:628)
	at org.apache.tomcat.util.threads.TaskThread$WrappingRunnable.run(TaskThread.java:61)
	at java.base/java.lang.Thread.run(Thread.java:834)
2020-05-22 11:33:47,865 ERROR com.surshree.app.exception.CustomResponseEntityExceptionHandler [http-nio-8080-exec-4] java.io.IOException: Broken pipe
org.apache.catalina.connector.ClientAbortException: java.io.IOException: Broken pipe
	at org.apache.catalina.connector.OutputBuffer.realWriteBytes(OutputBuffer.java:351)
	at org.apache.catalina.connector.OutputBuffer.flushByteBuffer(OutputBuffer.java:776)
	at org.apache.catalina.connector.OutputBuffer.append(OutputBuffer.java:681)
	at org.apache.catalina.connector.OutputBuffer.writeBytes(OutputBuffer.java:386)
	at org.apache.catalina.connector.OutputBuffer.write(OutputBuffer.java:364)
	at org.apache.catalina.connector.CoyoteOutputStream.write(CoyoteOutputStream.java:96)
	at org.springframework.security.web.util.OnCommittedResponseWrapper$SaveContextServletOutputStream.write(OnCommittedResponseWrapper.java:645)
	at org.springframework.security.web.util.OnCommittedResponseWrapper$SaveContextServletOutputStream.write(OnCommittedResponseWrapper.java:645)
	at org.springframework.util.StreamUtils.copyRange(StreamUtils.java:180)
	at org.springframework.http.converter.ResourceRegionHttpMessageConverter.writeResourceRegion(ResourceRegionHttpMessageConverter.java:159)
	at org.springframework.http.converter.ResourceRegionHttpMessageConverter.writeInternal(ResourceRegionHttpMessageConverter.java:136)
	at org.springframework.http.converter.AbstractGenericHttpMessageConverter.write(AbstractGenericHttpMessageConverter.java:104)
	at org.springframework.web.servlet.mvc.method.annotation.AbstractMessageConverterMethodProcessor.writeWithMessageConverters(AbstractMessageConverterMethodProcessor.java:287)
	at org.springframework.web.servlet.mvc.method.annotation.HttpEntityMethodProcessor.handleReturnValue(HttpEntityMethodProcessor.java:219)
	at org.springframework.web.method.support.HandlerMethodReturnValueHandlerComposite.handleReturnValue(HandlerMethodReturnValueHandlerComposite.java:82)
	at org.springframework.web.servlet.mvc.method.annotation.ServletInvocableHandlerMethod.invokeAndHandle(ServletInvocableHandlerMethod.java:123)
	at org.springframework.web.servlet.mvc.method.annotation.RequestMappingHandlerAdapter.invokeHandlerMethod(RequestMappingHandlerAdapter.java:879)
	at org.springframework.web.servlet.mvc.method.annotation.RequestMappingHandlerAdapter.handleInternal(RequestMappingHandlerAdapter.java:793)
	at org.springframework.web.servlet.mvc.method.AbstractHandlerMethodAdapter.handle(AbstractHandlerMethodAdapter.java:87)
	at org.springframework.web.servlet.DispatcherServlet.doDispatch(DispatcherServlet.java:1040)
	at org.springframework.web.servlet.DispatcherServlet.doService(DispatcherServlet.java:943)
	at org.springframework.web.servlet.FrameworkServlet.processRequest(FrameworkServlet.java:1006)
	at org.springframework.web.servlet.FrameworkServlet.doGet(FrameworkServlet.java:898)
	at javax.servlet.http.HttpServlet.service(HttpServlet.java:634)
	at org.springframework.web.servlet.FrameworkServlet.service(FrameworkServlet.java:883)
	at javax.servlet.http.HttpServlet.service(HttpServlet.java:741)
	at org.apache.catalina.core.ApplicationFilterChain.internalDoFilter(ApplicationFilterChain.java:231)
	at org.apache.catalina.core.ApplicationFilterChain.doFilter(ApplicationFilterChain.java:166)
	at org.apache.tomcat.websocket.server.WsFilter.doFilter(WsFilter.java:53)
	at org.apache.catalina.core.ApplicationFilterChain.internalDoFilter(ApplicationFilterChain.java:193)
	at org.apache.catalina.core.ApplicationFilterChain.doFilter(ApplicationFilterChain.java:166)
	at org.springframework.security.web.FilterChainProxy$VirtualFilterChain.doFilter(FilterChainProxy.java:320)
	at org.springframework.security.web.access.intercept.FilterSecurityInterceptor.invoke(FilterSecurityInterceptor.java:126)
	at org.springframework.security.web.access.intercept.FilterSecurityInterceptor.doFilter(FilterSecurityInterceptor.java:90)
	at org.springframework.security.web.FilterChainProxy$VirtualFilterChain.doFilter(FilterChainProxy.java:334)
	at org.springframework.security.web.access.ExceptionTranslationFilter.doFilter(ExceptionTranslationFilter.java:118)
	at org.springframework.security.web.FilterChainProxy$VirtualFilterChain.doFilter(FilterChainProxy.java:334)
	at org.springframework.security.web.session.SessionManagementFilter.doFilter(SessionManagementFilter.java:137)
	at org.springframework.security.web.FilterChainProxy$VirtualFilterChain.doFilter(FilterChainProxy.java:334)
	at org.springframework.security.web.authentication.AnonymousAuthenticationFilter.doFilter(AnonymousAuthenticationFilter.java:111)
	at org.springframework.security.web.FilterChainProxy$VirtualFilterChain.doFilter(FilterChainProxy.java:334)
	at org.springframework.security.web.servletapi.SecurityContextHolderAwareRequestFilter.doFilter(SecurityContextHolderAwareRequestFilter.java:158)
	at org.springframework.security.web.FilterChainProxy$VirtualFilterChain.doFilter(FilterChainProxy.java:334)
	at org.springframework.security.web.savedrequest.RequestCacheAwareFilter.doFilter(RequestCacheAwareFilter.java:63)
	at org.springframework.security.web.FilterChainProxy$VirtualFilterChain.doFilter(FilterChainProxy.java:334)
	at org.springframework.security.web.authentication.www.BasicAuthenticationFilter.doFilterInternal(BasicAuthenticationFilter.java:155)
	at org.springframework.web.filter.OncePerRequestFilter.doFilter(OncePerRequestFilter.java:119)
	at org.springframework.security.web.FilterChainProxy$VirtualFilterChain.doFilter(FilterChainProxy.java:334)
	at org.springframework.security.web.authentication.logout.LogoutFilter.doFilter(LogoutFilter.java:116)
	at org.springframework.security.web.FilterChainProxy$VirtualFilterChain.doFilter(FilterChainProxy.java:334)
	at org.springframework.web.filter.CorsFilter.doFilterInternal(CorsFilter.java:92)
	at org.springframework.web.filter.OncePerRequestFilter.doFilter(OncePerRequestFilter.java:119)
	at org.springframework.security.web.FilterChainProxy$VirtualFilterChain.doFilter(FilterChainProxy.java:334)
	at org.springframework.security.web.header.HeaderWriterFilter.doHeadersAfter(HeaderWriterFilter.java:92)
	at org.springframework.security.web.header.HeaderWriterFilter.doFilterInternal(HeaderWriterFilter.java:77)
	at org.springframework.web.filter.OncePerRequestFilter.doFilter(OncePerRequestFilter.java:119)
	at org.springframework.security.web.FilterChainProxy$VirtualFilterChain.doFilter(FilterChainProxy.java:334)
	at org.springframework.security.web.context.SecurityContextPersistenceFilter.doFilter(SecurityContextPersistenceFilter.java:105)
	at org.springframework.security.web.FilterChainProxy$VirtualFilterChain.doFilter(FilterChainProxy.java:334)
	at org.springframework.security.web.context.request.async.WebAsyncManagerIntegrationFilter.doFilterInternal(WebAsyncManagerIntegrationFilter.java:56)
	at org.springframework.web.filter.OncePerRequestFilter.doFilter(OncePerRequestFilter.java:119)
	at org.springframework.security.web.FilterChainProxy$VirtualFilterChain.doFilter(FilterChainProxy.java:334)
	at org.springframework.security.web.FilterChainProxy.doFilterInternal(FilterChainProxy.java:215)
	at org.springframework.security.web.FilterChainProxy.doFilter(FilterChainProxy.java:178)
	at org.springframework.web.filter.DelegatingFilterProxy.invokeDelegate(DelegatingFilterProxy.java:358)
	at org.springframework.web.filter.DelegatingFilterProxy.doFilter(DelegatingFilterProxy.java:271)
	at org.apache.catalina.core.ApplicationFilterChain.internalDoFilter(ApplicationFilterChain.java:193)
	at org.apache.catalina.core.ApplicationFilterChain.doFilter(ApplicationFilterChain.java:166)
	at org.springframework.web.filter.RequestContextFilter.doFilterInternal(RequestContextFilter.java:100)
	at org.springframework.web.filter.OncePerRequestFilter.doFilter(OncePerRequestFilter.java:119)
	at org.apache.catalina.core.ApplicationFilterChain.internalDoFilter(ApplicationFilterChain.java:193)
	at org.apache.catalina.core.ApplicationFilterChain.doFilter(ApplicationFilterChain.java:166)
	at org.springframework.web.filter.FormContentFilter.doFilterInternal(FormContentFilter.java:93)
	at org.springframework.web.filter.OncePerRequestFilter.doFilter(OncePerRequestFilter.java:119)
	at org.apache.catalina.core.ApplicationFilterChain.internalDoFilter(ApplicationFilterChain.java:193)
	at org.apache.catalina.core.ApplicationFilterChain.doFilter(ApplicationFilterChain.java:166)
	at org.springframework.boot.actuate.metrics.web.servlet.WebMvcMetricsFilter.doFilterInternal(WebMvcMetricsFilter.java:109)
	at org.springframework.web.filter.OncePerRequestFilter.doFilter(OncePerRequestFilter.java:119)
	at org.apache.catalina.core.ApplicationFilterChain.internalDoFilter(ApplicationFilterChain.java:193)
	at org.apache.catalina.core.ApplicationFilterChain.doFilter(ApplicationFilterChain.java:166)
	at org.springframework.web.filter.CharacterEncodingFilter.doFilterInternal(CharacterEncodingFilter.java:201)
	at org.springframework.web.filter.OncePerRequestFilter.doFilter(OncePerRequestFilter.java:119)
	at org.apache.catalina.core.ApplicationFilterChain.internalDoFilter(ApplicationFilterChain.java:193)
	at org.apache.catalina.core.ApplicationFilterChain.doFilter(ApplicationFilterChain.java:166)
	at org.apache.catalina.core.StandardWrapperValve.invoke(StandardWrapperValve.java:202)
	at org.apache.catalina.core.StandardContextValve.invoke(StandardContextValve.java:96)
	at org.apache.catalina.authenticator.AuthenticatorBase.invoke(AuthenticatorBase.java:541)
	at org.apache.catalina.core.StandardHostValve.invoke(StandardHostValve.java:139)
	at org.apache.catalina.valves.ErrorReportValve.invoke(ErrorReportValve.java:92)
	at org.apache.catalina.core.StandardEngineValve.invoke(StandardEngineValve.java:74)
	at org.apache.catalina.connector.CoyoteAdapter.service(CoyoteAdapter.java:343)
	at org.apache.coyote.http11.Http11Processor.service(Http11Processor.java:373)
	at org.apache.coyote.AbstractProcessorLight.process(AbstractProcessorLight.java:65)
	at org.apache.coyote.AbstractProtocol$ConnectionHandler.process(AbstractProtocol.java:868)
	at org.apache.tomcat.util.net.NioEndpoint$SocketProcessor.doRun(NioEndpoint.java:1594)
	at org.apache.tomcat.util.net.SocketProcessorBase.run(SocketProcessorBase.java:49)
	at java.base/java.util.concurrent.ThreadPoolExecutor.runWorker(ThreadPoolExecutor.java:1128)
	at java.base/java.util.concurrent.ThreadPoolExecutor$Worker.run(ThreadPoolExecutor.java:628)
	at org.apache.tomcat.util.threads.TaskThread$WrappingRunnable.run(TaskThread.java:61)
	at java.base/java.lang.Thread.run(Thread.java:834)
Caused by: java.io.IOException: Broken pipe
	at java.base/sun.nio.ch.FileDispatcherImpl.write0(Native Method)
	at java.base/sun.nio.ch.SocketDispatcher.write(SocketDispatcher.java:47)
	at java.base/sun.nio.ch.IOUtil.writeFromNativeBuffer(IOUtil.java:113)
	at java.base/sun.nio.ch.IOUtil.write(IOUtil.java:79)
	at java.base/sun.nio.ch.IOUtil.write(IOUtil.java:50)
	at java.base/sun.nio.ch.SocketChannelImpl.write(SocketChannelImpl.java:466)
	at org.apache.tomcat.util.net.NioChannel.write(NioChannel.java:138)
	at org.apache.tomcat.util.net.NioBlockingSelector.write(NioBlockingSelector.java:101)
	at org.apache.tomcat.util.net.NioSelectorPool.write(NioSelectorPool.java:152)
	at org.apache.tomcat.util.net.NioEndpoint$NioSocketWrapper.doWrite(NioEndpoint.java:1253)
	at org.apache.tomcat.util.net.SocketWrapperBase.doWrite(SocketWrapperBase.java:740)
	at org.apache.tomcat.util.net.SocketWrapperBase.writeBlocking(SocketWrapperBase.java:560)
	at org.apache.tomcat.util.net.SocketWrapperBase.write(SocketWrapperBase.java:504)
	at org.apache.coyote.http11.Http11OutputBuffer$SocketOutputBuffer.doWrite(Http11OutputBuffer.java:538)
	at org.apache.coyote.http11.filters.IdentityOutputFilter.doWrite(IdentityOutputFilter.java:73)
	at org.apache.coyote.http11.Http11OutputBuffer.doWrite(Http11OutputBuffer.java:190)
	at org.apache.coyote.Response.doWrite(Response.java:601)
	at org.apache.catalina.connector.OutputBuffer.realWriteBytes(OutputBuffer.java:339)
	... 99 common frames omitted
2020-05-22 11:33:47,866 WARN org.springframework.web.servlet.mvc.method.annotation.ExceptionHandlerExceptionResolver [http-nio-8080-exec-4] Failure in @ExceptionHandler com.surshree.app.exception.CustomResponseEntityExceptionHandler#handleAllException(Exception, WebRequest)
org.springframework.http.converter.HttpMessageNotWritableException: No converter for [class com.surshree.app.exception.ExceptionMessage] with preset Content-Type 'video/mp4'
	at org.springframework.web.servlet.mvc.method.annotation.AbstractMessageConverterMethodProcessor.writeWithMessageConverters(AbstractMessageConverterMethodProcessor.java:309)
	at org.springframework.web.servlet.mvc.method.annotation.HttpEntityMethodProcessor.handleReturnValue(HttpEntityMethodProcessor.java:219)
	at org.springframework.web.method.support.HandlerMethodReturnValueHandlerComposite.handleReturnValue(HandlerMethodReturnValueHandlerComposite.java:82)
	at org.springframework.web.servlet.mvc.method.annotation.ServletInvocableHandlerMethod.invokeAndHandle(ServletInvocableHandlerMethod.java:123)
	at org.springframework.web.servlet.mvc.method.annotation.ExceptionHandlerExceptionResolver.doResolveHandlerMethodException(ExceptionHandlerExceptionResolver.java:403)
	at org.springframework.web.servlet.handler.AbstractHandlerMethodExceptionResolver.doResolveException(AbstractHandlerMethodExceptionResolver.java:61)
	at org.springframework.web.servlet.handler.AbstractHandlerExceptionResolver.resolveException(AbstractHandlerExceptionResolver.java:141)
	at org.springframework.web.servlet.handler.HandlerExceptionResolverComposite.resolveException(HandlerExceptionResolverComposite.java:80)
	at org.springframework.web.servlet.DispatcherServlet.processHandlerException(DispatcherServlet.java:1300)
	at org.springframework.web.servlet.DispatcherServlet.processDispatchResult(DispatcherServlet.java:1111)
	at org.springframework.web.servlet.DispatcherServlet.doDispatch(DispatcherServlet.java:1057)
	at org.springframework.web.servlet.DispatcherServlet.doService(DispatcherServlet.java:943)
	at org.springframework.web.servlet.FrameworkServlet.processRequest(FrameworkServlet.java:1006)
	at org.springframework.web.servlet.FrameworkServlet.doGet(FrameworkServlet.java:898)
	at javax.servlet.http.HttpServlet.service(HttpServlet.java:634)
	at org.springframework.web.servlet.FrameworkServlet.service(FrameworkServlet.java:883)
	at javax.servlet.http.HttpServlet.service(HttpServlet.java:741)
	at org.apache.catalina.core.ApplicationFilterChain.internalDoFilter(ApplicationFilterChain.java:231)
	at org.apache.catalina.core.ApplicationFilterChain.doFilter(ApplicationFilterChain.java:166)
	at org.apache.tomcat.websocket.server.WsFilter.doFilter(WsFilter.java:53)
	at org.apache.catalina.core.ApplicationFilterChain.internalDoFilter(ApplicationFilterChain.java:193)
	at org.apache.catalina.core.ApplicationFilterChain.doFilter(ApplicationFilterChain.java:166)
	at org.springframework.security.web.FilterChainProxy$VirtualFilterChain.doFilter(FilterChainProxy.java:320)
	at org.springframework.security.web.access.intercept.FilterSecurityInterceptor.invoke(FilterSecurityInterceptor.java:126)
	at org.springframework.security.web.access.intercept.FilterSecurityInterceptor.doFilter(FilterSecurityInterceptor.java:90)
	at org.springframework.security.web.FilterChainProxy$VirtualFilterChain.doFilter(FilterChainProxy.java:334)
	at org.springframework.security.web.access.ExceptionTranslationFilter.doFilter(ExceptionTranslationFilter.java:118)
	at org.springframework.security.web.FilterChainProxy$VirtualFilterChain.doFilter(FilterChainProxy.java:334)
	at org.springframework.security.web.session.SessionManagementFilter.doFilter(SessionManagementFilter.java:137)
	at org.springframework.security.web.FilterChainProxy$VirtualFilterChain.doFilter(FilterChainProxy.java:334)
	at org.springframework.security.web.authentication.AnonymousAuthenticationFilter.doFilter(AnonymousAuthenticationFilter.java:111)
	at org.springframework.security.web.FilterChainProxy$VirtualFilterChain.doFilter(FilterChainProxy.java:334)
	at org.springframework.security.web.servletapi.SecurityContextHolderAwareRequestFilter.doFilter(SecurityContextHolderAwareRequestFilter.java:158)
	at org.springframework.security.web.FilterChainProxy$VirtualFilterChain.doFilter(FilterChainProxy.java:334)
	at org.springframework.security.web.savedrequest.RequestCacheAwareFilter.doFilter(RequestCacheAwareFilter.java:63)
	at org.springframework.security.web.FilterChainProxy$VirtualFilterChain.doFilter(FilterChainProxy.java:334)
	at org.springframework.security.web.authentication.www.BasicAuthenticationFilter.doFilterInternal(BasicAuthenticationFilter.java:155)
	at org.springframework.web.filter.OncePerRequestFilter.doFilter(OncePerRequestFilter.java:119)
	at org.springframework.security.web.FilterChainProxy$VirtualFilterChain.doFilter(FilterChainProxy.java:334)
	at org.springframework.security.web.authentication.logout.LogoutFilter.doFilter(LogoutFilter.java:116)
	at org.springframework.security.web.FilterChainProxy$VirtualFilterChain.doFilter(FilterChainProxy.java:334)
	at org.springframework.web.filter.CorsFilter.doFilterInternal(CorsFilter.java:92)
	at org.springframework.web.filter.OncePerRequestFilter.doFilter(OncePerRequestFilter.java:119)
	at org.springframework.security.web.FilterChainProxy$VirtualFilterChain.doFilter(FilterChainProxy.java:334)
	at org.springframework.security.web.header.HeaderWriterFilter.doHeadersAfter(HeaderWriterFilter.java:92)
	at org.springframework.security.web.header.HeaderWriterFilter.doFilterInternal(HeaderWriterFilter.java:77)
	at org.springframework.web.filter.OncePerRequestFilter.doFilter(OncePerRequestFilter.java:119)
	at org.springframework.security.web.FilterChainProxy$VirtualFilterChain.doFilter(FilterChainProxy.java:334)
	at org.springframework.security.web.context.SecurityContextPersistenceFilter.doFilter(SecurityContextPersistenceFilter.java:105)
	at org.springframework.security.web.FilterChainProxy$VirtualFilterChain.doFilter(FilterChainProxy.java:334)
	at org.springframework.security.web.context.request.async.WebAsyncManagerIntegrationFilter.doFilterInternal(WebAsyncManagerIntegrationFilter.java:56)
	at org.springframework.web.filter.OncePerRequestFilter.doFilter(OncePerRequestFilter.java:119)
	at org.springframework.security.web.FilterChainProxy$VirtualFilterChain.doFilter(FilterChainProxy.java:334)
	at org.springframework.security.web.FilterChainProxy.doFilterInternal(FilterChainProxy.java:215)
	at org.springframework.security.web.FilterChainProxy.doFilter(FilterChainProxy.java:178)
	at org.springframework.web.filter.DelegatingFilterProxy.invokeDelegate(DelegatingFilterProxy.java:358)
	at org.springframework.web.filter.DelegatingFilterProxy.doFilter(DelegatingFilterProxy.java:271)
	at org.apache.catalina.core.ApplicationFilterChain.internalDoFilter(ApplicationFilterChain.java:193)
	at org.apache.catalina.core.ApplicationFilterChain.doFilter(ApplicationFilterChain.java:166)
	at org.springframework.web.filter.RequestContextFilter.doFilterInternal(RequestContextFilter.java:100)
	at org.springframework.web.filter.OncePerRequestFilter.doFilter(OncePerRequestFilter.java:119)
	at org.apache.catalina.core.ApplicationFilterChain.internalDoFilter(ApplicationFilterChain.java:193)
	at org.apache.catalina.core.ApplicationFilterChain.doFilter(ApplicationFilterChain.java:166)
	at org.springframework.web.filter.FormContentFilter.doFilterInternal(FormContentFilter.java:93)
	at org.springframework.web.filter.OncePerRequestFilter.doFilter(OncePerRequestFilter.java:119)
	at org.apache.catalina.core.ApplicationFilterChain.internalDoFilter(ApplicationFilterChain.java:193)
	at org.apache.catalina.core.ApplicationFilterChain.doFilter(ApplicationFilterChain.java:166)
	at org.springframework.boot.actuate.metrics.web.servlet.WebMvcMetricsFilter.doFilterInternal(WebMvcMetricsFilter.java:109)
	at org.springframework.web.filter.OncePerRequestFilter.doFilter(OncePerRequestFilter.java:119)
	at org.apache.catalina.core.ApplicationFilterChain.internalDoFilter(ApplicationFilterChain.java:193)
	at org.apache.catalina.core.ApplicationFilterChain.doFilter(ApplicationFilterChain.java:166)
	at org.springframework.web.filter.CharacterEncodingFilter.doFilterInternal(CharacterEncodingFilter.java:201)
	at org.springframework.web.filter.OncePerRequestFilter.doFilter(OncePerRequestFilter.java:119)
	at org.apache.catalina.core.ApplicationFilterChain.internalDoFilter(ApplicationFilterChain.java:193)
	at org.apache.catalina.core.ApplicationFilterChain.doFilter(ApplicationFilterChain.java:166)
	at org.apache.catalina.core.StandardWrapperValve.invoke(StandardWrapperValve.java:202)
	at org.apache.catalina.core.StandardContextValve.invoke(StandardContextValve.java:96)
	at org.apache.catalina.authenticator.AuthenticatorBase.invoke(AuthenticatorBase.java:541)
	at org.apache.catalina.core.StandardHostValve.invoke(StandardHostValve.java:139)
	at org.apache.catalina.valves.ErrorReportValve.invoke(ErrorReportValve.java:92)
	at org.apache.catalina.core.StandardEngineValve.invoke(StandardEngineValve.java:74)
	at org.apache.catalina.connector.CoyoteAdapter.service(CoyoteAdapter.java:343)
	at org.apache.coyote.http11.Http11Processor.service(Http11Processor.java:373)
	at org.apache.coyote.AbstractProcessorLight.process(AbstractProcessorLight.java:65)
	at org.apache.coyote.AbstractProtocol$ConnectionHandler.process(AbstractProtocol.java:868)
	at org.apache.tomcat.util.net.NioEndpoint$SocketProcessor.doRun(NioEndpoint.java:1594)
	at org.apache.tomcat.util.net.SocketProcessorBase.run(SocketProcessorBase.java:49)
	at java.base/java.util.concurrent.ThreadPoolExecutor.runWorker(ThreadPoolExecutor.java:1128)
	at java.base/java.util.concurrent.ThreadPoolExecutor$Worker.run(ThreadPoolExecutor.java:628)
	at org.apache.tomcat.util.threads.TaskThread$WrappingRunnable.run(TaskThread.java:61)
	at java.base/java.lang.Thread.run(Thread.java:834)
2020-05-22 11:39:12,569 INFO com.surshree.app.services.CustomUserDetailsService [http-nio-8080-exec-8] Granted Authorities --> ROLE_CONT
2020-05-22 11:39:12,572 INFO com.surshree.app.services.CustomUserDetailsService [http-nio-8080-exec-8] Granted Authorities --> ROLE_ADMN
2020-05-22 11:39:12,573 INFO com.surshree.app.services.CustomUserDetailsService [http-nio-8080-exec-8] Granted Authorities --> FUNC_CONT_MENU
2020-05-22 11:39:12,574 INFO com.surshree.app.services.CustomUserDetailsService [http-nio-8080-exec-8] Granted Authorities --> FUNC_CONT_MENU
2020-05-22 11:39:12,581 INFO com.surshree.app.services.CustomUserDetailsService [http-nio-8080-exec-8] Granted Authorities --> FUNC_VIEW_ADMIN_MENU
2020-05-22 11:39:12,997 INFO com.surshree.app.services.CustomUserDetailsService [http-nio-8080-exec-10] Granted Authorities --> ROLE_CONT
2020-05-22 11:39:12,998 INFO com.surshree.app.services.CustomUserDetailsService [http-nio-8080-exec-10] Granted Authorities --> ROLE_ADMN
2020-05-22 11:39:12,998 INFO com.surshree.app.services.CustomUserDetailsService [http-nio-8080-exec-10] Granted Authorities --> FUNC_CONT_MENU
2020-05-22 11:39:12,998 INFO com.surshree.app.services.CustomUserDetailsService [http-nio-8080-exec-10] Granted Authorities --> FUNC_CONT_MENU
2020-05-22 11:39:12,999 INFO com.surshree.app.services.CustomUserDetailsService [http-nio-8080-exec-10] Granted Authorities --> FUNC_VIEW_ADMIN_MENU
2020-05-22 11:40:53,304 INFO com.surshree.app.services.CustomUserDetailsService [http-nio-8080-exec-5] Granted Authorities --> ROLE_CONT
2020-05-22 11:40:53,305 INFO com.surshree.app.services.CustomUserDetailsService [http-nio-8080-exec-5] Granted Authorities --> ROLE_ADMN
2020-05-22 11:40:53,306 INFO com.surshree.app.services.CustomUserDetailsService [http-nio-8080-exec-5] Granted Authorities --> FUNC_CONT_MENU
2020-05-22 11:40:53,310 INFO com.surshree.app.services.CustomUserDetailsService [http-nio-8080-exec-5] Granted Authorities --> FUNC_CONT_MENU
2020-05-22 11:40:53,311 INFO com.surshree.app.services.CustomUserDetailsService [http-nio-8080-exec-5] Granted Authorities --> FUNC_VIEW_ADMIN_MENU
2020-05-22 11:40:53,927 INFO com.surshree.app.services.CustomUserDetailsService [http-nio-8080-exec-7] Granted Authorities --> ROLE_CONT
2020-05-22 11:40:53,929 INFO com.surshree.app.services.CustomUserDetailsService [http-nio-8080-exec-7] Granted Authorities --> ROLE_ADMN
2020-05-22 11:40:53,930 INFO com.surshree.app.services.CustomUserDetailsService [http-nio-8080-exec-7] Granted Authorities --> FUNC_CONT_MENU
2020-05-22 11:40:53,930 INFO com.surshree.app.services.CustomUserDetailsService [http-nio-8080-exec-7] Granted Authorities --> FUNC_CONT_MENU
2020-05-22 11:40:53,933 INFO com.surshree.app.services.CustomUserDetailsService [http-nio-8080-exec-7] Granted Authorities --> FUNC_VIEW_ADMIN_MENU
2020-05-22 11:42:47,531 INFO com.surshree.app.services.CustomUserDetailsService [http-nio-8080-exec-8] Granted Authorities --> ROLE_CONT
2020-05-22 11:42:47,534 INFO com.surshree.app.services.CustomUserDetailsService [http-nio-8080-exec-8] Granted Authorities --> ROLE_ADMN
2020-05-22 11:42:47,536 INFO com.surshree.app.services.CustomUserDetailsService [http-nio-8080-exec-8] Granted Authorities --> FUNC_CONT_MENU
2020-05-22 11:42:47,537 INFO com.surshree.app.services.CustomUserDetailsService [http-nio-8080-exec-8] Granted Authorities --> FUNC_CONT_MENU
2020-05-22 11:42:47,537 INFO com.surshree.app.services.CustomUserDetailsService [http-nio-8080-exec-8] Granted Authorities --> FUNC_VIEW_ADMIN_MENU
2020-05-22 11:42:48,032 INFO com.surshree.app.services.CustomUserDetailsService [http-nio-8080-exec-1] Granted Authorities --> ROLE_CONT
2020-05-22 11:42:48,033 INFO com.surshree.app.services.CustomUserDetailsService [http-nio-8080-exec-1] Granted Authorities --> ROLE_ADMN
2020-05-22 11:42:48,034 INFO com.surshree.app.services.CustomUserDetailsService [http-nio-8080-exec-1] Granted Authorities --> FUNC_CONT_MENU
2020-05-22 11:42:48,034 INFO com.surshree.app.services.CustomUserDetailsService [http-nio-8080-exec-1] Granted Authorities --> FUNC_CONT_MENU
2020-05-22 11:42:48,035 INFO com.surshree.app.services.CustomUserDetailsService [http-nio-8080-exec-1] Granted Authorities --> FUNC_VIEW_ADMIN_MENU
2020-05-22 11:43:22,462 INFO com.surshree.app.scheduling.CacheScheduler [scheduling-1] Clear user cache : START
2020-05-22 11:43:22,471 INFO com.surshree.app.scheduling.CacheScheduler [scheduling-1] Clear user cache : END
2020-05-22 11:43:51,989 INFO com.surshree.app.services.CustomUserDetailsService [http-nio-8080-exec-9] Granted Authorities --> ROLE_CONT
2020-05-22 11:43:51,995 INFO com.surshree.app.services.CustomUserDetailsService [http-nio-8080-exec-9] Granted Authorities --> ROLE_ADMN
2020-05-22 11:43:51,995 INFO com.surshree.app.services.CustomUserDetailsService [http-nio-8080-exec-9] Granted Authorities --> FUNC_CONT_MENU
2020-05-22 11:43:51,997 INFO com.surshree.app.services.CustomUserDetailsService [http-nio-8080-exec-9] Granted Authorities --> FUNC_CONT_MENU
2020-05-22 11:43:51,997 INFO com.surshree.app.services.CustomUserDetailsService [http-nio-8080-exec-9] Granted Authorities --> FUNC_VIEW_ADMIN_MENU
2020-05-22 11:43:52,462 INFO com.surshree.app.services.CustomUserDetailsService [http-nio-8080-exec-1] Granted Authorities --> ROLE_CONT
2020-05-22 11:43:52,463 INFO com.surshree.app.services.CustomUserDetailsService [http-nio-8080-exec-1] Granted Authorities --> ROLE_ADMN
2020-05-22 11:43:52,463 INFO com.surshree.app.services.CustomUserDetailsService [http-nio-8080-exec-1] Granted Authorities --> FUNC_CONT_MENU
2020-05-22 11:43:52,465 INFO com.surshree.app.services.CustomUserDetailsService [http-nio-8080-exec-1] Granted Authorities --> FUNC_CONT_MENU
2020-05-22 11:43:52,465 INFO com.surshree.app.services.CustomUserDetailsService [http-nio-8080-exec-1] Granted Authorities --> FUNC_VIEW_ADMIN_MENU
2020-05-22 11:45:03,210 INFO com.surshree.app.services.CustomUserDetailsService [http-nio-8080-exec-10] Granted Authorities --> ROLE_CONT
2020-05-22 11:45:03,211 INFO com.surshree.app.services.CustomUserDetailsService [http-nio-8080-exec-10] Granted Authorities --> ROLE_ADMN
2020-05-22 11:45:03,212 INFO com.surshree.app.services.CustomUserDetailsService [http-nio-8080-exec-10] Granted Authorities --> FUNC_CONT_MENU
2020-05-22 11:45:03,214 INFO com.surshree.app.services.CustomUserDetailsService [http-nio-8080-exec-10] Granted Authorities --> FUNC_CONT_MENU
2020-05-22 11:45:03,215 INFO com.surshree.app.services.CustomUserDetailsService [http-nio-8080-exec-10] Granted Authorities --> FUNC_VIEW_ADMIN_MENU
2020-05-22 11:45:03,639 INFO com.surshree.app.services.CustomUserDetailsService [http-nio-8080-exec-2] Granted Authorities --> ROLE_CONT
2020-05-22 11:45:03,640 INFO com.surshree.app.services.CustomUserDetailsService [http-nio-8080-exec-2] Granted Authorities --> ROLE_ADMN
2020-05-22 11:45:03,640 INFO com.surshree.app.services.CustomUserDetailsService [http-nio-8080-exec-2] Granted Authorities --> FUNC_CONT_MENU
2020-05-22 11:45:03,641 INFO com.surshree.app.services.CustomUserDetailsService [http-nio-8080-exec-2] Granted Authorities --> FUNC_CONT_MENU
2020-05-22 11:45:03,641 INFO com.surshree.app.services.CustomUserDetailsService [http-nio-8080-exec-2] Granted Authorities --> FUNC_VIEW_ADMIN_MENU
2020-05-22 11:45:47,909 INFO com.surshree.app.services.CustomUserDetailsService [http-nio-8080-exec-2] Granted Authorities --> ROLE_CONT
2020-05-22 11:45:47,909 INFO com.surshree.app.services.CustomUserDetailsService [http-nio-8080-exec-2] Granted Authorities --> ROLE_ADMN
2020-05-22 11:45:47,909 INFO com.surshree.app.services.CustomUserDetailsService [http-nio-8080-exec-2] Granted Authorities --> FUNC_CONT_MENU
2020-05-22 11:45:47,910 INFO com.surshree.app.services.CustomUserDetailsService [http-nio-8080-exec-2] Granted Authorities --> FUNC_CONT_MENU
2020-05-22 11:45:47,910 INFO com.surshree.app.services.CustomUserDetailsService [http-nio-8080-exec-2] Granted Authorities --> FUNC_VIEW_ADMIN_MENU
2020-05-22 11:45:48,197 INFO com.surshree.app.services.CustomUserDetailsService [http-nio-8080-exec-5] Granted Authorities --> ROLE_CONT
2020-05-22 11:45:48,198 INFO com.surshree.app.services.CustomUserDetailsService [http-nio-8080-exec-5] Granted Authorities --> ROLE_ADMN
2020-05-22 11:45:48,198 INFO com.surshree.app.services.CustomUserDetailsService [http-nio-8080-exec-5] Granted Authorities --> FUNC_CONT_MENU
2020-05-22 11:45:48,199 INFO com.surshree.app.services.CustomUserDetailsService [http-nio-8080-exec-5] Granted Authorities --> FUNC_CONT_MENU
2020-05-22 11:45:48,199 INFO com.surshree.app.services.CustomUserDetailsService [http-nio-8080-exec-5] Granted Authorities --> FUNC_VIEW_ADMIN_MENU
2020-05-22 11:45:48,420 INFO com.surshree.app.services.CustomUserDetailsService [http-nio-8080-exec-8] Granted Authorities --> ROLE_CONT
2020-05-22 11:45:48,420 INFO com.surshree.app.services.CustomUserDetailsService [http-nio-8080-exec-8] Granted Authorities --> ROLE_ADMN
2020-05-22 11:45:48,421 INFO com.surshree.app.services.CustomUserDetailsService [http-nio-8080-exec-8] Granted Authorities --> FUNC_CONT_MENU
2020-05-22 11:45:48,421 INFO com.surshree.app.services.CustomUserDetailsService [http-nio-8080-exec-8] Granted Authorities --> FUNC_CONT_MENU
2020-05-22 11:45:48,421 INFO com.surshree.app.services.CustomUserDetailsService [http-nio-8080-exec-8] Granted Authorities --> FUNC_VIEW_ADMIN_MENU
2020-05-22 11:45:58,885 INFO org.springframework.security.oauth2.provider.token.store.JdbcTokenStore [http-nio-8080-exec-10] Failed to find access token for token undefined
2020-05-22 11:46:06,197 INFO org.springframework.security.oauth2.provider.token.store.JdbcTokenStore [http-nio-8080-exec-1] Failed to find access token for token undefined
2020-05-22 11:46:10,157 INFO org.springframework.security.oauth2.provider.token.store.JdbcTokenStore [http-nio-8080-exec-4] Failed to find access token for token undefined
2020-05-22 11:46:25,742 INFO org.springframework.security.oauth2.provider.token.store.JdbcTokenStore [http-nio-8080-exec-6] Failed to find access token for token undefined
2020-05-22 11:46:28,609 INFO org.springframework.security.oauth2.provider.token.store.JdbcTokenStore [http-nio-8080-exec-8] Failed to find access token for token undefined
2020-05-22 11:46:39,559 ERROR com.surshree.app.exception.CustomResponseEntityExceptionHandler [http-nio-8080-exec-10] java.io.IOException: Broken pipe
org.apache.catalina.connector.ClientAbortException: java.io.IOException: Broken pipe
	at org.apache.catalina.connector.OutputBuffer.realWriteBytes(OutputBuffer.java:351)
	at org.apache.catalina.connector.OutputBuffer.flushByteBuffer(OutputBuffer.java:776)
	at org.apache.catalina.connector.OutputBuffer.append(OutputBuffer.java:681)
	at org.apache.catalina.connector.OutputBuffer.writeBytes(OutputBuffer.java:386)
	at org.apache.catalina.connector.OutputBuffer.write(OutputBuffer.java:364)
	at org.apache.catalina.connector.CoyoteOutputStream.write(CoyoteOutputStream.java:96)
	at org.springframework.security.web.util.OnCommittedResponseWrapper$SaveContextServletOutputStream.write(OnCommittedResponseWrapper.java:645)
	at org.springframework.security.web.util.OnCommittedResponseWrapper$SaveContextServletOutputStream.write(OnCommittedResponseWrapper.java:645)
	at org.springframework.util.StreamUtils.copyRange(StreamUtils.java:180)
	at org.springframework.http.converter.ResourceRegionHttpMessageConverter.writeResourceRegion(ResourceRegionHttpMessageConverter.java:159)
	at org.springframework.http.converter.ResourceRegionHttpMessageConverter.writeInternal(ResourceRegionHttpMessageConverter.java:136)
	at org.springframework.http.converter.AbstractGenericHttpMessageConverter.write(AbstractGenericHttpMessageConverter.java:104)
	at org.springframework.web.servlet.mvc.method.annotation.AbstractMessageConverterMethodProcessor.writeWithMessageConverters(AbstractMessageConverterMethodProcessor.java:287)
	at org.springframework.web.servlet.mvc.method.annotation.HttpEntityMethodProcessor.handleReturnValue(HttpEntityMethodProcessor.java:219)
	at org.springframework.web.method.support.HandlerMethodReturnValueHandlerComposite.handleReturnValue(HandlerMethodReturnValueHandlerComposite.java:82)
	at org.springframework.web.servlet.mvc.method.annotation.ServletInvocableHandlerMethod.invokeAndHandle(ServletInvocableHandlerMethod.java:123)
	at org.springframework.web.servlet.mvc.method.annotation.RequestMappingHandlerAdapter.invokeHandlerMethod(RequestMappingHandlerAdapter.java:879)
	at org.springframework.web.servlet.mvc.method.annotation.RequestMappingHandlerAdapter.handleInternal(RequestMappingHandlerAdapter.java:793)
	at org.springframework.web.servlet.mvc.method.AbstractHandlerMethodAdapter.handle(AbstractHandlerMethodAdapter.java:87)
	at org.springframework.web.servlet.DispatcherServlet.doDispatch(DispatcherServlet.java:1040)
	at org.springframework.web.servlet.DispatcherServlet.doService(DispatcherServlet.java:943)
	at org.springframework.web.servlet.FrameworkServlet.processRequest(FrameworkServlet.java:1006)
	at org.springframework.web.servlet.FrameworkServlet.doGet(FrameworkServlet.java:898)
	at javax.servlet.http.HttpServlet.service(HttpServlet.java:634)
	at org.springframework.web.servlet.FrameworkServlet.service(FrameworkServlet.java:883)
	at javax.servlet.http.HttpServlet.service(HttpServlet.java:741)
	at org.apache.catalina.core.ApplicationFilterChain.internalDoFilter(ApplicationFilterChain.java:231)
	at org.apache.catalina.core.ApplicationFilterChain.doFilter(ApplicationFilterChain.java:166)
	at org.apache.tomcat.websocket.server.WsFilter.doFilter(WsFilter.java:53)
	at org.apache.catalina.core.ApplicationFilterChain.internalDoFilter(ApplicationFilterChain.java:193)
	at org.apache.catalina.core.ApplicationFilterChain.doFilter(ApplicationFilterChain.java:166)
	at org.springframework.security.web.FilterChainProxy$VirtualFilterChain.doFilter(FilterChainProxy.java:320)
	at org.springframework.security.web.access.intercept.FilterSecurityInterceptor.invoke(FilterSecurityInterceptor.java:126)
	at org.springframework.security.web.access.intercept.FilterSecurityInterceptor.doFilter(FilterSecurityInterceptor.java:90)
	at org.springframework.security.web.FilterChainProxy$VirtualFilterChain.doFilter(FilterChainProxy.java:334)
	at org.springframework.security.web.access.ExceptionTranslationFilter.doFilter(ExceptionTranslationFilter.java:118)
	at org.springframework.security.web.FilterChainProxy$VirtualFilterChain.doFilter(FilterChainProxy.java:334)
	at org.springframework.security.web.session.SessionManagementFilter.doFilter(SessionManagementFilter.java:137)
	at org.springframework.security.web.FilterChainProxy$VirtualFilterChain.doFilter(FilterChainProxy.java:334)
	at org.springframework.security.web.authentication.AnonymousAuthenticationFilter.doFilter(AnonymousAuthenticationFilter.java:111)
	at org.springframework.security.web.FilterChainProxy$VirtualFilterChain.doFilter(FilterChainProxy.java:334)
	at org.springframework.security.web.servletapi.SecurityContextHolderAwareRequestFilter.doFilter(SecurityContextHolderAwareRequestFilter.java:158)
	at org.springframework.security.web.FilterChainProxy$VirtualFilterChain.doFilter(FilterChainProxy.java:334)
	at org.springframework.security.web.savedrequest.RequestCacheAwareFilter.doFilter(RequestCacheAwareFilter.java:63)
	at org.springframework.security.web.FilterChainProxy$VirtualFilterChain.doFilter(FilterChainProxy.java:334)
	at org.springframework.security.web.authentication.www.BasicAuthenticationFilter.doFilterInternal(BasicAuthenticationFilter.java:155)
	at org.springframework.web.filter.OncePerRequestFilter.doFilter(OncePerRequestFilter.java:119)
	at org.springframework.security.web.FilterChainProxy$VirtualFilterChain.doFilter(FilterChainProxy.java:334)
	at org.springframework.security.web.authentication.logout.LogoutFilter.doFilter(LogoutFilter.java:116)
	at org.springframework.security.web.FilterChainProxy$VirtualFilterChain.doFilter(FilterChainProxy.java:334)
	at org.springframework.web.filter.CorsFilter.doFilterInternal(CorsFilter.java:92)
	at org.springframework.web.filter.OncePerRequestFilter.doFilter(OncePerRequestFilter.java:119)
	at org.springframework.security.web.FilterChainProxy$VirtualFilterChain.doFilter(FilterChainProxy.java:334)
	at org.springframework.security.web.header.HeaderWriterFilter.doHeadersAfter(HeaderWriterFilter.java:92)
	at org.springframework.security.web.header.HeaderWriterFilter.doFilterInternal(HeaderWriterFilter.java:77)
	at org.springframework.web.filter.OncePerRequestFilter.doFilter(OncePerRequestFilter.java:119)
	at org.springframework.security.web.FilterChainProxy$VirtualFilterChain.doFilter(FilterChainProxy.java:334)
	at org.springframework.security.web.context.SecurityContextPersistenceFilter.doFilter(SecurityContextPersistenceFilter.java:105)
	at org.springframework.security.web.FilterChainProxy$VirtualFilterChain.doFilter(FilterChainProxy.java:334)
	at org.springframework.security.web.context.request.async.WebAsyncManagerIntegrationFilter.doFilterInternal(WebAsyncManagerIntegrationFilter.java:56)
	at org.springframework.web.filter.OncePerRequestFilter.doFilter(OncePerRequestFilter.java:119)
	at org.springframework.security.web.FilterChainProxy$VirtualFilterChain.doFilter(FilterChainProxy.java:334)
	at org.springframework.security.web.FilterChainProxy.doFilterInternal(FilterChainProxy.java:215)
	at org.springframework.security.web.FilterChainProxy.doFilter(FilterChainProxy.java:178)
	at org.springframework.web.filter.DelegatingFilterProxy.invokeDelegate(DelegatingFilterProxy.java:358)
	at org.springframework.web.filter.DelegatingFilterProxy.doFilter(DelegatingFilterProxy.java:271)
	at org.apache.catalina.core.ApplicationFilterChain.internalDoFilter(ApplicationFilterChain.java:193)
	at org.apache.catalina.core.ApplicationFilterChain.doFilter(ApplicationFilterChain.java:166)
	at org.springframework.web.filter.RequestContextFilter.doFilterInternal(RequestContextFilter.java:100)
	at org.springframework.web.filter.OncePerRequestFilter.doFilter(OncePerRequestFilter.java:119)
	at org.apache.catalina.core.ApplicationFilterChain.internalDoFilter(ApplicationFilterChain.java:193)
	at org.apache.catalina.core.ApplicationFilterChain.doFilter(ApplicationFilterChain.java:166)
	at org.springframework.web.filter.FormContentFilter.doFilterInternal(FormContentFilter.java:93)
	at org.springframework.web.filter.OncePerRequestFilter.doFilter(OncePerRequestFilter.java:119)
	at org.apache.catalina.core.ApplicationFilterChain.internalDoFilter(ApplicationFilterChain.java:193)
	at org.apache.catalina.core.ApplicationFilterChain.doFilter(ApplicationFilterChain.java:166)
	at org.springframework.boot.actuate.metrics.web.servlet.WebMvcMetricsFilter.doFilterInternal(WebMvcMetricsFilter.java:109)
	at org.springframework.web.filter.OncePerRequestFilter.doFilter(OncePerRequestFilter.java:119)
	at org.apache.catalina.core.ApplicationFilterChain.internalDoFilter(ApplicationFilterChain.java:193)
	at org.apache.catalina.core.ApplicationFilterChain.doFilter(ApplicationFilterChain.java:166)
	at org.springframework.web.filter.CharacterEncodingFilter.doFilterInternal(CharacterEncodingFilter.java:201)
	at org.springframework.web.filter.OncePerRequestFilter.doFilter(OncePerRequestFilter.java:119)
	at org.apache.catalina.core.ApplicationFilterChain.internalDoFilter(ApplicationFilterChain.java:193)
	at org.apache.catalina.core.ApplicationFilterChain.doFilter(ApplicationFilterChain.java:166)
	at org.apache.catalina.core.StandardWrapperValve.invoke(StandardWrapperValve.java:202)
	at org.apache.catalina.core.StandardContextValve.invoke(StandardContextValve.java:96)
	at org.apache.catalina.authenticator.AuthenticatorBase.invoke(AuthenticatorBase.java:541)
	at org.apache.catalina.core.StandardHostValve.invoke(StandardHostValve.java:139)
	at org.apache.catalina.valves.ErrorReportValve.invoke(ErrorReportValve.java:92)
	at org.apache.catalina.core.StandardEngineValve.invoke(StandardEngineValve.java:74)
	at org.apache.catalina.connector.CoyoteAdapter.service(CoyoteAdapter.java:343)
	at org.apache.coyote.http11.Http11Processor.service(Http11Processor.java:373)
	at org.apache.coyote.AbstractProcessorLight.process(AbstractProcessorLight.java:65)
	at org.apache.coyote.AbstractProtocol$ConnectionHandler.process(AbstractProtocol.java:868)
	at org.apache.tomcat.util.net.NioEndpoint$SocketProcessor.doRun(NioEndpoint.java:1594)
	at org.apache.tomcat.util.net.SocketProcessorBase.run(SocketProcessorBase.java:49)
	at java.base/java.util.concurrent.ThreadPoolExecutor.runWorker(ThreadPoolExecutor.java:1128)
	at java.base/java.util.concurrent.ThreadPoolExecutor$Worker.run(ThreadPoolExecutor.java:628)
	at org.apache.tomcat.util.threads.TaskThread$WrappingRunnable.run(TaskThread.java:61)
	at java.base/java.lang.Thread.run(Thread.java:834)
Caused by: java.io.IOException: Broken pipe
	at java.base/sun.nio.ch.FileDispatcherImpl.write0(Native Method)
	at java.base/sun.nio.ch.SocketDispatcher.write(SocketDispatcher.java:47)
	at java.base/sun.nio.ch.IOUtil.writeFromNativeBuffer(IOUtil.java:113)
	at java.base/sun.nio.ch.IOUtil.write(IOUtil.java:79)
	at java.base/sun.nio.ch.IOUtil.write(IOUtil.java:50)
	at java.base/sun.nio.ch.SocketChannelImpl.write(SocketChannelImpl.java:466)
	at org.apache.tomcat.util.net.NioChannel.write(NioChannel.java:138)
	at org.apache.tomcat.util.net.NioBlockingSelector.write(NioBlockingSelector.java:101)
	at org.apache.tomcat.util.net.NioSelectorPool.write(NioSelectorPool.java:152)
	at org.apache.tomcat.util.net.NioEndpoint$NioSocketWrapper.doWrite(NioEndpoint.java:1253)
	at org.apache.tomcat.util.net.SocketWrapperBase.doWrite(SocketWrapperBase.java:740)
	at org.apache.tomcat.util.net.SocketWrapperBase.writeBlocking(SocketWrapperBase.java:560)
	at org.apache.tomcat.util.net.SocketWrapperBase.write(SocketWrapperBase.java:504)
	at org.apache.coyote.http11.Http11OutputBuffer$SocketOutputBuffer.doWrite(Http11OutputBuffer.java:538)
	at org.apache.coyote.http11.filters.IdentityOutputFilter.doWrite(IdentityOutputFilter.java:73)
	at org.apache.coyote.http11.Http11OutputBuffer.doWrite(Http11OutputBuffer.java:190)
	at org.apache.coyote.Response.doWrite(Response.java:601)
	at org.apache.catalina.connector.OutputBuffer.realWriteBytes(OutputBuffer.java:339)
	... 99 common frames omitted
2020-05-22 11:46:39,563 WARN org.springframework.web.servlet.mvc.method.annotation.ExceptionHandlerExceptionResolver [http-nio-8080-exec-10] Failure in @ExceptionHandler com.surshree.app.exception.CustomResponseEntityExceptionHandler#handleAllException(Exception, WebRequest)
org.springframework.http.converter.HttpMessageNotWritableException: No converter for [class com.surshree.app.exception.ExceptionMessage] with preset Content-Type 'video/mp4'
	at org.springframework.web.servlet.mvc.method.annotation.AbstractMessageConverterMethodProcessor.writeWithMessageConverters(AbstractMessageConverterMethodProcessor.java:309)
	at org.springframework.web.servlet.mvc.method.annotation.HttpEntityMethodProcessor.handleReturnValue(HttpEntityMethodProcessor.java:219)
	at org.springframework.web.method.support.HandlerMethodReturnValueHandlerComposite.handleReturnValue(HandlerMethodReturnValueHandlerComposite.java:82)
	at org.springframework.web.servlet.mvc.method.annotation.ServletInvocableHandlerMethod.invokeAndHandle(ServletInvocableHandlerMethod.java:123)
	at org.springframework.web.servlet.mvc.method.annotation.ExceptionHandlerExceptionResolver.doResolveHandlerMethodException(ExceptionHandlerExceptionResolver.java:403)
	at org.springframework.web.servlet.handler.AbstractHandlerMethodExceptionResolver.doResolveException(AbstractHandlerMethodExceptionResolver.java:61)
	at org.springframework.web.servlet.handler.AbstractHandlerExceptionResolver.resolveException(AbstractHandlerExceptionResolver.java:141)
	at org.springframework.web.servlet.handler.HandlerExceptionResolverComposite.resolveException(HandlerExceptionResolverComposite.java:80)
	at org.springframework.web.servlet.DispatcherServlet.processHandlerException(DispatcherServlet.java:1300)
	at org.springframework.web.servlet.DispatcherServlet.processDispatchResult(DispatcherServlet.java:1111)
	at org.springframework.web.servlet.DispatcherServlet.doDispatch(DispatcherServlet.java:1057)
	at org.springframework.web.servlet.DispatcherServlet.doService(DispatcherServlet.java:943)
	at org.springframework.web.servlet.FrameworkServlet.processRequest(FrameworkServlet.java:1006)
	at org.springframework.web.servlet.FrameworkServlet.doGet(FrameworkServlet.java:898)
	at javax.servlet.http.HttpServlet.service(HttpServlet.java:634)
	at org.springframework.web.servlet.FrameworkServlet.service(FrameworkServlet.java:883)
	at javax.servlet.http.HttpServlet.service(HttpServlet.java:741)
	at org.apache.catalina.core.ApplicationFilterChain.internalDoFilter(ApplicationFilterChain.java:231)
	at org.apache.catalina.core.ApplicationFilterChain.doFilter(ApplicationFilterChain.java:166)
	at org.apache.tomcat.websocket.server.WsFilter.doFilter(WsFilter.java:53)
	at org.apache.catalina.core.ApplicationFilterChain.internalDoFilter(ApplicationFilterChain.java:193)
	at org.apache.catalina.core.ApplicationFilterChain.doFilter(ApplicationFilterChain.java:166)
	at org.springframework.security.web.FilterChainProxy$VirtualFilterChain.doFilter(FilterChainProxy.java:320)
	at org.springframework.security.web.access.intercept.FilterSecurityInterceptor.invoke(FilterSecurityInterceptor.java:126)
	at org.springframework.security.web.access.intercept.FilterSecurityInterceptor.doFilter(FilterSecurityInterceptor.java:90)
	at org.springframework.security.web.FilterChainProxy$VirtualFilterChain.doFilter(FilterChainProxy.java:334)
	at org.springframework.security.web.access.ExceptionTranslationFilter.doFilter(ExceptionTranslationFilter.java:118)
	at org.springframework.security.web.FilterChainProxy$VirtualFilterChain.doFilter(FilterChainProxy.java:334)
	at org.springframework.security.web.session.SessionManagementFilter.doFilter(SessionManagementFilter.java:137)
	at org.springframework.security.web.FilterChainProxy$VirtualFilterChain.doFilter(FilterChainProxy.java:334)
	at org.springframework.security.web.authentication.AnonymousAuthenticationFilter.doFilter(AnonymousAuthenticationFilter.java:111)
	at org.springframework.security.web.FilterChainProxy$VirtualFilterChain.doFilter(FilterChainProxy.java:334)
	at org.springframework.security.web.servletapi.SecurityContextHolderAwareRequestFilter.doFilter(SecurityContextHolderAwareRequestFilter.java:158)
	at org.springframework.security.web.FilterChainProxy$VirtualFilterChain.doFilter(FilterChainProxy.java:334)
	at org.springframework.security.web.savedrequest.RequestCacheAwareFilter.doFilter(RequestCacheAwareFilter.java:63)
	at org.springframework.security.web.FilterChainProxy$VirtualFilterChain.doFilter(FilterChainProxy.java:334)
	at org.springframework.security.web.authentication.www.BasicAuthenticationFilter.doFilterInternal(BasicAuthenticationFilter.java:155)
	at org.springframework.web.filter.OncePerRequestFilter.doFilter(OncePerRequestFilter.java:119)
	at org.springframework.security.web.FilterChainProxy$VirtualFilterChain.doFilter(FilterChainProxy.java:334)
	at org.springframework.security.web.authentication.logout.LogoutFilter.doFilter(LogoutFilter.java:116)
	at org.springframework.security.web.FilterChainProxy$VirtualFilterChain.doFilter(FilterChainProxy.java:334)
	at org.springframework.web.filter.CorsFilter.doFilterInternal(CorsFilter.java:92)
	at org.springframework.web.filter.OncePerRequestFilter.doFilter(OncePerRequestFilter.java:119)
	at org.springframework.security.web.FilterChainProxy$VirtualFilterChain.doFilter(FilterChainProxy.java:334)
	at org.springframework.security.web.header.HeaderWriterFilter.doHeadersAfter(HeaderWriterFilter.java:92)
	at org.springframework.security.web.header.HeaderWriterFilter.doFilterInternal(HeaderWriterFilter.java:77)
	at org.springframework.web.filter.OncePerRequestFilter.doFilter(OncePerRequestFilter.java:119)
	at org.springframework.security.web.FilterChainProxy$VirtualFilterChain.doFilter(FilterChainProxy.java:334)
	at org.springframework.security.web.context.SecurityContextPersistenceFilter.doFilter(SecurityContextPersistenceFilter.java:105)
	at org.springframework.security.web.FilterChainProxy$VirtualFilterChain.doFilter(FilterChainProxy.java:334)
	at org.springframework.security.web.context.request.async.WebAsyncManagerIntegrationFilter.doFilterInternal(WebAsyncManagerIntegrationFilter.java:56)
	at org.springframework.web.filter.OncePerRequestFilter.doFilter(OncePerRequestFilter.java:119)
	at org.springframework.security.web.FilterChainProxy$VirtualFilterChain.doFilter(FilterChainProxy.java:334)
	at org.springframework.security.web.FilterChainProxy.doFilterInternal(FilterChainProxy.java:215)
	at org.springframework.security.web.FilterChainProxy.doFilter(FilterChainProxy.java:178)
	at org.springframework.web.filter.DelegatingFilterProxy.invokeDelegate(DelegatingFilterProxy.java:358)
	at org.springframework.web.filter.DelegatingFilterProxy.doFilter(DelegatingFilterProxy.java:271)
	at org.apache.catalina.core.ApplicationFilterChain.internalDoFilter(ApplicationFilterChain.java:193)
	at org.apache.catalina.core.ApplicationFilterChain.doFilter(ApplicationFilterChain.java:166)
	at org.springframework.web.filter.RequestContextFilter.doFilterInternal(RequestContextFilter.java:100)
	at org.springframework.web.filter.OncePerRequestFilter.doFilter(OncePerRequestFilter.java:119)
	at org.apache.catalina.core.ApplicationFilterChain.internalDoFilter(ApplicationFilterChain.java:193)
	at org.apache.catalina.core.ApplicationFilterChain.doFilter(ApplicationFilterChain.java:166)
	at org.springframework.web.filter.FormContentFilter.doFilterInternal(FormContentFilter.java:93)
	at org.springframework.web.filter.OncePerRequestFilter.doFilter(OncePerRequestFilter.java:119)
	at org.apache.catalina.core.ApplicationFilterChain.internalDoFilter(ApplicationFilterChain.java:193)
	at org.apache.catalina.core.ApplicationFilterChain.doFilter(ApplicationFilterChain.java:166)
	at org.springframework.boot.actuate.metrics.web.servlet.WebMvcMetricsFilter.doFilterInternal(WebMvcMetricsFilter.java:109)
	at org.springframework.web.filter.OncePerRequestFilter.doFilter(OncePerRequestFilter.java:119)
	at org.apache.catalina.core.ApplicationFilterChain.internalDoFilter(ApplicationFilterChain.java:193)
	at org.apache.catalina.core.ApplicationFilterChain.doFilter(ApplicationFilterChain.java:166)
	at org.springframework.web.filter.CharacterEncodingFilter.doFilterInternal(CharacterEncodingFilter.java:201)
	at org.springframework.web.filter.OncePerRequestFilter.doFilter(OncePerRequestFilter.java:119)
	at org.apache.catalina.core.ApplicationFilterChain.internalDoFilter(ApplicationFilterChain.java:193)
	at org.apache.catalina.core.ApplicationFilterChain.doFilter(ApplicationFilterChain.java:166)
	at org.apache.catalina.core.StandardWrapperValve.invoke(StandardWrapperValve.java:202)
	at org.apache.catalina.core.StandardContextValve.invoke(StandardContextValve.java:96)
	at org.apache.catalina.authenticator.AuthenticatorBase.invoke(AuthenticatorBase.java:541)
	at org.apache.catalina.core.StandardHostValve.invoke(StandardHostValve.java:139)
	at org.apache.catalina.valves.ErrorReportValve.invoke(ErrorReportValve.java:92)
	at org.apache.catalina.core.StandardEngineValve.invoke(StandardEngineValve.java:74)
	at org.apache.catalina.connector.CoyoteAdapter.service(CoyoteAdapter.java:343)
	at org.apache.coyote.http11.Http11Processor.service(Http11Processor.java:373)
	at org.apache.coyote.AbstractProcessorLight.process(AbstractProcessorLight.java:65)
	at org.apache.coyote.AbstractProtocol$ConnectionHandler.process(AbstractProtocol.java:868)
	at org.apache.tomcat.util.net.NioEndpoint$SocketProcessor.doRun(NioEndpoint.java:1594)
	at org.apache.tomcat.util.net.SocketProcessorBase.run(SocketProcessorBase.java:49)
	at java.base/java.util.concurrent.ThreadPoolExecutor.runWorker(ThreadPoolExecutor.java:1128)
	at java.base/java.util.concurrent.ThreadPoolExecutor$Worker.run(ThreadPoolExecutor.java:628)
	at org.apache.tomcat.util.threads.TaskThread$WrappingRunnable.run(TaskThread.java:61)
	at java.base/java.lang.Thread.run(Thread.java:834)
2020-05-22 11:46:50,608 INFO com.surshree.app.services.CustomUserDetailsService [http-nio-8080-exec-7] Granted Authorities --> ROLE_CONT
2020-05-22 11:46:50,610 INFO com.surshree.app.services.CustomUserDetailsService [http-nio-8080-exec-7] Granted Authorities --> ROLE_ADMN
2020-05-22 11:46:50,611 INFO com.surshree.app.services.CustomUserDetailsService [http-nio-8080-exec-7] Granted Authorities --> FUNC_CONT_MENU
2020-05-22 11:46:50,612 INFO com.surshree.app.services.CustomUserDetailsService [http-nio-8080-exec-7] Granted Authorities --> FUNC_CONT_MENU
2020-05-22 11:46:50,613 INFO com.surshree.app.services.CustomUserDetailsService [http-nio-8080-exec-7] Granted Authorities --> FUNC_VIEW_ADMIN_MENU
2020-05-22 11:46:51,216 INFO com.surshree.app.services.CustomUserDetailsService [http-nio-8080-exec-9] Granted Authorities --> ROLE_CONT
2020-05-22 11:46:51,217 INFO com.surshree.app.services.CustomUserDetailsService [http-nio-8080-exec-9] Granted Authorities --> ROLE_ADMN
2020-05-22 11:46:51,218 INFO com.surshree.app.services.CustomUserDetailsService [http-nio-8080-exec-9] Granted Authorities --> FUNC_CONT_MENU
2020-05-22 11:46:51,219 INFO com.surshree.app.services.CustomUserDetailsService [http-nio-8080-exec-9] Granted Authorities --> FUNC_CONT_MENU
2020-05-22 11:46:51,220 INFO com.surshree.app.services.CustomUserDetailsService [http-nio-8080-exec-9] Granted Authorities --> FUNC_VIEW_ADMIN_MENU
2020-05-22 11:46:51,771 INFO com.surshree.app.services.CustomUserDetailsService [http-nio-8080-exec-10] Granted Authorities --> ROLE_CONT
2020-05-22 11:46:51,774 INFO com.surshree.app.services.CustomUserDetailsService [http-nio-8080-exec-10] Granted Authorities --> ROLE_ADMN
2020-05-22 11:46:51,774 INFO com.surshree.app.services.CustomUserDetailsService [http-nio-8080-exec-10] Granted Authorities --> FUNC_CONT_MENU
2020-05-22 11:46:51,775 INFO com.surshree.app.services.CustomUserDetailsService [http-nio-8080-exec-10] Granted Authorities --> FUNC_CONT_MENU
2020-05-22 11:46:51,776 INFO com.surshree.app.services.CustomUserDetailsService [http-nio-8080-exec-10] Granted Authorities --> FUNC_VIEW_ADMIN_MENU
2020-05-22 11:46:54,362 INFO com.surshree.app.services.CustomUserDetailsService [http-nio-8080-exec-4] Granted Authorities --> ROLE_CONT
2020-05-22 11:46:54,363 INFO com.surshree.app.services.CustomUserDetailsService [http-nio-8080-exec-4] Granted Authorities --> ROLE_ADMN
2020-05-22 11:46:54,364 INFO com.surshree.app.services.CustomUserDetailsService [http-nio-8080-exec-4] Granted Authorities --> FUNC_CONT_MENU
2020-05-22 11:46:54,364 INFO com.surshree.app.services.CustomUserDetailsService [http-nio-8080-exec-4] Granted Authorities --> FUNC_CONT_MENU
2020-05-22 11:46:54,365 INFO com.surshree.app.services.CustomUserDetailsService [http-nio-8080-exec-4] Granted Authorities --> FUNC_VIEW_ADMIN_MENU
2020-05-22 11:47:06,753 INFO com.surshree.app.services.CustomUserDetailsService [http-nio-8080-exec-7] Granted Authorities --> ROLE_CONT
2020-05-22 11:47:06,754 INFO com.surshree.app.services.CustomUserDetailsService [http-nio-8080-exec-7] Granted Authorities --> ROLE_ADMN
2020-05-22 11:47:06,755 INFO com.surshree.app.services.CustomUserDetailsService [http-nio-8080-exec-7] Granted Authorities --> FUNC_CONT_MENU
2020-05-22 11:47:06,755 INFO com.surshree.app.services.CustomUserDetailsService [http-nio-8080-exec-7] Granted Authorities --> FUNC_CONT_MENU
2020-05-22 11:47:06,756 INFO com.surshree.app.services.CustomUserDetailsService [http-nio-8080-exec-7] Granted Authorities --> FUNC_VIEW_ADMIN_MENU
2020-05-22 11:47:15,986 INFO org.springframework.security.oauth2.provider.token.store.JdbcTokenStore [http-nio-8080-exec-8] Failed to find access token for token undefined
2020-05-22 11:51:02,801 INFO com.surshree.app.services.CustomUserDetailsService [http-nio-8080-exec-3] Granted Authorities --> ROLE_CONT
2020-05-22 11:51:02,804 INFO com.surshree.app.services.CustomUserDetailsService [http-nio-8080-exec-3] Granted Authorities --> ROLE_ADMN
2020-05-22 11:51:02,805 INFO com.surshree.app.services.CustomUserDetailsService [http-nio-8080-exec-3] Granted Authorities --> FUNC_CONT_MENU
2020-05-22 11:51:02,805 INFO com.surshree.app.services.CustomUserDetailsService [http-nio-8080-exec-3] Granted Authorities --> FUNC_CONT_MENU
2020-05-22 11:51:02,805 INFO com.surshree.app.services.CustomUserDetailsService [http-nio-8080-exec-3] Granted Authorities --> FUNC_VIEW_ADMIN_MENU
2020-05-22 11:51:03,083 INFO com.surshree.app.services.CustomUserDetailsService [http-nio-8080-exec-7] Granted Authorities --> ROLE_CONT
2020-05-22 11:51:03,084 INFO com.surshree.app.services.CustomUserDetailsService [http-nio-8080-exec-7] Granted Authorities --> ROLE_ADMN
2020-05-22 11:51:03,084 INFO com.surshree.app.services.CustomUserDetailsService [http-nio-8080-exec-7] Granted Authorities --> FUNC_CONT_MENU
2020-05-22 11:51:03,084 INFO com.surshree.app.services.CustomUserDetailsService [http-nio-8080-exec-7] Granted Authorities --> FUNC_CONT_MENU
2020-05-22 11:51:03,084 INFO com.surshree.app.services.CustomUserDetailsService [http-nio-8080-exec-7] Granted Authorities --> FUNC_VIEW_ADMIN_MENU
2020-05-22 11:51:05,476 INFO com.surshree.app.services.CustomUserDetailsService [http-nio-8080-exec-9] Granted Authorities --> ROLE_CONT
2020-05-22 11:51:05,477 INFO com.surshree.app.services.CustomUserDetailsService [http-nio-8080-exec-9] Granted Authorities --> ROLE_ADMN
2020-05-22 11:51:05,477 INFO com.surshree.app.services.CustomUserDetailsService [http-nio-8080-exec-9] Granted Authorities --> FUNC_CONT_MENU
2020-05-22 11:51:05,477 INFO com.surshree.app.services.CustomUserDetailsService [http-nio-8080-exec-9] Granted Authorities --> FUNC_CONT_MENU
2020-05-22 11:51:05,478 INFO com.surshree.app.services.CustomUserDetailsService [http-nio-8080-exec-9] Granted Authorities --> FUNC_VIEW_ADMIN_MENU
2020-05-22 11:53:22,510 INFO com.surshree.app.scheduling.CacheScheduler [scheduling-1] Clear user cache : START
2020-05-22 11:53:22,514 INFO com.surshree.app.scheduling.CacheScheduler [scheduling-1] Clear user cache : END
2020-05-22 11:53:31,498 INFO com.surshree.app.services.CustomUserDetailsService [http-nio-8080-exec-5] Granted Authorities --> ROLE_CONT
2020-05-22 11:53:31,498 INFO com.surshree.app.services.CustomUserDetailsService [http-nio-8080-exec-5] Granted Authorities --> ROLE_ADMN
2020-05-22 11:53:31,498 INFO com.surshree.app.services.CustomUserDetailsService [http-nio-8080-exec-5] Granted Authorities --> FUNC_CONT_MENU
2020-05-22 11:53:31,499 INFO com.surshree.app.services.CustomUserDetailsService [http-nio-8080-exec-5] Granted Authorities --> FUNC_CONT_MENU
2020-05-22 11:53:31,499 INFO com.surshree.app.services.CustomUserDetailsService [http-nio-8080-exec-5] Granted Authorities --> FUNC_VIEW_ADMIN_MENU
2020-05-22 11:54:11,110 ERROR com.surshree.app.exception.CustomResponseEntityExceptionHandler [http-nio-8080-exec-9] java.io.IOException: Broken pipe
org.apache.catalina.connector.ClientAbortException: java.io.IOException: Broken pipe
	at org.apache.catalina.connector.OutputBuffer.realWriteBytes(OutputBuffer.java:351)
	at org.apache.catalina.connector.OutputBuffer.flushByteBuffer(OutputBuffer.java:776)
	at org.apache.catalina.connector.OutputBuffer.append(OutputBuffer.java:681)
	at org.apache.catalina.connector.OutputBuffer.writeBytes(OutputBuffer.java:386)
	at org.apache.catalina.connector.OutputBuffer.write(OutputBuffer.java:364)
	at org.apache.catalina.connector.CoyoteOutputStream.write(CoyoteOutputStream.java:96)
	at org.springframework.security.web.util.OnCommittedResponseWrapper$SaveContextServletOutputStream.write(OnCommittedResponseWrapper.java:645)
	at org.springframework.security.web.util.OnCommittedResponseWrapper$SaveContextServletOutputStream.write(OnCommittedResponseWrapper.java:645)
	at org.springframework.util.StreamUtils.copyRange(StreamUtils.java:180)
	at org.springframework.http.converter.ResourceRegionHttpMessageConverter.writeResourceRegion(ResourceRegionHttpMessageConverter.java:159)
	at org.springframework.http.converter.ResourceRegionHttpMessageConverter.writeInternal(ResourceRegionHttpMessageConverter.java:136)
	at org.springframework.http.converter.AbstractGenericHttpMessageConverter.write(AbstractGenericHttpMessageConverter.java:104)
	at org.springframework.web.servlet.mvc.method.annotation.AbstractMessageConverterMethodProcessor.writeWithMessageConverters(AbstractMessageConverterMethodProcessor.java:287)
	at org.springframework.web.servlet.mvc.method.annotation.HttpEntityMethodProcessor.handleReturnValue(HttpEntityMethodProcessor.java:219)
	at org.springframework.web.method.support.HandlerMethodReturnValueHandlerComposite.handleReturnValue(HandlerMethodReturnValueHandlerComposite.java:82)
	at org.springframework.web.servlet.mvc.method.annotation.ServletInvocableHandlerMethod.invokeAndHandle(ServletInvocableHandlerMethod.java:123)
	at org.springframework.web.servlet.mvc.method.annotation.RequestMappingHandlerAdapter.invokeHandlerMethod(RequestMappingHandlerAdapter.java:879)
	at org.springframework.web.servlet.mvc.method.annotation.RequestMappingHandlerAdapter.handleInternal(RequestMappingHandlerAdapter.java:793)
	at org.springframework.web.servlet.mvc.method.AbstractHandlerMethodAdapter.handle(AbstractHandlerMethodAdapter.java:87)
	at org.springframework.web.servlet.DispatcherServlet.doDispatch(DispatcherServlet.java:1040)
	at org.springframework.web.servlet.DispatcherServlet.doService(DispatcherServlet.java:943)
	at org.springframework.web.servlet.FrameworkServlet.processRequest(FrameworkServlet.java:1006)
	at org.springframework.web.servlet.FrameworkServlet.doGet(FrameworkServlet.java:898)
	at javax.servlet.http.HttpServlet.service(HttpServlet.java:634)
	at org.springframework.web.servlet.FrameworkServlet.service(FrameworkServlet.java:883)
	at javax.servlet.http.HttpServlet.service(HttpServlet.java:741)
	at org.apache.catalina.core.ApplicationFilterChain.internalDoFilter(ApplicationFilterChain.java:231)
	at org.apache.catalina.core.ApplicationFilterChain.doFilter(ApplicationFilterChain.java:166)
	at org.apache.tomcat.websocket.server.WsFilter.doFilter(WsFilter.java:53)
	at org.apache.catalina.core.ApplicationFilterChain.internalDoFilter(ApplicationFilterChain.java:193)
	at org.apache.catalina.core.ApplicationFilterChain.doFilter(ApplicationFilterChain.java:166)
	at org.springframework.security.web.FilterChainProxy$VirtualFilterChain.doFilter(FilterChainProxy.java:320)
	at org.springframework.security.web.access.intercept.FilterSecurityInterceptor.invoke(FilterSecurityInterceptor.java:126)
	at org.springframework.security.web.access.intercept.FilterSecurityInterceptor.doFilter(FilterSecurityInterceptor.java:90)
	at org.springframework.security.web.FilterChainProxy$VirtualFilterChain.doFilter(FilterChainProxy.java:334)
	at org.springframework.security.web.access.ExceptionTranslationFilter.doFilter(ExceptionTranslationFilter.java:118)
	at org.springframework.security.web.FilterChainProxy$VirtualFilterChain.doFilter(FilterChainProxy.java:334)
	at org.springframework.security.web.session.SessionManagementFilter.doFilter(SessionManagementFilter.java:137)
	at org.springframework.security.web.FilterChainProxy$VirtualFilterChain.doFilter(FilterChainProxy.java:334)
	at org.springframework.security.web.authentication.AnonymousAuthenticationFilter.doFilter(AnonymousAuthenticationFilter.java:111)
	at org.springframework.security.web.FilterChainProxy$VirtualFilterChain.doFilter(FilterChainProxy.java:334)
	at org.springframework.security.web.servletapi.SecurityContextHolderAwareRequestFilter.doFilter(SecurityContextHolderAwareRequestFilter.java:158)
	at org.springframework.security.web.FilterChainProxy$VirtualFilterChain.doFilter(FilterChainProxy.java:334)
	at org.springframework.security.web.savedrequest.RequestCacheAwareFilter.doFilter(RequestCacheAwareFilter.java:63)
	at org.springframework.security.web.FilterChainProxy$VirtualFilterChain.doFilter(FilterChainProxy.java:334)
	at org.springframework.security.web.authentication.www.BasicAuthenticationFilter.doFilterInternal(BasicAuthenticationFilter.java:155)
	at org.springframework.web.filter.OncePerRequestFilter.doFilter(OncePerRequestFilter.java:119)
	at org.springframework.security.web.FilterChainProxy$VirtualFilterChain.doFilter(FilterChainProxy.java:334)
	at org.springframework.security.web.authentication.logout.LogoutFilter.doFilter(LogoutFilter.java:116)
	at org.springframework.security.web.FilterChainProxy$VirtualFilterChain.doFilter(FilterChainProxy.java:334)
	at org.springframework.web.filter.CorsFilter.doFilterInternal(CorsFilter.java:92)
	at org.springframework.web.filter.OncePerRequestFilter.doFilter(OncePerRequestFilter.java:119)
	at org.springframework.security.web.FilterChainProxy$VirtualFilterChain.doFilter(FilterChainProxy.java:334)
	at org.springframework.security.web.header.HeaderWriterFilter.doHeadersAfter(HeaderWriterFilter.java:92)
	at org.springframework.security.web.header.HeaderWriterFilter.doFilterInternal(HeaderWriterFilter.java:77)
	at org.springframework.web.filter.OncePerRequestFilter.doFilter(OncePerRequestFilter.java:119)
	at org.springframework.security.web.FilterChainProxy$VirtualFilterChain.doFilter(FilterChainProxy.java:334)
	at org.springframework.security.web.context.SecurityContextPersistenceFilter.doFilter(SecurityContextPersistenceFilter.java:105)
	at org.springframework.security.web.FilterChainProxy$VirtualFilterChain.doFilter(FilterChainProxy.java:334)
	at org.springframework.security.web.context.request.async.WebAsyncManagerIntegrationFilter.doFilterInternal(WebAsyncManagerIntegrationFilter.java:56)
	at org.springframework.web.filter.OncePerRequestFilter.doFilter(OncePerRequestFilter.java:119)
	at org.springframework.security.web.FilterChainProxy$VirtualFilterChain.doFilter(FilterChainProxy.java:334)
	at org.springframework.security.web.FilterChainProxy.doFilterInternal(FilterChainProxy.java:215)
	at org.springframework.security.web.FilterChainProxy.doFilter(FilterChainProxy.java:178)
	at org.springframework.web.filter.DelegatingFilterProxy.invokeDelegate(DelegatingFilterProxy.java:358)
	at org.springframework.web.filter.DelegatingFilterProxy.doFilter(DelegatingFilterProxy.java:271)
	at org.apache.catalina.core.ApplicationFilterChain.internalDoFilter(ApplicationFilterChain.java:193)
	at org.apache.catalina.core.ApplicationFilterChain.doFilter(ApplicationFilterChain.java:166)
	at org.springframework.web.filter.RequestContextFilter.doFilterInternal(RequestContextFilter.java:100)
	at org.springframework.web.filter.OncePerRequestFilter.doFilter(OncePerRequestFilter.java:119)
	at org.apache.catalina.core.ApplicationFilterChain.internalDoFilter(ApplicationFilterChain.java:193)
	at org.apache.catalina.core.ApplicationFilterChain.doFilter(ApplicationFilterChain.java:166)
	at org.springframework.web.filter.FormContentFilter.doFilterInternal(FormContentFilter.java:93)
	at org.springframework.web.filter.OncePerRequestFilter.doFilter(OncePerRequestFilter.java:119)
	at org.apache.catalina.core.ApplicationFilterChain.internalDoFilter(ApplicationFilterChain.java:193)
	at org.apache.catalina.core.ApplicationFilterChain.doFilter(ApplicationFilterChain.java:166)
	at org.springframework.boot.actuate.metrics.web.servlet.WebMvcMetricsFilter.doFilterInternal(WebMvcMetricsFilter.java:109)
	at org.springframework.web.filter.OncePerRequestFilter.doFilter(OncePerRequestFilter.java:119)
	at org.apache.catalina.core.ApplicationFilterChain.internalDoFilter(ApplicationFilterChain.java:193)
	at org.apache.catalina.core.ApplicationFilterChain.doFilter(ApplicationFilterChain.java:166)
	at org.springframework.web.filter.CharacterEncodingFilter.doFilterInternal(CharacterEncodingFilter.java:201)
	at org.springframework.web.filter.OncePerRequestFilter.doFilter(OncePerRequestFilter.java:119)
	at org.apache.catalina.core.ApplicationFilterChain.internalDoFilter(ApplicationFilterChain.java:193)
	at org.apache.catalina.core.ApplicationFilterChain.doFilter(ApplicationFilterChain.java:166)
	at org.apache.catalina.core.StandardWrapperValve.invoke(StandardWrapperValve.java:202)
	at org.apache.catalina.core.StandardContextValve.invoke(StandardContextValve.java:96)
	at org.apache.catalina.authenticator.AuthenticatorBase.invoke(AuthenticatorBase.java:541)
	at org.apache.catalina.core.StandardHostValve.invoke(StandardHostValve.java:139)
	at org.apache.catalina.valves.ErrorReportValve.invoke(ErrorReportValve.java:92)
	at org.apache.catalina.core.StandardEngineValve.invoke(StandardEngineValve.java:74)
	at org.apache.catalina.connector.CoyoteAdapter.service(CoyoteAdapter.java:343)
	at org.apache.coyote.http11.Http11Processor.service(Http11Processor.java:373)
	at org.apache.coyote.AbstractProcessorLight.process(AbstractProcessorLight.java:65)
	at org.apache.coyote.AbstractProtocol$ConnectionHandler.process(AbstractProtocol.java:868)
	at org.apache.tomcat.util.net.NioEndpoint$SocketProcessor.doRun(NioEndpoint.java:1594)
	at org.apache.tomcat.util.net.SocketProcessorBase.run(SocketProcessorBase.java:49)
	at java.base/java.util.concurrent.ThreadPoolExecutor.runWorker(ThreadPoolExecutor.java:1128)
	at java.base/java.util.concurrent.ThreadPoolExecutor$Worker.run(ThreadPoolExecutor.java:628)
	at org.apache.tomcat.util.threads.TaskThread$WrappingRunnable.run(TaskThread.java:61)
	at java.base/java.lang.Thread.run(Thread.java:834)
Caused by: java.io.IOException: Broken pipe
	at java.base/sun.nio.ch.FileDispatcherImpl.write0(Native Method)
	at java.base/sun.nio.ch.SocketDispatcher.write(SocketDispatcher.java:47)
	at java.base/sun.nio.ch.IOUtil.writeFromNativeBuffer(IOUtil.java:113)
	at java.base/sun.nio.ch.IOUtil.write(IOUtil.java:79)
	at java.base/sun.nio.ch.IOUtil.write(IOUtil.java:50)
	at java.base/sun.nio.ch.SocketChannelImpl.write(SocketChannelImpl.java:466)
	at org.apache.tomcat.util.net.NioChannel.write(NioChannel.java:138)
	at org.apache.tomcat.util.net.NioBlockingSelector.write(NioBlockingSelector.java:101)
	at org.apache.tomcat.util.net.NioSelectorPool.write(NioSelectorPool.java:152)
	at org.apache.tomcat.util.net.NioEndpoint$NioSocketWrapper.doWrite(NioEndpoint.java:1253)
	at org.apache.tomcat.util.net.SocketWrapperBase.doWrite(SocketWrapperBase.java:740)
	at org.apache.tomcat.util.net.SocketWrapperBase.writeBlocking(SocketWrapperBase.java:560)
	at org.apache.tomcat.util.net.SocketWrapperBase.write(SocketWrapperBase.java:504)
	at org.apache.coyote.http11.Http11OutputBuffer$SocketOutputBuffer.doWrite(Http11OutputBuffer.java:538)
	at org.apache.coyote.http11.filters.IdentityOutputFilter.doWrite(IdentityOutputFilter.java:73)
	at org.apache.coyote.http11.Http11OutputBuffer.doWrite(Http11OutputBuffer.java:190)
	at org.apache.coyote.Response.doWrite(Response.java:601)
	at org.apache.catalina.connector.OutputBuffer.realWriteBytes(OutputBuffer.java:339)
	... 99 common frames omitted
2020-05-22 11:54:11,113 WARN org.springframework.web.servlet.mvc.method.annotation.ExceptionHandlerExceptionResolver [http-nio-8080-exec-9] Failure in @ExceptionHandler com.surshree.app.exception.CustomResponseEntityExceptionHandler#handleAllException(Exception, WebRequest)
org.springframework.http.converter.HttpMessageNotWritableException: No converter for [class com.surshree.app.exception.ExceptionMessage] with preset Content-Type 'video/mp4'
	at org.springframework.web.servlet.mvc.method.annotation.AbstractMessageConverterMethodProcessor.writeWithMessageConverters(AbstractMessageConverterMethodProcessor.java:309)
	at org.springframework.web.servlet.mvc.method.annotation.HttpEntityMethodProcessor.handleReturnValue(HttpEntityMethodProcessor.java:219)
	at org.springframework.web.method.support.HandlerMethodReturnValueHandlerComposite.handleReturnValue(HandlerMethodReturnValueHandlerComposite.java:82)
	at org.springframework.web.servlet.mvc.method.annotation.ServletInvocableHandlerMethod.invokeAndHandle(ServletInvocableHandlerMethod.java:123)
	at org.springframework.web.servlet.mvc.method.annotation.ExceptionHandlerExceptionResolver.doResolveHandlerMethodException(ExceptionHandlerExceptionResolver.java:403)
	at org.springframework.web.servlet.handler.AbstractHandlerMethodExceptionResolver.doResolveException(AbstractHandlerMethodExceptionResolver.java:61)
	at org.springframework.web.servlet.handler.AbstractHandlerExceptionResolver.resolveException(AbstractHandlerExceptionResolver.java:141)
	at org.springframework.web.servlet.handler.HandlerExceptionResolverComposite.resolveException(HandlerExceptionResolverComposite.java:80)
	at org.springframework.web.servlet.DispatcherServlet.processHandlerException(DispatcherServlet.java:1300)
	at org.springframework.web.servlet.DispatcherServlet.processDispatchResult(DispatcherServlet.java:1111)
	at org.springframework.web.servlet.DispatcherServlet.doDispatch(DispatcherServlet.java:1057)
	at org.springframework.web.servlet.DispatcherServlet.doService(DispatcherServlet.java:943)
	at org.springframework.web.servlet.FrameworkServlet.processRequest(FrameworkServlet.java:1006)
	at org.springframework.web.servlet.FrameworkServlet.doGet(FrameworkServlet.java:898)
	at javax.servlet.http.HttpServlet.service(HttpServlet.java:634)
	at org.springframework.web.servlet.FrameworkServlet.service(FrameworkServlet.java:883)
	at javax.servlet.http.HttpServlet.service(HttpServlet.java:741)
	at org.apache.catalina.core.ApplicationFilterChain.internalDoFilter(ApplicationFilterChain.java:231)
	at org.apache.catalina.core.ApplicationFilterChain.doFilter(ApplicationFilterChain.java:166)
	at org.apache.tomcat.websocket.server.WsFilter.doFilter(WsFilter.java:53)
	at org.apache.catalina.core.ApplicationFilterChain.internalDoFilter(ApplicationFilterChain.java:193)
	at org.apache.catalina.core.ApplicationFilterChain.doFilter(ApplicationFilterChain.java:166)
	at org.springframework.security.web.FilterChainProxy$VirtualFilterChain.doFilter(FilterChainProxy.java:320)
	at org.springframework.security.web.access.intercept.FilterSecurityInterceptor.invoke(FilterSecurityInterceptor.java:126)
	at org.springframework.security.web.access.intercept.FilterSecurityInterceptor.doFilter(FilterSecurityInterceptor.java:90)
	at org.springframework.security.web.FilterChainProxy$VirtualFilterChain.doFilter(FilterChainProxy.java:334)
	at org.springframework.security.web.access.ExceptionTranslationFilter.doFilter(ExceptionTranslationFilter.java:118)
	at org.springframework.security.web.FilterChainProxy$VirtualFilterChain.doFilter(FilterChainProxy.java:334)
	at org.springframework.security.web.session.SessionManagementFilter.doFilter(SessionManagementFilter.java:137)
	at org.springframework.security.web.FilterChainProxy$VirtualFilterChain.doFilter(FilterChainProxy.java:334)
	at org.springframework.security.web.authentication.AnonymousAuthenticationFilter.doFilter(AnonymousAuthenticationFilter.java:111)
	at org.springframework.security.web.FilterChainProxy$VirtualFilterChain.doFilter(FilterChainProxy.java:334)
	at org.springframework.security.web.servletapi.SecurityContextHolderAwareRequestFilter.doFilter(SecurityContextHolderAwareRequestFilter.java:158)
	at org.springframework.security.web.FilterChainProxy$VirtualFilterChain.doFilter(FilterChainProxy.java:334)
	at org.springframework.security.web.savedrequest.RequestCacheAwareFilter.doFilter(RequestCacheAwareFilter.java:63)
	at org.springframework.security.web.FilterChainProxy$VirtualFilterChain.doFilter(FilterChainProxy.java:334)
	at org.springframework.security.web.authentication.www.BasicAuthenticationFilter.doFilterInternal(BasicAuthenticationFilter.java:155)
	at org.springframework.web.filter.OncePerRequestFilter.doFilter(OncePerRequestFilter.java:119)
	at org.springframework.security.web.FilterChainProxy$VirtualFilterChain.doFilter(FilterChainProxy.java:334)
	at org.springframework.security.web.authentication.logout.LogoutFilter.doFilter(LogoutFilter.java:116)
	at org.springframework.security.web.FilterChainProxy$VirtualFilterChain.doFilter(FilterChainProxy.java:334)
	at org.springframework.web.filter.CorsFilter.doFilterInternal(CorsFilter.java:92)
	at org.springframework.web.filter.OncePerRequestFilter.doFilter(OncePerRequestFilter.java:119)
	at org.springframework.security.web.FilterChainProxy$VirtualFilterChain.doFilter(FilterChainProxy.java:334)
	at org.springframework.security.web.header.HeaderWriterFilter.doHeadersAfter(HeaderWriterFilter.java:92)
	at org.springframework.security.web.header.HeaderWriterFilter.doFilterInternal(HeaderWriterFilter.java:77)
	at org.springframework.web.filter.OncePerRequestFilter.doFilter(OncePerRequestFilter.java:119)
	at org.springframework.security.web.FilterChainProxy$VirtualFilterChain.doFilter(FilterChainProxy.java:334)
	at org.springframework.security.web.context.SecurityContextPersistenceFilter.doFilter(SecurityContextPersistenceFilter.java:105)
	at org.springframework.security.web.FilterChainProxy$VirtualFilterChain.doFilter(FilterChainProxy.java:334)
	at org.springframework.security.web.context.request.async.WebAsyncManagerIntegrationFilter.doFilterInternal(WebAsyncManagerIntegrationFilter.java:56)
	at org.springframework.web.filter.OncePerRequestFilter.doFilter(OncePerRequestFilter.java:119)
	at org.springframework.security.web.FilterChainProxy$VirtualFilterChain.doFilter(FilterChainProxy.java:334)
	at org.springframework.security.web.FilterChainProxy.doFilterInternal(FilterChainProxy.java:215)
	at org.springframework.security.web.FilterChainProxy.doFilter(FilterChainProxy.java:178)
	at org.springframework.web.filter.DelegatingFilterProxy.invokeDelegate(DelegatingFilterProxy.java:358)
	at org.springframework.web.filter.DelegatingFilterProxy.doFilter(DelegatingFilterProxy.java:271)
	at org.apache.catalina.core.ApplicationFilterChain.internalDoFilter(ApplicationFilterChain.java:193)
	at org.apache.catalina.core.ApplicationFilterChain.doFilter(ApplicationFilterChain.java:166)
	at org.springframework.web.filter.RequestContextFilter.doFilterInternal(RequestContextFilter.java:100)
	at org.springframework.web.filter.OncePerRequestFilter.doFilter(OncePerRequestFilter.java:119)
	at org.apache.catalina.core.ApplicationFilterChain.internalDoFilter(ApplicationFilterChain.java:193)
	at org.apache.catalina.core.ApplicationFilterChain.doFilter(ApplicationFilterChain.java:166)
	at org.springframework.web.filter.FormContentFilter.doFilterInternal(FormContentFilter.java:93)
	at org.springframework.web.filter.OncePerRequestFilter.doFilter(OncePerRequestFilter.java:119)
	at org.apache.catalina.core.ApplicationFilterChain.internalDoFilter(ApplicationFilterChain.java:193)
	at org.apache.catalina.core.ApplicationFilterChain.doFilter(ApplicationFilterChain.java:166)
	at org.springframework.boot.actuate.metrics.web.servlet.WebMvcMetricsFilter.doFilterInternal(WebMvcMetricsFilter.java:109)
	at org.springframework.web.filter.OncePerRequestFilter.doFilter(OncePerRequestFilter.java:119)
	at org.apache.catalina.core.ApplicationFilterChain.internalDoFilter(ApplicationFilterChain.java:193)
	at org.apache.catalina.core.ApplicationFilterChain.doFilter(ApplicationFilterChain.java:166)
	at org.springframework.web.filter.CharacterEncodingFilter.doFilterInternal(CharacterEncodingFilter.java:201)
	at org.springframework.web.filter.OncePerRequestFilter.doFilter(OncePerRequestFilter.java:119)
	at org.apache.catalina.core.ApplicationFilterChain.internalDoFilter(ApplicationFilterChain.java:193)
	at org.apache.catalina.core.ApplicationFilterChain.doFilter(ApplicationFilterChain.java:166)
	at org.apache.catalina.core.StandardWrapperValve.invoke(StandardWrapperValve.java:202)
	at org.apache.catalina.core.StandardContextValve.invoke(StandardContextValve.java:96)
	at org.apache.catalina.authenticator.AuthenticatorBase.invoke(AuthenticatorBase.java:541)
	at org.apache.catalina.core.StandardHostValve.invoke(StandardHostValve.java:139)
	at org.apache.catalina.valves.ErrorReportValve.invoke(ErrorReportValve.java:92)
	at org.apache.catalina.core.StandardEngineValve.invoke(StandardEngineValve.java:74)
	at org.apache.catalina.connector.CoyoteAdapter.service(CoyoteAdapter.java:343)
	at org.apache.coyote.http11.Http11Processor.service(Http11Processor.java:373)
	at org.apache.coyote.AbstractProcessorLight.process(AbstractProcessorLight.java:65)
	at org.apache.coyote.AbstractProtocol$ConnectionHandler.process(AbstractProtocol.java:868)
	at org.apache.tomcat.util.net.NioEndpoint$SocketProcessor.doRun(NioEndpoint.java:1594)
	at org.apache.tomcat.util.net.SocketProcessorBase.run(SocketProcessorBase.java:49)
	at java.base/java.util.concurrent.ThreadPoolExecutor.runWorker(ThreadPoolExecutor.java:1128)
	at java.base/java.util.concurrent.ThreadPoolExecutor$Worker.run(ThreadPoolExecutor.java:628)
	at org.apache.tomcat.util.threads.TaskThread$WrappingRunnable.run(TaskThread.java:61)
	at java.base/java.lang.Thread.run(Thread.java:834)
2020-05-22 11:57:17,255 INFO com.surshree.app.services.CustomUserDetailsService [http-nio-8080-exec-1] Granted Authorities --> ROLE_CONT
2020-05-22 11:57:17,263 INFO com.surshree.app.services.CustomUserDetailsService [http-nio-8080-exec-1] Granted Authorities --> ROLE_ADMN
2020-05-22 11:57:17,265 INFO com.surshree.app.services.CustomUserDetailsService [http-nio-8080-exec-1] Granted Authorities --> FUNC_CONT_MENU
2020-05-22 11:57:17,267 INFO com.surshree.app.services.CustomUserDetailsService [http-nio-8080-exec-1] Granted Authorities --> FUNC_CONT_MENU
2020-05-22 11:57:17,269 INFO com.surshree.app.services.CustomUserDetailsService [http-nio-8080-exec-1] Granted Authorities --> FUNC_VIEW_ADMIN_MENU
2020-05-22 11:57:17,799 INFO com.surshree.app.services.CustomUserDetailsService [http-nio-8080-exec-4] Granted Authorities --> ROLE_CONT
2020-05-22 11:57:17,801 INFO com.surshree.app.services.CustomUserDetailsService [http-nio-8080-exec-4] Granted Authorities --> ROLE_ADMN
2020-05-22 11:57:17,803 INFO com.surshree.app.services.CustomUserDetailsService [http-nio-8080-exec-4] Granted Authorities --> FUNC_CONT_MENU
2020-05-22 11:57:17,804 INFO com.surshree.app.services.CustomUserDetailsService [http-nio-8080-exec-4] Granted Authorities --> FUNC_CONT_MENU
2020-05-22 11:57:17,805 INFO com.surshree.app.services.CustomUserDetailsService [http-nio-8080-exec-4] Granted Authorities --> FUNC_VIEW_ADMIN_MENU
2020-05-22 11:57:21,025 INFO com.surshree.app.services.CustomUserDetailsService [http-nio-8080-exec-3] Granted Authorities --> ROLE_CONT
2020-05-22 11:57:21,025 INFO com.surshree.app.services.CustomUserDetailsService [http-nio-8080-exec-3] Granted Authorities --> ROLE_ADMN
2020-05-22 11:57:21,026 INFO com.surshree.app.services.CustomUserDetailsService [http-nio-8080-exec-3] Granted Authorities --> FUNC_CONT_MENU
2020-05-22 11:57:21,026 INFO com.surshree.app.services.CustomUserDetailsService [http-nio-8080-exec-3] Granted Authorities --> FUNC_CONT_MENU
2020-05-22 11:57:21,027 INFO com.surshree.app.services.CustomUserDetailsService [http-nio-8080-exec-3] Granted Authorities --> FUNC_VIEW_ADMIN_MENU
2020-05-22 11:57:26,141 INFO com.surshree.app.services.CustomUserDetailsService [http-nio-8080-exec-7] Granted Authorities --> ROLE_CONT
2020-05-22 11:57:26,142 INFO com.surshree.app.services.CustomUserDetailsService [http-nio-8080-exec-7] Granted Authorities --> ROLE_ADMN
2020-05-22 11:57:26,142 INFO com.surshree.app.services.CustomUserDetailsService [http-nio-8080-exec-7] Granted Authorities --> FUNC_CONT_MENU
2020-05-22 11:57:26,143 INFO com.surshree.app.services.CustomUserDetailsService [http-nio-8080-exec-7] Granted Authorities --> FUNC_CONT_MENU
2020-05-22 11:57:26,143 INFO com.surshree.app.services.CustomUserDetailsService [http-nio-8080-exec-7] Granted Authorities --> FUNC_VIEW_ADMIN_MENU
2020-05-22 11:57:44,554 INFO com.surshree.app.services.CustomUserDetailsService [http-nio-8080-exec-9] Granted Authorities --> ROLE_CONT
2020-05-22 11:57:44,555 INFO com.surshree.app.services.CustomUserDetailsService [http-nio-8080-exec-9] Granted Authorities --> ROLE_ADMN
2020-05-22 11:57:44,555 INFO com.surshree.app.services.CustomUserDetailsService [http-nio-8080-exec-9] Granted Authorities --> FUNC_CONT_MENU
2020-05-22 11:57:44,556 INFO com.surshree.app.services.CustomUserDetailsService [http-nio-8080-exec-9] Granted Authorities --> FUNC_CONT_MENU
2020-05-22 11:57:44,557 INFO com.surshree.app.services.CustomUserDetailsService [http-nio-8080-exec-9] Granted Authorities --> FUNC_VIEW_ADMIN_MENU
2020-05-22 11:57:45,057 INFO com.surshree.app.services.CustomUserDetailsService [http-nio-8080-exec-1] Granted Authorities --> ROLE_CONT
2020-05-22 11:57:45,058 INFO com.surshree.app.services.CustomUserDetailsService [http-nio-8080-exec-1] Granted Authorities --> ROLE_ADMN
2020-05-22 11:57:45,061 INFO com.surshree.app.services.CustomUserDetailsService [http-nio-8080-exec-1] Granted Authorities --> FUNC_CONT_MENU
2020-05-22 11:57:45,062 INFO com.surshree.app.services.CustomUserDetailsService [http-nio-8080-exec-1] Granted Authorities --> FUNC_CONT_MENU
2020-05-22 11:57:45,064 INFO com.surshree.app.services.CustomUserDetailsService [http-nio-8080-exec-1] Granted Authorities --> FUNC_VIEW_ADMIN_MENU
2020-05-22 11:58:14,362 INFO com.surshree.app.services.CustomUserDetailsService [http-nio-8080-exec-3] Granted Authorities --> ROLE_CONT
2020-05-22 11:58:14,362 INFO com.surshree.app.services.CustomUserDetailsService [http-nio-8080-exec-3] Granted Authorities --> ROLE_ADMN
2020-05-22 11:58:14,362 INFO com.surshree.app.services.CustomUserDetailsService [http-nio-8080-exec-3] Granted Authorities --> FUNC_CONT_MENU
2020-05-22 11:58:14,363 INFO com.surshree.app.services.CustomUserDetailsService [http-nio-8080-exec-3] Granted Authorities --> FUNC_CONT_MENU
2020-05-22 11:58:14,363 INFO com.surshree.app.services.CustomUserDetailsService [http-nio-8080-exec-3] Granted Authorities --> FUNC_VIEW_ADMIN_MENU
2020-05-22 11:58:14,971 INFO com.surshree.app.services.CustomUserDetailsService [http-nio-8080-exec-7] Granted Authorities --> ROLE_CONT
2020-05-22 11:58:14,972 INFO com.surshree.app.services.CustomUserDetailsService [http-nio-8080-exec-7] Granted Authorities --> ROLE_ADMN
2020-05-22 11:58:14,972 INFO com.surshree.app.services.CustomUserDetailsService [http-nio-8080-exec-7] Granted Authorities --> FUNC_CONT_MENU
2020-05-22 11:58:14,973 INFO com.surshree.app.services.CustomUserDetailsService [http-nio-8080-exec-7] Granted Authorities --> FUNC_CONT_MENU
2020-05-22 11:58:14,973 INFO com.surshree.app.services.CustomUserDetailsService [http-nio-8080-exec-7] Granted Authorities --> FUNC_VIEW_ADMIN_MENU
2020-05-22 11:58:58,712 INFO com.surshree.app.services.CustomUserDetailsService [http-nio-8080-exec-2] Granted Authorities --> ROLE_CONT
2020-05-22 11:58:58,714 INFO com.surshree.app.services.CustomUserDetailsService [http-nio-8080-exec-2] Granted Authorities --> ROLE_ADMN
2020-05-22 11:58:58,715 INFO com.surshree.app.services.CustomUserDetailsService [http-nio-8080-exec-2] Granted Authorities --> FUNC_CONT_MENU
2020-05-22 11:58:58,716 INFO com.surshree.app.services.CustomUserDetailsService [http-nio-8080-exec-2] Granted Authorities --> FUNC_CONT_MENU
2020-05-22 11:58:58,716 INFO com.surshree.app.services.CustomUserDetailsService [http-nio-8080-exec-2] Granted Authorities --> FUNC_VIEW_ADMIN_MENU
2020-05-22 11:58:59,662 INFO com.surshree.app.services.CustomUserDetailsService [http-nio-8080-exec-3] Granted Authorities --> ROLE_CONT
2020-05-22 11:58:59,663 INFO com.surshree.app.services.CustomUserDetailsService [http-nio-8080-exec-3] Granted Authorities --> ROLE_ADMN
2020-05-22 11:58:59,665 INFO com.surshree.app.services.CustomUserDetailsService [http-nio-8080-exec-3] Granted Authorities --> FUNC_CONT_MENU
2020-05-22 11:58:59,665 INFO com.surshree.app.services.CustomUserDetailsService [http-nio-8080-exec-3] Granted Authorities --> FUNC_CONT_MENU
2020-05-22 11:58:59,666 INFO com.surshree.app.services.CustomUserDetailsService [http-nio-8080-exec-3] Granted Authorities --> FUNC_VIEW_ADMIN_MENU
2020-05-22 11:59:23,711 INFO com.surshree.app.services.CustomUserDetailsService [http-nio-8080-exec-10] Granted Authorities --> ROLE_CONT
2020-05-22 11:59:23,713 INFO com.surshree.app.services.CustomUserDetailsService [http-nio-8080-exec-10] Granted Authorities --> ROLE_ADMN
2020-05-22 11:59:23,714 INFO com.surshree.app.services.CustomUserDetailsService [http-nio-8080-exec-10] Granted Authorities --> FUNC_CONT_MENU
2020-05-22 11:59:23,714 INFO com.surshree.app.services.CustomUserDetailsService [http-nio-8080-exec-10] Granted Authorities --> FUNC_CONT_MENU
2020-05-22 11:59:23,715 INFO com.surshree.app.services.CustomUserDetailsService [http-nio-8080-exec-10] Granted Authorities --> FUNC_VIEW_ADMIN_MENU
2020-05-22 11:59:24,162 INFO com.surshree.app.services.CustomUserDetailsService [http-nio-8080-exec-2] Granted Authorities --> ROLE_CONT
2020-05-22 11:59:24,162 INFO com.surshree.app.services.CustomUserDetailsService [http-nio-8080-exec-2] Granted Authorities --> ROLE_ADMN
2020-05-22 11:59:24,163 INFO com.surshree.app.services.CustomUserDetailsService [http-nio-8080-exec-2] Granted Authorities --> FUNC_CONT_MENU
2020-05-22 11:59:24,164 INFO com.surshree.app.services.CustomUserDetailsService [http-nio-8080-exec-2] Granted Authorities --> FUNC_CONT_MENU
2020-05-22 11:59:24,164 INFO com.surshree.app.services.CustomUserDetailsService [http-nio-8080-exec-2] Granted Authorities --> FUNC_VIEW_ADMIN_MENU
2020-05-22 11:59:28,915 INFO com.surshree.app.services.CustomUserDetailsService [http-nio-8080-exec-6] Granted Authorities --> ROLE_CONT
2020-05-22 11:59:28,916 INFO com.surshree.app.services.CustomUserDetailsService [http-nio-8080-exec-6] Granted Authorities --> ROLE_ADMN
2020-05-22 11:59:28,916 INFO com.surshree.app.services.CustomUserDetailsService [http-nio-8080-exec-6] Granted Authorities --> FUNC_CONT_MENU
2020-05-22 11:59:28,916 INFO com.surshree.app.services.CustomUserDetailsService [http-nio-8080-exec-6] Granted Authorities --> FUNC_CONT_MENU
2020-05-22 11:59:28,917 INFO com.surshree.app.services.CustomUserDetailsService [http-nio-8080-exec-6] Granted Authorities --> FUNC_VIEW_ADMIN_MENU
2020-05-22 11:59:29,433 INFO com.surshree.app.services.CustomUserDetailsService [http-nio-8080-exec-5] Granted Authorities --> ROLE_CONT
2020-05-22 11:59:29,433 INFO com.surshree.app.services.CustomUserDetailsService [http-nio-8080-exec-5] Granted Authorities --> ROLE_ADMN
2020-05-22 11:59:29,434 INFO com.surshree.app.services.CustomUserDetailsService [http-nio-8080-exec-5] Granted Authorities --> FUNC_CONT_MENU
2020-05-22 11:59:29,434 INFO com.surshree.app.services.CustomUserDetailsService [http-nio-8080-exec-5] Granted Authorities --> FUNC_CONT_MENU
2020-05-22 11:59:29,434 INFO com.surshree.app.services.CustomUserDetailsService [http-nio-8080-exec-5] Granted Authorities --> FUNC_VIEW_ADMIN_MENU
2020-05-22 11:59:50,531 INFO com.surshree.app.services.CustomUserDetailsService [http-nio-8080-exec-10] Granted Authorities --> ROLE_CONT
2020-05-22 11:59:50,532 INFO com.surshree.app.services.CustomUserDetailsService [http-nio-8080-exec-10] Granted Authorities --> ROLE_ADMN
2020-05-22 11:59:50,532 INFO com.surshree.app.services.CustomUserDetailsService [http-nio-8080-exec-10] Granted Authorities --> FUNC_CONT_MENU
2020-05-22 11:59:50,533 INFO com.surshree.app.services.CustomUserDetailsService [http-nio-8080-exec-10] Granted Authorities --> FUNC_CONT_MENU
2020-05-22 11:59:50,533 INFO com.surshree.app.services.CustomUserDetailsService [http-nio-8080-exec-10] Granted Authorities --> FUNC_VIEW_ADMIN_MENU
2020-05-22 11:59:51,063 INFO com.surshree.app.services.CustomUserDetailsService [http-nio-8080-exec-2] Granted Authorities --> ROLE_CONT
2020-05-22 11:59:51,063 INFO com.surshree.app.services.CustomUserDetailsService [http-nio-8080-exec-2] Granted Authorities --> ROLE_ADMN
2020-05-22 11:59:51,064 INFO com.surshree.app.services.CustomUserDetailsService [http-nio-8080-exec-2] Granted Authorities --> FUNC_CONT_MENU
2020-05-22 11:59:51,064 INFO com.surshree.app.services.CustomUserDetailsService [http-nio-8080-exec-2] Granted Authorities --> FUNC_CONT_MENU
2020-05-22 11:59:51,064 INFO com.surshree.app.services.CustomUserDetailsService [http-nio-8080-exec-2] Granted Authorities --> FUNC_VIEW_ADMIN_MENU
2020-05-22 12:00:11,764 INFO com.surshree.app.services.CustomUserDetailsService [http-nio-8080-exec-6] Granted Authorities --> ROLE_CONT
2020-05-22 12:00:11,769 INFO com.surshree.app.services.CustomUserDetailsService [http-nio-8080-exec-6] Granted Authorities --> ROLE_ADMN
2020-05-22 12:00:11,770 INFO com.surshree.app.services.CustomUserDetailsService [http-nio-8080-exec-6] Granted Authorities --> FUNC_CONT_MENU
2020-05-22 12:00:11,771 INFO com.surshree.app.services.CustomUserDetailsService [http-nio-8080-exec-6] Granted Authorities --> FUNC_CONT_MENU
2020-05-22 12:00:11,771 INFO com.surshree.app.services.CustomUserDetailsService [http-nio-8080-exec-6] Granted Authorities --> FUNC_VIEW_ADMIN_MENU
2020-05-22 12:00:12,383 INFO com.surshree.app.services.CustomUserDetailsService [http-nio-8080-exec-5] Granted Authorities --> ROLE_CONT
2020-05-22 12:00:12,384 INFO com.surshree.app.services.CustomUserDetailsService [http-nio-8080-exec-5] Granted Authorities --> ROLE_ADMN
2020-05-22 12:00:12,384 INFO com.surshree.app.services.CustomUserDetailsService [http-nio-8080-exec-5] Granted Authorities --> FUNC_CONT_MENU
2020-05-22 12:00:12,385 INFO com.surshree.app.services.CustomUserDetailsService [http-nio-8080-exec-5] Granted Authorities --> FUNC_CONT_MENU
2020-05-22 12:00:12,386 INFO com.surshree.app.services.CustomUserDetailsService [http-nio-8080-exec-5] Granted Authorities --> FUNC_VIEW_ADMIN_MENU
2020-05-22 12:01:14,083 INFO com.surshree.app.services.CustomUserDetailsService [http-nio-8080-exec-3] Granted Authorities --> ROLE_CONT
2020-05-22 12:01:14,089 INFO com.surshree.app.services.CustomUserDetailsService [http-nio-8080-exec-3] Granted Authorities --> ROLE_ADMN
2020-05-22 12:01:14,090 INFO com.surshree.app.services.CustomUserDetailsService [http-nio-8080-exec-3] Granted Authorities --> FUNC_CONT_MENU
2020-05-22 12:01:14,090 INFO com.surshree.app.services.CustomUserDetailsService [http-nio-8080-exec-3] Granted Authorities --> FUNC_CONT_MENU
2020-05-22 12:01:14,091 INFO com.surshree.app.services.CustomUserDetailsService [http-nio-8080-exec-3] Granted Authorities --> FUNC_VIEW_ADMIN_MENU
2020-05-22 12:01:14,721 INFO com.surshree.app.services.CustomUserDetailsService [http-nio-8080-exec-7] Granted Authorities --> ROLE_CONT
2020-05-22 12:01:14,721 INFO com.surshree.app.services.CustomUserDetailsService [http-nio-8080-exec-7] Granted Authorities --> ROLE_ADMN
2020-05-22 12:01:14,722 INFO com.surshree.app.services.CustomUserDetailsService [http-nio-8080-exec-7] Granted Authorities --> FUNC_CONT_MENU
2020-05-22 12:01:14,724 INFO com.surshree.app.services.CustomUserDetailsService [http-nio-8080-exec-7] Granted Authorities --> FUNC_CONT_MENU
2020-05-22 12:01:14,724 INFO com.surshree.app.services.CustomUserDetailsService [http-nio-8080-exec-7] Granted Authorities --> FUNC_VIEW_ADMIN_MENU
2020-05-22 12:02:24,853 INFO com.surshree.app.services.CustomUserDetailsService [http-nio-8080-exec-2] Granted Authorities --> ROLE_CONT
2020-05-22 12:02:24,854 INFO com.surshree.app.services.CustomUserDetailsService [http-nio-8080-exec-2] Granted Authorities --> ROLE_ADMN
2020-05-22 12:02:24,855 INFO com.surshree.app.services.CustomUserDetailsService [http-nio-8080-exec-2] Granted Authorities --> FUNC_CONT_MENU
2020-05-22 12:02:24,855 INFO com.surshree.app.services.CustomUserDetailsService [http-nio-8080-exec-2] Granted Authorities --> FUNC_CONT_MENU
2020-05-22 12:02:24,856 INFO com.surshree.app.services.CustomUserDetailsService [http-nio-8080-exec-2] Granted Authorities --> FUNC_VIEW_ADMIN_MENU
2020-05-22 12:02:25,330 INFO com.surshree.app.services.CustomUserDetailsService [http-nio-8080-exec-3] Granted Authorities --> ROLE_CONT
2020-05-22 12:02:25,331 INFO com.surshree.app.services.CustomUserDetailsService [http-nio-8080-exec-3] Granted Authorities --> ROLE_ADMN
2020-05-22 12:02:25,331 INFO com.surshree.app.services.CustomUserDetailsService [http-nio-8080-exec-3] Granted Authorities --> FUNC_CONT_MENU
2020-05-22 12:02:25,337 INFO com.surshree.app.services.CustomUserDetailsService [http-nio-8080-exec-3] Granted Authorities --> FUNC_CONT_MENU
2020-05-22 12:02:25,339 INFO com.surshree.app.services.CustomUserDetailsService [http-nio-8080-exec-3] Granted Authorities --> FUNC_VIEW_ADMIN_MENU
2020-05-22 12:02:31,804 INFO com.surshree.app.services.CustomUserDetailsService [http-nio-8080-exec-7] Granted Authorities --> ROLE_CONT
2020-05-22 12:02:31,804 INFO com.surshree.app.services.CustomUserDetailsService [http-nio-8080-exec-7] Granted Authorities --> ROLE_ADMN
2020-05-22 12:02:31,805 INFO com.surshree.app.services.CustomUserDetailsService [http-nio-8080-exec-7] Granted Authorities --> FUNC_CONT_MENU
2020-05-22 12:02:31,805 INFO com.surshree.app.services.CustomUserDetailsService [http-nio-8080-exec-7] Granted Authorities --> FUNC_CONT_MENU
2020-05-22 12:02:31,806 INFO com.surshree.app.services.CustomUserDetailsService [http-nio-8080-exec-7] Granted Authorities --> FUNC_VIEW_ADMIN_MENU
2020-05-22 12:03:22,535 INFO com.surshree.app.scheduling.CacheScheduler [scheduling-1] Clear user cache : START
2020-05-22 12:03:22,542 INFO com.surshree.app.scheduling.CacheScheduler [scheduling-1] Clear user cache : END
2020-05-22 12:03:36,129 INFO com.surshree.app.services.CustomUserDetailsService [http-nio-8080-exec-1] Granted Authorities --> ROLE_CONT
2020-05-22 12:03:36,129 INFO com.surshree.app.services.CustomUserDetailsService [http-nio-8080-exec-1] Granted Authorities --> ROLE_ADMN
2020-05-22 12:03:36,130 INFO com.surshree.app.services.CustomUserDetailsService [http-nio-8080-exec-1] Granted Authorities --> FUNC_CONT_MENU
2020-05-22 12:03:36,132 INFO com.surshree.app.services.CustomUserDetailsService [http-nio-8080-exec-1] Granted Authorities --> FUNC_VIEW_ADMIN_MENU
2020-05-22 12:03:36,132 INFO com.surshree.app.services.CustomUserDetailsService [http-nio-8080-exec-1] Granted Authorities --> FUNC_CONT_MENU
2020-05-22 12:05:26,072 INFO com.surshree.app.services.CustomUserDetailsService [http-nio-8080-exec-7] Granted Authorities --> ROLE_CONT
2020-05-22 12:05:26,076 INFO com.surshree.app.services.CustomUserDetailsService [http-nio-8080-exec-7] Granted Authorities --> ROLE_ADMN
2020-05-22 12:05:26,076 INFO com.surshree.app.services.CustomUserDetailsService [http-nio-8080-exec-7] Granted Authorities --> FUNC_CONT_MENU
2020-05-22 12:05:26,076 INFO com.surshree.app.services.CustomUserDetailsService [http-nio-8080-exec-7] Granted Authorities --> FUNC_VIEW_ADMIN_MENU
2020-05-22 12:05:26,076 INFO com.surshree.app.services.CustomUserDetailsService [http-nio-8080-exec-7] Granted Authorities --> FUNC_CONT_MENU
2020-05-22 12:05:26,827 INFO com.surshree.app.services.CustomUserDetailsService [http-nio-8080-exec-9] Granted Authorities --> ROLE_CONT
2020-05-22 12:05:26,828 INFO com.surshree.app.services.CustomUserDetailsService [http-nio-8080-exec-9] Granted Authorities --> ROLE_ADMN
2020-05-22 12:05:26,828 INFO com.surshree.app.services.CustomUserDetailsService [http-nio-8080-exec-9] Granted Authorities --> FUNC_CONT_MENU
2020-05-22 12:05:26,829 INFO com.surshree.app.services.CustomUserDetailsService [http-nio-8080-exec-9] Granted Authorities --> FUNC_VIEW_ADMIN_MENU
2020-05-22 12:05:26,829 INFO com.surshree.app.services.CustomUserDetailsService [http-nio-8080-exec-9] Granted Authorities --> FUNC_CONT_MENU
2020-05-22 12:06:43,281 INFO com.surshree.app.services.CustomUserDetailsService [http-nio-8080-exec-3] Granted Authorities --> ROLE_CONT
2020-05-22 12:06:43,283 INFO com.surshree.app.services.CustomUserDetailsService [http-nio-8080-exec-3] Granted Authorities --> ROLE_ADMN
2020-05-22 12:06:43,283 INFO com.surshree.app.services.CustomUserDetailsService [http-nio-8080-exec-3] Granted Authorities --> FUNC_CONT_MENU
2020-05-22 12:06:43,284 INFO com.surshree.app.services.CustomUserDetailsService [http-nio-8080-exec-3] Granted Authorities --> FUNC_VIEW_ADMIN_MENU
2020-05-22 12:06:43,285 INFO com.surshree.app.services.CustomUserDetailsService [http-nio-8080-exec-3] Granted Authorities --> FUNC_CONT_MENU
2020-05-22 12:06:43,675 INFO com.surshree.app.services.CustomUserDetailsService [http-nio-8080-exec-7] Granted Authorities --> ROLE_CONT
2020-05-22 12:06:43,676 INFO com.surshree.app.services.CustomUserDetailsService [http-nio-8080-exec-7] Granted Authorities --> ROLE_ADMN
2020-05-22 12:06:43,676 INFO com.surshree.app.services.CustomUserDetailsService [http-nio-8080-exec-7] Granted Authorities --> FUNC_CONT_MENU
2020-05-22 12:06:43,676 INFO com.surshree.app.services.CustomUserDetailsService [http-nio-8080-exec-7] Granted Authorities --> FUNC_VIEW_ADMIN_MENU
2020-05-22 12:06:43,678 INFO com.surshree.app.services.CustomUserDetailsService [http-nio-8080-exec-7] Granted Authorities --> FUNC_CONT_MENU
2020-05-22 12:13:22,560 INFO com.surshree.app.scheduling.CacheScheduler [scheduling-1] Clear user cache : START
2020-05-22 12:13:22,572 INFO com.surshree.app.scheduling.CacheScheduler [scheduling-1] Clear user cache : END
2020-05-22 12:16:50,460 INFO org.springframework.security.oauth2.provider.endpoint.CheckTokenEndpoint [http-nio-8080-exec-5] Handling error: InvalidTokenException, Token has expired
2020-05-22 12:16:51,380 INFO com.surshree.app.services.CustomUserDetailsService [http-nio-8080-exec-10] Granted Authorities --> ROLE_ADMN
2020-05-22 12:16:51,387 INFO com.surshree.app.services.CustomUserDetailsService [http-nio-8080-exec-10] Granted Authorities --> ROLE_CONT
2020-05-22 12:16:51,398 INFO com.surshree.app.services.CustomUserDetailsService [http-nio-8080-exec-10] Granted Authorities --> FUNC_CONT_MENU
2020-05-22 12:16:51,400 INFO com.surshree.app.services.CustomUserDetailsService [http-nio-8080-exec-10] Granted Authorities --> FUNC_VIEW_ADMIN_MENU
2020-05-22 12:16:51,400 INFO com.surshree.app.services.CustomUserDetailsService [http-nio-8080-exec-10] Granted Authorities --> FUNC_CONT_MENU
2020-05-22 12:16:51,480 INFO org.springframework.security.oauth2.provider.token.store.JdbcTokenStore [http-nio-8080-exec-10] Failed to find access token for token 46428204-7cd9-46aa-9e61-2c25760474ce
2020-05-22 12:16:52,191 INFO com.surshree.app.services.CustomUserDetailsService [http-nio-8080-exec-8] Granted Authorities --> ROLE_ADMN
2020-05-22 12:16:52,191 INFO com.surshree.app.services.CustomUserDetailsService [http-nio-8080-exec-8] Granted Authorities --> ROLE_CONT
2020-05-22 12:16:52,192 INFO com.surshree.app.services.CustomUserDetailsService [http-nio-8080-exec-8] Granted Authorities --> FUNC_CONT_MENU
2020-05-22 12:16:52,192 INFO com.surshree.app.services.CustomUserDetailsService [http-nio-8080-exec-8] Granted Authorities --> FUNC_VIEW_ADMIN_MENU
2020-05-22 12:16:52,193 INFO com.surshree.app.services.CustomUserDetailsService [http-nio-8080-exec-8] Granted Authorities --> FUNC_CONT_MENU
2020-05-22 12:16:58,264 INFO com.surshree.app.services.CustomUserDetailsService [http-nio-8080-exec-7] Granted Authorities --> ROLE_ADMN
2020-05-22 12:16:58,270 INFO com.surshree.app.services.CustomUserDetailsService [http-nio-8080-exec-7] Granted Authorities --> ROLE_CONT
2020-05-22 12:16:58,272 INFO com.surshree.app.services.CustomUserDetailsService [http-nio-8080-exec-7] Granted Authorities --> FUNC_CONT_MENU
2020-05-22 12:16:58,273 INFO com.surshree.app.services.CustomUserDetailsService [http-nio-8080-exec-7] Granted Authorities --> FUNC_VIEW_ADMIN_MENU
2020-05-22 12:16:58,274 INFO com.surshree.app.services.CustomUserDetailsService [http-nio-8080-exec-7] Granted Authorities --> FUNC_CONT_MENU
2020-05-22 12:18:48,661 INFO org.springframework.security.oauth2.provider.token.store.JdbcTokenStore [http-nio-8080-exec-8] Failed to find access token for token aae1f76d-dd39-4c1a-8a8a-c275b69cd368
2020-05-22 12:18:48,664 INFO org.springframework.security.oauth2.provider.endpoint.CheckTokenEndpoint [http-nio-8080-exec-8] Handling error: InvalidTokenException, Token was not recognised
2020-05-22 12:18:48,780 INFO com.surshree.app.services.CustomUserDetailsService [http-nio-8080-exec-4] Granted Authorities --> ROLE_ADMN
2020-05-22 12:18:48,781 INFO com.surshree.app.services.CustomUserDetailsService [http-nio-8080-exec-4] Granted Authorities --> ROLE_CONT
2020-05-22 12:18:48,781 INFO com.surshree.app.services.CustomUserDetailsService [http-nio-8080-exec-4] Granted Authorities --> FUNC_CONT_MENU
2020-05-22 12:18:48,781 INFO com.surshree.app.services.CustomUserDetailsService [http-nio-8080-exec-4] Granted Authorities --> FUNC_VIEW_ADMIN_MENU
2020-05-22 12:18:48,783 INFO com.surshree.app.services.CustomUserDetailsService [http-nio-8080-exec-4] Granted Authorities --> FUNC_CONT_MENU
2020-05-22 12:18:48,821 INFO org.springframework.security.oauth2.provider.token.store.JdbcTokenStore [http-nio-8080-exec-4] Failed to find access token for token e23d18d9-2943-4bc5-a6d9-4ec19491a85e
2020-05-22 12:18:49,154 INFO com.surshree.app.services.CustomUserDetailsService [http-nio-8080-exec-3] Granted Authorities --> ROLE_ADMN
2020-05-22 12:18:49,154 INFO com.surshree.app.services.CustomUserDetailsService [http-nio-8080-exec-3] Granted Authorities --> ROLE_CONT
2020-05-22 12:18:49,155 INFO com.surshree.app.services.CustomUserDetailsService [http-nio-8080-exec-3] Granted Authorities --> FUNC_CONT_MENU
2020-05-22 12:18:49,155 INFO com.surshree.app.services.CustomUserDetailsService [http-nio-8080-exec-3] Granted Authorities --> FUNC_VIEW_ADMIN_MENU
2020-05-22 12:18:49,155 INFO com.surshree.app.services.CustomUserDetailsService [http-nio-8080-exec-3] Granted Authorities --> FUNC_CONT_MENU
2020-05-22 12:18:49,721 INFO com.surshree.app.services.CustomUserDetailsService [http-nio-8080-exec-7] Granted Authorities --> ROLE_ADMN
2020-05-22 12:18:49,721 INFO com.surshree.app.services.CustomUserDetailsService [http-nio-8080-exec-7] Granted Authorities --> ROLE_CONT
2020-05-22 12:18:49,721 INFO com.surshree.app.services.CustomUserDetailsService [http-nio-8080-exec-7] Granted Authorities --> FUNC_CONT_MENU
2020-05-22 12:18:49,722 INFO com.surshree.app.services.CustomUserDetailsService [http-nio-8080-exec-7] Granted Authorities --> FUNC_VIEW_ADMIN_MENU
2020-05-22 12:18:49,722 INFO com.surshree.app.services.CustomUserDetailsService [http-nio-8080-exec-7] Granted Authorities --> FUNC_CONT_MENU
2020-05-22 12:19:14,279 INFO org.springframework.security.oauth2.provider.token.store.JdbcTokenStore [http-nio-8080-exec-10] Failed to find access token for token 46428204-7cd9-46aa-9e61-2c25760474ce
2020-05-22 12:19:14,282 INFO org.springframework.security.oauth2.provider.endpoint.CheckTokenEndpoint [http-nio-8080-exec-10] Handling error: InvalidTokenException, Token was not recognised
2020-05-22 12:19:14,381 INFO com.surshree.app.services.CustomUserDetailsService [http-nio-8080-exec-1] Granted Authorities --> ROLE_ADMN
2020-05-22 12:19:14,381 INFO com.surshree.app.services.CustomUserDetailsService [http-nio-8080-exec-1] Granted Authorities --> ROLE_CONT
2020-05-22 12:19:14,382 INFO com.surshree.app.services.CustomUserDetailsService [http-nio-8080-exec-1] Granted Authorities --> FUNC_CONT_MENU
2020-05-22 12:19:14,382 INFO com.surshree.app.services.CustomUserDetailsService [http-nio-8080-exec-1] Granted Authorities --> FUNC_VIEW_ADMIN_MENU
2020-05-22 12:19:14,382 INFO com.surshree.app.services.CustomUserDetailsService [http-nio-8080-exec-1] Granted Authorities --> FUNC_CONT_MENU
2020-05-22 12:19:14,394 INFO org.springframework.security.oauth2.provider.token.store.JdbcTokenStore [http-nio-8080-exec-1] Failed to find access token for token d4451716-45a0-4b5f-9829-d67a01e896e3
2020-05-22 12:19:14,793 INFO com.surshree.app.services.CustomUserDetailsService [http-nio-8080-exec-4] Granted Authorities --> ROLE_ADMN
2020-05-22 12:19:14,793 INFO com.surshree.app.services.CustomUserDetailsService [http-nio-8080-exec-4] Granted Authorities --> ROLE_CONT
2020-05-22 12:19:14,794 INFO com.surshree.app.services.CustomUserDetailsService [http-nio-8080-exec-4] Granted Authorities --> FUNC_CONT_MENU
2020-05-22 12:19:14,794 INFO com.surshree.app.services.CustomUserDetailsService [http-nio-8080-exec-4] Granted Authorities --> FUNC_VIEW_ADMIN_MENU
2020-05-22 12:19:14,794 INFO com.surshree.app.services.CustomUserDetailsService [http-nio-8080-exec-4] Granted Authorities --> FUNC_CONT_MENU
2020-05-22 12:19:24,332 INFO com.surshree.app.services.CustomUserDetailsService [http-nio-8080-exec-6] Granted Authorities --> ROLE_ADMN
2020-05-22 12:19:24,334 INFO com.surshree.app.services.CustomUserDetailsService [http-nio-8080-exec-6] Granted Authorities --> ROLE_CONT
2020-05-22 12:19:24,335 INFO com.surshree.app.services.CustomUserDetailsService [http-nio-8080-exec-6] Granted Authorities --> FUNC_CONT_MENU
2020-05-22 12:19:24,337 INFO com.surshree.app.services.CustomUserDetailsService [http-nio-8080-exec-6] Granted Authorities --> FUNC_VIEW_ADMIN_MENU
2020-05-22 12:19:24,338 INFO com.surshree.app.services.CustomUserDetailsService [http-nio-8080-exec-6] Granted Authorities --> FUNC_CONT_MENU
2020-05-22 12:19:51,317 INFO com.surshree.app.services.CustomUserDetailsService [http-nio-8080-exec-8] Granted Authorities --> ROLE_ADMN
2020-05-22 12:19:51,319 INFO com.surshree.app.services.CustomUserDetailsService [http-nio-8080-exec-8] Granted Authorities --> ROLE_CONT
2020-05-22 12:19:51,320 INFO com.surshree.app.services.CustomUserDetailsService [http-nio-8080-exec-8] Granted Authorities --> FUNC_CONT_MENU
2020-05-22 12:19:51,320 INFO com.surshree.app.services.CustomUserDetailsService [http-nio-8080-exec-8] Granted Authorities --> FUNC_VIEW_ADMIN_MENU
2020-05-22 12:19:51,321 INFO com.surshree.app.services.CustomUserDetailsService [http-nio-8080-exec-8] Granted Authorities --> FUNC_CONT_MENU
2020-05-22 12:20:15,005 INFO com.surshree.app.services.CustomUserDetailsService [http-nio-8080-exec-3] Granted Authorities --> ROLE_ADMN
2020-05-22 12:20:15,006 INFO com.surshree.app.services.CustomUserDetailsService [http-nio-8080-exec-3] Granted Authorities --> ROLE_CONT
2020-05-22 12:20:15,007 INFO com.surshree.app.services.CustomUserDetailsService [http-nio-8080-exec-3] Granted Authorities --> FUNC_CONT_MENU
2020-05-22 12:20:15,007 INFO com.surshree.app.services.CustomUserDetailsService [http-nio-8080-exec-3] Granted Authorities --> FUNC_VIEW_ADMIN_MENU
2020-05-22 12:20:15,008 INFO com.surshree.app.services.CustomUserDetailsService [http-nio-8080-exec-3] Granted Authorities --> FUNC_CONT_MENU
2020-05-22 12:20:18,992 INFO com.surshree.app.services.CustomUserDetailsService [http-nio-8080-exec-5] Granted Authorities --> ROLE_ADMN
2020-05-22 12:20:18,993 INFO com.surshree.app.services.CustomUserDetailsService [http-nio-8080-exec-5] Granted Authorities --> ROLE_CONT
2020-05-22 12:20:18,993 INFO com.surshree.app.services.CustomUserDetailsService [http-nio-8080-exec-5] Granted Authorities --> FUNC_CONT_MENU
2020-05-22 12:20:18,996 INFO com.surshree.app.services.CustomUserDetailsService [http-nio-8080-exec-5] Granted Authorities --> FUNC_VIEW_ADMIN_MENU
2020-05-22 12:20:18,996 INFO com.surshree.app.services.CustomUserDetailsService [http-nio-8080-exec-5] Granted Authorities --> FUNC_CONT_MENU
2020-05-22 12:20:29,593 INFO com.surshree.app.services.CustomUserDetailsService [http-nio-8080-exec-1] Granted Authorities --> ROLE_ADMN
2020-05-22 12:20:29,593 INFO com.surshree.app.services.CustomUserDetailsService [http-nio-8080-exec-1] Granted Authorities --> ROLE_CONT
2020-05-22 12:20:29,595 INFO com.surshree.app.services.CustomUserDetailsService [http-nio-8080-exec-1] Granted Authorities --> FUNC_CONT_MENU
2020-05-22 12:20:29,596 INFO com.surshree.app.services.CustomUserDetailsService [http-nio-8080-exec-1] Granted Authorities --> FUNC_VIEW_ADMIN_MENU
2020-05-22 12:20:29,596 INFO com.surshree.app.services.CustomUserDetailsService [http-nio-8080-exec-1] Granted Authorities --> FUNC_CONT_MENU
2020-05-22 12:20:37,492 INFO org.springframework.security.oauth2.provider.token.store.JdbcTokenStore [http-nio-8080-exec-9] Failed to find access token for token e23d18d9-2943-4bc5-a6d9-4ec19491a85e
2020-05-22 12:20:37,493 INFO org.springframework.security.oauth2.provider.endpoint.CheckTokenEndpoint [http-nio-8080-exec-9] Handling error: InvalidTokenException, Token was not recognised
2020-05-22 12:20:37,618 INFO com.surshree.app.services.CustomUserDetailsService [http-nio-8080-exec-10] Granted Authorities --> ROLE_ADMN
2020-05-22 12:20:37,618 INFO com.surshree.app.services.CustomUserDetailsService [http-nio-8080-exec-10] Granted Authorities --> ROLE_CONT
2020-05-22 12:20:37,619 INFO com.surshree.app.services.CustomUserDetailsService [http-nio-8080-exec-10] Granted Authorities --> FUNC_CONT_MENU
2020-05-22 12:20:37,620 INFO com.surshree.app.services.CustomUserDetailsService [http-nio-8080-exec-10] Granted Authorities --> FUNC_VIEW_ADMIN_MENU
2020-05-22 12:20:37,621 INFO com.surshree.app.services.CustomUserDetailsService [http-nio-8080-exec-10] Granted Authorities --> FUNC_CONT_MENU
2020-05-22 12:20:37,647 INFO org.springframework.security.oauth2.provider.token.store.JdbcTokenStore [http-nio-8080-exec-10] Failed to find access token for token 62cdb099-9f58-4eb4-8743-ea002d51cbfb
2020-05-22 12:20:37,898 INFO com.surshree.app.services.CustomUserDetailsService [http-nio-8080-exec-8] Granted Authorities --> ROLE_ADMN
2020-05-22 12:20:37,898 INFO com.surshree.app.services.CustomUserDetailsService [http-nio-8080-exec-8] Granted Authorities --> ROLE_CONT
2020-05-22 12:20:37,899 INFO com.surshree.app.services.CustomUserDetailsService [http-nio-8080-exec-8] Granted Authorities --> FUNC_CONT_MENU
2020-05-22 12:20:37,899 INFO com.surshree.app.services.CustomUserDetailsService [http-nio-8080-exec-8] Granted Authorities --> FUNC_VIEW_ADMIN_MENU
2020-05-22 12:20:37,899 INFO com.surshree.app.services.CustomUserDetailsService [http-nio-8080-exec-8] Granted Authorities --> FUNC_CONT_MENU
2020-05-22 12:20:38,205 INFO com.surshree.app.services.CustomUserDetailsService [http-nio-8080-exec-2] Granted Authorities --> ROLE_ADMN
2020-05-22 12:20:38,206 INFO com.surshree.app.services.CustomUserDetailsService [http-nio-8080-exec-2] Granted Authorities --> ROLE_CONT
2020-05-22 12:20:38,207 INFO com.surshree.app.services.CustomUserDetailsService [http-nio-8080-exec-2] Granted Authorities --> FUNC_CONT_MENU
2020-05-22 12:20:38,207 INFO com.surshree.app.services.CustomUserDetailsService [http-nio-8080-exec-2] Granted Authorities --> FUNC_VIEW_ADMIN_MENU
2020-05-22 12:20:38,207 INFO com.surshree.app.services.CustomUserDetailsService [http-nio-8080-exec-2] Granted Authorities --> FUNC_CONT_MENU
2020-05-22 12:20:38,578 INFO org.springframework.security.oauth2.provider.token.store.JdbcTokenStore [http-nio-8080-exec-3] Failed to find access token for token d4451716-45a0-4b5f-9829-d67a01e896e3
2020-05-22 12:21:00,235 INFO org.springframework.security.oauth2.provider.token.store.JdbcTokenStore [http-nio-8080-exec-6] Failed to find access token for token d4451716-45a0-4b5f-9829-d67a01e896e3
2020-05-22 12:21:25,159 INFO com.surshree.app.services.CustomUserDetailsService [http-nio-8080-exec-7] Granted Authorities --> ROLE_ADMN
2020-05-22 12:21:25,161 INFO com.surshree.app.services.CustomUserDetailsService [http-nio-8080-exec-7] Granted Authorities --> ROLE_CONT
2020-05-22 12:21:25,162 INFO com.surshree.app.services.CustomUserDetailsService [http-nio-8080-exec-7] Granted Authorities --> FUNC_CONT_MENU
2020-05-22 12:21:25,162 INFO com.surshree.app.services.CustomUserDetailsService [http-nio-8080-exec-7] Granted Authorities --> FUNC_VIEW_ADMIN_MENU
2020-05-22 12:21:25,165 INFO com.surshree.app.services.CustomUserDetailsService [http-nio-8080-exec-7] Granted Authorities --> FUNC_CONT_MENU
2020-05-22 12:21:25,680 INFO com.surshree.app.services.CustomUserDetailsService [http-nio-8080-exec-10] Granted Authorities --> ROLE_ADMN
2020-05-22 12:21:25,684 INFO com.surshree.app.services.CustomUserDetailsService [http-nio-8080-exec-10] Granted Authorities --> ROLE_CONT
2020-05-22 12:21:25,685 INFO com.surshree.app.services.CustomUserDetailsService [http-nio-8080-exec-10] Granted Authorities --> FUNC_CONT_MENU
2020-05-22 12:21:25,685 INFO com.surshree.app.services.CustomUserDetailsService [http-nio-8080-exec-10] Granted Authorities --> FUNC_VIEW_ADMIN_MENU
2020-05-22 12:21:25,686 INFO com.surshree.app.services.CustomUserDetailsService [http-nio-8080-exec-10] Granted Authorities --> FUNC_CONT_MENU
2020-05-22 12:21:26,271 INFO com.surshree.app.services.CustomUserDetailsService [http-nio-8080-exec-8] Granted Authorities --> ROLE_ADMN
2020-05-22 12:21:26,272 INFO com.surshree.app.services.CustomUserDetailsService [http-nio-8080-exec-8] Granted Authorities --> ROLE_CONT
2020-05-22 12:21:26,275 INFO com.surshree.app.services.CustomUserDetailsService [http-nio-8080-exec-8] Granted Authorities --> FUNC_CONT_MENU
2020-05-22 12:21:26,275 INFO com.surshree.app.services.CustomUserDetailsService [http-nio-8080-exec-8] Granted Authorities --> FUNC_VIEW_ADMIN_MENU
2020-05-22 12:21:26,276 INFO com.surshree.app.services.CustomUserDetailsService [http-nio-8080-exec-8] Granted Authorities --> FUNC_CONT_MENU
2020-05-22 12:21:40,114 INFO com.surshree.app.services.CustomUserDetailsService [http-nio-8080-exec-9] Granted Authorities --> ROLE_ADMN
2020-05-22 12:21:40,115 INFO com.surshree.app.services.CustomUserDetailsService [http-nio-8080-exec-9] Granted Authorities --> ROLE_CONT
2020-05-22 12:21:40,116 INFO com.surshree.app.services.CustomUserDetailsService [http-nio-8080-exec-9] Granted Authorities --> FUNC_CONT_MENU
2020-05-22 12:21:40,118 INFO com.surshree.app.services.CustomUserDetailsService [http-nio-8080-exec-9] Granted Authorities --> FUNC_VIEW_ADMIN_MENU
2020-05-22 12:21:40,120 INFO com.surshree.app.services.CustomUserDetailsService [http-nio-8080-exec-9] Granted Authorities --> FUNC_CONT_MENU
2020-05-22 12:22:11,965 INFO com.surshree.app.services.CustomUserDetailsService [http-nio-8080-exec-9] Granted Authorities --> ROLE_ADMN
2020-05-22 12:22:11,965 INFO com.surshree.app.services.CustomUserDetailsService [http-nio-8080-exec-9] Granted Authorities --> ROLE_CONT
2020-05-22 12:22:11,966 INFO com.surshree.app.services.CustomUserDetailsService [http-nio-8080-exec-9] Granted Authorities --> FUNC_CONT_MENU
2020-05-22 12:22:11,966 INFO com.surshree.app.services.CustomUserDetailsService [http-nio-8080-exec-9] Granted Authorities --> FUNC_VIEW_ADMIN_MENU
2020-05-22 12:22:11,969 INFO com.surshree.app.services.CustomUserDetailsService [http-nio-8080-exec-9] Granted Authorities --> FUNC_CONT_MENU
2020-05-22 12:22:27,768 INFO com.surshree.app.services.CustomUserDetailsService [http-nio-8080-exec-2] Granted Authorities --> ROLE_ADMN
2020-05-22 12:22:27,770 INFO com.surshree.app.services.CustomUserDetailsService [http-nio-8080-exec-2] Granted Authorities --> ROLE_CONT
2020-05-22 12:22:27,770 INFO com.surshree.app.services.CustomUserDetailsService [http-nio-8080-exec-2] Granted Authorities --> FUNC_CONT_MENU
2020-05-22 12:22:27,772 INFO com.surshree.app.services.CustomUserDetailsService [http-nio-8080-exec-2] Granted Authorities --> FUNC_VIEW_ADMIN_MENU
2020-05-22 12:22:27,773 INFO com.surshree.app.services.CustomUserDetailsService [http-nio-8080-exec-2] Granted Authorities --> FUNC_CONT_MENU
2020-05-22 12:23:22,604 INFO com.surshree.app.scheduling.CacheScheduler [scheduling-1] Clear user cache : START
2020-05-22 12:23:22,614 INFO com.surshree.app.scheduling.CacheScheduler [scheduling-1] Clear user cache : END
2020-05-22 12:24:23,064 INFO com.surshree.app.services.CustomUserDetailsService [http-nio-8080-exec-9] Granted Authorities --> ROLE_ADMN
2020-05-22 12:24:23,072 INFO com.surshree.app.services.CustomUserDetailsService [http-nio-8080-exec-9] Granted Authorities --> ROLE_CONT
2020-05-22 12:24:23,074 INFO com.surshree.app.services.CustomUserDetailsService [http-nio-8080-exec-9] Granted Authorities --> FUNC_VIEW_ADMIN_MENU
2020-05-22 12:24:23,075 INFO com.surshree.app.services.CustomUserDetailsService [http-nio-8080-exec-9] Granted Authorities --> FUNC_CONT_MENU
2020-05-22 12:24:23,076 INFO com.surshree.app.services.CustomUserDetailsService [http-nio-8080-exec-9] Granted Authorities --> FUNC_CONT_MENU
2020-05-22 12:24:23,754 INFO com.surshree.app.services.CustomUserDetailsService [http-nio-8080-exec-1] Granted Authorities --> ROLE_ADMN
2020-05-22 12:24:23,755 INFO com.surshree.app.services.CustomUserDetailsService [http-nio-8080-exec-1] Granted Authorities --> ROLE_CONT
2020-05-22 12:24:23,755 INFO com.surshree.app.services.CustomUserDetailsService [http-nio-8080-exec-1] Granted Authorities --> FUNC_VIEW_ADMIN_MENU
2020-05-22 12:24:23,756 INFO com.surshree.app.services.CustomUserDetailsService [http-nio-8080-exec-1] Granted Authorities --> FUNC_CONT_MENU
2020-05-22 12:24:23,756 INFO com.surshree.app.services.CustomUserDetailsService [http-nio-8080-exec-1] Granted Authorities --> FUNC_CONT_MENU
2020-05-22 12:26:57,953 INFO com.surshree.app.services.CustomUserDetailsService [http-nio-8080-exec-10] Granted Authorities --> ROLE_ADMN
2020-05-22 12:26:57,955 INFO com.surshree.app.services.CustomUserDetailsService [http-nio-8080-exec-10] Granted Authorities --> ROLE_CONT
2020-05-22 12:26:57,958 INFO com.surshree.app.services.CustomUserDetailsService [http-nio-8080-exec-10] Granted Authorities --> FUNC_VIEW_ADMIN_MENU
2020-05-22 12:26:57,960 INFO com.surshree.app.services.CustomUserDetailsService [http-nio-8080-exec-10] Granted Authorities --> FUNC_CONT_MENU
2020-05-22 12:26:57,960 INFO com.surshree.app.services.CustomUserDetailsService [http-nio-8080-exec-10] Granted Authorities --> FUNC_CONT_MENU
2020-05-22 12:26:58,627 INFO com.surshree.app.services.CustomUserDetailsService [http-nio-8080-exec-8] Granted Authorities --> ROLE_ADMN
2020-05-22 12:26:58,627 INFO com.surshree.app.services.CustomUserDetailsService [http-nio-8080-exec-8] Granted Authorities --> ROLE_CONT
2020-05-22 12:26:58,628 INFO com.surshree.app.services.CustomUserDetailsService [http-nio-8080-exec-8] Granted Authorities --> FUNC_VIEW_ADMIN_MENU
2020-05-22 12:26:58,628 INFO com.surshree.app.services.CustomUserDetailsService [http-nio-8080-exec-8] Granted Authorities --> FUNC_CONT_MENU
2020-05-22 12:26:58,629 INFO com.surshree.app.services.CustomUserDetailsService [http-nio-8080-exec-8] Granted Authorities --> FUNC_CONT_MENU
2020-05-22 12:28:47,712 INFO com.surshree.app.services.CustomUserDetailsService [http-nio-8080-exec-3] Granted Authorities --> ROLE_ADMN
2020-05-22 12:28:47,713 INFO com.surshree.app.services.CustomUserDetailsService [http-nio-8080-exec-3] Granted Authorities --> ROLE_CONT
2020-05-22 12:28:47,713 INFO com.surshree.app.services.CustomUserDetailsService [http-nio-8080-exec-3] Granted Authorities --> FUNC_VIEW_ADMIN_MENU
2020-05-22 12:28:47,715 INFO com.surshree.app.services.CustomUserDetailsService [http-nio-8080-exec-3] Granted Authorities --> FUNC_CONT_MENU
2020-05-22 12:28:47,716 INFO com.surshree.app.services.CustomUserDetailsService [http-nio-8080-exec-3] Granted Authorities --> FUNC_CONT_MENU
2020-05-22 12:33:22,632 INFO com.surshree.app.scheduling.CacheScheduler [scheduling-1] Clear user cache : START
2020-05-22 12:33:22,644 INFO com.surshree.app.scheduling.CacheScheduler [scheduling-1] Clear user cache : END
2020-05-22 12:43:22,661 INFO com.surshree.app.scheduling.CacheScheduler [scheduling-1] Clear user cache : START
2020-05-22 12:43:22,662 INFO com.surshree.app.scheduling.CacheScheduler [scheduling-1] Clear user cache : END
2020-05-22 12:47:29,270 INFO com.surshree.app.services.CustomUserDetailsService [http-nio-8080-exec-1] Granted Authorities --> ROLE_ADMN
2020-05-22 12:47:29,273 INFO com.surshree.app.services.CustomUserDetailsService [http-nio-8080-exec-1] Granted Authorities --> ROLE_CONT
2020-05-22 12:47:29,273 INFO com.surshree.app.services.CustomUserDetailsService [http-nio-8080-exec-1] Granted Authorities --> FUNC_CONT_MENU
2020-05-22 12:47:29,273 INFO com.surshree.app.services.CustomUserDetailsService [http-nio-8080-exec-1] Granted Authorities --> FUNC_VIEW_ADMIN_MENU
2020-05-22 12:47:29,273 INFO com.surshree.app.services.CustomUserDetailsService [http-nio-8080-exec-1] Granted Authorities --> FUNC_CONT_MENU
2020-05-22 12:47:30,143 INFO com.surshree.app.services.CustomUserDetailsService [http-nio-8080-exec-2] Granted Authorities --> ROLE_ADMN
2020-05-22 12:47:30,145 INFO com.surshree.app.services.CustomUserDetailsService [http-nio-8080-exec-2] Granted Authorities --> ROLE_CONT
2020-05-22 12:47:30,146 INFO com.surshree.app.services.CustomUserDetailsService [http-nio-8080-exec-2] Granted Authorities --> FUNC_CONT_MENU
2020-05-22 12:47:30,147 INFO com.surshree.app.services.CustomUserDetailsService [http-nio-8080-exec-2] Granted Authorities --> FUNC_VIEW_ADMIN_MENU
2020-05-22 12:47:30,147 INFO com.surshree.app.services.CustomUserDetailsService [http-nio-8080-exec-2] Granted Authorities --> FUNC_CONT_MENU
2020-05-22 12:53:22,703 INFO com.surshree.app.scheduling.CacheScheduler [scheduling-1] Clear user cache : START
2020-05-22 12:53:22,715 INFO com.surshree.app.scheduling.CacheScheduler [scheduling-1] Clear user cache : END
2020-05-22 12:54:14,495 INFO com.surshree.app.services.CustomUserDetailsService [http-nio-8080-exec-1] Granted Authorities --> ROLE_CONT
2020-05-22 12:54:14,497 INFO com.surshree.app.services.CustomUserDetailsService [http-nio-8080-exec-1] Granted Authorities --> ROLE_ADMN
2020-05-22 12:54:14,497 INFO com.surshree.app.services.CustomUserDetailsService [http-nio-8080-exec-1] Granted Authorities --> FUNC_CONT_MENU
2020-05-22 12:54:14,498 INFO com.surshree.app.services.CustomUserDetailsService [http-nio-8080-exec-1] Granted Authorities --> FUNC_VIEW_ADMIN_MENU
2020-05-22 12:54:14,498 INFO com.surshree.app.services.CustomUserDetailsService [http-nio-8080-exec-1] Granted Authorities --> FUNC_CONT_MENU
2020-05-22 12:54:15,578 INFO com.surshree.app.services.CustomUserDetailsService [http-nio-8080-exec-2] Granted Authorities --> ROLE_CONT
2020-05-22 12:54:15,585 INFO com.surshree.app.services.CustomUserDetailsService [http-nio-8080-exec-2] Granted Authorities --> ROLE_ADMN
2020-05-22 12:54:15,585 INFO com.surshree.app.services.CustomUserDetailsService [http-nio-8080-exec-2] Granted Authorities --> FUNC_CONT_MENU
2020-05-22 12:54:15,586 INFO com.surshree.app.services.CustomUserDetailsService [http-nio-8080-exec-2] Granted Authorities --> FUNC_VIEW_ADMIN_MENU
2020-05-22 12:54:15,587 INFO com.surshree.app.services.CustomUserDetailsService [http-nio-8080-exec-2] Granted Authorities --> FUNC_CONT_MENU
2020-05-22 12:55:05,701 INFO com.surshree.app.services.CustomUserDetailsService [http-nio-8080-exec-10] Granted Authorities --> ROLE_CONT
2020-05-22 12:55:05,715 INFO com.surshree.app.services.CustomUserDetailsService [http-nio-8080-exec-10] Granted Authorities --> ROLE_ADMN
2020-05-22 12:55:05,738 INFO com.surshree.app.services.CustomUserDetailsService [http-nio-8080-exec-10] Granted Authorities --> FUNC_CONT_MENU
2020-05-22 12:55:05,739 INFO com.surshree.app.services.CustomUserDetailsService [http-nio-8080-exec-10] Granted Authorities --> FUNC_VIEW_ADMIN_MENU
2020-05-22 12:55:05,739 INFO com.surshree.app.services.CustomUserDetailsService [http-nio-8080-exec-10] Granted Authorities --> FUNC_CONT_MENU
2020-05-22 12:55:06,328 INFO com.surshree.app.services.CustomUserDetailsService [http-nio-8080-exec-1] Granted Authorities --> ROLE_CONT
2020-05-22 12:55:06,329 INFO com.surshree.app.services.CustomUserDetailsService [http-nio-8080-exec-1] Granted Authorities --> ROLE_ADMN
2020-05-22 12:55:06,330 INFO com.surshree.app.services.CustomUserDetailsService [http-nio-8080-exec-1] Granted Authorities --> FUNC_CONT_MENU
2020-05-22 12:55:06,333 INFO com.surshree.app.services.CustomUserDetailsService [http-nio-8080-exec-1] Granted Authorities --> FUNC_VIEW_ADMIN_MENU
2020-05-22 12:55:06,334 INFO com.surshree.app.services.CustomUserDetailsService [http-nio-8080-exec-1] Granted Authorities --> FUNC_CONT_MENU
2020-05-22 12:56:51,487 INFO com.surshree.app.services.CustomUserDetailsService [http-nio-8080-exec-10] Granted Authorities --> ROLE_CONT
2020-05-22 12:56:51,491 INFO com.surshree.app.services.CustomUserDetailsService [http-nio-8080-exec-10] Granted Authorities --> ROLE_ADMN
2020-05-22 12:56:51,492 INFO com.surshree.app.services.CustomUserDetailsService [http-nio-8080-exec-10] Granted Authorities --> FUNC_CONT_MENU
2020-05-22 12:56:51,493 INFO com.surshree.app.services.CustomUserDetailsService [http-nio-8080-exec-10] Granted Authorities --> FUNC_VIEW_ADMIN_MENU
2020-05-22 12:56:51,494 INFO com.surshree.app.services.CustomUserDetailsService [http-nio-8080-exec-10] Granted Authorities --> FUNC_CONT_MENU
2020-05-22 12:56:51,995 INFO com.surshree.app.services.CustomUserDetailsService [http-nio-8080-exec-1] Granted Authorities --> ROLE_CONT
2020-05-22 12:56:51,995 INFO com.surshree.app.services.CustomUserDetailsService [http-nio-8080-exec-1] Granted Authorities --> ROLE_ADMN
2020-05-22 12:56:51,995 INFO com.surshree.app.services.CustomUserDetailsService [http-nio-8080-exec-1] Granted Authorities --> FUNC_CONT_MENU
2020-05-22 12:56:51,996 INFO com.surshree.app.services.CustomUserDetailsService [http-nio-8080-exec-1] Granted Authorities --> FUNC_VIEW_ADMIN_MENU
2020-05-22 12:56:51,996 INFO com.surshree.app.services.CustomUserDetailsService [http-nio-8080-exec-1] Granted Authorities --> FUNC_CONT_MENU
2020-05-22 12:57:11,186 INFO com.surshree.app.services.CustomUserDetailsService [http-nio-8080-exec-6] Granted Authorities --> ROLE_CONT
2020-05-22 12:57:11,187 INFO com.surshree.app.services.CustomUserDetailsService [http-nio-8080-exec-6] Granted Authorities --> ROLE_ADMN
2020-05-22 12:57:11,188 INFO com.surshree.app.services.CustomUserDetailsService [http-nio-8080-exec-6] Granted Authorities --> FUNC_CONT_MENU
2020-05-22 12:57:11,188 INFO com.surshree.app.services.CustomUserDetailsService [http-nio-8080-exec-6] Granted Authorities --> FUNC_VIEW_ADMIN_MENU
2020-05-22 12:57:11,188 INFO com.surshree.app.services.CustomUserDetailsService [http-nio-8080-exec-6] Granted Authorities --> FUNC_CONT_MENU
2020-05-22 12:57:11,905 INFO com.surshree.app.services.CustomUserDetailsService [http-nio-8080-exec-7] Granted Authorities --> ROLE_CONT
2020-05-22 12:57:11,906 INFO com.surshree.app.services.CustomUserDetailsService [http-nio-8080-exec-7] Granted Authorities --> ROLE_ADMN
2020-05-22 12:57:11,906 INFO com.surshree.app.services.CustomUserDetailsService [http-nio-8080-exec-7] Granted Authorities --> FUNC_CONT_MENU
2020-05-22 12:57:11,907 INFO com.surshree.app.services.CustomUserDetailsService [http-nio-8080-exec-7] Granted Authorities --> FUNC_VIEW_ADMIN_MENU
2020-05-22 12:57:11,909 INFO com.surshree.app.services.CustomUserDetailsService [http-nio-8080-exec-7] Granted Authorities --> FUNC_CONT_MENU
2020-05-22 12:57:46,911 INFO com.surshree.app.services.CustomUserDetailsService [http-nio-8080-exec-8] Granted Authorities --> ROLE_CONT
2020-05-22 12:57:46,914 INFO com.surshree.app.services.CustomUserDetailsService [http-nio-8080-exec-8] Granted Authorities --> ROLE_ADMN
2020-05-22 12:57:46,915 INFO com.surshree.app.services.CustomUserDetailsService [http-nio-8080-exec-8] Granted Authorities --> FUNC_CONT_MENU
2020-05-22 12:57:46,917 INFO com.surshree.app.services.CustomUserDetailsService [http-nio-8080-exec-8] Granted Authorities --> FUNC_VIEW_ADMIN_MENU
2020-05-22 12:57:46,918 INFO com.surshree.app.services.CustomUserDetailsService [http-nio-8080-exec-8] Granted Authorities --> FUNC_CONT_MENU
2020-05-22 12:57:47,517 INFO com.surshree.app.services.CustomUserDetailsService [http-nio-8080-exec-4] Granted Authorities --> ROLE_CONT
2020-05-22 12:57:47,518 INFO com.surshree.app.services.CustomUserDetailsService [http-nio-8080-exec-4] Granted Authorities --> ROLE_ADMN
2020-05-22 12:57:47,518 INFO com.surshree.app.services.CustomUserDetailsService [http-nio-8080-exec-4] Granted Authorities --> FUNC_CONT_MENU
2020-05-22 12:57:47,519 INFO com.surshree.app.services.CustomUserDetailsService [http-nio-8080-exec-4] Granted Authorities --> FUNC_VIEW_ADMIN_MENU
2020-05-22 12:57:47,519 INFO com.surshree.app.services.CustomUserDetailsService [http-nio-8080-exec-4] Granted Authorities --> FUNC_CONT_MENU
2020-05-22 12:58:11,357 INFO com.surshree.app.services.CustomUserDetailsService [http-nio-8080-exec-9] Granted Authorities --> ROLE_CONT
2020-05-22 12:58:11,359 INFO com.surshree.app.services.CustomUserDetailsService [http-nio-8080-exec-9] Granted Authorities --> ROLE_ADMN
2020-05-22 12:58:11,361 INFO com.surshree.app.services.CustomUserDetailsService [http-nio-8080-exec-9] Granted Authorities --> FUNC_CONT_MENU
2020-05-22 12:58:11,363 INFO com.surshree.app.services.CustomUserDetailsService [http-nio-8080-exec-9] Granted Authorities --> FUNC_VIEW_ADMIN_MENU
2020-05-22 12:58:11,364 INFO com.surshree.app.services.CustomUserDetailsService [http-nio-8080-exec-9] Granted Authorities --> FUNC_CONT_MENU
2020-05-22 12:58:12,038 INFO com.surshree.app.services.CustomUserDetailsService [http-nio-8080-exec-2] Granted Authorities --> ROLE_CONT
2020-05-22 12:58:12,041 INFO com.surshree.app.services.CustomUserDetailsService [http-nio-8080-exec-2] Granted Authorities --> ROLE_ADMN
2020-05-22 12:58:12,041 INFO com.surshree.app.services.CustomUserDetailsService [http-nio-8080-exec-2] Granted Authorities --> FUNC_CONT_MENU
2020-05-22 12:58:12,041 INFO com.surshree.app.services.CustomUserDetailsService [http-nio-8080-exec-2] Granted Authorities --> FUNC_VIEW_ADMIN_MENU
2020-05-22 12:58:12,042 INFO com.surshree.app.services.CustomUserDetailsService [http-nio-8080-exec-2] Granted Authorities --> FUNC_CONT_MENU
2020-05-22 13:03:07,831 INFO org.springframework.boot.SpringApplication [main] No active profile set, falling back to default profiles: default
2020-05-22 13:03:10,387 INFO org.springframework.data.repository.config.RepositoryConfigurationDelegate [main] Bootstrapping Spring Data JPA repositories in DEFAULT mode.
2020-05-22 13:03:10,613 INFO org.springframework.data.repository.config.RepositoryConfigurationDelegate [main] Finished Spring Data repository scanning in 203ms. Found 9 JPA repository interfaces.
2020-05-22 13:03:12,043 INFO org.springframework.cloud.context.scope.GenericScope [main] BeanFactory id=496206d4-f1c2-3f13-b4d7-1c6b3e101b4b
2020-05-22 13:03:13,324 INFO org.springframework.boot.web.embedded.tomcat.TomcatWebServer [main] Tomcat initialized with port(s): 8080 (http)
2020-05-22 13:03:13,353 INFO org.apache.juli.logging.DirectJDKLog [main] Initializing ProtocolHandler ["http-nio-8080"]
2020-05-22 13:03:13,354 INFO org.apache.juli.logging.DirectJDKLog [main] Starting service [Tomcat]
2020-05-22 13:03:13,354 INFO org.apache.juli.logging.DirectJDKLog [main] Starting Servlet engine: [Apache Tomcat/9.0.33]
2020-05-22 13:03:13,862 INFO org.apache.juli.logging.DirectJDKLog [main] Initializing Spring embedded WebApplicationContext
2020-05-22 13:03:13,867 INFO org.springframework.boot.web.servlet.context.ServletWebServerApplicationContext [main] Root WebApplicationContext: initialization completed in 5957 ms
2020-05-22 13:03:15,364 INFO com.surshree.app.config.CacheConfig [main] Initializing cache.
2020-05-22 13:03:15,550 INFO org.hibernate.jpa.internal.util.LogHelper [main] HHH000204: Processing PersistenceUnitInfo [name: default]
2020-05-22 13:03:15,769 INFO org.hibernate.Version [main] HHH000412: Hibernate ORM core version 5.4.12.Final
2020-05-22 13:03:16,295 INFO org.hibernate.annotations.common.reflection.java.JavaReflectionManager [main] HCANN000001: Hibernate Commons Annotations {5.1.0.Final}
2020-05-22 13:03:16,543 INFO com.zaxxer.hikari.HikariDataSource [main] HikariPool-1 - Starting...
2020-05-22 13:03:16,891 INFO com.zaxxer.hikari.HikariDataSource [main] HikariPool-1 - Start completed.
2020-05-22 13:03:16,941 INFO org.hibernate.dialect.Dialect [main] HHH000400: Using dialect: org.hibernate.dialect.PostgreSQL10Dialect
2020-05-22 13:03:20,468 INFO org.hibernate.engine.transaction.jta.platform.internal.JtaPlatformInitiator [main] HHH000490: Using JtaPlatform implementation: [org.hibernate.engine.transaction.jta.platform.internal.NoJtaPlatform]
2020-05-22 13:03:20,870 INFO org.springframework.orm.jpa.AbstractEntityManagerFactoryBean [main] Initialized JPA EntityManagerFactory for persistence unit 'default'
2020-05-22 13:03:20,975 WARN org.springframework.boot.autoconfigure.orm.jpa.JpaBaseConfiguration$JpaWebConfiguration [main] spring.jpa.open-in-view is enabled by default. Therefore, database queries may be performed during view rendering. Explicitly configure spring.jpa.open-in-view to disable this warning
2020-05-22 13:03:22,771 WARN org.springframework.context.support.AbstractApplicationContext [main] Exception encountered during context initialization - cancelling refresh attempt: org.springframework.beans.factory.UnsatisfiedDependencyException: Error creating bean with name 'masterDataController': Unsatisfied dependency expressed through field 'dataService'; nested exception is org.springframework.beans.factory.UnsatisfiedDependencyException: Error creating bean with name 'masterDataService': Unsatisfied dependency expressed through field 'categoryRepo'; nested exception is org.springframework.beans.factory.BeanCreationException: Error creating bean with name 'mstCompetitionCategoryRepo': Invocation of init method failed; nested exception is java.lang.IllegalArgumentException: Not a managed type: class java.lang.Object
2020-05-22 13:03:22,784 INFO org.springframework.orm.jpa.AbstractEntityManagerFactoryBean [main] Closing JPA EntityManagerFactory for persistence unit 'default'
2020-05-22 13:03:22,793 INFO com.zaxxer.hikari.HikariDataSource [main] HikariPool-1 - Shutdown initiated...
2020-05-22 13:03:22,815 INFO com.zaxxer.hikari.HikariDataSource [main] HikariPool-1 - Shutdown completed.
2020-05-22 13:03:22,820 INFO org.apache.juli.logging.DirectJDKLog [main] Stopping service [Tomcat]
2020-05-22 13:03:22,871 INFO org.springframework.boot.autoconfigure.logging.ConditionEvaluationReportLoggingListener [main] 

Error starting ApplicationContext. To display the conditions report re-run your application with 'debug' enabled.
2020-05-22 13:03:22,885 ERROR org.springframework.boot.SpringApplication [main] Application run failed
org.springframework.beans.factory.UnsatisfiedDependencyException: Error creating bean with name 'masterDataController': Unsatisfied dependency expressed through field 'dataService'; nested exception is org.springframework.beans.factory.UnsatisfiedDependencyException: Error creating bean with name 'masterDataService': Unsatisfied dependency expressed through field 'categoryRepo'; nested exception is org.springframework.beans.factory.BeanCreationException: Error creating bean with name 'mstCompetitionCategoryRepo': Invocation of init method failed; nested exception is java.lang.IllegalArgumentException: Not a managed type: class java.lang.Object
	at org.springframework.beans.factory.annotation.AutowiredAnnotationBeanPostProcessor$AutowiredFieldElement.inject(AutowiredAnnotationBeanPostProcessor.java:643)
	at org.springframework.beans.factory.annotation.InjectionMetadata.inject(InjectionMetadata.java:130)
	at org.springframework.beans.factory.annotation.AutowiredAnnotationBeanPostProcessor.postProcessProperties(AutowiredAnnotationBeanPostProcessor.java:399)
	at org.springframework.beans.factory.support.AbstractAutowireCapableBeanFactory.populateBean(AbstractAutowireCapableBeanFactory.java:1422)
	at org.springframework.beans.factory.support.AbstractAutowireCapableBeanFactory.doCreateBean(AbstractAutowireCapableBeanFactory.java:594)
	at org.springframework.beans.factory.support.AbstractAutowireCapableBeanFactory.createBean(AbstractAutowireCapableBeanFactory.java:517)
	at org.springframework.beans.factory.support.AbstractBeanFactory.lambda$doGetBean$0(AbstractBeanFactory.java:323)
	at org.springframework.beans.factory.support.DefaultSingletonBeanRegistry.getSingleton(DefaultSingletonBeanRegistry.java:222)
	at org.springframework.beans.factory.support.AbstractBeanFactory.doGetBean(AbstractBeanFactory.java:321)
	at org.springframework.beans.factory.support.AbstractBeanFactory.getBean(AbstractBeanFactory.java:202)
	at org.springframework.beans.factory.support.DefaultListableBeanFactory.preInstantiateSingletons(DefaultListableBeanFactory.java:882)
	at org.springframework.context.support.AbstractApplicationContext.finishBeanFactoryInitialization(AbstractApplicationContext.java:878)
	at org.springframework.context.support.AbstractApplicationContext.refresh(AbstractApplicationContext.java:550)
	at org.springframework.boot.web.servlet.context.ServletWebServerApplicationContext.refresh(ServletWebServerApplicationContext.java:141)
	at org.springframework.boot.SpringApplication.refresh(SpringApplication.java:747)
	at org.springframework.boot.SpringApplication.refreshContext(SpringApplication.java:397)
	at org.springframework.boot.SpringApplication.run(SpringApplication.java:315)
	at org.springframework.boot.SpringApplication.run(SpringApplication.java:1226)
	at org.springframework.boot.SpringApplication.run(SpringApplication.java:1215)
	at com.surshree.app.SurShreeApplication.main(SurShreeApplication.java:19)
Caused by: org.springframework.beans.factory.UnsatisfiedDependencyException: Error creating bean with name 'masterDataService': Unsatisfied dependency expressed through field 'categoryRepo'; nested exception is org.springframework.beans.factory.BeanCreationException: Error creating bean with name 'mstCompetitionCategoryRepo': Invocation of init method failed; nested exception is java.lang.IllegalArgumentException: Not a managed type: class java.lang.Object
	at org.springframework.beans.factory.annotation.AutowiredAnnotationBeanPostProcessor$AutowiredFieldElement.inject(AutowiredAnnotationBeanPostProcessor.java:643)
	at org.springframework.beans.factory.annotation.InjectionMetadata.inject(InjectionMetadata.java:130)
	at org.springframework.beans.factory.annotation.AutowiredAnnotationBeanPostProcessor.postProcessProperties(AutowiredAnnotationBeanPostProcessor.java:399)
	at org.springframework.beans.factory.support.AbstractAutowireCapableBeanFactory.populateBean(AbstractAutowireCapableBeanFactory.java:1422)
	at org.springframework.beans.factory.support.AbstractAutowireCapableBeanFactory.doCreateBean(AbstractAutowireCapableBeanFactory.java:594)
	at org.springframework.beans.factory.support.AbstractAutowireCapableBeanFactory.createBean(AbstractAutowireCapableBeanFactory.java:517)
	at org.springframework.beans.factory.support.AbstractBeanFactory.lambda$doGetBean$0(AbstractBeanFactory.java:323)
	at org.springframework.beans.factory.support.DefaultSingletonBeanRegistry.getSingleton(DefaultSingletonBeanRegistry.java:222)
	at org.springframework.beans.factory.support.AbstractBeanFactory.doGetBean(AbstractBeanFactory.java:321)
	at org.springframework.beans.factory.support.AbstractBeanFactory.getBean(AbstractBeanFactory.java:202)
	at org.springframework.beans.factory.config.DependencyDescriptor.resolveCandidate(DependencyDescriptor.java:276)
	at org.springframework.beans.factory.support.DefaultListableBeanFactory.doResolveDependency(DefaultListableBeanFactory.java:1290)
	at org.springframework.beans.factory.support.DefaultListableBeanFactory.resolveDependency(DefaultListableBeanFactory.java:1210)
	at org.springframework.beans.factory.annotation.AutowiredAnnotationBeanPostProcessor$AutowiredFieldElement.inject(AutowiredAnnotationBeanPostProcessor.java:640)
	... 19 common frames omitted
Caused by: org.springframework.beans.factory.BeanCreationException: Error creating bean with name 'mstCompetitionCategoryRepo': Invocation of init method failed; nested exception is java.lang.IllegalArgumentException: Not a managed type: class java.lang.Object
	at org.springframework.beans.factory.support.AbstractAutowireCapableBeanFactory.initializeBean(AbstractAutowireCapableBeanFactory.java:1796)
	at org.springframework.beans.factory.support.AbstractAutowireCapableBeanFactory.doCreateBean(AbstractAutowireCapableBeanFactory.java:595)
	at org.springframework.beans.factory.support.AbstractAutowireCapableBeanFactory.createBean(AbstractAutowireCapableBeanFactory.java:517)
	at org.springframework.beans.factory.support.AbstractBeanFactory.lambda$doGetBean$0(AbstractBeanFactory.java:323)
	at org.springframework.beans.factory.support.DefaultSingletonBeanRegistry.getSingleton(DefaultSingletonBeanRegistry.java:222)
	at org.springframework.beans.factory.support.AbstractBeanFactory.doGetBean(AbstractBeanFactory.java:321)
	at org.springframework.beans.factory.support.AbstractBeanFactory.getBean(AbstractBeanFactory.java:202)
	at org.springframework.beans.factory.config.DependencyDescriptor.resolveCandidate(DependencyDescriptor.java:276)
	at org.springframework.beans.factory.support.DefaultListableBeanFactory.doResolveDependency(DefaultListableBeanFactory.java:1290)
	at org.springframework.beans.factory.support.DefaultListableBeanFactory.resolveDependency(DefaultListableBeanFactory.java:1210)
	at org.springframework.beans.factory.annotation.AutowiredAnnotationBeanPostProcessor$AutowiredFieldElement.inject(AutowiredAnnotationBeanPostProcessor.java:640)
	... 32 common frames omitted
Caused by: java.lang.IllegalArgumentException: Not a managed type: class java.lang.Object
	at org.hibernate.metamodel.internal.MetamodelImpl.managedType(MetamodelImpl.java:582)
	at org.hibernate.metamodel.internal.MetamodelImpl.managedType(MetamodelImpl.java:85)
	at org.springframework.data.jpa.repository.support.JpaMetamodelEntityInformation.<init>(JpaMetamodelEntityInformation.java:74)
	at org.springframework.data.jpa.repository.support.JpaEntityInformationSupport.getEntityInformation(JpaEntityInformationSupport.java:66)
	at org.springframework.data.jpa.repository.support.JpaRepositoryFactory.getEntityInformation(JpaRepositoryFactory.java:211)
	at org.springframework.data.jpa.repository.support.JpaRepositoryFactory.getTargetRepository(JpaRepositoryFactory.java:161)
	at org.springframework.data.jpa.repository.support.JpaRepositoryFactory.getTargetRepository(JpaRepositoryFactory.java:144)
	at org.springframework.data.jpa.repository.support.JpaRepositoryFactory.getTargetRepository(JpaRepositoryFactory.java:69)
	at org.springframework.data.repository.core.support.RepositoryFactorySupport.getRepository(RepositoryFactorySupport.java:312)
	at org.springframework.data.repository.core.support.RepositoryFactoryBeanSupport.lambda$afterPropertiesSet$5(RepositoryFactoryBeanSupport.java:297)
	at org.springframework.data.util.Lazy.getNullable(Lazy.java:212)
	at org.springframework.data.util.Lazy.get(Lazy.java:94)
	at org.springframework.data.repository.core.support.RepositoryFactoryBeanSupport.afterPropertiesSet(RepositoryFactoryBeanSupport.java:300)
	at org.springframework.data.jpa.repository.support.JpaRepositoryFactoryBean.afterPropertiesSet(JpaRepositoryFactoryBean.java:121)
	at org.springframework.beans.factory.support.AbstractAutowireCapableBeanFactory.invokeInitMethods(AbstractAutowireCapableBeanFactory.java:1855)
	at org.springframework.beans.factory.support.AbstractAutowireCapableBeanFactory.initializeBean(AbstractAutowireCapableBeanFactory.java:1792)
	... 42 common frames omitted
2020-05-22 13:06:55,127 INFO org.springframework.boot.SpringApplication [main] No active profile set, falling back to default profiles: default
2020-05-22 13:06:57,058 INFO org.springframework.data.repository.config.RepositoryConfigurationDelegate [main] Bootstrapping Spring Data JPA repositories in DEFAULT mode.
2020-05-22 13:06:57,269 INFO org.springframework.data.repository.config.RepositoryConfigurationDelegate [main] Finished Spring Data repository scanning in 195ms. Found 9 JPA repository interfaces.
2020-05-22 13:06:58,546 INFO org.springframework.cloud.context.scope.GenericScope [main] BeanFactory id=496206d4-f1c2-3f13-b4d7-1c6b3e101b4b
2020-05-22 13:07:00,056 INFO org.springframework.boot.web.embedded.tomcat.TomcatWebServer [main] Tomcat initialized with port(s): 8080 (http)
2020-05-22 13:07:00,093 INFO org.apache.juli.logging.DirectJDKLog [main] Initializing ProtocolHandler ["http-nio-8080"]
2020-05-22 13:07:00,096 INFO org.apache.juli.logging.DirectJDKLog [main] Starting service [Tomcat]
2020-05-22 13:07:00,100 INFO org.apache.juli.logging.DirectJDKLog [main] Starting Servlet engine: [Apache Tomcat/9.0.33]
2020-05-22 13:07:00,492 INFO org.apache.juli.logging.DirectJDKLog [main] Initializing Spring embedded WebApplicationContext
2020-05-22 13:07:00,493 INFO org.springframework.boot.web.servlet.context.ServletWebServerApplicationContext [main] Root WebApplicationContext: initialization completed in 5278 ms
2020-05-22 13:07:01,307 INFO com.surshree.app.config.CacheConfig [main] Initializing cache.
2020-05-22 13:07:01,491 INFO org.hibernate.jpa.internal.util.LogHelper [main] HHH000204: Processing PersistenceUnitInfo [name: default]
2020-05-22 13:07:01,674 INFO org.hibernate.Version [main] HHH000412: Hibernate ORM core version 5.4.12.Final
2020-05-22 13:07:02,075 INFO org.hibernate.annotations.common.reflection.java.JavaReflectionManager [main] HCANN000001: Hibernate Commons Annotations {5.1.0.Final}
2020-05-22 13:07:02,425 INFO com.zaxxer.hikari.HikariDataSource [main] HikariPool-1 - Starting...
2020-05-22 13:07:02,657 INFO com.zaxxer.hikari.HikariDataSource [main] HikariPool-1 - Start completed.
2020-05-22 13:07:02,707 INFO org.hibernate.dialect.Dialect [main] HHH000400: Using dialect: org.hibernate.dialect.PostgreSQL10Dialect
2020-05-22 13:07:05,671 INFO org.hibernate.engine.transaction.jta.platform.internal.JtaPlatformInitiator [main] HHH000490: Using JtaPlatform implementation: [org.hibernate.engine.transaction.jta.platform.internal.NoJtaPlatform]
2020-05-22 13:07:06,107 INFO org.springframework.orm.jpa.AbstractEntityManagerFactoryBean [main] Initialized JPA EntityManagerFactory for persistence unit 'default'
2020-05-22 13:07:06,233 WARN org.springframework.boot.autoconfigure.orm.jpa.JpaBaseConfiguration$JpaWebConfiguration [main] spring.jpa.open-in-view is enabled by default. Therefore, database queries may be performed during view rendering. Explicitly configure spring.jpa.open-in-view to disable this warning
2020-05-22 13:07:09,218 INFO org.springframework.security.web.DefaultSecurityFilterChain [main] Creating filter chain: OrRequestMatcher [requestMatchers=[Ant [pattern='/oauth/token'], Ant [pattern='/oauth/token_key'], Ant [pattern='/oauth/check_token']]], [org.springframework.security.web.context.request.async.WebAsyncManagerIntegrationFilter@16817bad, org.springframework.security.web.context.SecurityContextPersistenceFilter@9063080, org.springframework.security.web.header.HeaderWriterFilter@72557e0d, org.springframework.security.web.authentication.logout.LogoutFilter@4c43c37d, org.springframework.web.filter.CorsFilter@301c0aae, org.springframework.security.web.authentication.www.BasicAuthenticationFilter@6c7f3af6, org.springframework.security.web.savedrequest.RequestCacheAwareFilter@42626e86, org.springframework.security.web.servletapi.SecurityContextHolderAwareRequestFilter@1fcb01f8, org.springframework.security.web.authentication.AnonymousAuthenticationFilter@105e8710, org.springframework.security.web.session.SessionManagementFilter@249fa2cb, org.springframework.security.web.access.ExceptionTranslationFilter@2252dc5d, org.springframework.security.web.access.intercept.FilterSecurityInterceptor@1a5ea4cf]
2020-05-22 13:07:09,235 INFO org.springframework.security.web.DefaultSecurityFilterChain [main] Creating filter chain: com.surshree.app.config.ResourceServerConfig$$Lambda$1044/0x0000000800a28c40@58052571, [org.springframework.security.web.context.request.async.WebAsyncManagerIntegrationFilter@1464a177, org.springframework.security.web.context.SecurityContextPersistenceFilter@4ff3ca23, org.springframework.security.web.header.HeaderWriterFilter@32cfd722, org.springframework.security.web.authentication.logout.LogoutFilter@1b5a3bba, org.springframework.security.oauth2.provider.authentication.OAuth2AuthenticationProcessingFilter@69a14512, org.springframework.security.web.savedrequest.RequestCacheAwareFilter@65f8933b, org.springframework.security.web.servletapi.SecurityContextHolderAwareRequestFilter@29422e61, org.springframework.security.web.authentication.AnonymousAuthenticationFilter@14144cc9, org.springframework.security.web.session.SessionManagementFilter@69815126, org.springframework.security.web.access.ExceptionTranslationFilter@446dc997, org.springframework.security.web.access.intercept.FilterSecurityInterceptor@2ca3a203]
2020-05-22 13:07:09,776 INFO org.springframework.boot.actuate.endpoint.web.EndpointLinksResolver [main] Exposing 2 endpoint(s) beneath base path '/actuator'
2020-05-22 13:07:09,820 INFO org.springframework.security.web.DefaultSecurityFilterChain [main] Creating filter chain: any request, [org.springframework.security.web.context.request.async.WebAsyncManagerIntegrationFilter@38cbbd0b, org.springframework.security.web.context.SecurityContextPersistenceFilter@6ee34fe4, org.springframework.security.web.header.HeaderWriterFilter@4b38d912, org.springframework.web.filter.CorsFilter@56a34c0e, org.springframework.security.web.authentication.logout.LogoutFilter@33e19be9, org.springframework.security.web.authentication.www.BasicAuthenticationFilter@7dcc6679, org.springframework.security.web.savedrequest.RequestCacheAwareFilter@5aa0e9c6, org.springframework.security.web.servletapi.SecurityContextHolderAwareRequestFilter@57dd4bc9, org.springframework.security.web.authentication.AnonymousAuthenticationFilter@16750a5e, org.springframework.security.web.session.SessionManagementFilter@626e5554, org.springframework.security.web.access.ExceptionTranslationFilter@6965c32, org.springframework.security.web.access.intercept.FilterSecurityInterceptor@3e11996e]
2020-05-22 13:07:10,003 INFO org.springframework.scheduling.concurrent.ExecutorConfigurationSupport [main] Initializing ExecutorService 'applicationTaskExecutor'
2020-05-22 13:07:10,501 INFO org.springframework.scheduling.concurrent.ExecutorConfigurationSupport [main] Initializing ExecutorService 'taskScheduler'
2020-05-22 13:07:10,624 INFO com.surshree.app.scheduling.CacheScheduler [scheduling-1] Clear user cache : START
2020-05-22 13:07:10,626 INFO com.surshree.app.scheduling.CacheScheduler [scheduling-1] Clear user cache : END
2020-05-22 13:07:10,627 INFO org.apache.juli.logging.DirectJDKLog [main] Starting ProtocolHandler ["http-nio-8080"]
2020-05-22 13:07:10,720 INFO org.springframework.boot.web.embedded.tomcat.TomcatWebServer [main] Tomcat started on port(s): 8080 (http) with context path ''
2020-05-22 13:07:10,732 INFO org.springframework.boot.StartupInfoLogger [main] Started SurShreeApplication in 19.377 seconds (JVM running for 20.995)
2020-05-22 13:07:20,153 INFO org.apache.juli.logging.DirectJDKLog [http-nio-8080-exec-3] Initializing Spring DispatcherServlet 'dispatcherServlet'
2020-05-22 13:07:20,155 INFO org.springframework.web.servlet.FrameworkServlet [http-nio-8080-exec-3] Initializing Servlet 'dispatcherServlet'
2020-05-22 13:07:20,183 INFO org.springframework.web.servlet.FrameworkServlet [http-nio-8080-exec-3] Completed initialization in 27 ms
2020-05-22 13:07:20,958 WARN org.hibernate.engine.jdbc.spi.SqlExceptionHelper [http-nio-8080-exec-1] SQL Error: 0, SQLState: 42703
2020-05-22 13:07:20,961 ERROR org.hibernate.engine.jdbc.spi.SqlExceptionHelper [http-nio-8080-exec-1] ERROR: column mstcompeti0_.desc does not exist
  Position: 201
2020-05-22 13:07:21,027 ERROR com.surshree.app.exception.CustomResponseEntityExceptionHandler [http-nio-8080-exec-1] could not extract ResultSet; SQL [n/a]; nested exception is org.hibernate.exception.SQLGrammarException: could not extract ResultSet
org.springframework.dao.InvalidDataAccessResourceUsageException: could not extract ResultSet; SQL [n/a]; nested exception is org.hibernate.exception.SQLGrammarException: could not extract ResultSet
	at org.springframework.orm.jpa.vendor.HibernateJpaDialect.convertHibernateAccessException(HibernateJpaDialect.java:281)
	at org.springframework.orm.jpa.vendor.HibernateJpaDialect.translateExceptionIfPossible(HibernateJpaDialect.java:255)
	at org.springframework.orm.jpa.AbstractEntityManagerFactoryBean.translateExceptionIfPossible(AbstractEntityManagerFactoryBean.java:528)
	at org.springframework.dao.support.ChainedPersistenceExceptionTranslator.translateExceptionIfPossible(ChainedPersistenceExceptionTranslator.java:61)
	at org.springframework.dao.support.DataAccessUtils.translateIfNecessary(DataAccessUtils.java:242)
	at org.springframework.dao.support.PersistenceExceptionTranslationInterceptor.invoke(PersistenceExceptionTranslationInterceptor.java:153)
	at org.springframework.aop.framework.ReflectiveMethodInvocation.proceed(ReflectiveMethodInvocation.java:186)
	at org.springframework.data.jpa.repository.support.CrudMethodMetadataPostProcessor$CrudMethodMetadataPopulatingMethodInterceptor.invoke(CrudMethodMetadataPostProcessor.java:178)
	at org.springframework.aop.framework.ReflectiveMethodInvocation.proceed(ReflectiveMethodInvocation.java:186)
	at org.springframework.aop.interceptor.ExposeInvocationInterceptor.invoke(ExposeInvocationInterceptor.java:95)
	at org.springframework.aop.framework.ReflectiveMethodInvocation.proceed(ReflectiveMethodInvocation.java:186)
	at org.springframework.aop.framework.JdkDynamicAopProxy.invoke(JdkDynamicAopProxy.java:212)
	at com.sun.proxy.$Proxy171.findAll(Unknown Source)
	at com.surshree.app.services.MasterDataService.getAllCompCategory(MasterDataService.java:26)
	at com.surshree.app.controllers.MasterDataController.getCompCategories(MasterDataController.java:26)
	at java.base/jdk.internal.reflect.NativeMethodAccessorImpl.invoke0(Native Method)
	at java.base/jdk.internal.reflect.NativeMethodAccessorImpl.invoke(NativeMethodAccessorImpl.java:62)
	at java.base/jdk.internal.reflect.DelegatingMethodAccessorImpl.invoke(DelegatingMethodAccessorImpl.java:43)
	at java.base/java.lang.reflect.Method.invoke(Method.java:566)
	at org.springframework.web.method.support.InvocableHandlerMethod.doInvoke(InvocableHandlerMethod.java:190)
	at org.springframework.web.method.support.InvocableHandlerMethod.invokeForRequest(InvocableHandlerMethod.java:138)
	at org.springframework.web.servlet.mvc.method.annotation.ServletInvocableHandlerMethod.invokeAndHandle(ServletInvocableHandlerMethod.java:105)
	at org.springframework.web.servlet.mvc.method.annotation.RequestMappingHandlerAdapter.invokeHandlerMethod(RequestMappingHandlerAdapter.java:879)
	at org.springframework.web.servlet.mvc.method.annotation.RequestMappingHandlerAdapter.handleInternal(RequestMappingHandlerAdapter.java:793)
	at org.springframework.web.servlet.mvc.method.AbstractHandlerMethodAdapter.handle(AbstractHandlerMethodAdapter.java:87)
	at org.springframework.web.servlet.DispatcherServlet.doDispatch(DispatcherServlet.java:1040)
	at org.springframework.web.servlet.DispatcherServlet.doService(DispatcherServlet.java:943)
	at org.springframework.web.servlet.FrameworkServlet.processRequest(FrameworkServlet.java:1006)
	at org.springframework.web.servlet.FrameworkServlet.doGet(FrameworkServlet.java:898)
	at javax.servlet.http.HttpServlet.service(HttpServlet.java:634)
	at org.springframework.web.servlet.FrameworkServlet.service(FrameworkServlet.java:883)
	at javax.servlet.http.HttpServlet.service(HttpServlet.java:741)
	at org.apache.catalina.core.ApplicationFilterChain.internalDoFilter(ApplicationFilterChain.java:231)
	at org.apache.catalina.core.ApplicationFilterChain.doFilter(ApplicationFilterChain.java:166)
	at org.apache.tomcat.websocket.server.WsFilter.doFilter(WsFilter.java:53)
	at org.apache.catalina.core.ApplicationFilterChain.internalDoFilter(ApplicationFilterChain.java:193)
	at org.apache.catalina.core.ApplicationFilterChain.doFilter(ApplicationFilterChain.java:166)
	at org.springframework.security.web.FilterChainProxy$VirtualFilterChain.doFilter(FilterChainProxy.java:320)
	at org.springframework.security.web.access.intercept.FilterSecurityInterceptor.invoke(FilterSecurityInterceptor.java:126)
	at org.springframework.security.web.access.intercept.FilterSecurityInterceptor.doFilter(FilterSecurityInterceptor.java:90)
	at org.springframework.security.web.FilterChainProxy$VirtualFilterChain.doFilter(FilterChainProxy.java:334)
	at org.springframework.security.web.access.ExceptionTranslationFilter.doFilter(ExceptionTranslationFilter.java:118)
	at org.springframework.security.web.FilterChainProxy$VirtualFilterChain.doFilter(FilterChainProxy.java:334)
	at org.springframework.security.web.session.SessionManagementFilter.doFilter(SessionManagementFilter.java:137)
	at org.springframework.security.web.FilterChainProxy$VirtualFilterChain.doFilter(FilterChainProxy.java:334)
	at org.springframework.security.web.authentication.AnonymousAuthenticationFilter.doFilter(AnonymousAuthenticationFilter.java:111)
	at org.springframework.security.web.FilterChainProxy$VirtualFilterChain.doFilter(FilterChainProxy.java:334)
	at org.springframework.security.web.servletapi.SecurityContextHolderAwareRequestFilter.doFilter(SecurityContextHolderAwareRequestFilter.java:158)
	at org.springframework.security.web.FilterChainProxy$VirtualFilterChain.doFilter(FilterChainProxy.java:334)
	at org.springframework.security.web.savedrequest.RequestCacheAwareFilter.doFilter(RequestCacheAwareFilter.java:63)
	at org.springframework.security.web.FilterChainProxy$VirtualFilterChain.doFilter(FilterChainProxy.java:334)
	at org.springframework.security.web.authentication.www.BasicAuthenticationFilter.doFilterInternal(BasicAuthenticationFilter.java:155)
	at org.springframework.web.filter.OncePerRequestFilter.doFilter(OncePerRequestFilter.java:119)
	at org.springframework.security.web.FilterChainProxy$VirtualFilterChain.doFilter(FilterChainProxy.java:334)
	at org.springframework.security.web.authentication.logout.LogoutFilter.doFilter(LogoutFilter.java:116)
	at org.springframework.security.web.FilterChainProxy$VirtualFilterChain.doFilter(FilterChainProxy.java:334)
	at org.springframework.web.filter.CorsFilter.doFilterInternal(CorsFilter.java:92)
	at org.springframework.web.filter.OncePerRequestFilter.doFilter(OncePerRequestFilter.java:119)
	at org.springframework.security.web.FilterChainProxy$VirtualFilterChain.doFilter(FilterChainProxy.java:334)
	at org.springframework.security.web.header.HeaderWriterFilter.doHeadersAfter(HeaderWriterFilter.java:92)
	at org.springframework.security.web.header.HeaderWriterFilter.doFilterInternal(HeaderWriterFilter.java:77)
	at org.springframework.web.filter.OncePerRequestFilter.doFilter(OncePerRequestFilter.java:119)
	at org.springframework.security.web.FilterChainProxy$VirtualFilterChain.doFilter(FilterChainProxy.java:334)
	at org.springframework.security.web.context.SecurityContextPersistenceFilter.doFilter(SecurityContextPersistenceFilter.java:105)
	at org.springframework.security.web.FilterChainProxy$VirtualFilterChain.doFilter(FilterChainProxy.java:334)
	at org.springframework.security.web.context.request.async.WebAsyncManagerIntegrationFilter.doFilterInternal(WebAsyncManagerIntegrationFilter.java:56)
	at org.springframework.web.filter.OncePerRequestFilter.doFilter(OncePerRequestFilter.java:119)
	at org.springframework.security.web.FilterChainProxy$VirtualFilterChain.doFilter(FilterChainProxy.java:334)
	at org.springframework.security.web.FilterChainProxy.doFilterInternal(FilterChainProxy.java:215)
	at org.springframework.security.web.FilterChainProxy.doFilter(FilterChainProxy.java:178)
	at org.springframework.web.filter.DelegatingFilterProxy.invokeDelegate(DelegatingFilterProxy.java:358)
	at org.springframework.web.filter.DelegatingFilterProxy.doFilter(DelegatingFilterProxy.java:271)
	at org.apache.catalina.core.ApplicationFilterChain.internalDoFilter(ApplicationFilterChain.java:193)
	at org.apache.catalina.core.ApplicationFilterChain.doFilter(ApplicationFilterChain.java:166)
	at org.springframework.web.filter.RequestContextFilter.doFilterInternal(RequestContextFilter.java:100)
	at org.springframework.web.filter.OncePerRequestFilter.doFilter(OncePerRequestFilter.java:119)
	at org.apache.catalina.core.ApplicationFilterChain.internalDoFilter(ApplicationFilterChain.java:193)
	at org.apache.catalina.core.ApplicationFilterChain.doFilter(ApplicationFilterChain.java:166)
	at org.springframework.web.filter.FormContentFilter.doFilterInternal(FormContentFilter.java:93)
	at org.springframework.web.filter.OncePerRequestFilter.doFilter(OncePerRequestFilter.java:119)
	at org.apache.catalina.core.ApplicationFilterChain.internalDoFilter(ApplicationFilterChain.java:193)
	at org.apache.catalina.core.ApplicationFilterChain.doFilter(ApplicationFilterChain.java:166)
	at org.springframework.boot.actuate.metrics.web.servlet.WebMvcMetricsFilter.doFilterInternal(WebMvcMetricsFilter.java:109)
	at org.springframework.web.filter.OncePerRequestFilter.doFilter(OncePerRequestFilter.java:119)
	at org.apache.catalina.core.ApplicationFilterChain.internalDoFilter(ApplicationFilterChain.java:193)
	at org.apache.catalina.core.ApplicationFilterChain.doFilter(ApplicationFilterChain.java:166)
	at org.springframework.web.filter.CharacterEncodingFilter.doFilterInternal(CharacterEncodingFilter.java:201)
	at org.springframework.web.filter.OncePerRequestFilter.doFilter(OncePerRequestFilter.java:119)
	at org.apache.catalina.core.ApplicationFilterChain.internalDoFilter(ApplicationFilterChain.java:193)
	at org.apache.catalina.core.ApplicationFilterChain.doFilter(ApplicationFilterChain.java:166)
	at org.apache.catalina.core.StandardWrapperValve.invoke(StandardWrapperValve.java:202)
	at org.apache.catalina.core.StandardContextValve.invoke(StandardContextValve.java:96)
	at org.apache.catalina.authenticator.AuthenticatorBase.invoke(AuthenticatorBase.java:541)
	at org.apache.catalina.core.StandardHostValve.invoke(StandardHostValve.java:139)
	at org.apache.catalina.valves.ErrorReportValve.invoke(ErrorReportValve.java:92)
	at org.apache.catalina.core.StandardEngineValve.invoke(StandardEngineValve.java:74)
	at org.apache.catalina.connector.CoyoteAdapter.service(CoyoteAdapter.java:343)
	at org.apache.coyote.http11.Http11Processor.service(Http11Processor.java:373)
	at org.apache.coyote.AbstractProcessorLight.process(AbstractProcessorLight.java:65)
	at org.apache.coyote.AbstractProtocol$ConnectionHandler.process(AbstractProtocol.java:868)
	at org.apache.tomcat.util.net.NioEndpoint$SocketProcessor.doRun(NioEndpoint.java:1594)
	at org.apache.tomcat.util.net.SocketProcessorBase.run(SocketProcessorBase.java:49)
	at java.base/java.util.concurrent.ThreadPoolExecutor.runWorker(ThreadPoolExecutor.java:1128)
	at java.base/java.util.concurrent.ThreadPoolExecutor$Worker.run(ThreadPoolExecutor.java:628)
	at org.apache.tomcat.util.threads.TaskThread$WrappingRunnable.run(TaskThread.java:61)
	at java.base/java.lang.Thread.run(Thread.java:834)
Caused by: org.hibernate.exception.SQLGrammarException: could not extract ResultSet
	at org.hibernate.exception.internal.SQLStateConversionDelegate.convert(SQLStateConversionDelegate.java:103)
	at org.hibernate.exception.internal.StandardSQLExceptionConverter.convert(StandardSQLExceptionConverter.java:42)
	at org.hibernate.engine.jdbc.spi.SqlExceptionHelper.convert(SqlExceptionHelper.java:113)
	at org.hibernate.engine.jdbc.spi.SqlExceptionHelper.convert(SqlExceptionHelper.java:99)
	at org.hibernate.engine.jdbc.internal.ResultSetReturnImpl.extract(ResultSetReturnImpl.java:67)
	at org.hibernate.loader.Loader.getResultSet(Loader.java:2292)
	at org.hibernate.loader.Loader.executeQueryStatement(Loader.java:2050)
	at org.hibernate.loader.Loader.executeQueryStatement(Loader.java:2012)
	at org.hibernate.loader.Loader.doQuery(Loader.java:953)
	at org.hibernate.loader.Loader.doQueryAndInitializeNonLazyCollections(Loader.java:354)
	at org.hibernate.loader.Loader.doList(Loader.java:2838)
	at org.hibernate.loader.Loader.doList(Loader.java:2820)
	at org.hibernate.loader.Loader.listIgnoreQueryCache(Loader.java:2652)
	at org.hibernate.loader.Loader.list(Loader.java:2647)
	at org.hibernate.loader.hql.QueryLoader.list(QueryLoader.java:506)
	at org.hibernate.hql.internal.ast.QueryTranslatorImpl.list(QueryTranslatorImpl.java:396)
	at org.hibernate.engine.query.spi.HQLQueryPlan.performList(HQLQueryPlan.java:219)
	at org.hibernate.internal.SessionImpl.list(SessionImpl.java:1404)
	at org.hibernate.query.internal.AbstractProducedQuery.doList(AbstractProducedQuery.java:1562)
	at org.hibernate.query.internal.AbstractProducedQuery.list(AbstractProducedQuery.java:1530)
	at org.hibernate.query.Query.getResultList(Query.java:165)
	at org.hibernate.query.criteria.internal.compile.CriteriaQueryTypeQueryAdapter.getResultList(CriteriaQueryTypeQueryAdapter.java:76)
	at org.springframework.data.jpa.repository.support.SimpleJpaRepository.findAll(SimpleJpaRepository.java:355)
	at org.springframework.data.jpa.repository.support.SimpleJpaRepository.findAll(SimpleJpaRepository.java:78)
	at java.base/jdk.internal.reflect.NativeMethodAccessorImpl.invoke0(Native Method)
	at java.base/jdk.internal.reflect.NativeMethodAccessorImpl.invoke(NativeMethodAccessorImpl.java:62)
	at java.base/jdk.internal.reflect.DelegatingMethodAccessorImpl.invoke(DelegatingMethodAccessorImpl.java:43)
	at java.base/java.lang.reflect.Method.invoke(Method.java:566)
	at org.springframework.data.repository.core.support.RepositoryComposition$RepositoryFragments.invoke(RepositoryComposition.java:371)
	at org.springframework.data.repository.core.support.RepositoryComposition.invoke(RepositoryComposition.java:204)
	at org.springframework.data.repository.core.support.RepositoryFactorySupport$ImplementationMethodExecutionInterceptor.invoke(RepositoryFactorySupport.java:657)
	at org.springframework.aop.framework.ReflectiveMethodInvocation.proceed(ReflectiveMethodInvocation.java:186)
	at org.springframework.data.repository.core.support.RepositoryFactorySupport$QueryExecutorMethodInterceptor.doInvoke(RepositoryFactorySupport.java:621)
	at org.springframework.data.repository.core.support.RepositoryFactorySupport$QueryExecutorMethodInterceptor.invoke(RepositoryFactorySupport.java:605)
	at org.springframework.aop.framework.ReflectiveMethodInvocation.proceed(ReflectiveMethodInvocation.java:186)
	at org.springframework.data.projection.DefaultMethodInvokingMethodInterceptor.invoke(DefaultMethodInvokingMethodInterceptor.java:80)
	at org.springframework.aop.framework.ReflectiveMethodInvocation.proceed(ReflectiveMethodInvocation.java:186)
	at org.springframework.transaction.interceptor.TransactionAspectSupport.invokeWithinTransaction(TransactionAspectSupport.java:366)
	at org.springframework.transaction.interceptor.TransactionInterceptor.invoke(TransactionInterceptor.java:118)
	at org.springframework.aop.framework.ReflectiveMethodInvocation.proceed(ReflectiveMethodInvocation.java:186)
	at org.springframework.dao.support.PersistenceExceptionTranslationInterceptor.invoke(PersistenceExceptionTranslationInterceptor.java:139)
	... 100 common frames omitted
Caused by: org.postgresql.util.PSQLException: ERROR: column mstcompeti0_.desc does not exist
  Position: 201
	at org.postgresql.core.v3.QueryExecutorImpl.receiveErrorResponse(QueryExecutorImpl.java:2578)
	at org.postgresql.core.v3.QueryExecutorImpl.processResults(QueryExecutorImpl.java:2313)
	at org.postgresql.core.v3.QueryExecutorImpl.execute(QueryExecutorImpl.java:331)
	at org.postgresql.jdbc.PgStatement.executeInternal(PgStatement.java:448)
	at org.postgresql.jdbc.PgStatement.execute(PgStatement.java:369)
	at org.postgresql.jdbc.PgPreparedStatement.executeWithFlags(PgPreparedStatement.java:159)
	at org.postgresql.jdbc.PgPreparedStatement.executeQuery(PgPreparedStatement.java:109)
	at com.zaxxer.hikari.pool.ProxyPreparedStatement.executeQuery(ProxyPreparedStatement.java:52)
	at com.zaxxer.hikari.pool.HikariProxyPreparedStatement.executeQuery(HikariProxyPreparedStatement.java)
	at org.hibernate.engine.jdbc.internal.ResultSetReturnImpl.extract(ResultSetReturnImpl.java:57)
	... 136 common frames omitted
2020-05-22 13:07:21,250 WARN org.hibernate.engine.jdbc.spi.SqlExceptionHelper [http-nio-8080-exec-4] SQL Error: 0, SQLState: 42703
2020-05-22 13:07:21,251 ERROR org.hibernate.engine.jdbc.spi.SqlExceptionHelper [http-nio-8080-exec-4] ERROR: column mstcompeti0_.desc does not exist
  Position: 201
2020-05-22 13:07:21,255 ERROR com.surshree.app.exception.CustomResponseEntityExceptionHandler [http-nio-8080-exec-4] could not extract ResultSet; SQL [n/a]; nested exception is org.hibernate.exception.SQLGrammarException: could not extract ResultSet
org.springframework.dao.InvalidDataAccessResourceUsageException: could not extract ResultSet; SQL [n/a]; nested exception is org.hibernate.exception.SQLGrammarException: could not extract ResultSet
	at org.springframework.orm.jpa.vendor.HibernateJpaDialect.convertHibernateAccessException(HibernateJpaDialect.java:281)
	at org.springframework.orm.jpa.vendor.HibernateJpaDialect.translateExceptionIfPossible(HibernateJpaDialect.java:255)
	at org.springframework.orm.jpa.AbstractEntityManagerFactoryBean.translateExceptionIfPossible(AbstractEntityManagerFactoryBean.java:528)
	at org.springframework.dao.support.ChainedPersistenceExceptionTranslator.translateExceptionIfPossible(ChainedPersistenceExceptionTranslator.java:61)
	at org.springframework.dao.support.DataAccessUtils.translateIfNecessary(DataAccessUtils.java:242)
	at org.springframework.dao.support.PersistenceExceptionTranslationInterceptor.invoke(PersistenceExceptionTranslationInterceptor.java:153)
	at org.springframework.aop.framework.ReflectiveMethodInvocation.proceed(ReflectiveMethodInvocation.java:186)
	at org.springframework.data.jpa.repository.support.CrudMethodMetadataPostProcessor$CrudMethodMetadataPopulatingMethodInterceptor.invoke(CrudMethodMetadataPostProcessor.java:178)
	at org.springframework.aop.framework.ReflectiveMethodInvocation.proceed(ReflectiveMethodInvocation.java:186)
	at org.springframework.aop.interceptor.ExposeInvocationInterceptor.invoke(ExposeInvocationInterceptor.java:95)
	at org.springframework.aop.framework.ReflectiveMethodInvocation.proceed(ReflectiveMethodInvocation.java:186)
	at org.springframework.aop.framework.JdkDynamicAopProxy.invoke(JdkDynamicAopProxy.java:212)
	at com.sun.proxy.$Proxy171.findAll(Unknown Source)
	at com.surshree.app.services.MasterDataService.getAllCompCategory(MasterDataService.java:26)
	at com.surshree.app.controllers.MasterDataController.getCompCategories(MasterDataController.java:26)
	at java.base/jdk.internal.reflect.NativeMethodAccessorImpl.invoke0(Native Method)
	at java.base/jdk.internal.reflect.NativeMethodAccessorImpl.invoke(NativeMethodAccessorImpl.java:62)
	at java.base/jdk.internal.reflect.DelegatingMethodAccessorImpl.invoke(DelegatingMethodAccessorImpl.java:43)
	at java.base/java.lang.reflect.Method.invoke(Method.java:566)
	at org.springframework.web.method.support.InvocableHandlerMethod.doInvoke(InvocableHandlerMethod.java:190)
	at org.springframework.web.method.support.InvocableHandlerMethod.invokeForRequest(InvocableHandlerMethod.java:138)
	at org.springframework.web.servlet.mvc.method.annotation.ServletInvocableHandlerMethod.invokeAndHandle(ServletInvocableHandlerMethod.java:105)
	at org.springframework.web.servlet.mvc.method.annotation.RequestMappingHandlerAdapter.invokeHandlerMethod(RequestMappingHandlerAdapter.java:879)
	at org.springframework.web.servlet.mvc.method.annotation.RequestMappingHandlerAdapter.handleInternal(RequestMappingHandlerAdapter.java:793)
	at org.springframework.web.servlet.mvc.method.AbstractHandlerMethodAdapter.handle(AbstractHandlerMethodAdapter.java:87)
	at org.springframework.web.servlet.DispatcherServlet.doDispatch(DispatcherServlet.java:1040)
	at org.springframework.web.servlet.DispatcherServlet.doService(DispatcherServlet.java:943)
	at org.springframework.web.servlet.FrameworkServlet.processRequest(FrameworkServlet.java:1006)
	at org.springframework.web.servlet.FrameworkServlet.doGet(FrameworkServlet.java:898)
	at javax.servlet.http.HttpServlet.service(HttpServlet.java:634)
	at org.springframework.web.servlet.FrameworkServlet.service(FrameworkServlet.java:883)
	at javax.servlet.http.HttpServlet.service(HttpServlet.java:741)
	at org.apache.catalina.core.ApplicationFilterChain.internalDoFilter(ApplicationFilterChain.java:231)
	at org.apache.catalina.core.ApplicationFilterChain.doFilter(ApplicationFilterChain.java:166)
	at org.apache.tomcat.websocket.server.WsFilter.doFilter(WsFilter.java:53)
	at org.apache.catalina.core.ApplicationFilterChain.internalDoFilter(ApplicationFilterChain.java:193)
	at org.apache.catalina.core.ApplicationFilterChain.doFilter(ApplicationFilterChain.java:166)
	at org.springframework.security.web.FilterChainProxy$VirtualFilterChain.doFilter(FilterChainProxy.java:320)
	at org.springframework.security.web.access.intercept.FilterSecurityInterceptor.invoke(FilterSecurityInterceptor.java:126)
	at org.springframework.security.web.access.intercept.FilterSecurityInterceptor.doFilter(FilterSecurityInterceptor.java:90)
	at org.springframework.security.web.FilterChainProxy$VirtualFilterChain.doFilter(FilterChainProxy.java:334)
	at org.springframework.security.web.access.ExceptionTranslationFilter.doFilter(ExceptionTranslationFilter.java:118)
	at org.springframework.security.web.FilterChainProxy$VirtualFilterChain.doFilter(FilterChainProxy.java:334)
	at org.springframework.security.web.session.SessionManagementFilter.doFilter(SessionManagementFilter.java:137)
	at org.springframework.security.web.FilterChainProxy$VirtualFilterChain.doFilter(FilterChainProxy.java:334)
	at org.springframework.security.web.authentication.AnonymousAuthenticationFilter.doFilter(AnonymousAuthenticationFilter.java:111)
	at org.springframework.security.web.FilterChainProxy$VirtualFilterChain.doFilter(FilterChainProxy.java:334)
	at org.springframework.security.web.servletapi.SecurityContextHolderAwareRequestFilter.doFilter(SecurityContextHolderAwareRequestFilter.java:158)
	at org.springframework.security.web.FilterChainProxy$VirtualFilterChain.doFilter(FilterChainProxy.java:334)
	at org.springframework.security.web.savedrequest.RequestCacheAwareFilter.doFilter(RequestCacheAwareFilter.java:63)
	at org.springframework.security.web.FilterChainProxy$VirtualFilterChain.doFilter(FilterChainProxy.java:334)
	at org.springframework.security.web.authentication.www.BasicAuthenticationFilter.doFilterInternal(BasicAuthenticationFilter.java:155)
	at org.springframework.web.filter.OncePerRequestFilter.doFilter(OncePerRequestFilter.java:119)
	at org.springframework.security.web.FilterChainProxy$VirtualFilterChain.doFilter(FilterChainProxy.java:334)
	at org.springframework.security.web.authentication.logout.LogoutFilter.doFilter(LogoutFilter.java:116)
	at org.springframework.security.web.FilterChainProxy$VirtualFilterChain.doFilter(FilterChainProxy.java:334)
	at org.springframework.web.filter.CorsFilter.doFilterInternal(CorsFilter.java:92)
	at org.springframework.web.filter.OncePerRequestFilter.doFilter(OncePerRequestFilter.java:119)
	at org.springframework.security.web.FilterChainProxy$VirtualFilterChain.doFilter(FilterChainProxy.java:334)
	at org.springframework.security.web.header.HeaderWriterFilter.doHeadersAfter(HeaderWriterFilter.java:92)
	at org.springframework.security.web.header.HeaderWriterFilter.doFilterInternal(HeaderWriterFilter.java:77)
	at org.springframework.web.filter.OncePerRequestFilter.doFilter(OncePerRequestFilter.java:119)
	at org.springframework.security.web.FilterChainProxy$VirtualFilterChain.doFilter(FilterChainProxy.java:334)
	at org.springframework.security.web.context.SecurityContextPersistenceFilter.doFilter(SecurityContextPersistenceFilter.java:105)
	at org.springframework.security.web.FilterChainProxy$VirtualFilterChain.doFilter(FilterChainProxy.java:334)
	at org.springframework.security.web.context.request.async.WebAsyncManagerIntegrationFilter.doFilterInternal(WebAsyncManagerIntegrationFilter.java:56)
	at org.springframework.web.filter.OncePerRequestFilter.doFilter(OncePerRequestFilter.java:119)
	at org.springframework.security.web.FilterChainProxy$VirtualFilterChain.doFilter(FilterChainProxy.java:334)
	at org.springframework.security.web.FilterChainProxy.doFilterInternal(FilterChainProxy.java:215)
	at org.springframework.security.web.FilterChainProxy.doFilter(FilterChainProxy.java:178)
	at org.springframework.web.filter.DelegatingFilterProxy.invokeDelegate(DelegatingFilterProxy.java:358)
	at org.springframework.web.filter.DelegatingFilterProxy.doFilter(DelegatingFilterProxy.java:271)
	at org.apache.catalina.core.ApplicationFilterChain.internalDoFilter(ApplicationFilterChain.java:193)
	at org.apache.catalina.core.ApplicationFilterChain.doFilter(ApplicationFilterChain.java:166)
	at org.springframework.web.filter.RequestContextFilter.doFilterInternal(RequestContextFilter.java:100)
	at org.springframework.web.filter.OncePerRequestFilter.doFilter(OncePerRequestFilter.java:119)
	at org.apache.catalina.core.ApplicationFilterChain.internalDoFilter(ApplicationFilterChain.java:193)
	at org.apache.catalina.core.ApplicationFilterChain.doFilter(ApplicationFilterChain.java:166)
	at org.springframework.web.filter.FormContentFilter.doFilterInternal(FormContentFilter.java:93)
	at org.springframework.web.filter.OncePerRequestFilter.doFilter(OncePerRequestFilter.java:119)
	at org.apache.catalina.core.ApplicationFilterChain.internalDoFilter(ApplicationFilterChain.java:193)
	at org.apache.catalina.core.ApplicationFilterChain.doFilter(ApplicationFilterChain.java:166)
	at org.springframework.boot.actuate.metrics.web.servlet.WebMvcMetricsFilter.doFilterInternal(WebMvcMetricsFilter.java:109)
	at org.springframework.web.filter.OncePerRequestFilter.doFilter(OncePerRequestFilter.java:119)
	at org.apache.catalina.core.ApplicationFilterChain.internalDoFilter(ApplicationFilterChain.java:193)
	at org.apache.catalina.core.ApplicationFilterChain.doFilter(ApplicationFilterChain.java:166)
	at org.springframework.web.filter.CharacterEncodingFilter.doFilterInternal(CharacterEncodingFilter.java:201)
	at org.springframework.web.filter.OncePerRequestFilter.doFilter(OncePerRequestFilter.java:119)
	at org.apache.catalina.core.ApplicationFilterChain.internalDoFilter(ApplicationFilterChain.java:193)
	at org.apache.catalina.core.ApplicationFilterChain.doFilter(ApplicationFilterChain.java:166)
	at org.apache.catalina.core.StandardWrapperValve.invoke(StandardWrapperValve.java:202)
	at org.apache.catalina.core.StandardContextValve.invoke(StandardContextValve.java:96)
	at org.apache.catalina.authenticator.AuthenticatorBase.invoke(AuthenticatorBase.java:541)
	at org.apache.catalina.core.StandardHostValve.invoke(StandardHostValve.java:139)
	at org.apache.catalina.valves.ErrorReportValve.invoke(ErrorReportValve.java:92)
	at org.apache.catalina.core.StandardEngineValve.invoke(StandardEngineValve.java:74)
	at org.apache.catalina.connector.CoyoteAdapter.service(CoyoteAdapter.java:343)
	at org.apache.coyote.http11.Http11Processor.service(Http11Processor.java:373)
	at org.apache.coyote.AbstractProcessorLight.process(AbstractProcessorLight.java:65)
	at org.apache.coyote.AbstractProtocol$ConnectionHandler.process(AbstractProtocol.java:868)
	at org.apache.tomcat.util.net.NioEndpoint$SocketProcessor.doRun(NioEndpoint.java:1594)
	at org.apache.tomcat.util.net.SocketProcessorBase.run(SocketProcessorBase.java:49)
	at java.base/java.util.concurrent.ThreadPoolExecutor.runWorker(ThreadPoolExecutor.java:1128)
	at java.base/java.util.concurrent.ThreadPoolExecutor$Worker.run(ThreadPoolExecutor.java:628)
	at org.apache.tomcat.util.threads.TaskThread$WrappingRunnable.run(TaskThread.java:61)
	at java.base/java.lang.Thread.run(Thread.java:834)
Caused by: org.hibernate.exception.SQLGrammarException: could not extract ResultSet
	at org.hibernate.exception.internal.SQLStateConversionDelegate.convert(SQLStateConversionDelegate.java:103)
	at org.hibernate.exception.internal.StandardSQLExceptionConverter.convert(StandardSQLExceptionConverter.java:42)
	at org.hibernate.engine.jdbc.spi.SqlExceptionHelper.convert(SqlExceptionHelper.java:113)
	at org.hibernate.engine.jdbc.spi.SqlExceptionHelper.convert(SqlExceptionHelper.java:99)
	at org.hibernate.engine.jdbc.internal.ResultSetReturnImpl.extract(ResultSetReturnImpl.java:67)
	at org.hibernate.loader.Loader.getResultSet(Loader.java:2292)
	at org.hibernate.loader.Loader.executeQueryStatement(Loader.java:2050)
	at org.hibernate.loader.Loader.executeQueryStatement(Loader.java:2012)
	at org.hibernate.loader.Loader.doQuery(Loader.java:953)
	at org.hibernate.loader.Loader.doQueryAndInitializeNonLazyCollections(Loader.java:354)
	at org.hibernate.loader.Loader.doList(Loader.java:2838)
	at org.hibernate.loader.Loader.doList(Loader.java:2820)
	at org.hibernate.loader.Loader.listIgnoreQueryCache(Loader.java:2652)
	at org.hibernate.loader.Loader.list(Loader.java:2647)
	at org.hibernate.loader.hql.QueryLoader.list(QueryLoader.java:506)
	at org.hibernate.hql.internal.ast.QueryTranslatorImpl.list(QueryTranslatorImpl.java:396)
	at org.hibernate.engine.query.spi.HQLQueryPlan.performList(HQLQueryPlan.java:219)
	at org.hibernate.internal.SessionImpl.list(SessionImpl.java:1404)
	at org.hibernate.query.internal.AbstractProducedQuery.doList(AbstractProducedQuery.java:1562)
	at org.hibernate.query.internal.AbstractProducedQuery.list(AbstractProducedQuery.java:1530)
	at org.hibernate.query.Query.getResultList(Query.java:165)
	at org.hibernate.query.criteria.internal.compile.CriteriaQueryTypeQueryAdapter.getResultList(CriteriaQueryTypeQueryAdapter.java:76)
	at org.springframework.data.jpa.repository.support.SimpleJpaRepository.findAll(SimpleJpaRepository.java:355)
	at org.springframework.data.jpa.repository.support.SimpleJpaRepository.findAll(SimpleJpaRepository.java:78)
	at java.base/jdk.internal.reflect.NativeMethodAccessorImpl.invoke0(Native Method)
	at java.base/jdk.internal.reflect.NativeMethodAccessorImpl.invoke(NativeMethodAccessorImpl.java:62)
	at java.base/jdk.internal.reflect.DelegatingMethodAccessorImpl.invoke(DelegatingMethodAccessorImpl.java:43)
	at java.base/java.lang.reflect.Method.invoke(Method.java:566)
	at org.springframework.data.repository.core.support.RepositoryComposition$RepositoryFragments.invoke(RepositoryComposition.java:371)
	at org.springframework.data.repository.core.support.RepositoryComposition.invoke(RepositoryComposition.java:204)
	at org.springframework.data.repository.core.support.RepositoryFactorySupport$ImplementationMethodExecutionInterceptor.invoke(RepositoryFactorySupport.java:657)
	at org.springframework.aop.framework.ReflectiveMethodInvocation.proceed(ReflectiveMethodInvocation.java:186)
	at org.springframework.data.repository.core.support.RepositoryFactorySupport$QueryExecutorMethodInterceptor.doInvoke(RepositoryFactorySupport.java:621)
	at org.springframework.data.repository.core.support.RepositoryFactorySupport$QueryExecutorMethodInterceptor.invoke(RepositoryFactorySupport.java:605)
	at org.springframework.aop.framework.ReflectiveMethodInvocation.proceed(ReflectiveMethodInvocation.java:186)
	at org.springframework.data.projection.DefaultMethodInvokingMethodInterceptor.invoke(DefaultMethodInvokingMethodInterceptor.java:80)
	at org.springframework.aop.framework.ReflectiveMethodInvocation.proceed(ReflectiveMethodInvocation.java:186)
	at org.springframework.transaction.interceptor.TransactionAspectSupport.invokeWithinTransaction(TransactionAspectSupport.java:366)
	at org.springframework.transaction.interceptor.TransactionInterceptor.invoke(TransactionInterceptor.java:118)
	at org.springframework.aop.framework.ReflectiveMethodInvocation.proceed(ReflectiveMethodInvocation.java:186)
	at org.springframework.dao.support.PersistenceExceptionTranslationInterceptor.invoke(PersistenceExceptionTranslationInterceptor.java:139)
	... 100 common frames omitted
Caused by: org.postgresql.util.PSQLException: ERROR: column mstcompeti0_.desc does not exist
  Position: 201
	at org.postgresql.core.v3.QueryExecutorImpl.receiveErrorResponse(QueryExecutorImpl.java:2578)
	at org.postgresql.core.v3.QueryExecutorImpl.processResults(QueryExecutorImpl.java:2313)
	at org.postgresql.core.v3.QueryExecutorImpl.execute(QueryExecutorImpl.java:331)
	at org.postgresql.jdbc.PgStatement.executeInternal(PgStatement.java:448)
	at org.postgresql.jdbc.PgStatement.execute(PgStatement.java:369)
	at org.postgresql.jdbc.PgPreparedStatement.executeWithFlags(PgPreparedStatement.java:159)
	at org.postgresql.jdbc.PgPreparedStatement.executeQuery(PgPreparedStatement.java:109)
	at com.zaxxer.hikari.pool.ProxyPreparedStatement.executeQuery(ProxyPreparedStatement.java:52)
	at com.zaxxer.hikari.pool.HikariProxyPreparedStatement.executeQuery(HikariProxyPreparedStatement.java)
	at org.hibernate.engine.jdbc.internal.ResultSetReturnImpl.extract(ResultSetReturnImpl.java:57)
	... 136 common frames omitted
2020-05-22 13:07:23,056 INFO com.surshree.app.services.CustomUserDetailsService [http-nio-8080-exec-6] Granted Authorities --> ROLE_ADMN
2020-05-22 13:07:23,057 INFO com.surshree.app.services.CustomUserDetailsService [http-nio-8080-exec-6] Granted Authorities --> ROLE_CONT
2020-05-22 13:07:23,058 INFO com.surshree.app.services.CustomUserDetailsService [http-nio-8080-exec-6] Granted Authorities --> FUNC_VIEW_ADMIN_MENU
2020-05-22 13:07:23,058 INFO com.surshree.app.services.CustomUserDetailsService [http-nio-8080-exec-6] Granted Authorities --> FUNC_CONT_MENU
2020-05-22 13:07:23,059 INFO com.surshree.app.services.CustomUserDetailsService [http-nio-8080-exec-6] Granted Authorities --> FUNC_CONT_MENU
2020-05-22 13:07:23,800 INFO com.surshree.app.services.CustomUserDetailsService [http-nio-8080-exec-8] Granted Authorities --> ROLE_ADMN
2020-05-22 13:07:23,801 INFO com.surshree.app.services.CustomUserDetailsService [http-nio-8080-exec-8] Granted Authorities --> ROLE_CONT
2020-05-22 13:07:23,801 INFO com.surshree.app.services.CustomUserDetailsService [http-nio-8080-exec-8] Granted Authorities --> FUNC_VIEW_ADMIN_MENU
2020-05-22 13:07:23,801 INFO com.surshree.app.services.CustomUserDetailsService [http-nio-8080-exec-8] Granted Authorities --> FUNC_CONT_MENU
2020-05-22 13:07:23,802 INFO com.surshree.app.services.CustomUserDetailsService [http-nio-8080-exec-8] Granted Authorities --> FUNC_CONT_MENU
2020-05-22 13:13:01,198 INFO org.springframework.boot.SpringApplication [main] No active profile set, falling back to default profiles: default
2020-05-22 13:13:02,808 INFO org.springframework.data.repository.config.RepositoryConfigurationDelegate [main] Bootstrapping Spring Data JPA repositories in DEFAULT mode.
2020-05-22 13:13:03,030 INFO org.springframework.data.repository.config.RepositoryConfigurationDelegate [main] Finished Spring Data repository scanning in 206ms. Found 9 JPA repository interfaces.
2020-05-22 13:13:04,409 INFO org.springframework.cloud.context.scope.GenericScope [main] BeanFactory id=496206d4-f1c2-3f13-b4d7-1c6b3e101b4b
2020-05-22 13:13:05,687 INFO org.springframework.boot.web.embedded.tomcat.TomcatWebServer [main] Tomcat initialized with port(s): 8080 (http)
2020-05-22 13:13:05,712 INFO org.apache.juli.logging.DirectJDKLog [main] Initializing ProtocolHandler ["http-nio-8080"]
2020-05-22 13:13:05,715 INFO org.apache.juli.logging.DirectJDKLog [main] Starting service [Tomcat]
2020-05-22 13:13:05,716 INFO org.apache.juli.logging.DirectJDKLog [main] Starting Servlet engine: [Apache Tomcat/9.0.33]
2020-05-22 13:13:06,292 INFO org.apache.juli.logging.DirectJDKLog [main] Initializing Spring embedded WebApplicationContext
2020-05-22 13:13:06,294 INFO org.springframework.boot.web.servlet.context.ServletWebServerApplicationContext [main] Root WebApplicationContext: initialization completed in 5025 ms
2020-05-22 13:13:06,929 INFO com.surshree.app.config.CacheConfig [main] Initializing cache.
2020-05-22 13:13:07,099 INFO org.hibernate.jpa.internal.util.LogHelper [main] HHH000204: Processing PersistenceUnitInfo [name: default]
2020-05-22 13:13:07,306 INFO org.hibernate.Version [main] HHH000412: Hibernate ORM core version 5.4.12.Final
2020-05-22 13:13:07,665 INFO org.hibernate.annotations.common.reflection.java.JavaReflectionManager [main] HCANN000001: Hibernate Commons Annotations {5.1.0.Final}
2020-05-22 13:13:07,897 INFO com.zaxxer.hikari.HikariDataSource [main] HikariPool-1 - Starting...
2020-05-22 13:13:08,109 INFO com.zaxxer.hikari.HikariDataSource [main] HikariPool-1 - Start completed.
2020-05-22 13:13:08,156 INFO org.hibernate.dialect.Dialect [main] HHH000400: Using dialect: org.hibernate.dialect.PostgreSQL10Dialect
2020-05-22 13:13:10,864 INFO org.hibernate.engine.transaction.jta.platform.internal.JtaPlatformInitiator [main] HHH000490: Using JtaPlatform implementation: [org.hibernate.engine.transaction.jta.platform.internal.NoJtaPlatform]
2020-05-22 13:13:11,152 INFO org.springframework.orm.jpa.AbstractEntityManagerFactoryBean [main] Initialized JPA EntityManagerFactory for persistence unit 'default'
2020-05-22 13:13:11,282 WARN org.springframework.boot.autoconfigure.orm.jpa.JpaBaseConfiguration$JpaWebConfiguration [main] spring.jpa.open-in-view is enabled by default. Therefore, database queries may be performed during view rendering. Explicitly configure spring.jpa.open-in-view to disable this warning
2020-05-22 13:13:14,198 INFO org.springframework.security.web.DefaultSecurityFilterChain [main] Creating filter chain: OrRequestMatcher [requestMatchers=[Ant [pattern='/oauth/token'], Ant [pattern='/oauth/token_key'], Ant [pattern='/oauth/check_token']]], [org.springframework.security.web.context.request.async.WebAsyncManagerIntegrationFilter@bedebe9, org.springframework.security.web.context.SecurityContextPersistenceFilter@3db48e6, org.springframework.security.web.header.HeaderWriterFilter@68bef3df, org.springframework.security.web.authentication.logout.LogoutFilter@4e301795, org.springframework.web.filter.CorsFilter@6592a73b, org.springframework.security.web.authentication.www.BasicAuthenticationFilter@74ea1cd0, org.springframework.security.web.savedrequest.RequestCacheAwareFilter@38f2342b, org.springframework.security.web.servletapi.SecurityContextHolderAwareRequestFilter@628af295, org.springframework.security.web.authentication.AnonymousAuthenticationFilter@14f11a56, org.springframework.security.web.session.SessionManagementFilter@5db6083b, org.springframework.security.web.access.ExceptionTranslationFilter@77e42cbf, org.springframework.security.web.access.intercept.FilterSecurityInterceptor@136a5572]
2020-05-22 13:13:14,240 INFO org.springframework.security.web.DefaultSecurityFilterChain [main] Creating filter chain: com.surshree.app.config.ResourceServerConfig$$Lambda$1044/0x0000000800a28c40@22495f2f, [org.springframework.security.web.context.request.async.WebAsyncManagerIntegrationFilter@25fb43a9, org.springframework.security.web.context.SecurityContextPersistenceFilter@5a097a83, org.springframework.security.web.header.HeaderWriterFilter@44a7a331, org.springframework.security.web.authentication.logout.LogoutFilter@329b4b8b, org.springframework.security.oauth2.provider.authentication.OAuth2AuthenticationProcessingFilter@31b827a6, org.springframework.security.web.savedrequest.RequestCacheAwareFilter@10d8769e, org.springframework.security.web.servletapi.SecurityContextHolderAwareRequestFilter@699fe19f, org.springframework.security.web.authentication.AnonymousAuthenticationFilter@59fa5a39, org.springframework.security.web.session.SessionManagementFilter@72f71ea2, org.springframework.security.web.access.ExceptionTranslationFilter@267d9cc0, org.springframework.security.web.access.intercept.FilterSecurityInterceptor@52bcd7c9]
2020-05-22 13:13:14,805 INFO org.springframework.boot.actuate.endpoint.web.EndpointLinksResolver [main] Exposing 2 endpoint(s) beneath base path '/actuator'
2020-05-22 13:13:14,828 INFO org.springframework.security.web.DefaultSecurityFilterChain [main] Creating filter chain: any request, [org.springframework.security.web.context.request.async.WebAsyncManagerIntegrationFilter@7c52df60, org.springframework.security.web.context.SecurityContextPersistenceFilter@5702e6f3, org.springframework.security.web.header.HeaderWriterFilter@539570b8, org.springframework.web.filter.CorsFilter@2fe12ec3, org.springframework.security.web.authentication.logout.LogoutFilter@6c65a7fc, org.springframework.security.web.authentication.www.BasicAuthenticationFilter@4f5d587c, org.springframework.security.web.savedrequest.RequestCacheAwareFilter@5687e92d, org.springframework.security.web.servletapi.SecurityContextHolderAwareRequestFilter@2eef43f5, org.springframework.security.web.authentication.AnonymousAuthenticationFilter@678a7489, org.springframework.security.web.session.SessionManagementFilter@6a2d0a19, org.springframework.security.web.access.ExceptionTranslationFilter@4a4979bf, org.springframework.security.web.access.intercept.FilterSecurityInterceptor@2d6abfc7]
2020-05-22 13:13:15,023 INFO org.springframework.scheduling.concurrent.ExecutorConfigurationSupport [main] Initializing ExecutorService 'applicationTaskExecutor'
2020-05-22 13:13:15,521 INFO org.springframework.scheduling.concurrent.ExecutorConfigurationSupport [main] Initializing ExecutorService 'taskScheduler'
2020-05-22 13:13:15,682 INFO com.surshree.app.scheduling.CacheScheduler [scheduling-1] Clear user cache : START
2020-05-22 13:13:15,684 INFO com.surshree.app.scheduling.CacheScheduler [scheduling-1] Clear user cache : END
2020-05-22 13:13:15,685 INFO org.apache.juli.logging.DirectJDKLog [main] Starting ProtocolHandler ["http-nio-8080"]
2020-05-22 13:13:15,757 INFO org.springframework.boot.web.embedded.tomcat.TomcatWebServer [main] Tomcat started on port(s): 8080 (http) with context path ''
2020-05-22 13:13:15,765 INFO org.springframework.boot.StartupInfoLogger [main] Started SurShreeApplication in 17.281 seconds (JVM running for 18.775)
2020-05-22 13:13:57,863 INFO org.apache.juli.logging.DirectJDKLog [http-nio-8080-exec-2] Initializing Spring DispatcherServlet 'dispatcherServlet'
2020-05-22 13:13:57,865 INFO org.springframework.web.servlet.FrameworkServlet [http-nio-8080-exec-2] Initializing Servlet 'dispatcherServlet'
2020-05-22 13:13:57,897 INFO org.springframework.web.servlet.FrameworkServlet [http-nio-8080-exec-2] Completed initialization in 32 ms
2020-05-22 13:14:00,720 INFO com.surshree.app.services.CustomUserDetailsService [http-nio-8080-exec-5] Granted Authorities --> ROLE_CONT
2020-05-22 13:14:00,721 INFO com.surshree.app.services.CustomUserDetailsService [http-nio-8080-exec-5] Granted Authorities --> ROLE_ADMN
2020-05-22 13:14:00,722 INFO com.surshree.app.services.CustomUserDetailsService [http-nio-8080-exec-5] Granted Authorities --> FUNC_CONT_MENU
2020-05-22 13:14:00,722 INFO com.surshree.app.services.CustomUserDetailsService [http-nio-8080-exec-5] Granted Authorities --> FUNC_CONT_MENU
2020-05-22 13:14:00,723 INFO com.surshree.app.services.CustomUserDetailsService [http-nio-8080-exec-5] Granted Authorities --> FUNC_VIEW_ADMIN_MENU
2020-05-22 13:14:01,830 INFO com.surshree.app.services.CustomUserDetailsService [http-nio-8080-exec-7] Granted Authorities --> ROLE_CONT
2020-05-22 13:14:01,831 INFO com.surshree.app.services.CustomUserDetailsService [http-nio-8080-exec-7] Granted Authorities --> ROLE_ADMN
2020-05-22 13:14:01,833 INFO com.surshree.app.services.CustomUserDetailsService [http-nio-8080-exec-7] Granted Authorities --> FUNC_CONT_MENU
2020-05-22 13:14:01,836 INFO com.surshree.app.services.CustomUserDetailsService [http-nio-8080-exec-7] Granted Authorities --> FUNC_CONT_MENU
2020-05-22 13:14:01,837 INFO com.surshree.app.services.CustomUserDetailsService [http-nio-8080-exec-7] Granted Authorities --> FUNC_VIEW_ADMIN_MENU
2020-05-22 13:17:15,138 INFO com.surshree.app.services.CustomUserDetailsService [http-nio-8080-exec-4] Granted Authorities --> ROLE_CONT
2020-05-22 13:17:15,142 INFO com.surshree.app.services.CustomUserDetailsService [http-nio-8080-exec-4] Granted Authorities --> ROLE_ADMN
2020-05-22 13:17:15,143 INFO com.surshree.app.services.CustomUserDetailsService [http-nio-8080-exec-4] Granted Authorities --> FUNC_CONT_MENU
2020-05-22 13:17:15,143 INFO com.surshree.app.services.CustomUserDetailsService [http-nio-8080-exec-4] Granted Authorities --> FUNC_CONT_MENU
2020-05-22 13:17:15,144 INFO com.surshree.app.services.CustomUserDetailsService [http-nio-8080-exec-4] Granted Authorities --> FUNC_VIEW_ADMIN_MENU
2020-05-22 13:17:15,716 INFO com.surshree.app.services.CustomUserDetailsService [http-nio-8080-exec-6] Granted Authorities --> ROLE_CONT
2020-05-22 13:17:15,717 INFO com.surshree.app.services.CustomUserDetailsService [http-nio-8080-exec-6] Granted Authorities --> ROLE_ADMN
2020-05-22 13:17:15,717 INFO com.surshree.app.services.CustomUserDetailsService [http-nio-8080-exec-6] Granted Authorities --> FUNC_CONT_MENU
2020-05-22 13:17:15,718 INFO com.surshree.app.services.CustomUserDetailsService [http-nio-8080-exec-6] Granted Authorities --> FUNC_CONT_MENU
2020-05-22 13:17:15,718 INFO com.surshree.app.services.CustomUserDetailsService [http-nio-8080-exec-6] Granted Authorities --> FUNC_VIEW_ADMIN_MENU
2020-05-22 13:18:33,505 INFO com.surshree.app.services.CustomUserDetailsService [http-nio-8080-exec-6] Granted Authorities --> ROLE_CONT
2020-05-22 13:18:33,506 INFO com.surshree.app.services.CustomUserDetailsService [http-nio-8080-exec-6] Granted Authorities --> ROLE_ADMN
2020-05-22 13:18:33,508 INFO com.surshree.app.services.CustomUserDetailsService [http-nio-8080-exec-6] Granted Authorities --> FUNC_CONT_MENU
2020-05-22 13:18:33,517 INFO com.surshree.app.services.CustomUserDetailsService [http-nio-8080-exec-6] Granted Authorities --> FUNC_CONT_MENU
2020-05-22 13:18:33,519 INFO com.surshree.app.services.CustomUserDetailsService [http-nio-8080-exec-6] Granted Authorities --> FUNC_VIEW_ADMIN_MENU
2020-05-22 13:18:34,085 INFO com.surshree.app.services.CustomUserDetailsService [http-nio-8080-exec-8] Granted Authorities --> ROLE_CONT
2020-05-22 13:18:34,086 INFO com.surshree.app.services.CustomUserDetailsService [http-nio-8080-exec-8] Granted Authorities --> ROLE_ADMN
2020-05-22 13:18:34,087 INFO com.surshree.app.services.CustomUserDetailsService [http-nio-8080-exec-8] Granted Authorities --> FUNC_CONT_MENU
2020-05-22 13:18:34,087 INFO com.surshree.app.services.CustomUserDetailsService [http-nio-8080-exec-8] Granted Authorities --> FUNC_CONT_MENU
2020-05-22 13:18:34,088 INFO com.surshree.app.services.CustomUserDetailsService [http-nio-8080-exec-8] Granted Authorities --> FUNC_VIEW_ADMIN_MENU
2020-05-22 13:21:30,541 INFO org.springframework.security.oauth2.provider.endpoint.CheckTokenEndpoint [http-nio-8080-exec-2] Handling error: InvalidTokenException, Token has expired
2020-05-22 13:21:31,163 INFO com.surshree.app.services.CustomUserDetailsService [http-nio-8080-exec-1] Granted Authorities --> ROLE_CONT
2020-05-22 13:21:31,165 INFO com.surshree.app.services.CustomUserDetailsService [http-nio-8080-exec-1] Granted Authorities --> ROLE_ADMN
2020-05-22 13:21:31,165 INFO com.surshree.app.services.CustomUserDetailsService [http-nio-8080-exec-1] Granted Authorities --> FUNC_CONT_MENU
2020-05-22 13:21:31,165 INFO com.surshree.app.services.CustomUserDetailsService [http-nio-8080-exec-1] Granted Authorities --> FUNC_CONT_MENU
2020-05-22 13:21:31,166 INFO com.surshree.app.services.CustomUserDetailsService [http-nio-8080-exec-1] Granted Authorities --> FUNC_VIEW_ADMIN_MENU
2020-05-22 13:21:31,234 INFO org.springframework.security.oauth2.provider.token.store.JdbcTokenStore [http-nio-8080-exec-1] Failed to find access token for token 17bfc963-6629-4ed4-858e-688943be3d4a
2020-05-22 13:21:31,716 INFO com.surshree.app.services.CustomUserDetailsService [http-nio-8080-exec-6] Granted Authorities --> ROLE_CONT
2020-05-22 13:21:31,717 INFO com.surshree.app.services.CustomUserDetailsService [http-nio-8080-exec-6] Granted Authorities --> ROLE_ADMN
2020-05-22 13:21:31,717 INFO com.surshree.app.services.CustomUserDetailsService [http-nio-8080-exec-6] Granted Authorities --> FUNC_CONT_MENU
2020-05-22 13:21:31,718 INFO com.surshree.app.services.CustomUserDetailsService [http-nio-8080-exec-6] Granted Authorities --> FUNC_CONT_MENU
2020-05-22 13:21:31,721 INFO com.surshree.app.services.CustomUserDetailsService [http-nio-8080-exec-6] Granted Authorities --> FUNC_VIEW_ADMIN_MENU
2020-05-22 13:21:32,703 INFO com.surshree.app.services.CustomUserDetailsService [http-nio-8080-exec-8] Granted Authorities --> ROLE_CONT
2020-05-22 13:21:32,704 INFO com.surshree.app.services.CustomUserDetailsService [http-nio-8080-exec-8] Granted Authorities --> ROLE_ADMN
2020-05-22 13:21:32,705 INFO com.surshree.app.services.CustomUserDetailsService [http-nio-8080-exec-8] Granted Authorities --> FUNC_CONT_MENU
2020-05-22 13:21:32,708 INFO com.surshree.app.services.CustomUserDetailsService [http-nio-8080-exec-8] Granted Authorities --> FUNC_CONT_MENU
2020-05-22 13:21:32,709 INFO com.surshree.app.services.CustomUserDetailsService [http-nio-8080-exec-8] Granted Authorities --> FUNC_VIEW_ADMIN_MENU
2020-05-22 13:23:15,721 INFO com.surshree.app.scheduling.CacheScheduler [scheduling-1] Clear user cache : START
2020-05-22 13:23:15,723 INFO com.surshree.app.scheduling.CacheScheduler [scheduling-1] Clear user cache : END
2020-05-22 13:26:25,873 INFO com.surshree.app.services.CustomUserDetailsService [http-nio-8080-exec-6] Granted Authorities --> ROLE_CONT
2020-05-22 13:26:25,883 INFO com.surshree.app.services.CustomUserDetailsService [http-nio-8080-exec-6] Granted Authorities --> ROLE_ADMN
2020-05-22 13:26:25,885 INFO com.surshree.app.services.CustomUserDetailsService [http-nio-8080-exec-6] Granted Authorities --> FUNC_CONT_MENU
2020-05-22 13:26:25,888 INFO com.surshree.app.services.CustomUserDetailsService [http-nio-8080-exec-6] Granted Authorities --> FUNC_VIEW_ADMIN_MENU
2020-05-22 13:26:25,889 INFO com.surshree.app.services.CustomUserDetailsService [http-nio-8080-exec-6] Granted Authorities --> FUNC_CONT_MENU
2020-05-22 13:26:26,802 INFO com.surshree.app.services.CustomUserDetailsService [http-nio-8080-exec-7] Granted Authorities --> ROLE_CONT
2020-05-22 13:26:26,803 INFO com.surshree.app.services.CustomUserDetailsService [http-nio-8080-exec-7] Granted Authorities --> ROLE_ADMN
2020-05-22 13:26:26,806 INFO com.surshree.app.services.CustomUserDetailsService [http-nio-8080-exec-7] Granted Authorities --> FUNC_CONT_MENU
2020-05-22 13:26:26,807 INFO com.surshree.app.services.CustomUserDetailsService [http-nio-8080-exec-7] Granted Authorities --> FUNC_VIEW_ADMIN_MENU
2020-05-22 13:26:26,807 INFO com.surshree.app.services.CustomUserDetailsService [http-nio-8080-exec-7] Granted Authorities --> FUNC_CONT_MENU
2020-05-22 13:27:28,150 INFO com.surshree.app.services.CustomUserDetailsService [http-nio-8080-exec-5] Granted Authorities --> ROLE_CONT
2020-05-22 13:27:28,152 INFO com.surshree.app.services.CustomUserDetailsService [http-nio-8080-exec-5] Granted Authorities --> ROLE_ADMN
2020-05-22 13:27:28,153 INFO com.surshree.app.services.CustomUserDetailsService [http-nio-8080-exec-5] Granted Authorities --> FUNC_CONT_MENU
2020-05-22 13:27:28,155 INFO com.surshree.app.services.CustomUserDetailsService [http-nio-8080-exec-5] Granted Authorities --> FUNC_VIEW_ADMIN_MENU
2020-05-22 13:27:28,156 INFO com.surshree.app.services.CustomUserDetailsService [http-nio-8080-exec-5] Granted Authorities --> FUNC_CONT_MENU
2020-05-22 13:27:28,762 INFO com.surshree.app.services.CustomUserDetailsService [http-nio-8080-exec-7] Granted Authorities --> ROLE_CONT
2020-05-22 13:27:28,763 INFO com.surshree.app.services.CustomUserDetailsService [http-nio-8080-exec-7] Granted Authorities --> ROLE_ADMN
2020-05-22 13:27:28,764 INFO com.surshree.app.services.CustomUserDetailsService [http-nio-8080-exec-7] Granted Authorities --> FUNC_CONT_MENU
2020-05-22 13:27:28,765 INFO com.surshree.app.services.CustomUserDetailsService [http-nio-8080-exec-7] Granted Authorities --> FUNC_VIEW_ADMIN_MENU
2020-05-22 13:27:28,765 INFO com.surshree.app.services.CustomUserDetailsService [http-nio-8080-exec-7] Granted Authorities --> FUNC_CONT_MENU
2020-05-22 13:28:19,488 INFO com.surshree.app.services.CustomUserDetailsService [http-nio-8080-exec-3] Granted Authorities --> ROLE_CONT
2020-05-22 13:28:19,489 INFO com.surshree.app.services.CustomUserDetailsService [http-nio-8080-exec-3] Granted Authorities --> ROLE_ADMN
2020-05-22 13:28:19,491 INFO com.surshree.app.services.CustomUserDetailsService [http-nio-8080-exec-3] Granted Authorities --> FUNC_CONT_MENU
2020-05-22 13:28:19,492 INFO com.surshree.app.services.CustomUserDetailsService [http-nio-8080-exec-3] Granted Authorities --> FUNC_VIEW_ADMIN_MENU
2020-05-22 13:28:19,492 INFO com.surshree.app.services.CustomUserDetailsService [http-nio-8080-exec-3] Granted Authorities --> FUNC_CONT_MENU
2020-05-22 13:28:20,169 INFO com.surshree.app.services.CustomUserDetailsService [http-nio-8080-exec-6] Granted Authorities --> ROLE_CONT
2020-05-22 13:28:20,171 INFO com.surshree.app.services.CustomUserDetailsService [http-nio-8080-exec-6] Granted Authorities --> ROLE_ADMN
2020-05-22 13:28:20,172 INFO com.surshree.app.services.CustomUserDetailsService [http-nio-8080-exec-6] Granted Authorities --> FUNC_CONT_MENU
2020-05-22 13:28:20,172 INFO com.surshree.app.services.CustomUserDetailsService [http-nio-8080-exec-6] Granted Authorities --> FUNC_VIEW_ADMIN_MENU
2020-05-22 13:28:20,176 INFO com.surshree.app.services.CustomUserDetailsService [http-nio-8080-exec-6] Granted Authorities --> FUNC_CONT_MENU
2020-05-22 13:28:51,480 INFO com.surshree.app.services.CustomUserDetailsService [http-nio-8080-exec-9] Granted Authorities --> ROLE_CONT
2020-05-22 13:28:51,481 INFO com.surshree.app.services.CustomUserDetailsService [http-nio-8080-exec-9] Granted Authorities --> ROLE_ADMN
2020-05-22 13:28:51,482 INFO com.surshree.app.services.CustomUserDetailsService [http-nio-8080-exec-9] Granted Authorities --> FUNC_CONT_MENU
2020-05-22 13:28:51,482 INFO com.surshree.app.services.CustomUserDetailsService [http-nio-8080-exec-9] Granted Authorities --> FUNC_VIEW_ADMIN_MENU
2020-05-22 13:28:51,484 INFO com.surshree.app.services.CustomUserDetailsService [http-nio-8080-exec-9] Granted Authorities --> FUNC_CONT_MENU
2020-05-22 13:28:52,100 INFO com.surshree.app.services.CustomUserDetailsService [http-nio-8080-exec-2] Granted Authorities --> ROLE_CONT
2020-05-22 13:28:52,101 INFO com.surshree.app.services.CustomUserDetailsService [http-nio-8080-exec-2] Granted Authorities --> ROLE_ADMN
2020-05-22 13:28:52,102 INFO com.surshree.app.services.CustomUserDetailsService [http-nio-8080-exec-2] Granted Authorities --> FUNC_CONT_MENU
2020-05-22 13:28:52,104 INFO com.surshree.app.services.CustomUserDetailsService [http-nio-8080-exec-2] Granted Authorities --> FUNC_VIEW_ADMIN_MENU
2020-05-22 13:28:52,106 INFO com.surshree.app.services.CustomUserDetailsService [http-nio-8080-exec-2] Granted Authorities --> FUNC_CONT_MENU
2020-05-22 13:30:41,488 INFO com.surshree.app.services.CustomUserDetailsService [http-nio-8080-exec-9] Granted Authorities --> ROLE_CONT
2020-05-22 13:30:41,489 INFO com.surshree.app.services.CustomUserDetailsService [http-nio-8080-exec-9] Granted Authorities --> ROLE_ADMN
2020-05-22 13:30:41,490 INFO com.surshree.app.services.CustomUserDetailsService [http-nio-8080-exec-9] Granted Authorities --> FUNC_CONT_MENU
2020-05-22 13:30:41,491 INFO com.surshree.app.services.CustomUserDetailsService [http-nio-8080-exec-9] Granted Authorities --> FUNC_VIEW_ADMIN_MENU
2020-05-22 13:30:41,491 INFO com.surshree.app.services.CustomUserDetailsService [http-nio-8080-exec-9] Granted Authorities --> FUNC_CONT_MENU
2020-05-22 13:30:41,994 INFO com.surshree.app.services.CustomUserDetailsService [http-nio-8080-exec-2] Granted Authorities --> ROLE_CONT
2020-05-22 13:30:41,995 INFO com.surshree.app.services.CustomUserDetailsService [http-nio-8080-exec-2] Granted Authorities --> ROLE_ADMN
2020-05-22 13:30:41,995 INFO com.surshree.app.services.CustomUserDetailsService [http-nio-8080-exec-2] Granted Authorities --> FUNC_CONT_MENU
2020-05-22 13:30:41,996 INFO com.surshree.app.services.CustomUserDetailsService [http-nio-8080-exec-2] Granted Authorities --> FUNC_VIEW_ADMIN_MENU
2020-05-22 13:30:41,996 INFO com.surshree.app.services.CustomUserDetailsService [http-nio-8080-exec-2] Granted Authorities --> FUNC_CONT_MENU
2020-05-22 13:31:08,456 INFO com.surshree.app.services.CustomUserDetailsService [http-nio-8080-exec-10] Granted Authorities --> ROLE_CONT
2020-05-22 13:31:08,460 INFO com.surshree.app.services.CustomUserDetailsService [http-nio-8080-exec-10] Granted Authorities --> ROLE_ADMN
2020-05-22 13:31:08,461 INFO com.surshree.app.services.CustomUserDetailsService [http-nio-8080-exec-10] Granted Authorities --> FUNC_CONT_MENU
2020-05-22 13:31:08,463 INFO com.surshree.app.services.CustomUserDetailsService [http-nio-8080-exec-10] Granted Authorities --> FUNC_VIEW_ADMIN_MENU
2020-05-22 13:31:08,463 INFO com.surshree.app.services.CustomUserDetailsService [http-nio-8080-exec-10] Granted Authorities --> FUNC_CONT_MENU
2020-05-22 13:31:08,985 INFO com.surshree.app.services.CustomUserDetailsService [http-nio-8080-exec-4] Granted Authorities --> ROLE_CONT
2020-05-22 13:31:08,986 INFO com.surshree.app.services.CustomUserDetailsService [http-nio-8080-exec-4] Granted Authorities --> ROLE_ADMN
2020-05-22 13:31:08,993 INFO com.surshree.app.services.CustomUserDetailsService [http-nio-8080-exec-4] Granted Authorities --> FUNC_CONT_MENU
2020-05-22 13:31:08,998 INFO com.surshree.app.services.CustomUserDetailsService [http-nio-8080-exec-4] Granted Authorities --> FUNC_VIEW_ADMIN_MENU
2020-05-22 13:31:09,000 INFO com.surshree.app.services.CustomUserDetailsService [http-nio-8080-exec-4] Granted Authorities --> FUNC_CONT_MENU
2020-05-22 13:32:06,733 INFO com.surshree.app.services.CustomUserDetailsService [http-nio-8080-exec-7] Granted Authorities --> ROLE_CONT
2020-05-22 13:32:06,735 INFO com.surshree.app.services.CustomUserDetailsService [http-nio-8080-exec-7] Granted Authorities --> ROLE_ADMN
2020-05-22 13:32:06,736 INFO com.surshree.app.services.CustomUserDetailsService [http-nio-8080-exec-7] Granted Authorities --> FUNC_CONT_MENU
2020-05-22 13:32:06,737 INFO com.surshree.app.services.CustomUserDetailsService [http-nio-8080-exec-7] Granted Authorities --> FUNC_VIEW_ADMIN_MENU
2020-05-22 13:32:06,737 INFO com.surshree.app.services.CustomUserDetailsService [http-nio-8080-exec-7] Granted Authorities --> FUNC_CONT_MENU
2020-05-22 13:32:07,332 INFO com.surshree.app.services.CustomUserDetailsService [http-nio-8080-exec-9] Granted Authorities --> ROLE_CONT
2020-05-22 13:32:07,333 INFO com.surshree.app.services.CustomUserDetailsService [http-nio-8080-exec-9] Granted Authorities --> ROLE_ADMN
2020-05-22 13:32:07,333 INFO com.surshree.app.services.CustomUserDetailsService [http-nio-8080-exec-9] Granted Authorities --> FUNC_CONT_MENU
2020-05-22 13:32:07,333 INFO com.surshree.app.services.CustomUserDetailsService [http-nio-8080-exec-9] Granted Authorities --> FUNC_VIEW_ADMIN_MENU
2020-05-22 13:32:07,334 INFO com.surshree.app.services.CustomUserDetailsService [http-nio-8080-exec-9] Granted Authorities --> FUNC_CONT_MENU
2020-05-22 13:32:48,414 INFO com.surshree.app.services.CustomUserDetailsService [http-nio-8080-exec-7] Granted Authorities --> ROLE_CONT
2020-05-22 13:32:48,415 INFO com.surshree.app.services.CustomUserDetailsService [http-nio-8080-exec-7] Granted Authorities --> ROLE_ADMN
2020-05-22 13:32:48,415 INFO com.surshree.app.services.CustomUserDetailsService [http-nio-8080-exec-7] Granted Authorities --> FUNC_CONT_MENU
2020-05-22 13:32:48,415 INFO com.surshree.app.services.CustomUserDetailsService [http-nio-8080-exec-7] Granted Authorities --> FUNC_VIEW_ADMIN_MENU
2020-05-22 13:32:48,416 INFO com.surshree.app.services.CustomUserDetailsService [http-nio-8080-exec-7] Granted Authorities --> FUNC_CONT_MENU
2020-05-22 13:32:48,962 INFO com.surshree.app.services.CustomUserDetailsService [http-nio-8080-exec-9] Granted Authorities --> ROLE_CONT
2020-05-22 13:32:48,962 INFO com.surshree.app.services.CustomUserDetailsService [http-nio-8080-exec-9] Granted Authorities --> ROLE_ADMN
2020-05-22 13:32:48,963 INFO com.surshree.app.services.CustomUserDetailsService [http-nio-8080-exec-9] Granted Authorities --> FUNC_CONT_MENU
2020-05-22 13:32:48,963 INFO com.surshree.app.services.CustomUserDetailsService [http-nio-8080-exec-9] Granted Authorities --> FUNC_VIEW_ADMIN_MENU
2020-05-22 13:32:48,963 INFO com.surshree.app.services.CustomUserDetailsService [http-nio-8080-exec-9] Granted Authorities --> FUNC_CONT_MENU
2020-05-22 13:33:15,738 INFO com.surshree.app.scheduling.CacheScheduler [scheduling-1] Clear user cache : START
2020-05-22 13:33:15,748 INFO com.surshree.app.scheduling.CacheScheduler [scheduling-1] Clear user cache : END
2020-05-22 13:33:25,419 INFO com.surshree.app.services.CustomUserDetailsService [http-nio-8080-exec-8] Granted Authorities --> ROLE_CONT
2020-05-22 13:33:25,420 INFO com.surshree.app.services.CustomUserDetailsService [http-nio-8080-exec-8] Granted Authorities --> ROLE_ADMN
2020-05-22 13:33:25,421 INFO com.surshree.app.services.CustomUserDetailsService [http-nio-8080-exec-8] Granted Authorities --> FUNC_CONT_MENU
2020-05-22 13:33:25,421 INFO com.surshree.app.services.CustomUserDetailsService [http-nio-8080-exec-8] Granted Authorities --> FUNC_VIEW_ADMIN_MENU
2020-05-22 13:33:25,422 INFO com.surshree.app.services.CustomUserDetailsService [http-nio-8080-exec-8] Granted Authorities --> FUNC_CONT_MENU
2020-05-22 13:33:26,076 INFO com.surshree.app.services.CustomUserDetailsService [http-nio-8080-exec-10] Granted Authorities --> ROLE_CONT
2020-05-22 13:33:26,078 INFO com.surshree.app.services.CustomUserDetailsService [http-nio-8080-exec-10] Granted Authorities --> ROLE_ADMN
2020-05-22 13:33:26,078 INFO com.surshree.app.services.CustomUserDetailsService [http-nio-8080-exec-10] Granted Authorities --> FUNC_CONT_MENU
2020-05-22 13:33:26,079 INFO com.surshree.app.services.CustomUserDetailsService [http-nio-8080-exec-10] Granted Authorities --> FUNC_VIEW_ADMIN_MENU
2020-05-22 13:33:26,079 INFO com.surshree.app.services.CustomUserDetailsService [http-nio-8080-exec-10] Granted Authorities --> FUNC_CONT_MENU
2020-05-22 13:34:53,136 INFO org.springframework.boot.SpringApplication [main] No active profile set, falling back to default profiles: default
2020-05-22 13:34:54,619 INFO org.springframework.data.repository.config.RepositoryConfigurationDelegate [main] Bootstrapping Spring Data JPA repositories in DEFAULT mode.
2020-05-22 13:34:54,804 INFO org.springframework.data.repository.config.RepositoryConfigurationDelegate [main] Finished Spring Data repository scanning in 160ms. Found 9 JPA repository interfaces.
2020-05-22 13:34:55,912 INFO org.springframework.cloud.context.scope.GenericScope [main] BeanFactory id=496206d4-f1c2-3f13-b4d7-1c6b3e101b4b
2020-05-22 13:34:57,107 INFO org.springframework.boot.web.embedded.tomcat.TomcatWebServer [main] Tomcat initialized with port(s): 8080 (http)
2020-05-22 13:34:57,127 INFO org.apache.juli.logging.DirectJDKLog [main] Initializing ProtocolHandler ["http-nio-8080"]
2020-05-22 13:34:57,128 INFO org.apache.juli.logging.DirectJDKLog [main] Starting service [Tomcat]
2020-05-22 13:34:57,129 INFO org.apache.juli.logging.DirectJDKLog [main] Starting Servlet engine: [Apache Tomcat/9.0.33]
2020-05-22 13:34:57,439 INFO org.apache.juli.logging.DirectJDKLog [main] Initializing Spring embedded WebApplicationContext
2020-05-22 13:34:57,440 INFO org.springframework.boot.web.servlet.context.ServletWebServerApplicationContext [main] Root WebApplicationContext: initialization completed in 4230 ms
2020-05-22 13:34:58,072 INFO com.surshree.app.config.CacheConfig [main] Initializing cache.
2020-05-22 13:34:58,251 INFO org.hibernate.jpa.internal.util.LogHelper [main] HHH000204: Processing PersistenceUnitInfo [name: default]
2020-05-22 13:34:58,418 INFO org.hibernate.Version [main] HHH000412: Hibernate ORM core version 5.4.12.Final
2020-05-22 13:34:58,827 INFO org.hibernate.annotations.common.reflection.java.JavaReflectionManager [main] HCANN000001: Hibernate Commons Annotations {5.1.0.Final}
2020-05-22 13:34:59,050 INFO com.zaxxer.hikari.HikariDataSource [main] HikariPool-1 - Starting...
2020-05-22 13:34:59,355 INFO com.zaxxer.hikari.HikariDataSource [main] HikariPool-1 - Start completed.
2020-05-22 13:34:59,404 INFO org.hibernate.dialect.Dialect [main] HHH000400: Using dialect: org.hibernate.dialect.PostgreSQL10Dialect
2020-05-22 13:35:01,808 INFO org.hibernate.engine.transaction.jta.platform.internal.JtaPlatformInitiator [main] HHH000490: Using JtaPlatform implementation: [org.hibernate.engine.transaction.jta.platform.internal.NoJtaPlatform]
2020-05-22 13:35:02,060 INFO org.springframework.orm.jpa.AbstractEntityManagerFactoryBean [main] Initialized JPA EntityManagerFactory for persistence unit 'default'
2020-05-22 13:35:02,163 WARN org.springframework.boot.autoconfigure.orm.jpa.JpaBaseConfiguration$JpaWebConfiguration [main] spring.jpa.open-in-view is enabled by default. Therefore, database queries may be performed during view rendering. Explicitly configure spring.jpa.open-in-view to disable this warning
2020-05-22 13:35:04,611 INFO org.springframework.security.web.DefaultSecurityFilterChain [main] Creating filter chain: OrRequestMatcher [requestMatchers=[Ant [pattern='/oauth/token'], Ant [pattern='/oauth/token_key'], Ant [pattern='/oauth/check_token']]], [org.springframework.security.web.context.request.async.WebAsyncManagerIntegrationFilter@794cd751, org.springframework.security.web.context.SecurityContextPersistenceFilter@7ebf5bf, org.springframework.security.web.header.HeaderWriterFilter@50c9b080, org.springframework.security.web.authentication.logout.LogoutFilter@117bfeb8, org.springframework.web.filter.CorsFilter@63069995, org.springframework.security.web.authentication.www.BasicAuthenticationFilter@cf315f1, org.springframework.security.web.savedrequest.RequestCacheAwareFilter@46aa5294, org.springframework.security.web.servletapi.SecurityContextHolderAwareRequestFilter@346d8002, org.springframework.security.web.authentication.AnonymousAuthenticationFilter@3003d288, org.springframework.security.web.session.SessionManagementFilter@23471f48, org.springframework.security.web.access.ExceptionTranslationFilter@2cee1bcf, org.springframework.security.web.access.intercept.FilterSecurityInterceptor@56f8ab05]
2020-05-22 13:35:04,637 INFO org.springframework.security.web.DefaultSecurityFilterChain [main] Creating filter chain: com.surshree.app.config.ResourceServerConfig$$Lambda$958/0x00000008009c0840@296ddfc7, [org.springframework.security.web.context.request.async.WebAsyncManagerIntegrationFilter@29aa29f5, org.springframework.security.web.context.SecurityContextPersistenceFilter@5d267575, org.springframework.security.web.header.HeaderWriterFilter@5e537465, org.springframework.security.web.authentication.logout.LogoutFilter@31f5580b, org.springframework.security.oauth2.provider.authentication.OAuth2AuthenticationProcessingFilter@7641d70, org.springframework.security.web.savedrequest.RequestCacheAwareFilter@6e512d7f, org.springframework.security.web.servletapi.SecurityContextHolderAwareRequestFilter@2be49c8c, org.springframework.security.web.authentication.AnonymousAuthenticationFilter@2a742ee4, org.springframework.security.web.session.SessionManagementFilter@4f27643d, org.springframework.security.web.access.ExceptionTranslationFilter@593d5f39, org.springframework.security.web.access.intercept.FilterSecurityInterceptor@14ce13fa]
2020-05-22 13:35:05,701 INFO org.springframework.boot.actuate.endpoint.web.EndpointLinksResolver [main] Exposing 2 endpoint(s) beneath base path '/actuator'
2020-05-22 13:35:05,733 INFO org.springframework.security.web.DefaultSecurityFilterChain [main] Creating filter chain: any request, [org.springframework.security.web.context.request.async.WebAsyncManagerIntegrationFilter@7785430c, org.springframework.security.web.context.SecurityContextPersistenceFilter@7b57587e, org.springframework.security.web.header.HeaderWriterFilter@5502f74c, org.springframework.web.filter.CorsFilter@13056efe, org.springframework.security.web.authentication.logout.LogoutFilter@717b4de2, org.springframework.security.web.authentication.www.BasicAuthenticationFilter@16a4e4c9, org.springframework.security.web.savedrequest.RequestCacheAwareFilter@2ffc9be, org.springframework.security.web.servletapi.SecurityContextHolderAwareRequestFilter@4005e63a, org.springframework.security.web.authentication.AnonymousAuthenticationFilter@121ec5c2, org.springframework.security.web.session.SessionManagementFilter@1c8d9ac9, org.springframework.security.web.access.ExceptionTranslationFilter@2aea7775, org.springframework.security.web.access.intercept.FilterSecurityInterceptor@53141d3f]
2020-05-22 13:35:05,886 INFO org.springframework.scheduling.concurrent.ExecutorConfigurationSupport [main] Initializing ExecutorService 'applicationTaskExecutor'
2020-05-22 13:35:06,378 INFO org.springframework.scheduling.concurrent.ExecutorConfigurationSupport [main] Initializing ExecutorService 'taskScheduler'
2020-05-22 13:35:06,500 INFO com.surshree.app.scheduling.CacheScheduler [scheduling-1] Clear user cache : START
2020-05-22 13:35:06,502 INFO com.surshree.app.scheduling.CacheScheduler [scheduling-1] Clear user cache : END
2020-05-22 13:35:06,503 INFO org.apache.juli.logging.DirectJDKLog [main] Starting ProtocolHandler ["http-nio-8080"]
2020-05-22 13:35:06,577 INFO org.springframework.boot.web.embedded.tomcat.TomcatWebServer [main] Tomcat started on port(s): 8080 (http) with context path ''
2020-05-22 13:35:06,585 INFO org.springframework.boot.StartupInfoLogger [main] Started SurShreeApplication in 15.745 seconds (JVM running for 16.704)
2020-05-22 13:36:26,576 INFO org.apache.juli.logging.DirectJDKLog [http-nio-8080-exec-2] Initializing Spring DispatcherServlet 'dispatcherServlet'
2020-05-22 13:36:26,577 INFO org.springframework.web.servlet.FrameworkServlet [http-nio-8080-exec-2] Initializing Servlet 'dispatcherServlet'
2020-05-22 13:36:26,612 INFO org.springframework.web.servlet.FrameworkServlet [http-nio-8080-exec-2] Completed initialization in 34 ms
2020-05-22 13:36:29,386 INFO com.surshree.app.services.CustomUserDetailsService [http-nio-8080-exec-5] Granted Authorities --> ROLE_ADMN
2020-05-22 13:36:29,387 INFO com.surshree.app.services.CustomUserDetailsService [http-nio-8080-exec-5] Granted Authorities --> ROLE_CONT
2020-05-22 13:36:29,388 INFO com.surshree.app.services.CustomUserDetailsService [http-nio-8080-exec-5] Granted Authorities --> FUNC_VIEW_ADMIN_MENU
2020-05-22 13:36:29,388 INFO com.surshree.app.services.CustomUserDetailsService [http-nio-8080-exec-5] Granted Authorities --> FUNC_CONT_MENU
2020-05-22 13:36:29,389 INFO com.surshree.app.services.CustomUserDetailsService [http-nio-8080-exec-5] Granted Authorities --> FUNC_CONT_MENU
2020-05-22 13:36:30,060 INFO com.surshree.app.services.CustomUserDetailsService [http-nio-8080-exec-7] Granted Authorities --> ROLE_ADMN
2020-05-22 13:36:30,062 INFO com.surshree.app.services.CustomUserDetailsService [http-nio-8080-exec-7] Granted Authorities --> ROLE_CONT
2020-05-22 13:36:30,063 INFO com.surshree.app.services.CustomUserDetailsService [http-nio-8080-exec-7] Granted Authorities --> FUNC_VIEW_ADMIN_MENU
2020-05-22 13:36:30,065 INFO com.surshree.app.services.CustomUserDetailsService [http-nio-8080-exec-7] Granted Authorities --> FUNC_CONT_MENU
2020-05-22 13:36:30,070 INFO com.surshree.app.services.CustomUserDetailsService [http-nio-8080-exec-7] Granted Authorities --> FUNC_CONT_MENU
2020-05-22 13:37:49,722 INFO com.surshree.app.services.CustomUserDetailsService [http-nio-8080-exec-2] Granted Authorities --> ROLE_ADMN
2020-05-22 13:37:49,725 INFO com.surshree.app.services.CustomUserDetailsService [http-nio-8080-exec-2] Granted Authorities --> ROLE_CONT
2020-05-22 13:37:49,726 INFO com.surshree.app.services.CustomUserDetailsService [http-nio-8080-exec-2] Granted Authorities --> FUNC_VIEW_ADMIN_MENU
2020-05-22 13:37:49,726 INFO com.surshree.app.services.CustomUserDetailsService [http-nio-8080-exec-2] Granted Authorities --> FUNC_CONT_MENU
2020-05-22 13:37:49,727 INFO com.surshree.app.services.CustomUserDetailsService [http-nio-8080-exec-2] Granted Authorities --> FUNC_CONT_MENU
2020-05-22 13:37:50,537 INFO com.surshree.app.services.CustomUserDetailsService [http-nio-8080-exec-4] Granted Authorities --> ROLE_ADMN
2020-05-22 13:37:50,538 INFO com.surshree.app.services.CustomUserDetailsService [http-nio-8080-exec-4] Granted Authorities --> ROLE_CONT
2020-05-22 13:37:50,538 INFO com.surshree.app.services.CustomUserDetailsService [http-nio-8080-exec-4] Granted Authorities --> FUNC_VIEW_ADMIN_MENU
2020-05-22 13:37:50,539 INFO com.surshree.app.services.CustomUserDetailsService [http-nio-8080-exec-4] Granted Authorities --> FUNC_CONT_MENU
2020-05-22 13:37:50,539 INFO com.surshree.app.services.CustomUserDetailsService [http-nio-8080-exec-4] Granted Authorities --> FUNC_CONT_MENU
2020-05-22 13:41:49,057 INFO com.surshree.app.services.CustomUserDetailsService [http-nio-8080-exec-2] Granted Authorities --> ROLE_ADMN
2020-05-22 13:41:49,062 INFO com.surshree.app.services.CustomUserDetailsService [http-nio-8080-exec-2] Granted Authorities --> ROLE_CONT
2020-05-22 13:41:49,063 INFO com.surshree.app.services.CustomUserDetailsService [http-nio-8080-exec-2] Granted Authorities --> FUNC_VIEW_ADMIN_MENU
2020-05-22 13:41:49,064 INFO com.surshree.app.services.CustomUserDetailsService [http-nio-8080-exec-2] Granted Authorities --> FUNC_CONT_MENU
2020-05-22 13:41:49,064 INFO com.surshree.app.services.CustomUserDetailsService [http-nio-8080-exec-2] Granted Authorities --> FUNC_CONT_MENU
2020-05-22 13:41:49,906 INFO com.surshree.app.services.CustomUserDetailsService [http-nio-8080-exec-4] Granted Authorities --> ROLE_ADMN
2020-05-22 13:41:49,907 INFO com.surshree.app.services.CustomUserDetailsService [http-nio-8080-exec-4] Granted Authorities --> ROLE_CONT
2020-05-22 13:41:49,907 INFO com.surshree.app.services.CustomUserDetailsService [http-nio-8080-exec-4] Granted Authorities --> FUNC_VIEW_ADMIN_MENU
2020-05-22 13:41:49,908 INFO com.surshree.app.services.CustomUserDetailsService [http-nio-8080-exec-4] Granted Authorities --> FUNC_CONT_MENU
2020-05-22 13:41:49,908 INFO com.surshree.app.services.CustomUserDetailsService [http-nio-8080-exec-4] Granted Authorities --> FUNC_CONT_MENU
2020-05-22 13:45:06,525 INFO com.surshree.app.scheduling.CacheScheduler [scheduling-1] Clear user cache : START
2020-05-22 13:45:06,528 INFO com.surshree.app.scheduling.CacheScheduler [scheduling-1] Clear user cache : END
2020-05-22 13:46:11,551 INFO com.surshree.app.services.CustomUserDetailsService [http-nio-8080-exec-6] Granted Authorities --> ROLE_ADMN
2020-05-22 13:46:11,554 INFO com.surshree.app.services.CustomUserDetailsService [http-nio-8080-exec-6] Granted Authorities --> ROLE_CONT
2020-05-22 13:46:11,555 INFO com.surshree.app.services.CustomUserDetailsService [http-nio-8080-exec-6] Granted Authorities --> FUNC_CONT_MENU
2020-05-22 13:46:11,555 INFO com.surshree.app.services.CustomUserDetailsService [http-nio-8080-exec-6] Granted Authorities --> FUNC_VIEW_ADMIN_MENU
2020-05-22 13:46:11,556 INFO com.surshree.app.services.CustomUserDetailsService [http-nio-8080-exec-6] Granted Authorities --> FUNC_CONT_MENU
2020-05-22 13:46:12,689 INFO com.surshree.app.services.CustomUserDetailsService [http-nio-8080-exec-5] Granted Authorities --> ROLE_ADMN
2020-05-22 13:46:12,691 INFO com.surshree.app.services.CustomUserDetailsService [http-nio-8080-exec-5] Granted Authorities --> ROLE_CONT
2020-05-22 13:46:12,692 INFO com.surshree.app.services.CustomUserDetailsService [http-nio-8080-exec-5] Granted Authorities --> FUNC_CONT_MENU
2020-05-22 13:46:12,693 INFO com.surshree.app.services.CustomUserDetailsService [http-nio-8080-exec-5] Granted Authorities --> FUNC_VIEW_ADMIN_MENU
2020-05-22 13:46:12,693 INFO com.surshree.app.services.CustomUserDetailsService [http-nio-8080-exec-5] Granted Authorities --> FUNC_CONT_MENU
2020-05-22 13:50:47,420 INFO com.surshree.app.services.CustomUserDetailsService [http-nio-8080-exec-3] Granted Authorities --> ROLE_ADMN
2020-05-22 13:50:47,421 INFO com.surshree.app.services.CustomUserDetailsService [http-nio-8080-exec-3] Granted Authorities --> ROLE_CONT
2020-05-22 13:50:47,422 INFO com.surshree.app.services.CustomUserDetailsService [http-nio-8080-exec-3] Granted Authorities --> FUNC_CONT_MENU
2020-05-22 13:50:47,422 INFO com.surshree.app.services.CustomUserDetailsService [http-nio-8080-exec-3] Granted Authorities --> FUNC_VIEW_ADMIN_MENU
2020-05-22 13:50:47,423 INFO com.surshree.app.services.CustomUserDetailsService [http-nio-8080-exec-3] Granted Authorities --> FUNC_CONT_MENU
2020-05-22 13:50:48,235 INFO com.surshree.app.services.CustomUserDetailsService [http-nio-8080-exec-8] Granted Authorities --> ROLE_ADMN
2020-05-22 13:50:48,236 INFO com.surshree.app.services.CustomUserDetailsService [http-nio-8080-exec-8] Granted Authorities --> ROLE_CONT
2020-05-22 13:50:48,236 INFO com.surshree.app.services.CustomUserDetailsService [http-nio-8080-exec-8] Granted Authorities --> FUNC_CONT_MENU
2020-05-22 13:50:48,237 INFO com.surshree.app.services.CustomUserDetailsService [http-nio-8080-exec-8] Granted Authorities --> FUNC_VIEW_ADMIN_MENU
2020-05-22 13:50:48,237 INFO com.surshree.app.services.CustomUserDetailsService [http-nio-8080-exec-8] Granted Authorities --> FUNC_CONT_MENU
2020-05-22 13:51:45,509 INFO com.surshree.app.services.CustomUserDetailsService [http-nio-8080-exec-4] Granted Authorities --> ROLE_ADMN
2020-05-22 13:51:45,512 INFO com.surshree.app.services.CustomUserDetailsService [http-nio-8080-exec-4] Granted Authorities --> ROLE_CONT
2020-05-22 13:51:45,513 INFO com.surshree.app.services.CustomUserDetailsService [http-nio-8080-exec-4] Granted Authorities --> FUNC_CONT_MENU
2020-05-22 13:51:45,514 INFO com.surshree.app.services.CustomUserDetailsService [http-nio-8080-exec-4] Granted Authorities --> FUNC_VIEW_ADMIN_MENU
2020-05-22 13:51:45,514 INFO com.surshree.app.services.CustomUserDetailsService [http-nio-8080-exec-4] Granted Authorities --> FUNC_CONT_MENU
2020-05-22 13:51:46,082 INFO com.surshree.app.services.CustomUserDetailsService [http-nio-8080-exec-6] Granted Authorities --> ROLE_ADMN
2020-05-22 13:51:46,083 INFO com.surshree.app.services.CustomUserDetailsService [http-nio-8080-exec-6] Granted Authorities --> ROLE_CONT
2020-05-22 13:51:46,084 INFO com.surshree.app.services.CustomUserDetailsService [http-nio-8080-exec-6] Granted Authorities --> FUNC_CONT_MENU
2020-05-22 13:51:46,085 INFO com.surshree.app.services.CustomUserDetailsService [http-nio-8080-exec-6] Granted Authorities --> FUNC_VIEW_ADMIN_MENU
2020-05-22 13:51:46,085 INFO com.surshree.app.services.CustomUserDetailsService [http-nio-8080-exec-6] Granted Authorities --> FUNC_CONT_MENU
2020-05-22 13:53:43,254 INFO com.surshree.app.services.CustomUserDetailsService [http-nio-8080-exec-4] Granted Authorities --> ROLE_ADMN
2020-05-22 13:53:43,256 INFO com.surshree.app.services.CustomUserDetailsService [http-nio-8080-exec-4] Granted Authorities --> ROLE_CONT
2020-05-22 13:53:43,257 INFO com.surshree.app.services.CustomUserDetailsService [http-nio-8080-exec-4] Granted Authorities --> FUNC_CONT_MENU
2020-05-22 13:53:43,258 INFO com.surshree.app.services.CustomUserDetailsService [http-nio-8080-exec-4] Granted Authorities --> FUNC_VIEW_ADMIN_MENU
2020-05-22 13:53:43,261 INFO com.surshree.app.services.CustomUserDetailsService [http-nio-8080-exec-4] Granted Authorities --> FUNC_CONT_MENU
2020-05-22 13:53:43,957 INFO com.surshree.app.services.CustomUserDetailsService [http-nio-8080-exec-6] Granted Authorities --> ROLE_ADMN
2020-05-22 13:53:43,958 INFO com.surshree.app.services.CustomUserDetailsService [http-nio-8080-exec-6] Granted Authorities --> ROLE_CONT
2020-05-22 13:53:43,960 INFO com.surshree.app.services.CustomUserDetailsService [http-nio-8080-exec-6] Granted Authorities --> FUNC_CONT_MENU
2020-05-22 13:53:43,961 INFO com.surshree.app.services.CustomUserDetailsService [http-nio-8080-exec-6] Granted Authorities --> FUNC_VIEW_ADMIN_MENU
2020-05-22 13:53:43,962 INFO com.surshree.app.services.CustomUserDetailsService [http-nio-8080-exec-6] Granted Authorities --> FUNC_CONT_MENU
2020-05-22 13:53:55,672 INFO com.surshree.app.services.CustomUserDetailsService [http-nio-8080-exec-9] Granted Authorities --> ROLE_ADMN
2020-05-22 13:53:55,674 INFO com.surshree.app.services.CustomUserDetailsService [http-nio-8080-exec-9] Granted Authorities --> ROLE_CONT
2020-05-22 13:53:55,679 INFO com.surshree.app.services.CustomUserDetailsService [http-nio-8080-exec-9] Granted Authorities --> FUNC_CONT_MENU
2020-05-22 13:53:55,681 INFO com.surshree.app.services.CustomUserDetailsService [http-nio-8080-exec-9] Granted Authorities --> FUNC_VIEW_ADMIN_MENU
2020-05-22 13:53:55,684 INFO com.surshree.app.services.CustomUserDetailsService [http-nio-8080-exec-9] Granted Authorities --> FUNC_CONT_MENU
2020-05-22 13:53:56,328 INFO com.surshree.app.services.CustomUserDetailsService [http-nio-8080-exec-2] Granted Authorities --> ROLE_ADMN
2020-05-22 13:53:56,330 INFO com.surshree.app.services.CustomUserDetailsService [http-nio-8080-exec-2] Granted Authorities --> ROLE_CONT
2020-05-22 13:53:56,332 INFO com.surshree.app.services.CustomUserDetailsService [http-nio-8080-exec-2] Granted Authorities --> FUNC_CONT_MENU
2020-05-22 13:53:56,333 INFO com.surshree.app.services.CustomUserDetailsService [http-nio-8080-exec-2] Granted Authorities --> FUNC_VIEW_ADMIN_MENU
2020-05-22 13:53:56,336 INFO com.surshree.app.services.CustomUserDetailsService [http-nio-8080-exec-2] Granted Authorities --> FUNC_CONT_MENU
2020-05-22 13:55:06,571 INFO com.surshree.app.scheduling.CacheScheduler [scheduling-1] Clear user cache : START
2020-05-22 13:55:06,591 INFO com.surshree.app.scheduling.CacheScheduler [scheduling-1] Clear user cache : END
2020-05-22 13:55:17,055 INFO com.surshree.app.services.CustomUserDetailsService [http-nio-8080-exec-5] Granted Authorities --> ROLE_CONT
2020-05-22 13:55:17,062 INFO com.surshree.app.services.CustomUserDetailsService [http-nio-8080-exec-5] Granted Authorities --> ROLE_ADMN
2020-05-22 13:55:17,062 INFO com.surshree.app.services.CustomUserDetailsService [http-nio-8080-exec-5] Granted Authorities --> FUNC_CONT_MENU
2020-05-22 13:55:17,063 INFO com.surshree.app.services.CustomUserDetailsService [http-nio-8080-exec-5] Granted Authorities --> FUNC_VIEW_ADMIN_MENU
2020-05-22 13:55:17,064 INFO com.surshree.app.services.CustomUserDetailsService [http-nio-8080-exec-5] Granted Authorities --> FUNC_CONT_MENU
2020-05-22 13:55:17,945 INFO com.surshree.app.services.CustomUserDetailsService [http-nio-8080-exec-8] Granted Authorities --> ROLE_CONT
2020-05-22 13:55:17,946 INFO com.surshree.app.services.CustomUserDetailsService [http-nio-8080-exec-8] Granted Authorities --> ROLE_ADMN
2020-05-22 13:55:17,947 INFO com.surshree.app.services.CustomUserDetailsService [http-nio-8080-exec-8] Granted Authorities --> FUNC_CONT_MENU
2020-05-22 13:55:17,948 INFO com.surshree.app.services.CustomUserDetailsService [http-nio-8080-exec-8] Granted Authorities --> FUNC_VIEW_ADMIN_MENU
2020-05-22 13:55:17,948 INFO com.surshree.app.services.CustomUserDetailsService [http-nio-8080-exec-8] Granted Authorities --> FUNC_CONT_MENU
2020-05-22 13:55:23,354 INFO com.surshree.app.services.CustomUserDetailsService [http-nio-8080-exec-4] Granted Authorities --> ROLE_CONT
2020-05-22 13:55:23,354 INFO com.surshree.app.services.CustomUserDetailsService [http-nio-8080-exec-4] Granted Authorities --> ROLE_ADMN
2020-05-22 13:55:23,355 INFO com.surshree.app.services.CustomUserDetailsService [http-nio-8080-exec-4] Granted Authorities --> FUNC_CONT_MENU
2020-05-22 13:55:23,356 INFO com.surshree.app.services.CustomUserDetailsService [http-nio-8080-exec-4] Granted Authorities --> FUNC_VIEW_ADMIN_MENU
2020-05-22 13:55:23,356 INFO com.surshree.app.services.CustomUserDetailsService [http-nio-8080-exec-4] Granted Authorities --> FUNC_CONT_MENU
2020-05-22 13:55:24,106 INFO com.surshree.app.services.CustomUserDetailsService [http-nio-8080-exec-3] Granted Authorities --> ROLE_CONT
2020-05-22 13:55:24,108 INFO com.surshree.app.services.CustomUserDetailsService [http-nio-8080-exec-3] Granted Authorities --> ROLE_ADMN
2020-05-22 13:55:24,109 INFO com.surshree.app.services.CustomUserDetailsService [http-nio-8080-exec-3] Granted Authorities --> FUNC_CONT_MENU
2020-05-22 13:55:24,109 INFO com.surshree.app.services.CustomUserDetailsService [http-nio-8080-exec-3] Granted Authorities --> FUNC_VIEW_ADMIN_MENU
2020-05-22 13:55:24,110 INFO com.surshree.app.services.CustomUserDetailsService [http-nio-8080-exec-3] Granted Authorities --> FUNC_CONT_MENU
2020-05-22 13:58:45,665 INFO com.surshree.app.services.CustomUserDetailsService [http-nio-8080-exec-2] Granted Authorities --> ROLE_CONT
2020-05-22 13:58:45,669 INFO com.surshree.app.services.CustomUserDetailsService [http-nio-8080-exec-2] Granted Authorities --> ROLE_ADMN
2020-05-22 13:58:45,669 INFO com.surshree.app.services.CustomUserDetailsService [http-nio-8080-exec-2] Granted Authorities --> FUNC_CONT_MENU
2020-05-22 13:58:45,670 INFO com.surshree.app.services.CustomUserDetailsService [http-nio-8080-exec-2] Granted Authorities --> FUNC_VIEW_ADMIN_MENU
2020-05-22 13:58:45,670 INFO com.surshree.app.services.CustomUserDetailsService [http-nio-8080-exec-2] Granted Authorities --> FUNC_CONT_MENU
2020-05-22 13:58:46,399 INFO com.surshree.app.services.CustomUserDetailsService [http-nio-8080-exec-6] Granted Authorities --> ROLE_CONT
2020-05-22 13:58:46,401 INFO com.surshree.app.services.CustomUserDetailsService [http-nio-8080-exec-6] Granted Authorities --> ROLE_ADMN
2020-05-22 13:58:46,402 INFO com.surshree.app.services.CustomUserDetailsService [http-nio-8080-exec-6] Granted Authorities --> FUNC_CONT_MENU
2020-05-22 13:58:46,403 INFO com.surshree.app.services.CustomUserDetailsService [http-nio-8080-exec-6] Granted Authorities --> FUNC_VIEW_ADMIN_MENU
2020-05-22 13:58:46,403 INFO com.surshree.app.services.CustomUserDetailsService [http-nio-8080-exec-6] Granted Authorities --> FUNC_CONT_MENU
2020-05-22 14:00:11,391 INFO com.surshree.app.services.CustomUserDetailsService [http-nio-8080-exec-4] Granted Authorities --> ROLE_CONT
2020-05-22 14:00:11,393 INFO com.surshree.app.services.CustomUserDetailsService [http-nio-8080-exec-4] Granted Authorities --> ROLE_ADMN
2020-05-22 14:00:11,395 INFO com.surshree.app.services.CustomUserDetailsService [http-nio-8080-exec-4] Granted Authorities --> FUNC_CONT_MENU
2020-05-22 14:00:11,396 INFO com.surshree.app.services.CustomUserDetailsService [http-nio-8080-exec-4] Granted Authorities --> FUNC_VIEW_ADMIN_MENU
2020-05-22 14:00:11,396 INFO com.surshree.app.services.CustomUserDetailsService [http-nio-8080-exec-4] Granted Authorities --> FUNC_CONT_MENU
2020-05-22 14:00:12,181 INFO com.surshree.app.services.CustomUserDetailsService [http-nio-8080-exec-3] Granted Authorities --> ROLE_CONT
2020-05-22 14:00:12,182 INFO com.surshree.app.services.CustomUserDetailsService [http-nio-8080-exec-3] Granted Authorities --> ROLE_ADMN
2020-05-22 14:00:12,184 INFO com.surshree.app.services.CustomUserDetailsService [http-nio-8080-exec-3] Granted Authorities --> FUNC_CONT_MENU
2020-05-22 14:00:12,185 INFO com.surshree.app.services.CustomUserDetailsService [http-nio-8080-exec-3] Granted Authorities --> FUNC_VIEW_ADMIN_MENU
2020-05-22 14:00:12,185 INFO com.surshree.app.services.CustomUserDetailsService [http-nio-8080-exec-3] Granted Authorities --> FUNC_CONT_MENU
2020-05-22 14:01:06,920 ERROR com.surshree.app.exception.CustomResponseEntityExceptionHandler [http-nio-8080-exec-7] java.io.IOException: Broken pipe
org.apache.catalina.connector.ClientAbortException: java.io.IOException: Broken pipe
	at org.apache.catalina.connector.OutputBuffer.realWriteBytes(OutputBuffer.java:351)
	at org.apache.catalina.connector.OutputBuffer.flushByteBuffer(OutputBuffer.java:776)
	at org.apache.catalina.connector.OutputBuffer.append(OutputBuffer.java:681)
	at org.apache.catalina.connector.OutputBuffer.writeBytes(OutputBuffer.java:386)
	at org.apache.catalina.connector.OutputBuffer.write(OutputBuffer.java:364)
	at org.apache.catalina.connector.CoyoteOutputStream.write(CoyoteOutputStream.java:96)
	at org.springframework.security.web.util.OnCommittedResponseWrapper$SaveContextServletOutputStream.write(OnCommittedResponseWrapper.java:645)
	at org.springframework.security.web.util.OnCommittedResponseWrapper$SaveContextServletOutputStream.write(OnCommittedResponseWrapper.java:645)
	at org.springframework.util.StreamUtils.copyRange(StreamUtils.java:180)
	at org.springframework.http.converter.ResourceRegionHttpMessageConverter.writeResourceRegion(ResourceRegionHttpMessageConverter.java:159)
	at org.springframework.http.converter.ResourceRegionHttpMessageConverter.writeInternal(ResourceRegionHttpMessageConverter.java:136)
	at org.springframework.http.converter.AbstractGenericHttpMessageConverter.write(AbstractGenericHttpMessageConverter.java:104)
	at org.springframework.web.servlet.mvc.method.annotation.AbstractMessageConverterMethodProcessor.writeWithMessageConverters(AbstractMessageConverterMethodProcessor.java:287)
	at org.springframework.web.servlet.mvc.method.annotation.HttpEntityMethodProcessor.handleReturnValue(HttpEntityMethodProcessor.java:219)
	at org.springframework.web.method.support.HandlerMethodReturnValueHandlerComposite.handleReturnValue(HandlerMethodReturnValueHandlerComposite.java:82)
	at org.springframework.web.servlet.mvc.method.annotation.ServletInvocableHandlerMethod.invokeAndHandle(ServletInvocableHandlerMethod.java:123)
	at org.springframework.web.servlet.mvc.method.annotation.RequestMappingHandlerAdapter.invokeHandlerMethod(RequestMappingHandlerAdapter.java:879)
	at org.springframework.web.servlet.mvc.method.annotation.RequestMappingHandlerAdapter.handleInternal(RequestMappingHandlerAdapter.java:793)
	at org.springframework.web.servlet.mvc.method.AbstractHandlerMethodAdapter.handle(AbstractHandlerMethodAdapter.java:87)
	at org.springframework.web.servlet.DispatcherServlet.doDispatch(DispatcherServlet.java:1040)
	at org.springframework.web.servlet.DispatcherServlet.doService(DispatcherServlet.java:943)
	at org.springframework.web.servlet.FrameworkServlet.processRequest(FrameworkServlet.java:1006)
	at org.springframework.web.servlet.FrameworkServlet.doGet(FrameworkServlet.java:898)
	at javax.servlet.http.HttpServlet.service(HttpServlet.java:634)
	at org.springframework.web.servlet.FrameworkServlet.service(FrameworkServlet.java:883)
	at javax.servlet.http.HttpServlet.service(HttpServlet.java:741)
	at org.apache.catalina.core.ApplicationFilterChain.internalDoFilter(ApplicationFilterChain.java:231)
	at org.apache.catalina.core.ApplicationFilterChain.doFilter(ApplicationFilterChain.java:166)
	at org.apache.tomcat.websocket.server.WsFilter.doFilter(WsFilter.java:53)
	at org.apache.catalina.core.ApplicationFilterChain.internalDoFilter(ApplicationFilterChain.java:193)
	at org.apache.catalina.core.ApplicationFilterChain.doFilter(ApplicationFilterChain.java:166)
	at org.springframework.security.web.FilterChainProxy$VirtualFilterChain.doFilter(FilterChainProxy.java:320)
	at org.springframework.security.web.access.intercept.FilterSecurityInterceptor.invoke(FilterSecurityInterceptor.java:126)
	at org.springframework.security.web.access.intercept.FilterSecurityInterceptor.doFilter(FilterSecurityInterceptor.java:90)
	at org.springframework.security.web.FilterChainProxy$VirtualFilterChain.doFilter(FilterChainProxy.java:334)
	at org.springframework.security.web.access.ExceptionTranslationFilter.doFilter(ExceptionTranslationFilter.java:118)
	at org.springframework.security.web.FilterChainProxy$VirtualFilterChain.doFilter(FilterChainProxy.java:334)
	at org.springframework.security.web.session.SessionManagementFilter.doFilter(SessionManagementFilter.java:137)
	at org.springframework.security.web.FilterChainProxy$VirtualFilterChain.doFilter(FilterChainProxy.java:334)
	at org.springframework.security.web.authentication.AnonymousAuthenticationFilter.doFilter(AnonymousAuthenticationFilter.java:111)
	at org.springframework.security.web.FilterChainProxy$VirtualFilterChain.doFilter(FilterChainProxy.java:334)
	at org.springframework.security.web.servletapi.SecurityContextHolderAwareRequestFilter.doFilter(SecurityContextHolderAwareRequestFilter.java:158)
	at org.springframework.security.web.FilterChainProxy$VirtualFilterChain.doFilter(FilterChainProxy.java:334)
	at org.springframework.security.web.savedrequest.RequestCacheAwareFilter.doFilter(RequestCacheAwareFilter.java:63)
	at org.springframework.security.web.FilterChainProxy$VirtualFilterChain.doFilter(FilterChainProxy.java:334)
	at org.springframework.security.web.authentication.www.BasicAuthenticationFilter.doFilterInternal(BasicAuthenticationFilter.java:155)
	at org.springframework.web.filter.OncePerRequestFilter.doFilter(OncePerRequestFilter.java:119)
	at org.springframework.security.web.FilterChainProxy$VirtualFilterChain.doFilter(FilterChainProxy.java:334)
	at org.springframework.security.web.authentication.logout.LogoutFilter.doFilter(LogoutFilter.java:116)
	at org.springframework.security.web.FilterChainProxy$VirtualFilterChain.doFilter(FilterChainProxy.java:334)
	at org.springframework.web.filter.CorsFilter.doFilterInternal(CorsFilter.java:92)
	at org.springframework.web.filter.OncePerRequestFilter.doFilter(OncePerRequestFilter.java:119)
	at org.springframework.security.web.FilterChainProxy$VirtualFilterChain.doFilter(FilterChainProxy.java:334)
	at org.springframework.security.web.header.HeaderWriterFilter.doHeadersAfter(HeaderWriterFilter.java:92)
	at org.springframework.security.web.header.HeaderWriterFilter.doFilterInternal(HeaderWriterFilter.java:77)
	at org.springframework.web.filter.OncePerRequestFilter.doFilter(OncePerRequestFilter.java:119)
	at org.springframework.security.web.FilterChainProxy$VirtualFilterChain.doFilter(FilterChainProxy.java:334)
	at org.springframework.security.web.context.SecurityContextPersistenceFilter.doFilter(SecurityContextPersistenceFilter.java:105)
	at org.springframework.security.web.FilterChainProxy$VirtualFilterChain.doFilter(FilterChainProxy.java:334)
	at org.springframework.security.web.context.request.async.WebAsyncManagerIntegrationFilter.doFilterInternal(WebAsyncManagerIntegrationFilter.java:56)
	at org.springframework.web.filter.OncePerRequestFilter.doFilter(OncePerRequestFilter.java:119)
	at org.springframework.security.web.FilterChainProxy$VirtualFilterChain.doFilter(FilterChainProxy.java:334)
	at org.springframework.security.web.FilterChainProxy.doFilterInternal(FilterChainProxy.java:215)
	at org.springframework.security.web.FilterChainProxy.doFilter(FilterChainProxy.java:178)
	at org.springframework.web.filter.DelegatingFilterProxy.invokeDelegate(DelegatingFilterProxy.java:358)
	at org.springframework.web.filter.DelegatingFilterProxy.doFilter(DelegatingFilterProxy.java:271)
	at org.apache.catalina.core.ApplicationFilterChain.internalDoFilter(ApplicationFilterChain.java:193)
	at org.apache.catalina.core.ApplicationFilterChain.doFilter(ApplicationFilterChain.java:166)
	at org.springframework.web.filter.RequestContextFilter.doFilterInternal(RequestContextFilter.java:100)
	at org.springframework.web.filter.OncePerRequestFilter.doFilter(OncePerRequestFilter.java:119)
	at org.apache.catalina.core.ApplicationFilterChain.internalDoFilter(ApplicationFilterChain.java:193)
	at org.apache.catalina.core.ApplicationFilterChain.doFilter(ApplicationFilterChain.java:166)
	at org.springframework.web.filter.FormContentFilter.doFilterInternal(FormContentFilter.java:93)
	at org.springframework.web.filter.OncePerRequestFilter.doFilter(OncePerRequestFilter.java:119)
	at org.apache.catalina.core.ApplicationFilterChain.internalDoFilter(ApplicationFilterChain.java:193)
	at org.apache.catalina.core.ApplicationFilterChain.doFilter(ApplicationFilterChain.java:166)
	at org.springframework.boot.actuate.metrics.web.servlet.WebMvcMetricsFilter.doFilterInternal(WebMvcMetricsFilter.java:109)
	at org.springframework.web.filter.OncePerRequestFilter.doFilter(OncePerRequestFilter.java:119)
	at org.apache.catalina.core.ApplicationFilterChain.internalDoFilter(ApplicationFilterChain.java:193)
	at org.apache.catalina.core.ApplicationFilterChain.doFilter(ApplicationFilterChain.java:166)
	at org.springframework.web.filter.CharacterEncodingFilter.doFilterInternal(CharacterEncodingFilter.java:201)
	at org.springframework.web.filter.OncePerRequestFilter.doFilter(OncePerRequestFilter.java:119)
	at org.apache.catalina.core.ApplicationFilterChain.internalDoFilter(ApplicationFilterChain.java:193)
	at org.apache.catalina.core.ApplicationFilterChain.doFilter(ApplicationFilterChain.java:166)
	at org.apache.catalina.core.StandardWrapperValve.invoke(StandardWrapperValve.java:202)
	at org.apache.catalina.core.StandardContextValve.invoke(StandardContextValve.java:96)
	at org.apache.catalina.authenticator.AuthenticatorBase.invoke(AuthenticatorBase.java:541)
	at org.apache.catalina.core.StandardHostValve.invoke(StandardHostValve.java:139)
	at org.apache.catalina.valves.ErrorReportValve.invoke(ErrorReportValve.java:92)
	at org.apache.catalina.core.StandardEngineValve.invoke(StandardEngineValve.java:74)
	at org.apache.catalina.connector.CoyoteAdapter.service(CoyoteAdapter.java:343)
	at org.apache.coyote.http11.Http11Processor.service(Http11Processor.java:373)
	at org.apache.coyote.AbstractProcessorLight.process(AbstractProcessorLight.java:65)
	at org.apache.coyote.AbstractProtocol$ConnectionHandler.process(AbstractProtocol.java:868)
	at org.apache.tomcat.util.net.NioEndpoint$SocketProcessor.doRun(NioEndpoint.java:1594)
	at org.apache.tomcat.util.net.SocketProcessorBase.run(SocketProcessorBase.java:49)
	at java.base/java.util.concurrent.ThreadPoolExecutor.runWorker(ThreadPoolExecutor.java:1128)
	at java.base/java.util.concurrent.ThreadPoolExecutor$Worker.run(ThreadPoolExecutor.java:628)
	at org.apache.tomcat.util.threads.TaskThread$WrappingRunnable.run(TaskThread.java:61)
	at java.base/java.lang.Thread.run(Thread.java:834)
Caused by: java.io.IOException: Broken pipe
	at java.base/sun.nio.ch.FileDispatcherImpl.write0(Native Method)
	at java.base/sun.nio.ch.SocketDispatcher.write(SocketDispatcher.java:47)
	at java.base/sun.nio.ch.IOUtil.writeFromNativeBuffer(IOUtil.java:113)
	at java.base/sun.nio.ch.IOUtil.write(IOUtil.java:79)
	at java.base/sun.nio.ch.IOUtil.write(IOUtil.java:50)
	at java.base/sun.nio.ch.SocketChannelImpl.write(SocketChannelImpl.java:466)
	at org.apache.tomcat.util.net.NioChannel.write(NioChannel.java:138)
	at org.apache.tomcat.util.net.NioBlockingSelector.write(NioBlockingSelector.java:101)
	at org.apache.tomcat.util.net.NioSelectorPool.write(NioSelectorPool.java:152)
	at org.apache.tomcat.util.net.NioEndpoint$NioSocketWrapper.doWrite(NioEndpoint.java:1253)
	at org.apache.tomcat.util.net.SocketWrapperBase.doWrite(SocketWrapperBase.java:740)
	at org.apache.tomcat.util.net.SocketWrapperBase.writeBlocking(SocketWrapperBase.java:560)
	at org.apache.tomcat.util.net.SocketWrapperBase.write(SocketWrapperBase.java:504)
	at org.apache.coyote.http11.Http11OutputBuffer$SocketOutputBuffer.doWrite(Http11OutputBuffer.java:538)
	at org.apache.coyote.http11.filters.IdentityOutputFilter.doWrite(IdentityOutputFilter.java:73)
	at org.apache.coyote.http11.Http11OutputBuffer.doWrite(Http11OutputBuffer.java:190)
	at org.apache.coyote.Response.doWrite(Response.java:601)
	at org.apache.catalina.connector.OutputBuffer.realWriteBytes(OutputBuffer.java:339)
	... 99 common frames omitted
2020-05-22 14:01:06,973 WARN org.springframework.web.servlet.mvc.method.annotation.ExceptionHandlerExceptionResolver [http-nio-8080-exec-7] Failure in @ExceptionHandler com.surshree.app.exception.CustomResponseEntityExceptionHandler#handleAllException(Exception, WebRequest)
org.springframework.http.converter.HttpMessageNotWritableException: No converter for [class com.surshree.app.exception.ExceptionMessage] with preset Content-Type 'video/mp4'
	at org.springframework.web.servlet.mvc.method.annotation.AbstractMessageConverterMethodProcessor.writeWithMessageConverters(AbstractMessageConverterMethodProcessor.java:309)
	at org.springframework.web.servlet.mvc.method.annotation.HttpEntityMethodProcessor.handleReturnValue(HttpEntityMethodProcessor.java:219)
	at org.springframework.web.method.support.HandlerMethodReturnValueHandlerComposite.handleReturnValue(HandlerMethodReturnValueHandlerComposite.java:82)
	at org.springframework.web.servlet.mvc.method.annotation.ServletInvocableHandlerMethod.invokeAndHandle(ServletInvocableHandlerMethod.java:123)
	at org.springframework.web.servlet.mvc.method.annotation.ExceptionHandlerExceptionResolver.doResolveHandlerMethodException(ExceptionHandlerExceptionResolver.java:403)
	at org.springframework.web.servlet.handler.AbstractHandlerMethodExceptionResolver.doResolveException(AbstractHandlerMethodExceptionResolver.java:61)
	at org.springframework.web.servlet.handler.AbstractHandlerExceptionResolver.resolveException(AbstractHandlerExceptionResolver.java:141)
	at org.springframework.web.servlet.handler.HandlerExceptionResolverComposite.resolveException(HandlerExceptionResolverComposite.java:80)
	at org.springframework.web.servlet.DispatcherServlet.processHandlerException(DispatcherServlet.java:1300)
	at org.springframework.web.servlet.DispatcherServlet.processDispatchResult(DispatcherServlet.java:1111)
	at org.springframework.web.servlet.DispatcherServlet.doDispatch(DispatcherServlet.java:1057)
	at org.springframework.web.servlet.DispatcherServlet.doService(DispatcherServlet.java:943)
	at org.springframework.web.servlet.FrameworkServlet.processRequest(FrameworkServlet.java:1006)
	at org.springframework.web.servlet.FrameworkServlet.doGet(FrameworkServlet.java:898)
	at javax.servlet.http.HttpServlet.service(HttpServlet.java:634)
	at org.springframework.web.servlet.FrameworkServlet.service(FrameworkServlet.java:883)
	at javax.servlet.http.HttpServlet.service(HttpServlet.java:741)
	at org.apache.catalina.core.ApplicationFilterChain.internalDoFilter(ApplicationFilterChain.java:231)
	at org.apache.catalina.core.ApplicationFilterChain.doFilter(ApplicationFilterChain.java:166)
	at org.apache.tomcat.websocket.server.WsFilter.doFilter(WsFilter.java:53)
	at org.apache.catalina.core.ApplicationFilterChain.internalDoFilter(ApplicationFilterChain.java:193)
	at org.apache.catalina.core.ApplicationFilterChain.doFilter(ApplicationFilterChain.java:166)
	at org.springframework.security.web.FilterChainProxy$VirtualFilterChain.doFilter(FilterChainProxy.java:320)
	at org.springframework.security.web.access.intercept.FilterSecurityInterceptor.invoke(FilterSecurityInterceptor.java:126)
	at org.springframework.security.web.access.intercept.FilterSecurityInterceptor.doFilter(FilterSecurityInterceptor.java:90)
	at org.springframework.security.web.FilterChainProxy$VirtualFilterChain.doFilter(FilterChainProxy.java:334)
	at org.springframework.security.web.access.ExceptionTranslationFilter.doFilter(ExceptionTranslationFilter.java:118)
	at org.springframework.security.web.FilterChainProxy$VirtualFilterChain.doFilter(FilterChainProxy.java:334)
	at org.springframework.security.web.session.SessionManagementFilter.doFilter(SessionManagementFilter.java:137)
	at org.springframework.security.web.FilterChainProxy$VirtualFilterChain.doFilter(FilterChainProxy.java:334)
	at org.springframework.security.web.authentication.AnonymousAuthenticationFilter.doFilter(AnonymousAuthenticationFilter.java:111)
	at org.springframework.security.web.FilterChainProxy$VirtualFilterChain.doFilter(FilterChainProxy.java:334)
	at org.springframework.security.web.servletapi.SecurityContextHolderAwareRequestFilter.doFilter(SecurityContextHolderAwareRequestFilter.java:158)
	at org.springframework.security.web.FilterChainProxy$VirtualFilterChain.doFilter(FilterChainProxy.java:334)
	at org.springframework.security.web.savedrequest.RequestCacheAwareFilter.doFilter(RequestCacheAwareFilter.java:63)
	at org.springframework.security.web.FilterChainProxy$VirtualFilterChain.doFilter(FilterChainProxy.java:334)
	at org.springframework.security.web.authentication.www.BasicAuthenticationFilter.doFilterInternal(BasicAuthenticationFilter.java:155)
	at org.springframework.web.filter.OncePerRequestFilter.doFilter(OncePerRequestFilter.java:119)
	at org.springframework.security.web.FilterChainProxy$VirtualFilterChain.doFilter(FilterChainProxy.java:334)
	at org.springframework.security.web.authentication.logout.LogoutFilter.doFilter(LogoutFilter.java:116)
	at org.springframework.security.web.FilterChainProxy$VirtualFilterChain.doFilter(FilterChainProxy.java:334)
	at org.springframework.web.filter.CorsFilter.doFilterInternal(CorsFilter.java:92)
	at org.springframework.web.filter.OncePerRequestFilter.doFilter(OncePerRequestFilter.java:119)
	at org.springframework.security.web.FilterChainProxy$VirtualFilterChain.doFilter(FilterChainProxy.java:334)
	at org.springframework.security.web.header.HeaderWriterFilter.doHeadersAfter(HeaderWriterFilter.java:92)
	at org.springframework.security.web.header.HeaderWriterFilter.doFilterInternal(HeaderWriterFilter.java:77)
	at org.springframework.web.filter.OncePerRequestFilter.doFilter(OncePerRequestFilter.java:119)
	at org.springframework.security.web.FilterChainProxy$VirtualFilterChain.doFilter(FilterChainProxy.java:334)
	at org.springframework.security.web.context.SecurityContextPersistenceFilter.doFilter(SecurityContextPersistenceFilter.java:105)
	at org.springframework.security.web.FilterChainProxy$VirtualFilterChain.doFilter(FilterChainProxy.java:334)
	at org.springframework.security.web.context.request.async.WebAsyncManagerIntegrationFilter.doFilterInternal(WebAsyncManagerIntegrationFilter.java:56)
	at org.springframework.web.filter.OncePerRequestFilter.doFilter(OncePerRequestFilter.java:119)
	at org.springframework.security.web.FilterChainProxy$VirtualFilterChain.doFilter(FilterChainProxy.java:334)
	at org.springframework.security.web.FilterChainProxy.doFilterInternal(FilterChainProxy.java:215)
	at org.springframework.security.web.FilterChainProxy.doFilter(FilterChainProxy.java:178)
	at org.springframework.web.filter.DelegatingFilterProxy.invokeDelegate(DelegatingFilterProxy.java:358)
	at org.springframework.web.filter.DelegatingFilterProxy.doFilter(DelegatingFilterProxy.java:271)
	at org.apache.catalina.core.ApplicationFilterChain.internalDoFilter(ApplicationFilterChain.java:193)
	at org.apache.catalina.core.ApplicationFilterChain.doFilter(ApplicationFilterChain.java:166)
	at org.springframework.web.filter.RequestContextFilter.doFilterInternal(RequestContextFilter.java:100)
	at org.springframework.web.filter.OncePerRequestFilter.doFilter(OncePerRequestFilter.java:119)
	at org.apache.catalina.core.ApplicationFilterChain.internalDoFilter(ApplicationFilterChain.java:193)
	at org.apache.catalina.core.ApplicationFilterChain.doFilter(ApplicationFilterChain.java:166)
	at org.springframework.web.filter.FormContentFilter.doFilterInternal(FormContentFilter.java:93)
	at org.springframework.web.filter.OncePerRequestFilter.doFilter(OncePerRequestFilter.java:119)
	at org.apache.catalina.core.ApplicationFilterChain.internalDoFilter(ApplicationFilterChain.java:193)
	at org.apache.catalina.core.ApplicationFilterChain.doFilter(ApplicationFilterChain.java:166)
	at org.springframework.boot.actuate.metrics.web.servlet.WebMvcMetricsFilter.doFilterInternal(WebMvcMetricsFilter.java:109)
	at org.springframework.web.filter.OncePerRequestFilter.doFilter(OncePerRequestFilter.java:119)
	at org.apache.catalina.core.ApplicationFilterChain.internalDoFilter(ApplicationFilterChain.java:193)
	at org.apache.catalina.core.ApplicationFilterChain.doFilter(ApplicationFilterChain.java:166)
	at org.springframework.web.filter.CharacterEncodingFilter.doFilterInternal(CharacterEncodingFilter.java:201)
	at org.springframework.web.filter.OncePerRequestFilter.doFilter(OncePerRequestFilter.java:119)
	at org.apache.catalina.core.ApplicationFilterChain.internalDoFilter(ApplicationFilterChain.java:193)
	at org.apache.catalina.core.ApplicationFilterChain.doFilter(ApplicationFilterChain.java:166)
	at org.apache.catalina.core.StandardWrapperValve.invoke(StandardWrapperValve.java:202)
	at org.apache.catalina.core.StandardContextValve.invoke(StandardContextValve.java:96)
	at org.apache.catalina.authenticator.AuthenticatorBase.invoke(AuthenticatorBase.java:541)
	at org.apache.catalina.core.StandardHostValve.invoke(StandardHostValve.java:139)
	at org.apache.catalina.valves.ErrorReportValve.invoke(ErrorReportValve.java:92)
	at org.apache.catalina.core.StandardEngineValve.invoke(StandardEngineValve.java:74)
	at org.apache.catalina.connector.CoyoteAdapter.service(CoyoteAdapter.java:343)
	at org.apache.coyote.http11.Http11Processor.service(Http11Processor.java:373)
	at org.apache.coyote.AbstractProcessorLight.process(AbstractProcessorLight.java:65)
	at org.apache.coyote.AbstractProtocol$ConnectionHandler.process(AbstractProtocol.java:868)
	at org.apache.tomcat.util.net.NioEndpoint$SocketProcessor.doRun(NioEndpoint.java:1594)
	at org.apache.tomcat.util.net.SocketProcessorBase.run(SocketProcessorBase.java:49)
	at java.base/java.util.concurrent.ThreadPoolExecutor.runWorker(ThreadPoolExecutor.java:1128)
	at java.base/java.util.concurrent.ThreadPoolExecutor$Worker.run(ThreadPoolExecutor.java:628)
	at org.apache.tomcat.util.threads.TaskThread$WrappingRunnable.run(TaskThread.java:61)
	at java.base/java.lang.Thread.run(Thread.java:834)
2020-05-22 14:03:20,775 INFO com.surshree.app.services.CustomUserDetailsService [http-nio-8080-exec-7] Granted Authorities --> ROLE_CONT
2020-05-22 14:03:20,778 INFO com.surshree.app.services.CustomUserDetailsService [http-nio-8080-exec-7] Granted Authorities --> ROLE_ADMN
2020-05-22 14:03:20,778 INFO com.surshree.app.services.CustomUserDetailsService [http-nio-8080-exec-7] Granted Authorities --> FUNC_CONT_MENU
2020-05-22 14:03:20,778 INFO com.surshree.app.services.CustomUserDetailsService [http-nio-8080-exec-7] Granted Authorities --> FUNC_VIEW_ADMIN_MENU
2020-05-22 14:03:20,779 INFO com.surshree.app.services.CustomUserDetailsService [http-nio-8080-exec-7] Granted Authorities --> FUNC_CONT_MENU
2020-05-22 14:03:21,456 INFO com.surshree.app.services.CustomUserDetailsService [http-nio-8080-exec-10] Granted Authorities --> ROLE_CONT
2020-05-22 14:03:21,460 INFO com.surshree.app.services.CustomUserDetailsService [http-nio-8080-exec-10] Granted Authorities --> ROLE_ADMN
2020-05-22 14:03:21,467 INFO com.surshree.app.services.CustomUserDetailsService [http-nio-8080-exec-10] Granted Authorities --> FUNC_CONT_MENU
2020-05-22 14:03:21,468 INFO com.surshree.app.services.CustomUserDetailsService [http-nio-8080-exec-10] Granted Authorities --> FUNC_VIEW_ADMIN_MENU
2020-05-22 14:03:21,469 INFO com.surshree.app.services.CustomUserDetailsService [http-nio-8080-exec-10] Granted Authorities --> FUNC_CONT_MENU
2020-05-22 14:05:06,609 INFO com.surshree.app.scheduling.CacheScheduler [scheduling-1] Clear user cache : START
2020-05-22 14:05:06,621 INFO com.surshree.app.scheduling.CacheScheduler [scheduling-1] Clear user cache : END
2020-05-22 14:06:20,377 INFO com.surshree.app.services.CustomUserDetailsService [http-nio-8080-exec-10] Granted Authorities --> ROLE_CONT
2020-05-22 14:06:20,378 INFO com.surshree.app.services.CustomUserDetailsService [http-nio-8080-exec-10] Granted Authorities --> ROLE_ADMN
2020-05-22 14:06:20,381 INFO com.surshree.app.services.CustomUserDetailsService [http-nio-8080-exec-10] Granted Authorities --> FUNC_CONT_MENU
2020-05-22 14:06:20,384 INFO com.surshree.app.services.CustomUserDetailsService [http-nio-8080-exec-10] Granted Authorities --> FUNC_CONT_MENU
2020-05-22 14:06:20,385 INFO com.surshree.app.services.CustomUserDetailsService [http-nio-8080-exec-10] Granted Authorities --> FUNC_VIEW_ADMIN_MENU
2020-05-22 14:06:20,896 INFO com.surshree.app.services.CustomUserDetailsService [http-nio-8080-exec-2] Granted Authorities --> ROLE_CONT
2020-05-22 14:06:20,898 INFO com.surshree.app.services.CustomUserDetailsService [http-nio-8080-exec-2] Granted Authorities --> ROLE_ADMN
2020-05-22 14:06:20,901 INFO com.surshree.app.services.CustomUserDetailsService [http-nio-8080-exec-2] Granted Authorities --> FUNC_CONT_MENU
2020-05-22 14:06:20,902 INFO com.surshree.app.services.CustomUserDetailsService [http-nio-8080-exec-2] Granted Authorities --> FUNC_CONT_MENU
2020-05-22 14:06:20,903 INFO com.surshree.app.services.CustomUserDetailsService [http-nio-8080-exec-2] Granted Authorities --> FUNC_VIEW_ADMIN_MENU
2020-05-22 14:06:43,779 ERROR com.surshree.app.exception.CustomResponseEntityExceptionHandler [http-nio-8080-exec-6] java.io.IOException: Broken pipe
org.apache.catalina.connector.ClientAbortException: java.io.IOException: Broken pipe
	at org.apache.catalina.connector.OutputBuffer.realWriteBytes(OutputBuffer.java:351)
	at org.apache.catalina.connector.OutputBuffer.flushByteBuffer(OutputBuffer.java:776)
	at org.apache.catalina.connector.OutputBuffer.append(OutputBuffer.java:681)
	at org.apache.catalina.connector.OutputBuffer.writeBytes(OutputBuffer.java:386)
	at org.apache.catalina.connector.OutputBuffer.write(OutputBuffer.java:364)
	at org.apache.catalina.connector.CoyoteOutputStream.write(CoyoteOutputStream.java:96)
	at org.springframework.security.web.util.OnCommittedResponseWrapper$SaveContextServletOutputStream.write(OnCommittedResponseWrapper.java:645)
	at org.springframework.security.web.util.OnCommittedResponseWrapper$SaveContextServletOutputStream.write(OnCommittedResponseWrapper.java:645)
	at org.springframework.util.StreamUtils.copyRange(StreamUtils.java:180)
	at org.springframework.http.converter.ResourceRegionHttpMessageConverter.writeResourceRegion(ResourceRegionHttpMessageConverter.java:159)
	at org.springframework.http.converter.ResourceRegionHttpMessageConverter.writeInternal(ResourceRegionHttpMessageConverter.java:136)
	at org.springframework.http.converter.AbstractGenericHttpMessageConverter.write(AbstractGenericHttpMessageConverter.java:104)
	at org.springframework.web.servlet.mvc.method.annotation.AbstractMessageConverterMethodProcessor.writeWithMessageConverters(AbstractMessageConverterMethodProcessor.java:287)
	at org.springframework.web.servlet.mvc.method.annotation.HttpEntityMethodProcessor.handleReturnValue(HttpEntityMethodProcessor.java:219)
	at org.springframework.web.method.support.HandlerMethodReturnValueHandlerComposite.handleReturnValue(HandlerMethodReturnValueHandlerComposite.java:82)
	at org.springframework.web.servlet.mvc.method.annotation.ServletInvocableHandlerMethod.invokeAndHandle(ServletInvocableHandlerMethod.java:123)
	at org.springframework.web.servlet.mvc.method.annotation.RequestMappingHandlerAdapter.invokeHandlerMethod(RequestMappingHandlerAdapter.java:879)
	at org.springframework.web.servlet.mvc.method.annotation.RequestMappingHandlerAdapter.handleInternal(RequestMappingHandlerAdapter.java:793)
	at org.springframework.web.servlet.mvc.method.AbstractHandlerMethodAdapter.handle(AbstractHandlerMethodAdapter.java:87)
	at org.springframework.web.servlet.DispatcherServlet.doDispatch(DispatcherServlet.java:1040)
	at org.springframework.web.servlet.DispatcherServlet.doService(DispatcherServlet.java:943)
	at org.springframework.web.servlet.FrameworkServlet.processRequest(FrameworkServlet.java:1006)
	at org.springframework.web.servlet.FrameworkServlet.doGet(FrameworkServlet.java:898)
	at javax.servlet.http.HttpServlet.service(HttpServlet.java:634)
	at org.springframework.web.servlet.FrameworkServlet.service(FrameworkServlet.java:883)
	at javax.servlet.http.HttpServlet.service(HttpServlet.java:741)
	at org.apache.catalina.core.ApplicationFilterChain.internalDoFilter(ApplicationFilterChain.java:231)
	at org.apache.catalina.core.ApplicationFilterChain.doFilter(ApplicationFilterChain.java:166)
	at org.apache.tomcat.websocket.server.WsFilter.doFilter(WsFilter.java:53)
	at org.apache.catalina.core.ApplicationFilterChain.internalDoFilter(ApplicationFilterChain.java:193)
	at org.apache.catalina.core.ApplicationFilterChain.doFilter(ApplicationFilterChain.java:166)
	at org.springframework.security.web.FilterChainProxy$VirtualFilterChain.doFilter(FilterChainProxy.java:320)
	at org.springframework.security.web.access.intercept.FilterSecurityInterceptor.invoke(FilterSecurityInterceptor.java:126)
	at org.springframework.security.web.access.intercept.FilterSecurityInterceptor.doFilter(FilterSecurityInterceptor.java:90)
	at org.springframework.security.web.FilterChainProxy$VirtualFilterChain.doFilter(FilterChainProxy.java:334)
	at org.springframework.security.web.access.ExceptionTranslationFilter.doFilter(ExceptionTranslationFilter.java:118)
	at org.springframework.security.web.FilterChainProxy$VirtualFilterChain.doFilter(FilterChainProxy.java:334)
	at org.springframework.security.web.session.SessionManagementFilter.doFilter(SessionManagementFilter.java:137)
	at org.springframework.security.web.FilterChainProxy$VirtualFilterChain.doFilter(FilterChainProxy.java:334)
	at org.springframework.security.web.authentication.AnonymousAuthenticationFilter.doFilter(AnonymousAuthenticationFilter.java:111)
	at org.springframework.security.web.FilterChainProxy$VirtualFilterChain.doFilter(FilterChainProxy.java:334)
	at org.springframework.security.web.servletapi.SecurityContextHolderAwareRequestFilter.doFilter(SecurityContextHolderAwareRequestFilter.java:158)
	at org.springframework.security.web.FilterChainProxy$VirtualFilterChain.doFilter(FilterChainProxy.java:334)
	at org.springframework.security.web.savedrequest.RequestCacheAwareFilter.doFilter(RequestCacheAwareFilter.java:63)
	at org.springframework.security.web.FilterChainProxy$VirtualFilterChain.doFilter(FilterChainProxy.java:334)
	at org.springframework.security.web.authentication.www.BasicAuthenticationFilter.doFilterInternal(BasicAuthenticationFilter.java:155)
	at org.springframework.web.filter.OncePerRequestFilter.doFilter(OncePerRequestFilter.java:119)
	at org.springframework.security.web.FilterChainProxy$VirtualFilterChain.doFilter(FilterChainProxy.java:334)
	at org.springframework.security.web.authentication.logout.LogoutFilter.doFilter(LogoutFilter.java:116)
	at org.springframework.security.web.FilterChainProxy$VirtualFilterChain.doFilter(FilterChainProxy.java:334)
	at org.springframework.web.filter.CorsFilter.doFilterInternal(CorsFilter.java:92)
	at org.springframework.web.filter.OncePerRequestFilter.doFilter(OncePerRequestFilter.java:119)
	at org.springframework.security.web.FilterChainProxy$VirtualFilterChain.doFilter(FilterChainProxy.java:334)
	at org.springframework.security.web.header.HeaderWriterFilter.doHeadersAfter(HeaderWriterFilter.java:92)
	at org.springframework.security.web.header.HeaderWriterFilter.doFilterInternal(HeaderWriterFilter.java:77)
	at org.springframework.web.filter.OncePerRequestFilter.doFilter(OncePerRequestFilter.java:119)
	at org.springframework.security.web.FilterChainProxy$VirtualFilterChain.doFilter(FilterChainProxy.java:334)
	at org.springframework.security.web.context.SecurityContextPersistenceFilter.doFilter(SecurityContextPersistenceFilter.java:105)
	at org.springframework.security.web.FilterChainProxy$VirtualFilterChain.doFilter(FilterChainProxy.java:334)
	at org.springframework.security.web.context.request.async.WebAsyncManagerIntegrationFilter.doFilterInternal(WebAsyncManagerIntegrationFilter.java:56)
	at org.springframework.web.filter.OncePerRequestFilter.doFilter(OncePerRequestFilter.java:119)
	at org.springframework.security.web.FilterChainProxy$VirtualFilterChain.doFilter(FilterChainProxy.java:334)
	at org.springframework.security.web.FilterChainProxy.doFilterInternal(FilterChainProxy.java:215)
	at org.springframework.security.web.FilterChainProxy.doFilter(FilterChainProxy.java:178)
	at org.springframework.web.filter.DelegatingFilterProxy.invokeDelegate(DelegatingFilterProxy.java:358)
	at org.springframework.web.filter.DelegatingFilterProxy.doFilter(DelegatingFilterProxy.java:271)
	at org.apache.catalina.core.ApplicationFilterChain.internalDoFilter(ApplicationFilterChain.java:193)
	at org.apache.catalina.core.ApplicationFilterChain.doFilter(ApplicationFilterChain.java:166)
	at org.springframework.web.filter.RequestContextFilter.doFilterInternal(RequestContextFilter.java:100)
	at org.springframework.web.filter.OncePerRequestFilter.doFilter(OncePerRequestFilter.java:119)
	at org.apache.catalina.core.ApplicationFilterChain.internalDoFilter(ApplicationFilterChain.java:193)
	at org.apache.catalina.core.ApplicationFilterChain.doFilter(ApplicationFilterChain.java:166)
	at org.springframework.web.filter.FormContentFilter.doFilterInternal(FormContentFilter.java:93)
	at org.springframework.web.filter.OncePerRequestFilter.doFilter(OncePerRequestFilter.java:119)
	at org.apache.catalina.core.ApplicationFilterChain.internalDoFilter(ApplicationFilterChain.java:193)
	at org.apache.catalina.core.ApplicationFilterChain.doFilter(ApplicationFilterChain.java:166)
	at org.springframework.boot.actuate.metrics.web.servlet.WebMvcMetricsFilter.doFilterInternal(WebMvcMetricsFilter.java:109)
	at org.springframework.web.filter.OncePerRequestFilter.doFilter(OncePerRequestFilter.java:119)
	at org.apache.catalina.core.ApplicationFilterChain.internalDoFilter(ApplicationFilterChain.java:193)
	at org.apache.catalina.core.ApplicationFilterChain.doFilter(ApplicationFilterChain.java:166)
	at org.springframework.web.filter.CharacterEncodingFilter.doFilterInternal(CharacterEncodingFilter.java:201)
	at org.springframework.web.filter.OncePerRequestFilter.doFilter(OncePerRequestFilter.java:119)
	at org.apache.catalina.core.ApplicationFilterChain.internalDoFilter(ApplicationFilterChain.java:193)
	at org.apache.catalina.core.ApplicationFilterChain.doFilter(ApplicationFilterChain.java:166)
	at org.apache.catalina.core.StandardWrapperValve.invoke(StandardWrapperValve.java:202)
	at org.apache.catalina.core.StandardContextValve.invoke(StandardContextValve.java:96)
	at org.apache.catalina.authenticator.AuthenticatorBase.invoke(AuthenticatorBase.java:541)
	at org.apache.catalina.core.StandardHostValve.invoke(StandardHostValve.java:139)
	at org.apache.catalina.valves.ErrorReportValve.invoke(ErrorReportValve.java:92)
	at org.apache.catalina.core.StandardEngineValve.invoke(StandardEngineValve.java:74)
	at org.apache.catalina.connector.CoyoteAdapter.service(CoyoteAdapter.java:343)
	at org.apache.coyote.http11.Http11Processor.service(Http11Processor.java:373)
	at org.apache.coyote.AbstractProcessorLight.process(AbstractProcessorLight.java:65)
	at org.apache.coyote.AbstractProtocol$ConnectionHandler.process(AbstractProtocol.java:868)
	at org.apache.tomcat.util.net.NioEndpoint$SocketProcessor.doRun(NioEndpoint.java:1594)
	at org.apache.tomcat.util.net.SocketProcessorBase.run(SocketProcessorBase.java:49)
	at java.base/java.util.concurrent.ThreadPoolExecutor.runWorker(ThreadPoolExecutor.java:1128)
	at java.base/java.util.concurrent.ThreadPoolExecutor$Worker.run(ThreadPoolExecutor.java:628)
	at org.apache.tomcat.util.threads.TaskThread$WrappingRunnable.run(TaskThread.java:61)
	at java.base/java.lang.Thread.run(Thread.java:834)
Caused by: java.io.IOException: Broken pipe
	at java.base/sun.nio.ch.FileDispatcherImpl.write0(Native Method)
	at java.base/sun.nio.ch.SocketDispatcher.write(SocketDispatcher.java:47)
	at java.base/sun.nio.ch.IOUtil.writeFromNativeBuffer(IOUtil.java:113)
	at java.base/sun.nio.ch.IOUtil.write(IOUtil.java:79)
	at java.base/sun.nio.ch.IOUtil.write(IOUtil.java:50)
	at java.base/sun.nio.ch.SocketChannelImpl.write(SocketChannelImpl.java:466)
	at org.apache.tomcat.util.net.NioChannel.write(NioChannel.java:138)
	at org.apache.tomcat.util.net.NioBlockingSelector.write(NioBlockingSelector.java:101)
	at org.apache.tomcat.util.net.NioSelectorPool.write(NioSelectorPool.java:152)
	at org.apache.tomcat.util.net.NioEndpoint$NioSocketWrapper.doWrite(NioEndpoint.java:1253)
	at org.apache.tomcat.util.net.SocketWrapperBase.doWrite(SocketWrapperBase.java:740)
	at org.apache.tomcat.util.net.SocketWrapperBase.writeBlocking(SocketWrapperBase.java:560)
	at org.apache.tomcat.util.net.SocketWrapperBase.write(SocketWrapperBase.java:504)
	at org.apache.coyote.http11.Http11OutputBuffer$SocketOutputBuffer.doWrite(Http11OutputBuffer.java:538)
	at org.apache.coyote.http11.filters.IdentityOutputFilter.doWrite(IdentityOutputFilter.java:73)
	at org.apache.coyote.http11.Http11OutputBuffer.doWrite(Http11OutputBuffer.java:190)
	at org.apache.coyote.Response.doWrite(Response.java:601)
	at org.apache.catalina.connector.OutputBuffer.realWriteBytes(OutputBuffer.java:339)
	... 99 common frames omitted
2020-05-22 14:06:43,792 WARN org.springframework.web.servlet.mvc.method.annotation.ExceptionHandlerExceptionResolver [http-nio-8080-exec-6] Failure in @ExceptionHandler com.surshree.app.exception.CustomResponseEntityExceptionHandler#handleAllException(Exception, WebRequest)
org.springframework.http.converter.HttpMessageNotWritableException: No converter for [class com.surshree.app.exception.ExceptionMessage] with preset Content-Type 'video/mp4'
	at org.springframework.web.servlet.mvc.method.annotation.AbstractMessageConverterMethodProcessor.writeWithMessageConverters(AbstractMessageConverterMethodProcessor.java:309)
	at org.springframework.web.servlet.mvc.method.annotation.HttpEntityMethodProcessor.handleReturnValue(HttpEntityMethodProcessor.java:219)
	at org.springframework.web.method.support.HandlerMethodReturnValueHandlerComposite.handleReturnValue(HandlerMethodReturnValueHandlerComposite.java:82)
	at org.springframework.web.servlet.mvc.method.annotation.ServletInvocableHandlerMethod.invokeAndHandle(ServletInvocableHandlerMethod.java:123)
	at org.springframework.web.servlet.mvc.method.annotation.ExceptionHandlerExceptionResolver.doResolveHandlerMethodException(ExceptionHandlerExceptionResolver.java:403)
	at org.springframework.web.servlet.handler.AbstractHandlerMethodExceptionResolver.doResolveException(AbstractHandlerMethodExceptionResolver.java:61)
	at org.springframework.web.servlet.handler.AbstractHandlerExceptionResolver.resolveException(AbstractHandlerExceptionResolver.java:141)
	at org.springframework.web.servlet.handler.HandlerExceptionResolverComposite.resolveException(HandlerExceptionResolverComposite.java:80)
	at org.springframework.web.servlet.DispatcherServlet.processHandlerException(DispatcherServlet.java:1300)
	at org.springframework.web.servlet.DispatcherServlet.processDispatchResult(DispatcherServlet.java:1111)
	at org.springframework.web.servlet.DispatcherServlet.doDispatch(DispatcherServlet.java:1057)
	at org.springframework.web.servlet.DispatcherServlet.doService(DispatcherServlet.java:943)
	at org.springframework.web.servlet.FrameworkServlet.processRequest(FrameworkServlet.java:1006)
	at org.springframework.web.servlet.FrameworkServlet.doGet(FrameworkServlet.java:898)
	at javax.servlet.http.HttpServlet.service(HttpServlet.java:634)
	at org.springframework.web.servlet.FrameworkServlet.service(FrameworkServlet.java:883)
	at javax.servlet.http.HttpServlet.service(HttpServlet.java:741)
	at org.apache.catalina.core.ApplicationFilterChain.internalDoFilter(ApplicationFilterChain.java:231)
	at org.apache.catalina.core.ApplicationFilterChain.doFilter(ApplicationFilterChain.java:166)
	at org.apache.tomcat.websocket.server.WsFilter.doFilter(WsFilter.java:53)
	at org.apache.catalina.core.ApplicationFilterChain.internalDoFilter(ApplicationFilterChain.java:193)
	at org.apache.catalina.core.ApplicationFilterChain.doFilter(ApplicationFilterChain.java:166)
	at org.springframework.security.web.FilterChainProxy$VirtualFilterChain.doFilter(FilterChainProxy.java:320)
	at org.springframework.security.web.access.intercept.FilterSecurityInterceptor.invoke(FilterSecurityInterceptor.java:126)
	at org.springframework.security.web.access.intercept.FilterSecurityInterceptor.doFilter(FilterSecurityInterceptor.java:90)
	at org.springframework.security.web.FilterChainProxy$VirtualFilterChain.doFilter(FilterChainProxy.java:334)
	at org.springframework.security.web.access.ExceptionTranslationFilter.doFilter(ExceptionTranslationFilter.java:118)
	at org.springframework.security.web.FilterChainProxy$VirtualFilterChain.doFilter(FilterChainProxy.java:334)
	at org.springframework.security.web.session.SessionManagementFilter.doFilter(SessionManagementFilter.java:137)
	at org.springframework.security.web.FilterChainProxy$VirtualFilterChain.doFilter(FilterChainProxy.java:334)
	at org.springframework.security.web.authentication.AnonymousAuthenticationFilter.doFilter(AnonymousAuthenticationFilter.java:111)
	at org.springframework.security.web.FilterChainProxy$VirtualFilterChain.doFilter(FilterChainProxy.java:334)
	at org.springframework.security.web.servletapi.SecurityContextHolderAwareRequestFilter.doFilter(SecurityContextHolderAwareRequestFilter.java:158)
	at org.springframework.security.web.FilterChainProxy$VirtualFilterChain.doFilter(FilterChainProxy.java:334)
	at org.springframework.security.web.savedrequest.RequestCacheAwareFilter.doFilter(RequestCacheAwareFilter.java:63)
	at org.springframework.security.web.FilterChainProxy$VirtualFilterChain.doFilter(FilterChainProxy.java:334)
	at org.springframework.security.web.authentication.www.BasicAuthenticationFilter.doFilterInternal(BasicAuthenticationFilter.java:155)
	at org.springframework.web.filter.OncePerRequestFilter.doFilter(OncePerRequestFilter.java:119)
	at org.springframework.security.web.FilterChainProxy$VirtualFilterChain.doFilter(FilterChainProxy.java:334)
	at org.springframework.security.web.authentication.logout.LogoutFilter.doFilter(LogoutFilter.java:116)
	at org.springframework.security.web.FilterChainProxy$VirtualFilterChain.doFilter(FilterChainProxy.java:334)
	at org.springframework.web.filter.CorsFilter.doFilterInternal(CorsFilter.java:92)
	at org.springframework.web.filter.OncePerRequestFilter.doFilter(OncePerRequestFilter.java:119)
	at org.springframework.security.web.FilterChainProxy$VirtualFilterChain.doFilter(FilterChainProxy.java:334)
	at org.springframework.security.web.header.HeaderWriterFilter.doHeadersAfter(HeaderWriterFilter.java:92)
	at org.springframework.security.web.header.HeaderWriterFilter.doFilterInternal(HeaderWriterFilter.java:77)
	at org.springframework.web.filter.OncePerRequestFilter.doFilter(OncePerRequestFilter.java:119)
	at org.springframework.security.web.FilterChainProxy$VirtualFilterChain.doFilter(FilterChainProxy.java:334)
	at org.springframework.security.web.context.SecurityContextPersistenceFilter.doFilter(SecurityContextPersistenceFilter.java:105)
	at org.springframework.security.web.FilterChainProxy$VirtualFilterChain.doFilter(FilterChainProxy.java:334)
	at org.springframework.security.web.context.request.async.WebAsyncManagerIntegrationFilter.doFilterInternal(WebAsyncManagerIntegrationFilter.java:56)
	at org.springframework.web.filter.OncePerRequestFilter.doFilter(OncePerRequestFilter.java:119)
	at org.springframework.security.web.FilterChainProxy$VirtualFilterChain.doFilter(FilterChainProxy.java:334)
	at org.springframework.security.web.FilterChainProxy.doFilterInternal(FilterChainProxy.java:215)
	at org.springframework.security.web.FilterChainProxy.doFilter(FilterChainProxy.java:178)
	at org.springframework.web.filter.DelegatingFilterProxy.invokeDelegate(DelegatingFilterProxy.java:358)
	at org.springframework.web.filter.DelegatingFilterProxy.doFilter(DelegatingFilterProxy.java:271)
	at org.apache.catalina.core.ApplicationFilterChain.internalDoFilter(ApplicationFilterChain.java:193)
	at org.apache.catalina.core.ApplicationFilterChain.doFilter(ApplicationFilterChain.java:166)
	at org.springframework.web.filter.RequestContextFilter.doFilterInternal(RequestContextFilter.java:100)
	at org.springframework.web.filter.OncePerRequestFilter.doFilter(OncePerRequestFilter.java:119)
	at org.apache.catalina.core.ApplicationFilterChain.internalDoFilter(ApplicationFilterChain.java:193)
	at org.apache.catalina.core.ApplicationFilterChain.doFilter(ApplicationFilterChain.java:166)
	at org.springframework.web.filter.FormContentFilter.doFilterInternal(FormContentFilter.java:93)
	at org.springframework.web.filter.OncePerRequestFilter.doFilter(OncePerRequestFilter.java:119)
	at org.apache.catalina.core.ApplicationFilterChain.internalDoFilter(ApplicationFilterChain.java:193)
	at org.apache.catalina.core.ApplicationFilterChain.doFilter(ApplicationFilterChain.java:166)
	at org.springframework.boot.actuate.metrics.web.servlet.WebMvcMetricsFilter.doFilterInternal(WebMvcMetricsFilter.java:109)
	at org.springframework.web.filter.OncePerRequestFilter.doFilter(OncePerRequestFilter.java:119)
	at org.apache.catalina.core.ApplicationFilterChain.internalDoFilter(ApplicationFilterChain.java:193)
	at org.apache.catalina.core.ApplicationFilterChain.doFilter(ApplicationFilterChain.java:166)
	at org.springframework.web.filter.CharacterEncodingFilter.doFilterInternal(CharacterEncodingFilter.java:201)
	at org.springframework.web.filter.OncePerRequestFilter.doFilter(OncePerRequestFilter.java:119)
	at org.apache.catalina.core.ApplicationFilterChain.internalDoFilter(ApplicationFilterChain.java:193)
	at org.apache.catalina.core.ApplicationFilterChain.doFilter(ApplicationFilterChain.java:166)
	at org.apache.catalina.core.StandardWrapperValve.invoke(StandardWrapperValve.java:202)
	at org.apache.catalina.core.StandardContextValve.invoke(StandardContextValve.java:96)
	at org.apache.catalina.authenticator.AuthenticatorBase.invoke(AuthenticatorBase.java:541)
	at org.apache.catalina.core.StandardHostValve.invoke(StandardHostValve.java:139)
	at org.apache.catalina.valves.ErrorReportValve.invoke(ErrorReportValve.java:92)
	at org.apache.catalina.core.StandardEngineValve.invoke(StandardEngineValve.java:74)
	at org.apache.catalina.connector.CoyoteAdapter.service(CoyoteAdapter.java:343)
	at org.apache.coyote.http11.Http11Processor.service(Http11Processor.java:373)
	at org.apache.coyote.AbstractProcessorLight.process(AbstractProcessorLight.java:65)
	at org.apache.coyote.AbstractProtocol$ConnectionHandler.process(AbstractProtocol.java:868)
	at org.apache.tomcat.util.net.NioEndpoint$SocketProcessor.doRun(NioEndpoint.java:1594)
	at org.apache.tomcat.util.net.SocketProcessorBase.run(SocketProcessorBase.java:49)
	at java.base/java.util.concurrent.ThreadPoolExecutor.runWorker(ThreadPoolExecutor.java:1128)
	at java.base/java.util.concurrent.ThreadPoolExecutor$Worker.run(ThreadPoolExecutor.java:628)
	at org.apache.tomcat.util.threads.TaskThread$WrappingRunnable.run(TaskThread.java:61)
	at java.base/java.lang.Thread.run(Thread.java:834)
2020-05-22 14:07:29,509 INFO com.surshree.app.services.CustomUserDetailsService [http-nio-8080-exec-6] Granted Authorities --> ROLE_CONT
2020-05-22 14:07:29,511 INFO com.surshree.app.services.CustomUserDetailsService [http-nio-8080-exec-6] Granted Authorities --> ROLE_ADMN
2020-05-22 14:07:29,512 INFO com.surshree.app.services.CustomUserDetailsService [http-nio-8080-exec-6] Granted Authorities --> FUNC_CONT_MENU
2020-05-22 14:07:29,512 INFO com.surshree.app.services.CustomUserDetailsService [http-nio-8080-exec-6] Granted Authorities --> FUNC_CONT_MENU
2020-05-22 14:07:29,513 INFO com.surshree.app.services.CustomUserDetailsService [http-nio-8080-exec-6] Granted Authorities --> FUNC_VIEW_ADMIN_MENU
2020-05-22 14:15:06,645 INFO com.surshree.app.scheduling.CacheScheduler [scheduling-1] Clear user cache : START
2020-05-22 14:15:06,671 INFO com.surshree.app.scheduling.CacheScheduler [scheduling-1] Clear user cache : END
2020-05-22 14:15:48,340 INFO com.surshree.app.services.CustomUserDetailsService [http-nio-8080-exec-2] Granted Authorities --> ROLE_ADMN
2020-05-22 14:15:48,349 INFO com.surshree.app.services.CustomUserDetailsService [http-nio-8080-exec-2] Granted Authorities --> ROLE_CONT
2020-05-22 14:15:48,364 INFO com.surshree.app.services.CustomUserDetailsService [http-nio-8080-exec-2] Granted Authorities --> FUNC_VIEW_ADMIN_MENU
2020-05-22 14:15:48,398 INFO com.surshree.app.services.CustomUserDetailsService [http-nio-8080-exec-2] Granted Authorities --> FUNC_CONT_MENU
2020-05-22 14:15:48,400 INFO com.surshree.app.services.CustomUserDetailsService [http-nio-8080-exec-2] Granted Authorities --> FUNC_CONT_MENU
2020-05-22 14:15:51,263 INFO com.surshree.app.services.CustomUserDetailsService [http-nio-8080-exec-6] Granted Authorities --> ROLE_ADMN
2020-05-22 14:15:51,264 INFO com.surshree.app.services.CustomUserDetailsService [http-nio-8080-exec-6] Granted Authorities --> ROLE_CONT
2020-05-22 14:15:51,266 INFO com.surshree.app.services.CustomUserDetailsService [http-nio-8080-exec-6] Granted Authorities --> FUNC_VIEW_ADMIN_MENU
2020-05-22 14:15:51,279 INFO com.surshree.app.services.CustomUserDetailsService [http-nio-8080-exec-6] Granted Authorities --> FUNC_CONT_MENU
2020-05-22 14:15:51,282 INFO com.surshree.app.services.CustomUserDetailsService [http-nio-8080-exec-6] Granted Authorities --> FUNC_CONT_MENU
2020-05-22 14:19:31,201 INFO com.surshree.app.services.CustomUserDetailsService [http-nio-8080-exec-6] Granted Authorities --> ROLE_ADMN
2020-05-22 14:19:31,245 INFO com.surshree.app.services.CustomUserDetailsService [http-nio-8080-exec-6] Granted Authorities --> ROLE_CONT
2020-05-22 14:19:31,256 INFO com.surshree.app.services.CustomUserDetailsService [http-nio-8080-exec-6] Granted Authorities --> FUNC_VIEW_ADMIN_MENU
2020-05-22 14:19:31,267 INFO com.surshree.app.services.CustomUserDetailsService [http-nio-8080-exec-6] Granted Authorities --> FUNC_CONT_MENU
2020-05-22 14:19:31,275 INFO com.surshree.app.services.CustomUserDetailsService [http-nio-8080-exec-6] Granted Authorities --> FUNC_CONT_MENU
2020-05-22 14:19:35,841 INFO com.surshree.app.services.CustomUserDetailsService [http-nio-8080-exec-8] Granted Authorities --> ROLE_ADMN
2020-05-22 14:19:35,852 INFO com.surshree.app.services.CustomUserDetailsService [http-nio-8080-exec-8] Granted Authorities --> ROLE_CONT
2020-05-22 14:19:35,858 INFO com.surshree.app.services.CustomUserDetailsService [http-nio-8080-exec-8] Granted Authorities --> FUNC_VIEW_ADMIN_MENU
2020-05-22 14:19:35,869 INFO com.surshree.app.services.CustomUserDetailsService [http-nio-8080-exec-8] Granted Authorities --> FUNC_CONT_MENU
2020-05-22 14:19:35,878 INFO com.surshree.app.services.CustomUserDetailsService [http-nio-8080-exec-8] Granted Authorities --> FUNC_CONT_MENU
2020-05-22 14:22:10,164 INFO org.springframework.security.oauth2.provider.endpoint.CheckTokenEndpoint [http-nio-8080-exec-7] Handling error: InvalidTokenException, Token has expired
2020-05-22 14:22:13,218 INFO com.surshree.app.services.CustomUserDetailsService [http-nio-8080-exec-9] Granted Authorities --> ROLE_ADMN
2020-05-22 14:22:13,225 INFO com.surshree.app.services.CustomUserDetailsService [http-nio-8080-exec-9] Granted Authorities --> ROLE_CONT
2020-05-22 14:22:13,227 INFO com.surshree.app.services.CustomUserDetailsService [http-nio-8080-exec-9] Granted Authorities --> FUNC_VIEW_ADMIN_MENU
2020-05-22 14:22:13,228 INFO com.surshree.app.services.CustomUserDetailsService [http-nio-8080-exec-9] Granted Authorities --> FUNC_CONT_MENU
2020-05-22 14:22:13,260 INFO com.surshree.app.services.CustomUserDetailsService [http-nio-8080-exec-9] Granted Authorities --> FUNC_CONT_MENU
2020-05-22 14:22:13,425 WARN org.springframework.security.oauth2.provider.endpoint.TokenEndpoint [http-nio-8080-exec-9] Handling error: InvalidTokenException, Invalid refresh token (expired): cb3bbc03-6b0b-427c-8bbc-28fdf0fde9da
2020-05-22 14:22:13,445 WARN org.springframework.web.servlet.mvc.method.annotation.ExceptionHandlerExceptionResolver [http-nio-8080-exec-9] Failure in @ExceptionHandler org.springframework.security.oauth2.provider.endpoint.TokenEndpoint#handleException(OAuth2Exception)
org.springframework.web.HttpMediaTypeNotAcceptableException: Could not find acceptable representation
	at org.springframework.web.servlet.mvc.method.annotation.AbstractMessageConverterMethodProcessor.writeWithMessageConverters(AbstractMessageConverterMethodProcessor.java:243)
	at org.springframework.web.servlet.mvc.method.annotation.HttpEntityMethodProcessor.handleReturnValue(HttpEntityMethodProcessor.java:219)
	at org.springframework.web.method.support.HandlerMethodReturnValueHandlerComposite.handleReturnValue(HandlerMethodReturnValueHandlerComposite.java:82)
	at org.springframework.web.servlet.mvc.method.annotation.ServletInvocableHandlerMethod.invokeAndHandle(ServletInvocableHandlerMethod.java:123)
	at org.springframework.web.servlet.mvc.method.annotation.ExceptionHandlerExceptionResolver.doResolveHandlerMethodException(ExceptionHandlerExceptionResolver.java:407)
	at org.springframework.web.servlet.handler.AbstractHandlerMethodExceptionResolver.doResolveException(AbstractHandlerMethodExceptionResolver.java:61)
	at org.springframework.web.servlet.handler.AbstractHandlerExceptionResolver.resolveException(AbstractHandlerExceptionResolver.java:141)
	at org.springframework.web.servlet.handler.HandlerExceptionResolverComposite.resolveException(HandlerExceptionResolverComposite.java:80)
	at org.springframework.web.servlet.DispatcherServlet.processHandlerException(DispatcherServlet.java:1300)
	at org.springframework.web.servlet.DispatcherServlet.processDispatchResult(DispatcherServlet.java:1111)
	at org.springframework.web.servlet.DispatcherServlet.doDispatch(DispatcherServlet.java:1057)
	at org.springframework.web.servlet.DispatcherServlet.doService(DispatcherServlet.java:943)
	at org.springframework.web.servlet.FrameworkServlet.processRequest(FrameworkServlet.java:1006)
	at org.springframework.web.servlet.FrameworkServlet.doPost(FrameworkServlet.java:909)
	at javax.servlet.http.HttpServlet.service(HttpServlet.java:660)
	at org.springframework.web.servlet.FrameworkServlet.service(FrameworkServlet.java:883)
	at javax.servlet.http.HttpServlet.service(HttpServlet.java:741)
	at org.apache.catalina.core.ApplicationFilterChain.internalDoFilter(ApplicationFilterChain.java:231)
	at org.apache.catalina.core.ApplicationFilterChain.doFilter(ApplicationFilterChain.java:166)
	at org.apache.tomcat.websocket.server.WsFilter.doFilter(WsFilter.java:53)
	at org.apache.catalina.core.ApplicationFilterChain.internalDoFilter(ApplicationFilterChain.java:193)
	at org.apache.catalina.core.ApplicationFilterChain.doFilter(ApplicationFilterChain.java:166)
	at org.springframework.security.web.FilterChainProxy$VirtualFilterChain.doFilter(FilterChainProxy.java:320)
	at org.springframework.security.web.access.intercept.FilterSecurityInterceptor.invoke(FilterSecurityInterceptor.java:126)
	at org.springframework.security.web.access.intercept.FilterSecurityInterceptor.doFilter(FilterSecurityInterceptor.java:90)
	at org.springframework.security.web.FilterChainProxy$VirtualFilterChain.doFilter(FilterChainProxy.java:334)
	at org.springframework.security.web.access.ExceptionTranslationFilter.doFilter(ExceptionTranslationFilter.java:118)
	at org.springframework.security.web.FilterChainProxy$VirtualFilterChain.doFilter(FilterChainProxy.java:334)
	at org.springframework.security.web.session.SessionManagementFilter.doFilter(SessionManagementFilter.java:137)
	at org.springframework.security.web.FilterChainProxy$VirtualFilterChain.doFilter(FilterChainProxy.java:334)
	at org.springframework.security.web.authentication.AnonymousAuthenticationFilter.doFilter(AnonymousAuthenticationFilter.java:111)
	at org.springframework.security.web.FilterChainProxy$VirtualFilterChain.doFilter(FilterChainProxy.java:334)
	at org.springframework.security.web.servletapi.SecurityContextHolderAwareRequestFilter.doFilter(SecurityContextHolderAwareRequestFilter.java:158)
	at org.springframework.security.web.FilterChainProxy$VirtualFilterChain.doFilter(FilterChainProxy.java:334)
	at org.springframework.security.web.savedrequest.RequestCacheAwareFilter.doFilter(RequestCacheAwareFilter.java:63)
	at org.springframework.security.web.FilterChainProxy$VirtualFilterChain.doFilter(FilterChainProxy.java:334)
	at org.springframework.security.web.authentication.www.BasicAuthenticationFilter.doFilterInternal(BasicAuthenticationFilter.java:204)
	at org.springframework.web.filter.OncePerRequestFilter.doFilter(OncePerRequestFilter.java:119)
	at org.springframework.security.web.FilterChainProxy$VirtualFilterChain.doFilter(FilterChainProxy.java:334)
	at org.springframework.web.filter.CorsFilter.doFilterInternal(CorsFilter.java:92)
	at org.springframework.web.filter.OncePerRequestFilter.doFilter(OncePerRequestFilter.java:119)
	at org.springframework.security.web.FilterChainProxy$VirtualFilterChain.doFilter(FilterChainProxy.java:334)
	at org.springframework.security.web.authentication.logout.LogoutFilter.doFilter(LogoutFilter.java:116)
	at org.springframework.security.web.FilterChainProxy$VirtualFilterChain.doFilter(FilterChainProxy.java:334)
	at org.springframework.security.web.header.HeaderWriterFilter.doHeadersAfter(HeaderWriterFilter.java:92)
	at org.springframework.security.web.header.HeaderWriterFilter.doFilterInternal(HeaderWriterFilter.java:77)
	at org.springframework.web.filter.OncePerRequestFilter.doFilter(OncePerRequestFilter.java:119)
	at org.springframework.security.web.FilterChainProxy$VirtualFilterChain.doFilter(FilterChainProxy.java:334)
	at org.springframework.security.web.context.SecurityContextPersistenceFilter.doFilter(SecurityContextPersistenceFilter.java:105)
	at org.springframework.security.web.FilterChainProxy$VirtualFilterChain.doFilter(FilterChainProxy.java:334)
	at org.springframework.security.web.context.request.async.WebAsyncManagerIntegrationFilter.doFilterInternal(WebAsyncManagerIntegrationFilter.java:56)
	at org.springframework.web.filter.OncePerRequestFilter.doFilter(OncePerRequestFilter.java:119)
	at org.springframework.security.web.FilterChainProxy$VirtualFilterChain.doFilter(FilterChainProxy.java:334)
	at org.springframework.security.web.FilterChainProxy.doFilterInternal(FilterChainProxy.java:215)
	at org.springframework.security.web.FilterChainProxy.doFilter(FilterChainProxy.java:178)
	at org.springframework.web.filter.DelegatingFilterProxy.invokeDelegate(DelegatingFilterProxy.java:358)
	at org.springframework.web.filter.DelegatingFilterProxy.doFilter(DelegatingFilterProxy.java:271)
	at org.apache.catalina.core.ApplicationFilterChain.internalDoFilter(ApplicationFilterChain.java:193)
	at org.apache.catalina.core.ApplicationFilterChain.doFilter(ApplicationFilterChain.java:166)
	at org.springframework.web.filter.RequestContextFilter.doFilterInternal(RequestContextFilter.java:100)
	at org.springframework.web.filter.OncePerRequestFilter.doFilter(OncePerRequestFilter.java:119)
	at org.apache.catalina.core.ApplicationFilterChain.internalDoFilter(ApplicationFilterChain.java:193)
	at org.apache.catalina.core.ApplicationFilterChain.doFilter(ApplicationFilterChain.java:166)
	at org.springframework.web.filter.FormContentFilter.doFilterInternal(FormContentFilter.java:93)
	at org.springframework.web.filter.OncePerRequestFilter.doFilter(OncePerRequestFilter.java:119)
	at org.apache.catalina.core.ApplicationFilterChain.internalDoFilter(ApplicationFilterChain.java:193)
	at org.apache.catalina.core.ApplicationFilterChain.doFilter(ApplicationFilterChain.java:166)
	at org.springframework.boot.actuate.metrics.web.servlet.WebMvcMetricsFilter.doFilterInternal(WebMvcMetricsFilter.java:109)
	at org.springframework.web.filter.OncePerRequestFilter.doFilter(OncePerRequestFilter.java:119)
	at org.apache.catalina.core.ApplicationFilterChain.internalDoFilter(ApplicationFilterChain.java:193)
	at org.apache.catalina.core.ApplicationFilterChain.doFilter(ApplicationFilterChain.java:166)
	at org.springframework.web.filter.CharacterEncodingFilter.doFilterInternal(CharacterEncodingFilter.java:201)
	at org.springframework.web.filter.OncePerRequestFilter.doFilter(OncePerRequestFilter.java:119)
	at org.apache.catalina.core.ApplicationFilterChain.internalDoFilter(ApplicationFilterChain.java:193)
	at org.apache.catalina.core.ApplicationFilterChain.doFilter(ApplicationFilterChain.java:166)
	at org.apache.catalina.core.StandardWrapperValve.invoke(StandardWrapperValve.java:202)
	at org.apache.catalina.core.StandardContextValve.invoke(StandardContextValve.java:96)
	at org.apache.catalina.authenticator.AuthenticatorBase.invoke(AuthenticatorBase.java:541)
	at org.apache.catalina.core.StandardHostValve.invoke(StandardHostValve.java:139)
	at org.apache.catalina.valves.ErrorReportValve.invoke(ErrorReportValve.java:92)
	at org.apache.catalina.core.StandardEngineValve.invoke(StandardEngineValve.java:74)
	at org.apache.catalina.connector.CoyoteAdapter.service(CoyoteAdapter.java:343)
	at org.apache.coyote.http11.Http11Processor.service(Http11Processor.java:373)
	at org.apache.coyote.AbstractProcessorLight.process(AbstractProcessorLight.java:65)
	at org.apache.coyote.AbstractProtocol$ConnectionHandler.process(AbstractProtocol.java:868)
	at org.apache.tomcat.util.net.NioEndpoint$SocketProcessor.doRun(NioEndpoint.java:1594)
	at org.apache.tomcat.util.net.SocketProcessorBase.run(SocketProcessorBase.java:49)
	at java.base/java.util.concurrent.ThreadPoolExecutor.runWorker(ThreadPoolExecutor.java:1128)
	at java.base/java.util.concurrent.ThreadPoolExecutor$Worker.run(ThreadPoolExecutor.java:628)
	at org.apache.tomcat.util.threads.TaskThread$WrappingRunnable.run(TaskThread.java:61)
	at java.base/java.lang.Thread.run(Thread.java:834)
2020-05-22 14:22:13,524 ERROR org.apache.juli.logging.DirectJDKLog [http-nio-8080-exec-9] Servlet.service() for servlet [dispatcherServlet] in context with path [] threw exception [Request processing failed; nested exception is error="invalid_token", error_description="Invalid refresh token (expired): cb3bbc03-6b0b-427c-8bbc-28fdf0fde9da"] with root cause
org.springframework.security.oauth2.common.exceptions.InvalidTokenException: Invalid refresh token (expired): cb3bbc03-6b0b-427c-8bbc-28fdf0fde9da
	at org.springframework.security.oauth2.provider.token.DefaultTokenServices.refreshAccessToken(DefaultTokenServices.java:166)
	at org.springframework.security.oauth2.provider.refresh.RefreshTokenGranter.getAccessToken(RefreshTokenGranter.java:47)
	at org.springframework.security.oauth2.provider.token.AbstractTokenGranter.grant(AbstractTokenGranter.java:67)
	at org.springframework.security.oauth2.provider.CompositeTokenGranter.grant(CompositeTokenGranter.java:38)
	at org.springframework.security.oauth2.config.annotation.web.configurers.AuthorizationServerEndpointsConfigurer$4.grant(AuthorizationServerEndpointsConfigurer.java:583)
	at org.springframework.security.oauth2.provider.endpoint.TokenEndpoint.postAccessToken(TokenEndpoint.java:132)
	at java.base/jdk.internal.reflect.NativeMethodAccessorImpl.invoke0(Native Method)
	at java.base/jdk.internal.reflect.NativeMethodAccessorImpl.invoke(NativeMethodAccessorImpl.java:62)
	at java.base/jdk.internal.reflect.DelegatingMethodAccessorImpl.invoke(DelegatingMethodAccessorImpl.java:43)
	at java.base/java.lang.reflect.Method.invoke(Method.java:566)
	at org.springframework.web.method.support.InvocableHandlerMethod.doInvoke(InvocableHandlerMethod.java:190)
	at org.springframework.web.method.support.InvocableHandlerMethod.invokeForRequest(InvocableHandlerMethod.java:138)
	at org.springframework.web.servlet.mvc.method.annotation.ServletInvocableHandlerMethod.invokeAndHandle(ServletInvocableHandlerMethod.java:105)
	at org.springframework.web.servlet.mvc.method.annotation.RequestMappingHandlerAdapter.invokeHandlerMethod(RequestMappingHandlerAdapter.java:879)
	at org.springframework.web.servlet.mvc.method.annotation.RequestMappingHandlerAdapter.handleInternal(RequestMappingHandlerAdapter.java:793)
	at org.springframework.web.servlet.mvc.method.AbstractHandlerMethodAdapter.handle(AbstractHandlerMethodAdapter.java:87)
	at org.springframework.web.servlet.DispatcherServlet.doDispatch(DispatcherServlet.java:1040)
	at org.springframework.web.servlet.DispatcherServlet.doService(DispatcherServlet.java:943)
	at org.springframework.web.servlet.FrameworkServlet.processRequest(FrameworkServlet.java:1006)
	at org.springframework.web.servlet.FrameworkServlet.doPost(FrameworkServlet.java:909)
	at javax.servlet.http.HttpServlet.service(HttpServlet.java:660)
	at org.springframework.web.servlet.FrameworkServlet.service(FrameworkServlet.java:883)
	at javax.servlet.http.HttpServlet.service(HttpServlet.java:741)
	at org.apache.catalina.core.ApplicationFilterChain.internalDoFilter(ApplicationFilterChain.java:231)
	at org.apache.catalina.core.ApplicationFilterChain.doFilter(ApplicationFilterChain.java:166)
	at org.apache.tomcat.websocket.server.WsFilter.doFilter(WsFilter.java:53)
	at org.apache.catalina.core.ApplicationFilterChain.internalDoFilter(ApplicationFilterChain.java:193)
	at org.apache.catalina.core.ApplicationFilterChain.doFilter(ApplicationFilterChain.java:166)
	at org.springframework.security.web.FilterChainProxy$VirtualFilterChain.doFilter(FilterChainProxy.java:320)
	at org.springframework.security.web.access.intercept.FilterSecurityInterceptor.invoke(FilterSecurityInterceptor.java:126)
	at org.springframework.security.web.access.intercept.FilterSecurityInterceptor.doFilter(FilterSecurityInterceptor.java:90)
	at org.springframework.security.web.FilterChainProxy$VirtualFilterChain.doFilter(FilterChainProxy.java:334)
	at org.springframework.security.web.access.ExceptionTranslationFilter.doFilter(ExceptionTranslationFilter.java:118)
	at org.springframework.security.web.FilterChainProxy$VirtualFilterChain.doFilter(FilterChainProxy.java:334)
	at org.springframework.security.web.session.SessionManagementFilter.doFilter(SessionManagementFilter.java:137)
	at org.springframework.security.web.FilterChainProxy$VirtualFilterChain.doFilter(FilterChainProxy.java:334)
	at org.springframework.security.web.authentication.AnonymousAuthenticationFilter.doFilter(AnonymousAuthenticationFilter.java:111)
	at org.springframework.security.web.FilterChainProxy$VirtualFilterChain.doFilter(FilterChainProxy.java:334)
	at org.springframework.security.web.servletapi.SecurityContextHolderAwareRequestFilter.doFilter(SecurityContextHolderAwareRequestFilter.java:158)
	at org.springframework.security.web.FilterChainProxy$VirtualFilterChain.doFilter(FilterChainProxy.java:334)
	at org.springframework.security.web.savedrequest.RequestCacheAwareFilter.doFilter(RequestCacheAwareFilter.java:63)
	at org.springframework.security.web.FilterChainProxy$VirtualFilterChain.doFilter(FilterChainProxy.java:334)
	at org.springframework.security.web.authentication.www.BasicAuthenticationFilter.doFilterInternal(BasicAuthenticationFilter.java:204)
	at org.springframework.web.filter.OncePerRequestFilter.doFilter(OncePerRequestFilter.java:119)
	at org.springframework.security.web.FilterChainProxy$VirtualFilterChain.doFilter(FilterChainProxy.java:334)
	at org.springframework.web.filter.CorsFilter.doFilterInternal(CorsFilter.java:92)
	at org.springframework.web.filter.OncePerRequestFilter.doFilter(OncePerRequestFilter.java:119)
	at org.springframework.security.web.FilterChainProxy$VirtualFilterChain.doFilter(FilterChainProxy.java:334)
	at org.springframework.security.web.authentication.logout.LogoutFilter.doFilter(LogoutFilter.java:116)
	at org.springframework.security.web.FilterChainProxy$VirtualFilterChain.doFilter(FilterChainProxy.java:334)
	at org.springframework.security.web.header.HeaderWriterFilter.doHeadersAfter(HeaderWriterFilter.java:92)
	at org.springframework.security.web.header.HeaderWriterFilter.doFilterInternal(HeaderWriterFilter.java:77)
	at org.springframework.web.filter.OncePerRequestFilter.doFilter(OncePerRequestFilter.java:119)
	at org.springframework.security.web.FilterChainProxy$VirtualFilterChain.doFilter(FilterChainProxy.java:334)
	at org.springframework.security.web.context.SecurityContextPersistenceFilter.doFilter(SecurityContextPersistenceFilter.java:105)
	at org.springframework.security.web.FilterChainProxy$VirtualFilterChain.doFilter(FilterChainProxy.java:334)
	at org.springframework.security.web.context.request.async.WebAsyncManagerIntegrationFilter.doFilterInternal(WebAsyncManagerIntegrationFilter.java:56)
	at org.springframework.web.filter.OncePerRequestFilter.doFilter(OncePerRequestFilter.java:119)
	at org.springframework.security.web.FilterChainProxy$VirtualFilterChain.doFilter(FilterChainProxy.java:334)
	at org.springframework.security.web.FilterChainProxy.doFilterInternal(FilterChainProxy.java:215)
	at org.springframework.security.web.FilterChainProxy.doFilter(FilterChainProxy.java:178)
	at org.springframework.web.filter.DelegatingFilterProxy.invokeDelegate(DelegatingFilterProxy.java:358)
	at org.springframework.web.filter.DelegatingFilterProxy.doFilter(DelegatingFilterProxy.java:271)
	at org.apache.catalina.core.ApplicationFilterChain.internalDoFilter(ApplicationFilterChain.java:193)
	at org.apache.catalina.core.ApplicationFilterChain.doFilter(ApplicationFilterChain.java:166)
	at org.springframework.web.filter.RequestContextFilter.doFilterInternal(RequestContextFilter.java:100)
	at org.springframework.web.filter.OncePerRequestFilter.doFilter(OncePerRequestFilter.java:119)
	at org.apache.catalina.core.ApplicationFilterChain.internalDoFilter(ApplicationFilterChain.java:193)
	at org.apache.catalina.core.ApplicationFilterChain.doFilter(ApplicationFilterChain.java:166)
	at org.springframework.web.filter.FormContentFilter.doFilterInternal(FormContentFilter.java:93)
	at org.springframework.web.filter.OncePerRequestFilter.doFilter(OncePerRequestFilter.java:119)
	at org.apache.catalina.core.ApplicationFilterChain.internalDoFilter(ApplicationFilterChain.java:193)
	at org.apache.catalina.core.ApplicationFilterChain.doFilter(ApplicationFilterChain.java:166)
	at org.springframework.boot.actuate.metrics.web.servlet.WebMvcMetricsFilter.doFilterInternal(WebMvcMetricsFilter.java:109)
	at org.springframework.web.filter.OncePerRequestFilter.doFilter(OncePerRequestFilter.java:119)
	at org.apache.catalina.core.ApplicationFilterChain.internalDoFilter(ApplicationFilterChain.java:193)
	at org.apache.catalina.core.ApplicationFilterChain.doFilter(ApplicationFilterChain.java:166)
	at org.springframework.web.filter.CharacterEncodingFilter.doFilterInternal(CharacterEncodingFilter.java:201)
	at org.springframework.web.filter.OncePerRequestFilter.doFilter(OncePerRequestFilter.java:119)
	at org.apache.catalina.core.ApplicationFilterChain.internalDoFilter(ApplicationFilterChain.java:193)
	at org.apache.catalina.core.ApplicationFilterChain.doFilter(ApplicationFilterChain.java:166)
	at org.apache.catalina.core.StandardWrapperValve.invoke(StandardWrapperValve.java:202)
	at org.apache.catalina.core.StandardContextValve.invoke(StandardContextValve.java:96)
	at org.apache.catalina.authenticator.AuthenticatorBase.invoke(AuthenticatorBase.java:541)
	at org.apache.catalina.core.StandardHostValve.invoke(StandardHostValve.java:139)
	at org.apache.catalina.valves.ErrorReportValve.invoke(ErrorReportValve.java:92)
	at org.apache.catalina.core.StandardEngineValve.invoke(StandardEngineValve.java:74)
	at org.apache.catalina.connector.CoyoteAdapter.service(CoyoteAdapter.java:343)
	at org.apache.coyote.http11.Http11Processor.service(Http11Processor.java:373)
	at org.apache.coyote.AbstractProcessorLight.process(AbstractProcessorLight.java:65)
	at org.apache.coyote.AbstractProtocol$ConnectionHandler.process(AbstractProtocol.java:868)
	at org.apache.tomcat.util.net.NioEndpoint$SocketProcessor.doRun(NioEndpoint.java:1594)
	at org.apache.tomcat.util.net.SocketProcessorBase.run(SocketProcessorBase.java:49)
	at java.base/java.util.concurrent.ThreadPoolExecutor.runWorker(ThreadPoolExecutor.java:1128)
	at java.base/java.util.concurrent.ThreadPoolExecutor$Worker.run(ThreadPoolExecutor.java:628)
	at org.apache.tomcat.util.threads.TaskThread$WrappingRunnable.run(TaskThread.java:61)
	at java.base/java.lang.Thread.run(Thread.java:834)
2020-05-22 14:24:19,682 INFO com.surshree.app.services.CustomUserDetailsService [http-nio-8080-exec-5] Granted Authorities --> ROLE_ADMN
2020-05-22 14:24:19,722 INFO com.surshree.app.services.CustomUserDetailsService [http-nio-8080-exec-5] Granted Authorities --> ROLE_CONT
2020-05-22 14:24:19,732 INFO com.surshree.app.services.CustomUserDetailsService [http-nio-8080-exec-5] Granted Authorities --> FUNC_VIEW_ADMIN_MENU
2020-05-22 14:24:19,736 INFO com.surshree.app.services.CustomUserDetailsService [http-nio-8080-exec-5] Granted Authorities --> FUNC_CONT_MENU
2020-05-22 14:24:19,744 INFO com.surshree.app.services.CustomUserDetailsService [http-nio-8080-exec-5] Granted Authorities --> FUNC_CONT_MENU
2020-05-22 14:24:20,244 INFO org.springframework.security.oauth2.provider.token.store.JdbcTokenStore [http-nio-8080-exec-5] Failed to find access token for token 136b2948-8f95-444f-be32-a6fae54ef3c1
2020-05-22 14:24:25,503 INFO com.surshree.app.services.CustomUserDetailsService [http-nio-8080-exec-1] Granted Authorities --> ROLE_ADMN
2020-05-22 14:24:25,505 INFO com.surshree.app.services.CustomUserDetailsService [http-nio-8080-exec-1] Granted Authorities --> ROLE_CONT
2020-05-22 14:24:25,507 INFO com.surshree.app.services.CustomUserDetailsService [http-nio-8080-exec-1] Granted Authorities --> FUNC_VIEW_ADMIN_MENU
2020-05-22 14:24:25,512 INFO com.surshree.app.services.CustomUserDetailsService [http-nio-8080-exec-1] Granted Authorities --> FUNC_CONT_MENU
2020-05-22 14:24:25,515 INFO com.surshree.app.services.CustomUserDetailsService [http-nio-8080-exec-1] Granted Authorities --> FUNC_CONT_MENU
2020-05-22 14:24:31,324 INFO com.surshree.app.services.CustomUserDetailsService [http-nio-8080-exec-4] Granted Authorities --> ROLE_ADMN
2020-05-22 14:24:31,359 INFO com.surshree.app.services.CustomUserDetailsService [http-nio-8080-exec-4] Granted Authorities --> ROLE_CONT
2020-05-22 14:24:31,361 INFO com.surshree.app.services.CustomUserDetailsService [http-nio-8080-exec-4] Granted Authorities --> FUNC_VIEW_ADMIN_MENU
2020-05-22 14:24:31,367 INFO com.surshree.app.services.CustomUserDetailsService [http-nio-8080-exec-4] Granted Authorities --> FUNC_CONT_MENU
2020-05-22 14:24:31,369 INFO com.surshree.app.services.CustomUserDetailsService [http-nio-8080-exec-4] Granted Authorities --> FUNC_CONT_MENU
2020-05-22 14:24:42,912 INFO com.surshree.app.services.CustomUserDetailsService [http-nio-8080-exec-3] Granted Authorities --> ROLE_ADMN
2020-05-22 14:24:42,920 INFO com.surshree.app.services.CustomUserDetailsService [http-nio-8080-exec-3] Granted Authorities --> ROLE_CONT
2020-05-22 14:24:42,923 INFO com.surshree.app.services.CustomUserDetailsService [http-nio-8080-exec-3] Granted Authorities --> FUNC_VIEW_ADMIN_MENU
2020-05-22 14:24:42,926 INFO com.surshree.app.services.CustomUserDetailsService [http-nio-8080-exec-3] Granted Authorities --> FUNC_CONT_MENU
2020-05-22 14:24:42,932 INFO com.surshree.app.services.CustomUserDetailsService [http-nio-8080-exec-3] Granted Authorities --> FUNC_CONT_MENU
2020-05-22 14:25:06,689 INFO com.surshree.app.scheduling.CacheScheduler [scheduling-1] Clear user cache : START
2020-05-22 14:25:06,696 INFO com.surshree.app.scheduling.CacheScheduler [scheduling-1] Clear user cache : END
2020-05-22 14:28:44,468 INFO com.surshree.app.services.CustomUserDetailsService [http-nio-8080-exec-5] Granted Authorities --> ROLE_CONT
2020-05-22 14:28:44,473 INFO com.surshree.app.services.CustomUserDetailsService [http-nio-8080-exec-5] Granted Authorities --> ROLE_ADMN
2020-05-22 14:28:44,479 INFO com.surshree.app.services.CustomUserDetailsService [http-nio-8080-exec-5] Granted Authorities --> FUNC_CONT_MENU
2020-05-22 14:28:44,491 INFO com.surshree.app.services.CustomUserDetailsService [http-nio-8080-exec-5] Granted Authorities --> FUNC_VIEW_ADMIN_MENU
2020-05-22 14:28:44,496 INFO com.surshree.app.services.CustomUserDetailsService [http-nio-8080-exec-5] Granted Authorities --> FUNC_CONT_MENU
2020-05-22 14:28:45,981 INFO com.surshree.app.services.CustomUserDetailsService [http-nio-8080-exec-10] Granted Authorities --> ROLE_CONT
2020-05-22 14:28:45,986 INFO com.surshree.app.services.CustomUserDetailsService [http-nio-8080-exec-10] Granted Authorities --> ROLE_ADMN
2020-05-22 14:28:45,988 INFO com.surshree.app.services.CustomUserDetailsService [http-nio-8080-exec-10] Granted Authorities --> FUNC_CONT_MENU
2020-05-22 14:28:45,991 INFO com.surshree.app.services.CustomUserDetailsService [http-nio-8080-exec-10] Granted Authorities --> FUNC_VIEW_ADMIN_MENU
2020-05-22 14:28:45,994 INFO com.surshree.app.services.CustomUserDetailsService [http-nio-8080-exec-10] Granted Authorities --> FUNC_CONT_MENU
2020-05-22 15:16:22,272 WARN com.zaxxer.hikari.pool.HikariPool$HouseKeeper [HikariPool-1 housekeeper] HikariPool-1 - Thread starvation or clock leap detected (housekeeper delta=47m49s317ms).
2020-05-22 15:21:54,063 INFO com.surshree.app.scheduling.CacheScheduler [scheduling-1] Clear user cache : START
2020-05-22 15:21:54,075 INFO com.surshree.app.scheduling.CacheScheduler [scheduling-1] Clear user cache : END
2020-05-22 15:27:11,095 INFO org.springframework.security.oauth2.provider.token.store.JdbcTokenStore [http-nio-8080-exec-4] Failed to find access token for token 136b2948-8f95-444f-be32-a6fae54ef3c1
2020-05-22 15:27:42,147 INFO org.springframework.security.oauth2.provider.token.store.JdbcTokenStore [http-nio-8080-exec-8] Failed to find access token for token 136b2948-8f95-444f-be32-a6fae54ef3c1
2020-05-22 15:29:03,872 WARN org.apache.juli.logging.DirectJDKLog [http-nio-8080-exec-5] Creation of SecureRandom instance for session ID generation using [SHA1PRNG] took [129] milliseconds.
2020-05-22 15:31:54,128 INFO com.surshree.app.scheduling.CacheScheduler [scheduling-1] Clear user cache : START
2020-05-22 15:31:54,135 INFO com.surshree.app.scheduling.CacheScheduler [scheduling-1] Clear user cache : END
2020-05-22 15:32:03,596 INFO org.springframework.security.oauth2.provider.token.store.JdbcTokenStore [http-nio-8080-exec-1] Failed to find access token for token 136b2948-8f95-444f-be32-a6fae54ef3c1
2020-05-22 15:32:03,619 INFO org.springframework.security.oauth2.provider.endpoint.CheckTokenEndpoint [http-nio-8080-exec-1] Handling error: InvalidTokenException, Token was not recognised
2020-05-22 15:32:04,016 INFO com.surshree.app.services.CustomUserDetailsService [http-nio-8080-exec-6] Granted Authorities --> ROLE_ADMN
2020-05-22 15:32:04,018 INFO com.surshree.app.services.CustomUserDetailsService [http-nio-8080-exec-6] Granted Authorities --> ROLE_CONT
2020-05-22 15:32:04,021 INFO com.surshree.app.services.CustomUserDetailsService [http-nio-8080-exec-6] Granted Authorities --> FUNC_VIEW_ADMIN_MENU
2020-05-22 15:32:04,029 INFO com.surshree.app.services.CustomUserDetailsService [http-nio-8080-exec-6] Granted Authorities --> FUNC_CONT_MENU
2020-05-22 15:32:04,037 INFO com.surshree.app.services.CustomUserDetailsService [http-nio-8080-exec-6] Granted Authorities --> FUNC_CONT_MENU
2020-05-22 15:32:04,199 INFO org.springframework.security.oauth2.provider.token.store.JdbcTokenStore [http-nio-8080-exec-6] Failed to find access token for token c7f3c161-87e5-4428-ba6f-a1d531bf2dcc
2020-05-22 15:32:04,869 INFO com.surshree.app.services.CustomUserDetailsService [http-nio-8080-exec-8] Granted Authorities --> ROLE_ADMN
2020-05-22 15:32:04,876 INFO com.surshree.app.services.CustomUserDetailsService [http-nio-8080-exec-8] Granted Authorities --> ROLE_CONT
2020-05-22 15:32:04,877 INFO com.surshree.app.services.CustomUserDetailsService [http-nio-8080-exec-8] Granted Authorities --> FUNC_VIEW_ADMIN_MENU
2020-05-22 15:32:04,880 INFO com.surshree.app.services.CustomUserDetailsService [http-nio-8080-exec-8] Granted Authorities --> FUNC_CONT_MENU
2020-05-22 15:32:04,881 INFO com.surshree.app.services.CustomUserDetailsService [http-nio-8080-exec-8] Granted Authorities --> FUNC_CONT_MENU
2020-05-22 15:32:05,555 INFO com.surshree.app.services.CustomUserDetailsService [http-nio-8080-exec-5] Granted Authorities --> ROLE_ADMN
2020-05-22 15:32:05,556 INFO com.surshree.app.services.CustomUserDetailsService [http-nio-8080-exec-5] Granted Authorities --> ROLE_CONT
2020-05-22 15:32:05,557 INFO com.surshree.app.services.CustomUserDetailsService [http-nio-8080-exec-5] Granted Authorities --> FUNC_VIEW_ADMIN_MENU
2020-05-22 15:32:05,559 INFO com.surshree.app.services.CustomUserDetailsService [http-nio-8080-exec-5] Granted Authorities --> FUNC_CONT_MENU
2020-05-22 15:32:05,559 INFO com.surshree.app.services.CustomUserDetailsService [http-nio-8080-exec-5] Granted Authorities --> FUNC_CONT_MENU
2020-05-22 15:33:09,311 INFO com.surshree.app.services.CustomUserDetailsService [http-nio-8080-exec-5] Granted Authorities --> ROLE_ADMN
2020-05-22 15:33:09,313 INFO com.surshree.app.services.CustomUserDetailsService [http-nio-8080-exec-5] Granted Authorities --> ROLE_CONT
2020-05-22 15:33:09,314 INFO com.surshree.app.services.CustomUserDetailsService [http-nio-8080-exec-5] Granted Authorities --> FUNC_VIEW_ADMIN_MENU
2020-05-22 15:33:09,317 INFO com.surshree.app.services.CustomUserDetailsService [http-nio-8080-exec-5] Granted Authorities --> FUNC_CONT_MENU
2020-05-22 15:33:09,317 INFO com.surshree.app.services.CustomUserDetailsService [http-nio-8080-exec-5] Granted Authorities --> FUNC_CONT_MENU
2020-05-22 15:33:10,212 INFO com.surshree.app.services.CustomUserDetailsService [http-nio-8080-exec-10] Granted Authorities --> ROLE_ADMN
2020-05-22 15:33:10,214 INFO com.surshree.app.services.CustomUserDetailsService [http-nio-8080-exec-10] Granted Authorities --> ROLE_CONT
2020-05-22 15:33:10,215 INFO com.surshree.app.services.CustomUserDetailsService [http-nio-8080-exec-10] Granted Authorities --> FUNC_VIEW_ADMIN_MENU
2020-05-22 15:33:10,218 INFO com.surshree.app.services.CustomUserDetailsService [http-nio-8080-exec-10] Granted Authorities --> FUNC_CONT_MENU
2020-05-22 15:33:10,219 INFO com.surshree.app.services.CustomUserDetailsService [http-nio-8080-exec-10] Granted Authorities --> FUNC_CONT_MENU
2020-05-22 15:33:41,307 INFO com.surshree.app.services.CustomUserDetailsService [http-nio-8080-exec-8] Granted Authorities --> ROLE_ADMN
2020-05-22 15:33:41,310 INFO com.surshree.app.services.CustomUserDetailsService [http-nio-8080-exec-8] Granted Authorities --> ROLE_CONT
2020-05-22 15:33:41,311 INFO com.surshree.app.services.CustomUserDetailsService [http-nio-8080-exec-8] Granted Authorities --> FUNC_VIEW_ADMIN_MENU
2020-05-22 15:33:41,313 INFO com.surshree.app.services.CustomUserDetailsService [http-nio-8080-exec-8] Granted Authorities --> FUNC_CONT_MENU
2020-05-22 15:33:41,313 INFO com.surshree.app.services.CustomUserDetailsService [http-nio-8080-exec-8] Granted Authorities --> FUNC_CONT_MENU
2020-05-22 15:33:42,325 INFO com.surshree.app.services.CustomUserDetailsService [http-nio-8080-exec-3] Granted Authorities --> ROLE_ADMN
2020-05-22 15:33:42,328 INFO com.surshree.app.services.CustomUserDetailsService [http-nio-8080-exec-3] Granted Authorities --> ROLE_CONT
2020-05-22 15:33:42,332 INFO com.surshree.app.services.CustomUserDetailsService [http-nio-8080-exec-3] Granted Authorities --> FUNC_VIEW_ADMIN_MENU
2020-05-22 15:33:42,335 INFO com.surshree.app.services.CustomUserDetailsService [http-nio-8080-exec-3] Granted Authorities --> FUNC_CONT_MENU
2020-05-22 15:33:42,336 INFO com.surshree.app.services.CustomUserDetailsService [http-nio-8080-exec-3] Granted Authorities --> FUNC_CONT_MENU
2020-05-22 15:34:30,758 INFO com.surshree.app.services.CustomUserDetailsService [http-nio-8080-exec-6] Granted Authorities --> ROLE_ADMN
2020-05-22 15:34:30,764 INFO com.surshree.app.services.CustomUserDetailsService [http-nio-8080-exec-6] Granted Authorities --> ROLE_CONT
2020-05-22 15:34:30,764 INFO com.surshree.app.services.CustomUserDetailsService [http-nio-8080-exec-6] Granted Authorities --> FUNC_VIEW_ADMIN_MENU
2020-05-22 15:34:30,764 INFO com.surshree.app.services.CustomUserDetailsService [http-nio-8080-exec-6] Granted Authorities --> FUNC_CONT_MENU
2020-05-22 15:34:30,765 INFO com.surshree.app.services.CustomUserDetailsService [http-nio-8080-exec-6] Granted Authorities --> FUNC_CONT_MENU
2020-05-22 15:34:31,341 INFO com.surshree.app.services.CustomUserDetailsService [http-nio-8080-exec-8] Granted Authorities --> ROLE_ADMN
2020-05-22 15:34:31,344 INFO com.surshree.app.services.CustomUserDetailsService [http-nio-8080-exec-8] Granted Authorities --> ROLE_CONT
2020-05-22 15:34:31,348 INFO com.surshree.app.services.CustomUserDetailsService [http-nio-8080-exec-8] Granted Authorities --> FUNC_VIEW_ADMIN_MENU
2020-05-22 15:34:31,349 INFO com.surshree.app.services.CustomUserDetailsService [http-nio-8080-exec-8] Granted Authorities --> FUNC_CONT_MENU
2020-05-22 15:34:31,351 INFO com.surshree.app.services.CustomUserDetailsService [http-nio-8080-exec-8] Granted Authorities --> FUNC_CONT_MENU
2020-05-22 15:38:38,944 INFO com.surshree.app.services.CustomUserDetailsService [http-nio-8080-exec-6] Granted Authorities --> ROLE_ADMN
2020-05-22 15:38:38,954 INFO com.surshree.app.services.CustomUserDetailsService [http-nio-8080-exec-6] Granted Authorities --> ROLE_CONT
2020-05-22 15:38:38,965 INFO com.surshree.app.services.CustomUserDetailsService [http-nio-8080-exec-6] Granted Authorities --> FUNC_VIEW_ADMIN_MENU
2020-05-22 15:38:38,972 INFO com.surshree.app.services.CustomUserDetailsService [http-nio-8080-exec-6] Granted Authorities --> FUNC_CONT_MENU
2020-05-22 15:38:38,975 INFO com.surshree.app.services.CustomUserDetailsService [http-nio-8080-exec-6] Granted Authorities --> FUNC_CONT_MENU
2020-05-22 15:38:40,049 INFO com.surshree.app.services.CustomUserDetailsService [http-nio-8080-exec-8] Granted Authorities --> ROLE_ADMN
2020-05-22 15:38:40,051 INFO com.surshree.app.services.CustomUserDetailsService [http-nio-8080-exec-8] Granted Authorities --> ROLE_CONT
2020-05-22 15:38:40,052 INFO com.surshree.app.services.CustomUserDetailsService [http-nio-8080-exec-8] Granted Authorities --> FUNC_VIEW_ADMIN_MENU
2020-05-22 15:38:40,052 INFO com.surshree.app.services.CustomUserDetailsService [http-nio-8080-exec-8] Granted Authorities --> FUNC_CONT_MENU
2020-05-22 15:38:40,053 INFO com.surshree.app.services.CustomUserDetailsService [http-nio-8080-exec-8] Granted Authorities --> FUNC_CONT_MENU
2020-05-22 15:40:23,868 INFO com.surshree.app.services.CustomUserDetailsService [http-nio-8080-exec-1] Granted Authorities --> ROLE_ADMN
2020-05-22 15:40:23,872 INFO com.surshree.app.services.CustomUserDetailsService [http-nio-8080-exec-1] Granted Authorities --> ROLE_CONT
2020-05-22 15:40:23,873 INFO com.surshree.app.services.CustomUserDetailsService [http-nio-8080-exec-1] Granted Authorities --> FUNC_VIEW_ADMIN_MENU
2020-05-22 15:40:23,876 INFO com.surshree.app.services.CustomUserDetailsService [http-nio-8080-exec-1] Granted Authorities --> FUNC_CONT_MENU
2020-05-22 15:40:23,877 INFO com.surshree.app.services.CustomUserDetailsService [http-nio-8080-exec-1] Granted Authorities --> FUNC_CONT_MENU
2020-05-22 15:40:24,745 INFO com.surshree.app.services.CustomUserDetailsService [http-nio-8080-exec-4] Granted Authorities --> ROLE_ADMN
2020-05-22 15:40:24,745 INFO com.surshree.app.services.CustomUserDetailsService [http-nio-8080-exec-4] Granted Authorities --> ROLE_CONT
2020-05-22 15:40:24,746 INFO com.surshree.app.services.CustomUserDetailsService [http-nio-8080-exec-4] Granted Authorities --> FUNC_VIEW_ADMIN_MENU
2020-05-22 15:40:24,746 INFO com.surshree.app.services.CustomUserDetailsService [http-nio-8080-exec-4] Granted Authorities --> FUNC_CONT_MENU
2020-05-22 15:40:24,746 INFO com.surshree.app.services.CustomUserDetailsService [http-nio-8080-exec-4] Granted Authorities --> FUNC_CONT_MENU
2020-05-22 15:40:57,842 INFO com.surshree.app.services.CustomUserDetailsService [http-nio-8080-exec-2] Granted Authorities --> ROLE_ADMN
2020-05-22 15:40:57,846 INFO com.surshree.app.services.CustomUserDetailsService [http-nio-8080-exec-2] Granted Authorities --> ROLE_CONT
2020-05-22 15:40:57,849 INFO com.surshree.app.services.CustomUserDetailsService [http-nio-8080-exec-2] Granted Authorities --> FUNC_VIEW_ADMIN_MENU
2020-05-22 15:40:57,849 INFO com.surshree.app.services.CustomUserDetailsService [http-nio-8080-exec-2] Granted Authorities --> FUNC_CONT_MENU
2020-05-22 15:40:57,850 INFO com.surshree.app.services.CustomUserDetailsService [http-nio-8080-exec-2] Granted Authorities --> FUNC_CONT_MENU
2020-05-22 15:40:58,864 INFO com.surshree.app.services.CustomUserDetailsService [http-nio-8080-exec-1] Granted Authorities --> ROLE_ADMN
2020-05-22 15:40:58,865 INFO com.surshree.app.services.CustomUserDetailsService [http-nio-8080-exec-1] Granted Authorities --> ROLE_CONT
2020-05-22 15:40:58,867 INFO com.surshree.app.services.CustomUserDetailsService [http-nio-8080-exec-1] Granted Authorities --> FUNC_VIEW_ADMIN_MENU
2020-05-22 15:40:58,870 INFO com.surshree.app.services.CustomUserDetailsService [http-nio-8080-exec-1] Granted Authorities --> FUNC_CONT_MENU
2020-05-22 15:40:58,884 INFO com.surshree.app.services.CustomUserDetailsService [http-nio-8080-exec-1] Granted Authorities --> FUNC_CONT_MENU
2020-05-22 15:41:54,170 INFO com.surshree.app.scheduling.CacheScheduler [scheduling-1] Clear user cache : START
2020-05-22 15:41:54,180 INFO com.surshree.app.scheduling.CacheScheduler [scheduling-1] Clear user cache : END
2020-05-22 15:42:34,101 INFO com.surshree.app.services.CustomUserDetailsService [http-nio-8080-exec-6] Granted Authorities --> ROLE_CONT
2020-05-22 15:42:34,106 INFO com.surshree.app.services.CustomUserDetailsService [http-nio-8080-exec-6] Granted Authorities --> ROLE_ADMN
2020-05-22 15:42:34,107 INFO com.surshree.app.services.CustomUserDetailsService [http-nio-8080-exec-6] Granted Authorities --> FUNC_CONT_MENU
2020-05-22 15:42:34,118 INFO com.surshree.app.services.CustomUserDetailsService [http-nio-8080-exec-6] Granted Authorities --> FUNC_VIEW_ADMIN_MENU
2020-05-22 15:42:34,120 INFO com.surshree.app.services.CustomUserDetailsService [http-nio-8080-exec-6] Granted Authorities --> FUNC_CONT_MENU
2020-05-22 15:42:34,973 INFO com.surshree.app.services.CustomUserDetailsService [http-nio-8080-exec-3] Granted Authorities --> ROLE_CONT
2020-05-22 15:42:34,974 INFO com.surshree.app.services.CustomUserDetailsService [http-nio-8080-exec-3] Granted Authorities --> ROLE_ADMN
2020-05-22 15:42:34,974 INFO com.surshree.app.services.CustomUserDetailsService [http-nio-8080-exec-3] Granted Authorities --> FUNC_CONT_MENU
2020-05-22 15:42:34,976 INFO com.surshree.app.services.CustomUserDetailsService [http-nio-8080-exec-3] Granted Authorities --> FUNC_VIEW_ADMIN_MENU
2020-05-22 15:42:34,976 INFO com.surshree.app.services.CustomUserDetailsService [http-nio-8080-exec-3] Granted Authorities --> FUNC_CONT_MENU
2020-05-22 15:44:43,732 INFO com.surshree.app.services.CustomUserDetailsService [http-nio-8080-exec-7] Granted Authorities --> ROLE_CONT
2020-05-22 15:44:43,753 INFO com.surshree.app.services.CustomUserDetailsService [http-nio-8080-exec-7] Granted Authorities --> ROLE_ADMN
2020-05-22 15:44:43,756 INFO com.surshree.app.services.CustomUserDetailsService [http-nio-8080-exec-7] Granted Authorities --> FUNC_CONT_MENU
2020-05-22 15:44:43,760 INFO com.surshree.app.services.CustomUserDetailsService [http-nio-8080-exec-7] Granted Authorities --> FUNC_VIEW_ADMIN_MENU
2020-05-22 15:44:43,760 INFO com.surshree.app.services.CustomUserDetailsService [http-nio-8080-exec-7] Granted Authorities --> FUNC_CONT_MENU
2020-05-22 15:44:44,390 INFO com.surshree.app.services.CustomUserDetailsService [http-nio-8080-exec-10] Granted Authorities --> ROLE_CONT
2020-05-22 15:44:44,395 INFO com.surshree.app.services.CustomUserDetailsService [http-nio-8080-exec-10] Granted Authorities --> ROLE_ADMN
2020-05-22 15:44:44,396 INFO com.surshree.app.services.CustomUserDetailsService [http-nio-8080-exec-10] Granted Authorities --> FUNC_CONT_MENU
2020-05-22 15:44:44,396 INFO com.surshree.app.services.CustomUserDetailsService [http-nio-8080-exec-10] Granted Authorities --> FUNC_VIEW_ADMIN_MENU
2020-05-22 15:44:44,397 INFO com.surshree.app.services.CustomUserDetailsService [http-nio-8080-exec-10] Granted Authorities --> FUNC_CONT_MENU
2020-05-22 15:46:15,917 INFO com.surshree.app.services.CustomUserDetailsService [http-nio-8080-exec-2] Granted Authorities --> ROLE_CONT
2020-05-22 15:46:15,923 INFO com.surshree.app.services.CustomUserDetailsService [http-nio-8080-exec-2] Granted Authorities --> ROLE_ADMN
2020-05-22 15:46:15,928 INFO com.surshree.app.services.CustomUserDetailsService [http-nio-8080-exec-2] Granted Authorities --> FUNC_CONT_MENU
2020-05-22 15:46:15,929 INFO com.surshree.app.services.CustomUserDetailsService [http-nio-8080-exec-2] Granted Authorities --> FUNC_VIEW_ADMIN_MENU
2020-05-22 15:46:15,931 INFO com.surshree.app.services.CustomUserDetailsService [http-nio-8080-exec-2] Granted Authorities --> FUNC_CONT_MENU
2020-05-22 15:46:16,732 INFO com.surshree.app.services.CustomUserDetailsService [http-nio-8080-exec-6] Granted Authorities --> ROLE_CONT
2020-05-22 15:46:16,733 INFO com.surshree.app.services.CustomUserDetailsService [http-nio-8080-exec-6] Granted Authorities --> ROLE_ADMN
2020-05-22 15:46:16,734 INFO com.surshree.app.services.CustomUserDetailsService [http-nio-8080-exec-6] Granted Authorities --> FUNC_CONT_MENU
2020-05-22 15:46:16,739 INFO com.surshree.app.services.CustomUserDetailsService [http-nio-8080-exec-6] Granted Authorities --> FUNC_VIEW_ADMIN_MENU
2020-05-22 15:46:16,743 INFO com.surshree.app.services.CustomUserDetailsService [http-nio-8080-exec-6] Granted Authorities --> FUNC_CONT_MENU
2020-05-22 15:46:38,528 INFO com.surshree.app.services.CustomUserDetailsService [http-nio-8080-exec-3] Granted Authorities --> ROLE_CONT
2020-05-22 15:46:38,529 INFO com.surshree.app.services.CustomUserDetailsService [http-nio-8080-exec-3] Granted Authorities --> ROLE_ADMN
2020-05-22 15:46:38,531 INFO com.surshree.app.services.CustomUserDetailsService [http-nio-8080-exec-3] Granted Authorities --> FUNC_CONT_MENU
2020-05-22 15:46:38,533 INFO com.surshree.app.services.CustomUserDetailsService [http-nio-8080-exec-3] Granted Authorities --> FUNC_VIEW_ADMIN_MENU
2020-05-22 15:46:39,223 INFO com.surshree.app.services.CustomUserDetailsService [http-nio-8080-exec-3] Granted Authorities --> FUNC_CONT_MENU
2020-05-22 15:46:39,965 INFO com.surshree.app.services.CustomUserDetailsService [http-nio-8080-exec-2] Granted Authorities --> ROLE_CONT
2020-05-22 15:46:39,967 INFO com.surshree.app.services.CustomUserDetailsService [http-nio-8080-exec-2] Granted Authorities --> ROLE_ADMN
2020-05-22 15:46:39,969 INFO com.surshree.app.services.CustomUserDetailsService [http-nio-8080-exec-2] Granted Authorities --> FUNC_CONT_MENU
2020-05-22 15:46:39,973 INFO com.surshree.app.services.CustomUserDetailsService [http-nio-8080-exec-2] Granted Authorities --> FUNC_VIEW_ADMIN_MENU
2020-05-22 15:46:39,979 INFO com.surshree.app.services.CustomUserDetailsService [http-nio-8080-exec-2] Granted Authorities --> FUNC_CONT_MENU
2020-05-22 15:48:51,826 WARN com.zaxxer.hikari.pool.HikariPool$HouseKeeper [HikariPool-1 housekeeper] HikariPool-1 - Retrograde clock change detected (housekeeper delta=28s151ms), soft-evicting connections from pool.
2020-05-22 15:51:06,417 INFO com.surshree.app.services.CustomUserDetailsService [http-nio-8080-exec-2] Granted Authorities --> ROLE_CONT
2020-05-22 15:51:06,423 INFO com.surshree.app.services.CustomUserDetailsService [http-nio-8080-exec-2] Granted Authorities --> ROLE_ADMN
2020-05-22 15:51:06,423 INFO com.surshree.app.services.CustomUserDetailsService [http-nio-8080-exec-2] Granted Authorities --> FUNC_CONT_MENU
2020-05-22 15:51:06,424 INFO com.surshree.app.services.CustomUserDetailsService [http-nio-8080-exec-2] Granted Authorities --> FUNC_VIEW_ADMIN_MENU
2020-05-22 15:51:06,427 INFO com.surshree.app.services.CustomUserDetailsService [http-nio-8080-exec-2] Granted Authorities --> FUNC_CONT_MENU
2020-05-22 15:51:07,307 INFO com.surshree.app.services.CustomUserDetailsService [http-nio-8080-exec-1] Granted Authorities --> ROLE_CONT
2020-05-22 15:51:07,308 INFO com.surshree.app.services.CustomUserDetailsService [http-nio-8080-exec-1] Granted Authorities --> ROLE_ADMN
2020-05-22 15:51:07,308 INFO com.surshree.app.services.CustomUserDetailsService [http-nio-8080-exec-1] Granted Authorities --> FUNC_CONT_MENU
2020-05-22 15:51:07,309 INFO com.surshree.app.services.CustomUserDetailsService [http-nio-8080-exec-1] Granted Authorities --> FUNC_VIEW_ADMIN_MENU
2020-05-22 15:51:07,309 INFO com.surshree.app.services.CustomUserDetailsService [http-nio-8080-exec-1] Granted Authorities --> FUNC_CONT_MENU
2020-05-22 15:51:52,344 INFO com.surshree.app.scheduling.CacheScheduler [scheduling-1] Clear user cache : START
2020-05-22 15:51:52,348 INFO com.surshree.app.scheduling.CacheScheduler [scheduling-1] Clear user cache : END
2020-05-22 15:51:57,337 INFO com.surshree.app.services.CustomUserDetailsService [http-nio-8080-exec-3] Granted Authorities --> ROLE_CONT
2020-05-22 15:51:57,339 INFO com.surshree.app.services.CustomUserDetailsService [http-nio-8080-exec-3] Granted Authorities --> ROLE_ADMN
2020-05-22 15:51:57,342 INFO com.surshree.app.services.CustomUserDetailsService [http-nio-8080-exec-3] Granted Authorities --> FUNC_CONT_MENU
2020-05-22 15:51:57,345 INFO com.surshree.app.services.CustomUserDetailsService [http-nio-8080-exec-3] Granted Authorities --> FUNC_VIEW_ADMIN_MENU
2020-05-22 15:51:57,348 INFO com.surshree.app.services.CustomUserDetailsService [http-nio-8080-exec-3] Granted Authorities --> FUNC_CONT_MENU
2020-05-22 15:51:58,548 INFO com.surshree.app.services.CustomUserDetailsService [http-nio-8080-exec-2] Granted Authorities --> ROLE_CONT
2020-05-22 15:51:58,555 INFO com.surshree.app.services.CustomUserDetailsService [http-nio-8080-exec-2] Granted Authorities --> ROLE_ADMN
2020-05-22 15:51:58,556 INFO com.surshree.app.services.CustomUserDetailsService [http-nio-8080-exec-2] Granted Authorities --> FUNC_CONT_MENU
2020-05-22 15:51:58,557 INFO com.surshree.app.services.CustomUserDetailsService [http-nio-8080-exec-2] Granted Authorities --> FUNC_VIEW_ADMIN_MENU
2020-05-22 15:51:58,558 INFO com.surshree.app.services.CustomUserDetailsService [http-nio-8080-exec-2] Granted Authorities --> FUNC_CONT_MENU
2020-05-22 15:53:14,705 INFO com.surshree.app.services.CustomUserDetailsService [http-nio-8080-exec-10] Granted Authorities --> ROLE_CONT
2020-05-22 15:53:14,709 INFO com.surshree.app.services.CustomUserDetailsService [http-nio-8080-exec-10] Granted Authorities --> ROLE_ADMN
2020-05-22 15:53:14,710 INFO com.surshree.app.services.CustomUserDetailsService [http-nio-8080-exec-10] Granted Authorities --> FUNC_CONT_MENU
2020-05-22 15:53:14,711 INFO com.surshree.app.services.CustomUserDetailsService [http-nio-8080-exec-10] Granted Authorities --> FUNC_VIEW_ADMIN_MENU
2020-05-22 15:53:14,711 INFO com.surshree.app.services.CustomUserDetailsService [http-nio-8080-exec-10] Granted Authorities --> FUNC_CONT_MENU
2020-05-22 15:53:15,404 INFO com.surshree.app.services.CustomUserDetailsService [http-nio-8080-exec-6] Granted Authorities --> ROLE_CONT
2020-05-22 15:53:15,404 INFO com.surshree.app.services.CustomUserDetailsService [http-nio-8080-exec-6] Granted Authorities --> ROLE_ADMN
2020-05-22 15:53:15,405 INFO com.surshree.app.services.CustomUserDetailsService [http-nio-8080-exec-6] Granted Authorities --> FUNC_CONT_MENU
2020-05-22 15:53:15,405 INFO com.surshree.app.services.CustomUserDetailsService [http-nio-8080-exec-6] Granted Authorities --> FUNC_VIEW_ADMIN_MENU
2020-05-22 15:53:15,405 INFO com.surshree.app.services.CustomUserDetailsService [http-nio-8080-exec-6] Granted Authorities --> FUNC_CONT_MENU
2020-05-22 15:53:34,164 INFO com.surshree.app.services.CustomUserDetailsService [http-nio-8080-exec-7] Granted Authorities --> ROLE_CONT
2020-05-22 15:53:34,165 INFO com.surshree.app.services.CustomUserDetailsService [http-nio-8080-exec-7] Granted Authorities --> ROLE_ADMN
2020-05-22 15:53:34,165 INFO com.surshree.app.services.CustomUserDetailsService [http-nio-8080-exec-7] Granted Authorities --> FUNC_CONT_MENU
2020-05-22 15:53:34,166 INFO com.surshree.app.services.CustomUserDetailsService [http-nio-8080-exec-7] Granted Authorities --> FUNC_VIEW_ADMIN_MENU
2020-05-22 15:53:34,166 INFO com.surshree.app.services.CustomUserDetailsService [http-nio-8080-exec-7] Granted Authorities --> FUNC_CONT_MENU
2020-05-22 15:53:34,842 INFO com.surshree.app.services.CustomUserDetailsService [http-nio-8080-exec-10] Granted Authorities --> ROLE_CONT
2020-05-22 15:53:34,843 INFO com.surshree.app.services.CustomUserDetailsService [http-nio-8080-exec-10] Granted Authorities --> ROLE_ADMN
2020-05-22 15:53:34,843 INFO com.surshree.app.services.CustomUserDetailsService [http-nio-8080-exec-10] Granted Authorities --> FUNC_CONT_MENU
2020-05-22 15:53:34,844 INFO com.surshree.app.services.CustomUserDetailsService [http-nio-8080-exec-10] Granted Authorities --> FUNC_VIEW_ADMIN_MENU
2020-05-22 15:53:34,844 INFO com.surshree.app.services.CustomUserDetailsService [http-nio-8080-exec-10] Granted Authorities --> FUNC_CONT_MENU
2020-05-22 15:55:24,984 INFO com.surshree.app.services.CustomUserDetailsService [http-nio-8080-exec-10] Granted Authorities --> ROLE_CONT
2020-05-22 15:55:24,988 INFO com.surshree.app.services.CustomUserDetailsService [http-nio-8080-exec-10] Granted Authorities --> ROLE_ADMN
2020-05-22 15:55:24,990 INFO com.surshree.app.services.CustomUserDetailsService [http-nio-8080-exec-10] Granted Authorities --> FUNC_CONT_MENU
2020-05-22 15:55:24,992 INFO com.surshree.app.services.CustomUserDetailsService [http-nio-8080-exec-10] Granted Authorities --> FUNC_VIEW_ADMIN_MENU
2020-05-22 15:55:24,993 INFO com.surshree.app.services.CustomUserDetailsService [http-nio-8080-exec-10] Granted Authorities --> FUNC_CONT_MENU
2020-05-22 15:55:25,848 INFO com.surshree.app.services.CustomUserDetailsService [http-nio-8080-exec-6] Granted Authorities --> ROLE_CONT
2020-05-22 15:55:25,850 INFO com.surshree.app.services.CustomUserDetailsService [http-nio-8080-exec-6] Granted Authorities --> ROLE_ADMN
2020-05-22 15:55:25,851 INFO com.surshree.app.services.CustomUserDetailsService [http-nio-8080-exec-6] Granted Authorities --> FUNC_CONT_MENU
2020-05-22 15:55:25,851 INFO com.surshree.app.services.CustomUserDetailsService [http-nio-8080-exec-6] Granted Authorities --> FUNC_VIEW_ADMIN_MENU
2020-05-22 15:55:25,852 INFO com.surshree.app.services.CustomUserDetailsService [http-nio-8080-exec-6] Granted Authorities --> FUNC_CONT_MENU
2020-05-22 15:56:14,510 INFO com.surshree.app.services.CustomUserDetailsService [http-nio-8080-exec-7] Granted Authorities --> ROLE_CONT
2020-05-22 15:56:14,511 INFO com.surshree.app.services.CustomUserDetailsService [http-nio-8080-exec-7] Granted Authorities --> ROLE_ADMN
2020-05-22 15:56:14,513 INFO com.surshree.app.services.CustomUserDetailsService [http-nio-8080-exec-7] Granted Authorities --> FUNC_CONT_MENU
2020-05-22 15:56:14,514 INFO com.surshree.app.services.CustomUserDetailsService [http-nio-8080-exec-7] Granted Authorities --> FUNC_VIEW_ADMIN_MENU
2020-05-22 15:56:14,514 INFO com.surshree.app.services.CustomUserDetailsService [http-nio-8080-exec-7] Granted Authorities --> FUNC_CONT_MENU
2020-05-22 15:56:15,552 INFO com.surshree.app.services.CustomUserDetailsService [http-nio-8080-exec-10] Granted Authorities --> ROLE_CONT
2020-05-22 15:56:15,552 INFO com.surshree.app.services.CustomUserDetailsService [http-nio-8080-exec-10] Granted Authorities --> ROLE_ADMN
2020-05-22 15:56:15,553 INFO com.surshree.app.services.CustomUserDetailsService [http-nio-8080-exec-10] Granted Authorities --> FUNC_CONT_MENU
2020-05-22 15:56:15,554 INFO com.surshree.app.services.CustomUserDetailsService [http-nio-8080-exec-10] Granted Authorities --> FUNC_VIEW_ADMIN_MENU
2020-05-22 15:56:15,554 INFO com.surshree.app.services.CustomUserDetailsService [http-nio-8080-exec-10] Granted Authorities --> FUNC_CONT_MENU
2020-05-22 15:57:21,184 INFO com.surshree.app.services.CustomUserDetailsService [http-nio-8080-exec-6] Granted Authorities --> ROLE_CONT
2020-05-22 15:57:21,186 INFO com.surshree.app.services.CustomUserDetailsService [http-nio-8080-exec-6] Granted Authorities --> ROLE_ADMN
2020-05-22 15:57:21,187 INFO com.surshree.app.services.CustomUserDetailsService [http-nio-8080-exec-6] Granted Authorities --> FUNC_CONT_MENU
2020-05-22 15:57:21,188 INFO com.surshree.app.services.CustomUserDetailsService [http-nio-8080-exec-6] Granted Authorities --> FUNC_VIEW_ADMIN_MENU
2020-05-22 15:57:21,188 INFO com.surshree.app.services.CustomUserDetailsService [http-nio-8080-exec-6] Granted Authorities --> FUNC_CONT_MENU
2020-05-22 15:57:21,740 INFO com.surshree.app.services.CustomUserDetailsService [http-nio-8080-exec-8] Granted Authorities --> ROLE_CONT
2020-05-22 15:57:21,740 INFO com.surshree.app.services.CustomUserDetailsService [http-nio-8080-exec-8] Granted Authorities --> ROLE_ADMN
2020-05-22 15:57:21,740 INFO com.surshree.app.services.CustomUserDetailsService [http-nio-8080-exec-8] Granted Authorities --> FUNC_CONT_MENU
2020-05-22 15:57:21,741 INFO com.surshree.app.services.CustomUserDetailsService [http-nio-8080-exec-8] Granted Authorities --> FUNC_VIEW_ADMIN_MENU
2020-05-22 15:57:21,743 INFO com.surshree.app.services.CustomUserDetailsService [http-nio-8080-exec-8] Granted Authorities --> FUNC_CONT_MENU
2020-05-22 15:58:21,132 INFO com.surshree.app.services.CustomUserDetailsService [http-nio-8080-exec-10] Granted Authorities --> ROLE_CONT
2020-05-22 15:58:21,133 INFO com.surshree.app.services.CustomUserDetailsService [http-nio-8080-exec-10] Granted Authorities --> ROLE_ADMN
2020-05-22 15:58:21,133 INFO com.surshree.app.services.CustomUserDetailsService [http-nio-8080-exec-10] Granted Authorities --> FUNC_CONT_MENU
2020-05-22 15:58:21,134 INFO com.surshree.app.services.CustomUserDetailsService [http-nio-8080-exec-10] Granted Authorities --> FUNC_VIEW_ADMIN_MENU
2020-05-22 15:58:21,134 INFO com.surshree.app.services.CustomUserDetailsService [http-nio-8080-exec-10] Granted Authorities --> FUNC_CONT_MENU
2020-05-22 15:58:21,791 INFO com.surshree.app.services.CustomUserDetailsService [http-nio-8080-exec-6] Granted Authorities --> ROLE_CONT
2020-05-22 15:58:21,792 INFO com.surshree.app.services.CustomUserDetailsService [http-nio-8080-exec-6] Granted Authorities --> ROLE_ADMN
2020-05-22 15:58:21,792 INFO com.surshree.app.services.CustomUserDetailsService [http-nio-8080-exec-6] Granted Authorities --> FUNC_CONT_MENU
2020-05-22 15:58:21,793 INFO com.surshree.app.services.CustomUserDetailsService [http-nio-8080-exec-6] Granted Authorities --> FUNC_VIEW_ADMIN_MENU
2020-05-22 15:58:21,793 INFO com.surshree.app.services.CustomUserDetailsService [http-nio-8080-exec-6] Granted Authorities --> FUNC_CONT_MENU
2020-05-22 15:59:51,555 INFO com.surshree.app.services.CustomUserDetailsService [http-nio-8080-exec-1] Granted Authorities --> ROLE_CONT
2020-05-22 15:59:51,558 INFO com.surshree.app.services.CustomUserDetailsService [http-nio-8080-exec-1] Granted Authorities --> ROLE_ADMN
2020-05-22 15:59:51,559 INFO com.surshree.app.services.CustomUserDetailsService [http-nio-8080-exec-1] Granted Authorities --> FUNC_CONT_MENU
2020-05-22 15:59:51,559 INFO com.surshree.app.services.CustomUserDetailsService [http-nio-8080-exec-1] Granted Authorities --> FUNC_VIEW_ADMIN_MENU
2020-05-22 15:59:51,559 INFO com.surshree.app.services.CustomUserDetailsService [http-nio-8080-exec-1] Granted Authorities --> FUNC_CONT_MENU
2020-05-22 15:59:52,321 INFO com.surshree.app.services.CustomUserDetailsService [http-nio-8080-exec-4] Granted Authorities --> ROLE_CONT
2020-05-22 15:59:52,327 INFO com.surshree.app.services.CustomUserDetailsService [http-nio-8080-exec-4] Granted Authorities --> ROLE_ADMN
2020-05-22 15:59:52,329 INFO com.surshree.app.services.CustomUserDetailsService [http-nio-8080-exec-4] Granted Authorities --> FUNC_CONT_MENU
2020-05-22 15:59:52,329 INFO com.surshree.app.services.CustomUserDetailsService [http-nio-8080-exec-4] Granted Authorities --> FUNC_VIEW_ADMIN_MENU
2020-05-22 15:59:52,330 INFO com.surshree.app.services.CustomUserDetailsService [http-nio-8080-exec-4] Granted Authorities --> FUNC_CONT_MENU
2020-05-22 16:00:34,644 INFO com.surshree.app.services.CustomUserDetailsService [http-nio-8080-exec-2] Granted Authorities --> ROLE_CONT
2020-05-22 16:00:34,646 INFO com.surshree.app.services.CustomUserDetailsService [http-nio-8080-exec-2] Granted Authorities --> ROLE_ADMN
2020-05-22 16:00:34,646 INFO com.surshree.app.services.CustomUserDetailsService [http-nio-8080-exec-2] Granted Authorities --> FUNC_CONT_MENU
2020-05-22 16:00:34,647 INFO com.surshree.app.services.CustomUserDetailsService [http-nio-8080-exec-2] Granted Authorities --> FUNC_VIEW_ADMIN_MENU
2020-05-22 16:00:34,647 INFO com.surshree.app.services.CustomUserDetailsService [http-nio-8080-exec-2] Granted Authorities --> FUNC_CONT_MENU
2020-05-22 16:00:35,854 INFO com.surshree.app.services.CustomUserDetailsService [http-nio-8080-exec-1] Granted Authorities --> ROLE_CONT
2020-05-22 16:00:35,855 INFO com.surshree.app.services.CustomUserDetailsService [http-nio-8080-exec-1] Granted Authorities --> ROLE_ADMN
2020-05-22 16:00:35,856 INFO com.surshree.app.services.CustomUserDetailsService [http-nio-8080-exec-1] Granted Authorities --> FUNC_CONT_MENU
2020-05-22 16:00:35,856 INFO com.surshree.app.services.CustomUserDetailsService [http-nio-8080-exec-1] Granted Authorities --> FUNC_VIEW_ADMIN_MENU
2020-05-22 16:00:35,857 INFO com.surshree.app.services.CustomUserDetailsService [http-nio-8080-exec-1] Granted Authorities --> FUNC_CONT_MENU
2020-05-22 16:01:09,739 INFO com.surshree.app.services.CustomUserDetailsService [http-nio-8080-exec-7] Granted Authorities --> ROLE_CONT
2020-05-22 16:01:09,740 INFO com.surshree.app.services.CustomUserDetailsService [http-nio-8080-exec-7] Granted Authorities --> ROLE_ADMN
2020-05-22 16:01:09,741 INFO com.surshree.app.services.CustomUserDetailsService [http-nio-8080-exec-7] Granted Authorities --> FUNC_CONT_MENU
2020-05-22 16:01:09,741 INFO com.surshree.app.services.CustomUserDetailsService [http-nio-8080-exec-7] Granted Authorities --> FUNC_VIEW_ADMIN_MENU
2020-05-22 16:01:09,742 INFO com.surshree.app.services.CustomUserDetailsService [http-nio-8080-exec-7] Granted Authorities --> FUNC_CONT_MENU
2020-05-22 16:01:10,497 INFO com.surshree.app.services.CustomUserDetailsService [http-nio-8080-exec-2] Granted Authorities --> ROLE_CONT
2020-05-22 16:01:10,498 INFO com.surshree.app.services.CustomUserDetailsService [http-nio-8080-exec-2] Granted Authorities --> ROLE_ADMN
2020-05-22 16:01:10,499 INFO com.surshree.app.services.CustomUserDetailsService [http-nio-8080-exec-2] Granted Authorities --> FUNC_CONT_MENU
2020-05-22 16:01:10,502 INFO com.surshree.app.services.CustomUserDetailsService [http-nio-8080-exec-2] Granted Authorities --> FUNC_VIEW_ADMIN_MENU
2020-05-22 16:01:10,510 INFO com.surshree.app.services.CustomUserDetailsService [http-nio-8080-exec-2] Granted Authorities --> FUNC_CONT_MENU
2020-05-22 16:01:52,367 INFO com.surshree.app.scheduling.CacheScheduler [scheduling-1] Clear user cache : START
2020-05-22 16:01:52,376 INFO com.surshree.app.scheduling.CacheScheduler [scheduling-1] Clear user cache : END
2020-05-22 16:03:33,362 INFO com.surshree.app.services.CustomUserDetailsService [http-nio-8080-exec-6] Granted Authorities --> ROLE_CONT
2020-05-22 16:03:33,365 INFO com.surshree.app.services.CustomUserDetailsService [http-nio-8080-exec-6] Granted Authorities --> ROLE_ADMN
2020-05-22 16:03:33,366 INFO com.surshree.app.services.CustomUserDetailsService [http-nio-8080-exec-6] Granted Authorities --> FUNC_CONT_MENU
2020-05-22 16:03:33,366 INFO com.surshree.app.services.CustomUserDetailsService [http-nio-8080-exec-6] Granted Authorities --> FUNC_CONT_MENU
2020-05-22 16:03:33,366 INFO com.surshree.app.services.CustomUserDetailsService [http-nio-8080-exec-6] Granted Authorities --> FUNC_VIEW_ADMIN_MENU
2020-05-22 16:03:34,515 INFO com.surshree.app.services.CustomUserDetailsService [http-nio-8080-exec-8] Granted Authorities --> ROLE_CONT
2020-05-22 16:03:34,515 INFO com.surshree.app.services.CustomUserDetailsService [http-nio-8080-exec-8] Granted Authorities --> ROLE_ADMN
2020-05-22 16:03:34,516 INFO com.surshree.app.services.CustomUserDetailsService [http-nio-8080-exec-8] Granted Authorities --> FUNC_CONT_MENU
2020-05-22 16:03:34,517 INFO com.surshree.app.services.CustomUserDetailsService [http-nio-8080-exec-8] Granted Authorities --> FUNC_CONT_MENU
2020-05-22 16:03:34,517 INFO com.surshree.app.services.CustomUserDetailsService [http-nio-8080-exec-8] Granted Authorities --> FUNC_VIEW_ADMIN_MENU
2020-05-22 16:03:47,724 INFO com.surshree.app.services.CustomUserDetailsService [http-nio-8080-exec-2] Granted Authorities --> ROLE_CONT
2020-05-22 16:03:47,726 INFO com.surshree.app.services.CustomUserDetailsService [http-nio-8080-exec-2] Granted Authorities --> ROLE_ADMN
2020-05-22 16:03:47,728 INFO com.surshree.app.services.CustomUserDetailsService [http-nio-8080-exec-2] Granted Authorities --> FUNC_CONT_MENU
2020-05-22 16:03:47,731 INFO com.surshree.app.services.CustomUserDetailsService [http-nio-8080-exec-2] Granted Authorities --> FUNC_CONT_MENU
2020-05-22 16:03:47,734 INFO com.surshree.app.services.CustomUserDetailsService [http-nio-8080-exec-2] Granted Authorities --> FUNC_VIEW_ADMIN_MENU
2020-05-22 16:03:48,516 INFO com.surshree.app.services.CustomUserDetailsService [http-nio-8080-exec-1] Granted Authorities --> ROLE_CONT
2020-05-22 16:03:48,518 INFO com.surshree.app.services.CustomUserDetailsService [http-nio-8080-exec-1] Granted Authorities --> ROLE_ADMN
2020-05-22 16:03:48,520 INFO com.surshree.app.services.CustomUserDetailsService [http-nio-8080-exec-1] Granted Authorities --> FUNC_CONT_MENU
2020-05-22 16:03:48,524 INFO com.surshree.app.services.CustomUserDetailsService [http-nio-8080-exec-1] Granted Authorities --> FUNC_CONT_MENU
2020-05-22 16:03:48,526 INFO com.surshree.app.services.CustomUserDetailsService [http-nio-8080-exec-1] Granted Authorities --> FUNC_VIEW_ADMIN_MENU
2020-05-22 16:03:54,242 INFO com.surshree.app.services.CustomUserDetailsService [http-nio-8080-exec-5] Granted Authorities --> ROLE_CONT
2020-05-22 16:03:54,243 INFO com.surshree.app.services.CustomUserDetailsService [http-nio-8080-exec-5] Granted Authorities --> ROLE_ADMN
2020-05-22 16:03:54,243 INFO com.surshree.app.services.CustomUserDetailsService [http-nio-8080-exec-5] Granted Authorities --> FUNC_CONT_MENU
2020-05-22 16:03:54,244 INFO com.surshree.app.services.CustomUserDetailsService [http-nio-8080-exec-5] Granted Authorities --> FUNC_CONT_MENU
2020-05-22 16:03:54,244 INFO com.surshree.app.services.CustomUserDetailsService [http-nio-8080-exec-5] Granted Authorities --> FUNC_VIEW_ADMIN_MENU
2020-05-22 16:03:54,955 INFO com.surshree.app.services.CustomUserDetailsService [http-nio-8080-exec-2] Granted Authorities --> ROLE_CONT
2020-05-22 16:03:54,955 INFO com.surshree.app.services.CustomUserDetailsService [http-nio-8080-exec-2] Granted Authorities --> ROLE_ADMN
2020-05-22 16:03:54,956 INFO com.surshree.app.services.CustomUserDetailsService [http-nio-8080-exec-2] Granted Authorities --> FUNC_CONT_MENU
2020-05-22 16:03:54,956 INFO com.surshree.app.services.CustomUserDetailsService [http-nio-8080-exec-2] Granted Authorities --> FUNC_CONT_MENU
2020-05-22 16:03:54,958 INFO com.surshree.app.services.CustomUserDetailsService [http-nio-8080-exec-2] Granted Authorities --> FUNC_VIEW_ADMIN_MENU
2020-05-22 16:06:23,095 INFO com.surshree.app.services.CustomUserDetailsService [http-nio-8080-exec-3] Granted Authorities --> ROLE_CONT
2020-05-22 16:06:23,098 INFO com.surshree.app.services.CustomUserDetailsService [http-nio-8080-exec-3] Granted Authorities --> ROLE_ADMN
2020-05-22 16:06:23,099 INFO com.surshree.app.services.CustomUserDetailsService [http-nio-8080-exec-3] Granted Authorities --> FUNC_CONT_MENU
2020-05-22 16:06:23,100 INFO com.surshree.app.services.CustomUserDetailsService [http-nio-8080-exec-3] Granted Authorities --> FUNC_CONT_MENU
2020-05-22 16:06:23,100 INFO com.surshree.app.services.CustomUserDetailsService [http-nio-8080-exec-3] Granted Authorities --> FUNC_VIEW_ADMIN_MENU
2020-05-22 16:06:24,023 INFO com.surshree.app.services.CustomUserDetailsService [http-nio-8080-exec-10] Granted Authorities --> ROLE_CONT
2020-05-22 16:06:24,023 INFO com.surshree.app.services.CustomUserDetailsService [http-nio-8080-exec-10] Granted Authorities --> ROLE_ADMN
2020-05-22 16:06:24,023 INFO com.surshree.app.services.CustomUserDetailsService [http-nio-8080-exec-10] Granted Authorities --> FUNC_CONT_MENU
2020-05-22 16:06:24,024 INFO com.surshree.app.services.CustomUserDetailsService [http-nio-8080-exec-10] Granted Authorities --> FUNC_CONT_MENU
2020-05-22 16:06:24,024 INFO com.surshree.app.services.CustomUserDetailsService [http-nio-8080-exec-10] Granted Authorities --> FUNC_VIEW_ADMIN_MENU
2020-05-22 16:06:36,728 INFO com.surshree.app.services.CustomUserDetailsService [http-nio-8080-exec-7] Granted Authorities --> ROLE_CONT
2020-05-22 16:06:36,729 INFO com.surshree.app.services.CustomUserDetailsService [http-nio-8080-exec-7] Granted Authorities --> ROLE_ADMN
2020-05-22 16:06:36,730 INFO com.surshree.app.services.CustomUserDetailsService [http-nio-8080-exec-7] Granted Authorities --> FUNC_CONT_MENU
2020-05-22 16:06:36,730 INFO com.surshree.app.services.CustomUserDetailsService [http-nio-8080-exec-7] Granted Authorities --> FUNC_CONT_MENU
2020-05-22 16:06:36,731 INFO com.surshree.app.services.CustomUserDetailsService [http-nio-8080-exec-7] Granted Authorities --> FUNC_VIEW_ADMIN_MENU
2020-05-22 16:06:37,622 INFO com.surshree.app.services.CustomUserDetailsService [http-nio-8080-exec-9] Granted Authorities --> ROLE_CONT
2020-05-22 16:06:37,624 INFO com.surshree.app.services.CustomUserDetailsService [http-nio-8080-exec-9] Granted Authorities --> ROLE_ADMN
2020-05-22 16:06:37,626 INFO com.surshree.app.services.CustomUserDetailsService [http-nio-8080-exec-9] Granted Authorities --> FUNC_CONT_MENU
2020-05-22 16:06:37,628 INFO com.surshree.app.services.CustomUserDetailsService [http-nio-8080-exec-9] Granted Authorities --> FUNC_CONT_MENU
2020-05-22 16:06:37,630 INFO com.surshree.app.services.CustomUserDetailsService [http-nio-8080-exec-9] Granted Authorities --> FUNC_VIEW_ADMIN_MENU
2020-05-22 16:09:37,557 INFO com.surshree.app.services.CustomUserDetailsService [http-nio-8080-exec-9] Granted Authorities --> ROLE_CONT
2020-05-22 16:09:37,560 INFO com.surshree.app.services.CustomUserDetailsService [http-nio-8080-exec-9] Granted Authorities --> ROLE_ADMN
2020-05-22 16:09:37,561 INFO com.surshree.app.services.CustomUserDetailsService [http-nio-8080-exec-9] Granted Authorities --> FUNC_CONT_MENU
2020-05-22 16:09:37,562 INFO com.surshree.app.services.CustomUserDetailsService [http-nio-8080-exec-9] Granted Authorities --> FUNC_CONT_MENU
2020-05-22 16:09:37,563 INFO com.surshree.app.services.CustomUserDetailsService [http-nio-8080-exec-9] Granted Authorities --> FUNC_VIEW_ADMIN_MENU
2020-05-22 16:09:38,298 INFO com.surshree.app.services.CustomUserDetailsService [http-nio-8080-exec-2] Granted Authorities --> ROLE_CONT
2020-05-22 16:09:38,299 INFO com.surshree.app.services.CustomUserDetailsService [http-nio-8080-exec-2] Granted Authorities --> ROLE_ADMN
2020-05-22 16:09:38,299 INFO com.surshree.app.services.CustomUserDetailsService [http-nio-8080-exec-2] Granted Authorities --> FUNC_CONT_MENU
2020-05-22 16:09:38,299 INFO com.surshree.app.services.CustomUserDetailsService [http-nio-8080-exec-2] Granted Authorities --> FUNC_CONT_MENU
2020-05-22 16:09:38,299 INFO com.surshree.app.services.CustomUserDetailsService [http-nio-8080-exec-2] Granted Authorities --> FUNC_VIEW_ADMIN_MENU
2020-05-22 16:11:52,388 INFO com.surshree.app.scheduling.CacheScheduler [scheduling-1] Clear user cache : START
2020-05-22 16:11:52,397 INFO com.surshree.app.scheduling.CacheScheduler [scheduling-1] Clear user cache : END
2020-05-22 16:13:51,529 INFO com.surshree.app.services.CustomUserDetailsService [http-nio-8080-exec-7] Granted Authorities --> ROLE_ADMN
2020-05-22 16:13:51,535 INFO com.surshree.app.services.CustomUserDetailsService [http-nio-8080-exec-7] Granted Authorities --> ROLE_CONT
2020-05-22 16:13:51,536 INFO com.surshree.app.services.CustomUserDetailsService [http-nio-8080-exec-7] Granted Authorities --> FUNC_CONT_MENU
2020-05-22 16:13:51,537 INFO com.surshree.app.services.CustomUserDetailsService [http-nio-8080-exec-7] Granted Authorities --> FUNC_VIEW_ADMIN_MENU
2020-05-22 16:13:51,539 INFO com.surshree.app.services.CustomUserDetailsService [http-nio-8080-exec-7] Granted Authorities --> FUNC_CONT_MENU
2020-05-22 16:13:52,502 INFO com.surshree.app.services.CustomUserDetailsService [http-nio-8080-exec-2] Granted Authorities --> ROLE_ADMN
2020-05-22 16:13:52,503 INFO com.surshree.app.services.CustomUserDetailsService [http-nio-8080-exec-2] Granted Authorities --> ROLE_CONT
2020-05-22 16:13:52,504 INFO com.surshree.app.services.CustomUserDetailsService [http-nio-8080-exec-2] Granted Authorities --> FUNC_CONT_MENU
2020-05-22 16:13:52,504 INFO com.surshree.app.services.CustomUserDetailsService [http-nio-8080-exec-2] Granted Authorities --> FUNC_VIEW_ADMIN_MENU
2020-05-22 16:13:52,504 INFO com.surshree.app.services.CustomUserDetailsService [http-nio-8080-exec-2] Granted Authorities --> FUNC_CONT_MENU
2020-05-22 16:16:37,881 INFO com.surshree.app.services.CustomUserDetailsService [http-nio-8080-exec-9] Granted Authorities --> ROLE_ADMN
2020-05-22 16:16:37,902 INFO com.surshree.app.services.CustomUserDetailsService [http-nio-8080-exec-9] Granted Authorities --> ROLE_CONT
2020-05-22 16:16:37,902 INFO com.surshree.app.services.CustomUserDetailsService [http-nio-8080-exec-9] Granted Authorities --> FUNC_CONT_MENU
2020-05-22 16:16:37,903 INFO com.surshree.app.services.CustomUserDetailsService [http-nio-8080-exec-9] Granted Authorities --> FUNC_VIEW_ADMIN_MENU
2020-05-22 16:16:37,903 INFO com.surshree.app.services.CustomUserDetailsService [http-nio-8080-exec-9] Granted Authorities --> FUNC_CONT_MENU
2020-05-22 16:16:39,839 INFO com.surshree.app.services.CustomUserDetailsService [http-nio-8080-exec-2] Granted Authorities --> ROLE_ADMN
2020-05-22 16:16:39,841 INFO com.surshree.app.services.CustomUserDetailsService [http-nio-8080-exec-2] Granted Authorities --> ROLE_CONT
2020-05-22 16:16:39,842 INFO com.surshree.app.services.CustomUserDetailsService [http-nio-8080-exec-2] Granted Authorities --> FUNC_CONT_MENU
2020-05-22 16:16:39,843 INFO com.surshree.app.services.CustomUserDetailsService [http-nio-8080-exec-2] Granted Authorities --> FUNC_VIEW_ADMIN_MENU
2020-05-22 16:16:39,844 INFO com.surshree.app.services.CustomUserDetailsService [http-nio-8080-exec-2] Granted Authorities --> FUNC_CONT_MENU
2020-05-22 16:20:41,429 INFO com.surshree.app.services.CustomUserDetailsService [http-nio-8080-exec-3] Granted Authorities --> ROLE_ADMN
2020-05-22 16:20:41,431 INFO com.surshree.app.services.CustomUserDetailsService [http-nio-8080-exec-3] Granted Authorities --> ROLE_CONT
2020-05-22 16:20:41,432 INFO com.surshree.app.services.CustomUserDetailsService [http-nio-8080-exec-3] Granted Authorities --> FUNC_CONT_MENU
2020-05-22 16:20:41,433 INFO com.surshree.app.services.CustomUserDetailsService [http-nio-8080-exec-3] Granted Authorities --> FUNC_VIEW_ADMIN_MENU
2020-05-22 16:20:41,433 INFO com.surshree.app.services.CustomUserDetailsService [http-nio-8080-exec-3] Granted Authorities --> FUNC_CONT_MENU
2020-05-22 16:20:41,984 INFO com.surshree.app.services.CustomUserDetailsService [http-nio-8080-exec-10] Granted Authorities --> ROLE_ADMN
2020-05-22 16:20:41,986 INFO com.surshree.app.services.CustomUserDetailsService [http-nio-8080-exec-10] Granted Authorities --> ROLE_CONT
2020-05-22 16:20:41,987 INFO com.surshree.app.services.CustomUserDetailsService [http-nio-8080-exec-10] Granted Authorities --> FUNC_CONT_MENU
2020-05-22 16:20:41,988 INFO com.surshree.app.services.CustomUserDetailsService [http-nio-8080-exec-10] Granted Authorities --> FUNC_VIEW_ADMIN_MENU
2020-05-22 16:20:41,988 INFO com.surshree.app.services.CustomUserDetailsService [http-nio-8080-exec-10] Granted Authorities --> FUNC_CONT_MENU
2020-05-22 16:20:56,831 INFO com.surshree.app.services.CustomUserDetailsService [http-nio-8080-exec-5] Granted Authorities --> ROLE_ADMN
2020-05-22 16:20:56,832 INFO com.surshree.app.services.CustomUserDetailsService [http-nio-8080-exec-5] Granted Authorities --> ROLE_CONT
2020-05-22 16:20:56,833 INFO com.surshree.app.services.CustomUserDetailsService [http-nio-8080-exec-5] Granted Authorities --> FUNC_CONT_MENU
2020-05-22 16:20:56,833 INFO com.surshree.app.services.CustomUserDetailsService [http-nio-8080-exec-5] Granted Authorities --> FUNC_VIEW_ADMIN_MENU
2020-05-22 16:20:56,835 INFO com.surshree.app.services.CustomUserDetailsService [http-nio-8080-exec-5] Granted Authorities --> FUNC_CONT_MENU
2020-05-22 16:20:57,476 INFO com.surshree.app.services.CustomUserDetailsService [http-nio-8080-exec-9] Granted Authorities --> ROLE_ADMN
2020-05-22 16:20:57,478 INFO com.surshree.app.services.CustomUserDetailsService [http-nio-8080-exec-9] Granted Authorities --> ROLE_CONT
2020-05-22 16:20:57,480 INFO com.surshree.app.services.CustomUserDetailsService [http-nio-8080-exec-9] Granted Authorities --> FUNC_CONT_MENU
2020-05-22 16:20:57,482 INFO com.surshree.app.services.CustomUserDetailsService [http-nio-8080-exec-9] Granted Authorities --> FUNC_VIEW_ADMIN_MENU
2020-05-22 16:20:57,490 INFO com.surshree.app.services.CustomUserDetailsService [http-nio-8080-exec-9] Granted Authorities --> FUNC_CONT_MENU
2020-05-22 16:21:52,405 INFO com.surshree.app.scheduling.CacheScheduler [scheduling-1] Clear user cache : START
2020-05-22 16:21:52,407 INFO com.surshree.app.scheduling.CacheScheduler [scheduling-1] Clear user cache : END
2020-05-22 16:22:26,248 INFO com.surshree.app.services.CustomUserDetailsService [http-nio-8080-exec-9] Granted Authorities --> ROLE_ADMN
2020-05-22 16:22:26,252 INFO com.surshree.app.services.CustomUserDetailsService [http-nio-8080-exec-9] Granted Authorities --> ROLE_CONT
2020-05-22 16:22:26,252 INFO com.surshree.app.services.CustomUserDetailsService [http-nio-8080-exec-9] Granted Authorities --> FUNC_CONT_MENU
2020-05-22 16:22:26,253 INFO com.surshree.app.services.CustomUserDetailsService [http-nio-8080-exec-9] Granted Authorities --> FUNC_VIEW_ADMIN_MENU
2020-05-22 16:22:26,253 INFO com.surshree.app.services.CustomUserDetailsService [http-nio-8080-exec-9] Granted Authorities --> FUNC_CONT_MENU
2020-05-22 16:22:26,914 INFO com.surshree.app.services.CustomUserDetailsService [http-nio-8080-exec-2] Granted Authorities --> ROLE_ADMN
2020-05-22 16:22:26,917 INFO com.surshree.app.services.CustomUserDetailsService [http-nio-8080-exec-2] Granted Authorities --> ROLE_CONT
2020-05-22 16:22:26,918 INFO com.surshree.app.services.CustomUserDetailsService [http-nio-8080-exec-2] Granted Authorities --> FUNC_CONT_MENU
2020-05-22 16:22:26,923 INFO com.surshree.app.services.CustomUserDetailsService [http-nio-8080-exec-2] Granted Authorities --> FUNC_VIEW_ADMIN_MENU
2020-05-22 16:22:26,927 INFO com.surshree.app.services.CustomUserDetailsService [http-nio-8080-exec-2] Granted Authorities --> FUNC_CONT_MENU
2020-05-22 16:22:37,065 ERROR com.surshree.app.exception.CustomResponseEntityExceptionHandler [http-nio-8080-exec-4] java.io.IOException: Broken pipe
org.apache.catalina.connector.ClientAbortException: java.io.IOException: Broken pipe
	at org.apache.catalina.connector.OutputBuffer.realWriteBytes(OutputBuffer.java:351)
	at org.apache.catalina.connector.OutputBuffer.flushByteBuffer(OutputBuffer.java:776)
	at org.apache.catalina.connector.OutputBuffer.append(OutputBuffer.java:681)
	at org.apache.catalina.connector.OutputBuffer.writeBytes(OutputBuffer.java:386)
	at org.apache.catalina.connector.OutputBuffer.write(OutputBuffer.java:364)
	at org.apache.catalina.connector.CoyoteOutputStream.write(CoyoteOutputStream.java:96)
	at org.springframework.security.web.util.OnCommittedResponseWrapper$SaveContextServletOutputStream.write(OnCommittedResponseWrapper.java:645)
	at org.springframework.security.web.util.OnCommittedResponseWrapper$SaveContextServletOutputStream.write(OnCommittedResponseWrapper.java:645)
	at org.springframework.util.StreamUtils.copyRange(StreamUtils.java:180)
	at org.springframework.http.converter.ResourceRegionHttpMessageConverter.writeResourceRegion(ResourceRegionHttpMessageConverter.java:159)
	at org.springframework.http.converter.ResourceRegionHttpMessageConverter.writeInternal(ResourceRegionHttpMessageConverter.java:136)
	at org.springframework.http.converter.AbstractGenericHttpMessageConverter.write(AbstractGenericHttpMessageConverter.java:104)
	at org.springframework.web.servlet.mvc.method.annotation.AbstractMessageConverterMethodProcessor.writeWithMessageConverters(AbstractMessageConverterMethodProcessor.java:287)
	at org.springframework.web.servlet.mvc.method.annotation.HttpEntityMethodProcessor.handleReturnValue(HttpEntityMethodProcessor.java:219)
	at org.springframework.web.method.support.HandlerMethodReturnValueHandlerComposite.handleReturnValue(HandlerMethodReturnValueHandlerComposite.java:82)
	at org.springframework.web.servlet.mvc.method.annotation.ServletInvocableHandlerMethod.invokeAndHandle(ServletInvocableHandlerMethod.java:123)
	at org.springframework.web.servlet.mvc.method.annotation.RequestMappingHandlerAdapter.invokeHandlerMethod(RequestMappingHandlerAdapter.java:879)
	at org.springframework.web.servlet.mvc.method.annotation.RequestMappingHandlerAdapter.handleInternal(RequestMappingHandlerAdapter.java:793)
	at org.springframework.web.servlet.mvc.method.AbstractHandlerMethodAdapter.handle(AbstractHandlerMethodAdapter.java:87)
	at org.springframework.web.servlet.DispatcherServlet.doDispatch(DispatcherServlet.java:1040)
	at org.springframework.web.servlet.DispatcherServlet.doService(DispatcherServlet.java:943)
	at org.springframework.web.servlet.FrameworkServlet.processRequest(FrameworkServlet.java:1006)
	at org.springframework.web.servlet.FrameworkServlet.doGet(FrameworkServlet.java:898)
	at javax.servlet.http.HttpServlet.service(HttpServlet.java:634)
	at org.springframework.web.servlet.FrameworkServlet.service(FrameworkServlet.java:883)
	at javax.servlet.http.HttpServlet.service(HttpServlet.java:741)
	at org.apache.catalina.core.ApplicationFilterChain.internalDoFilter(ApplicationFilterChain.java:231)
	at org.apache.catalina.core.ApplicationFilterChain.doFilter(ApplicationFilterChain.java:166)
	at org.apache.tomcat.websocket.server.WsFilter.doFilter(WsFilter.java:53)
	at org.apache.catalina.core.ApplicationFilterChain.internalDoFilter(ApplicationFilterChain.java:193)
	at org.apache.catalina.core.ApplicationFilterChain.doFilter(ApplicationFilterChain.java:166)
	at org.springframework.security.web.FilterChainProxy$VirtualFilterChain.doFilter(FilterChainProxy.java:320)
	at org.springframework.security.web.access.intercept.FilterSecurityInterceptor.invoke(FilterSecurityInterceptor.java:126)
	at org.springframework.security.web.access.intercept.FilterSecurityInterceptor.doFilter(FilterSecurityInterceptor.java:90)
	at org.springframework.security.web.FilterChainProxy$VirtualFilterChain.doFilter(FilterChainProxy.java:334)
	at org.springframework.security.web.access.ExceptionTranslationFilter.doFilter(ExceptionTranslationFilter.java:118)
	at org.springframework.security.web.FilterChainProxy$VirtualFilterChain.doFilter(FilterChainProxy.java:334)
	at org.springframework.security.web.session.SessionManagementFilter.doFilter(SessionManagementFilter.java:137)
	at org.springframework.security.web.FilterChainProxy$VirtualFilterChain.doFilter(FilterChainProxy.java:334)
	at org.springframework.security.web.authentication.AnonymousAuthenticationFilter.doFilter(AnonymousAuthenticationFilter.java:111)
	at org.springframework.security.web.FilterChainProxy$VirtualFilterChain.doFilter(FilterChainProxy.java:334)
	at org.springframework.security.web.servletapi.SecurityContextHolderAwareRequestFilter.doFilter(SecurityContextHolderAwareRequestFilter.java:158)
	at org.springframework.security.web.FilterChainProxy$VirtualFilterChain.doFilter(FilterChainProxy.java:334)
	at org.springframework.security.web.savedrequest.RequestCacheAwareFilter.doFilter(RequestCacheAwareFilter.java:63)
	at org.springframework.security.web.FilterChainProxy$VirtualFilterChain.doFilter(FilterChainProxy.java:334)
	at org.springframework.security.web.authentication.www.BasicAuthenticationFilter.doFilterInternal(BasicAuthenticationFilter.java:155)
	at org.springframework.web.filter.OncePerRequestFilter.doFilter(OncePerRequestFilter.java:119)
	at org.springframework.security.web.FilterChainProxy$VirtualFilterChain.doFilter(FilterChainProxy.java:334)
	at org.springframework.security.web.authentication.logout.LogoutFilter.doFilter(LogoutFilter.java:116)
	at org.springframework.security.web.FilterChainProxy$VirtualFilterChain.doFilter(FilterChainProxy.java:334)
	at org.springframework.web.filter.CorsFilter.doFilterInternal(CorsFilter.java:92)
	at org.springframework.web.filter.OncePerRequestFilter.doFilter(OncePerRequestFilter.java:119)
	at org.springframework.security.web.FilterChainProxy$VirtualFilterChain.doFilter(FilterChainProxy.java:334)
	at org.springframework.security.web.header.HeaderWriterFilter.doHeadersAfter(HeaderWriterFilter.java:92)
	at org.springframework.security.web.header.HeaderWriterFilter.doFilterInternal(HeaderWriterFilter.java:77)
	at org.springframework.web.filter.OncePerRequestFilter.doFilter(OncePerRequestFilter.java:119)
	at org.springframework.security.web.FilterChainProxy$VirtualFilterChain.doFilter(FilterChainProxy.java:334)
	at org.springframework.security.web.context.SecurityContextPersistenceFilter.doFilter(SecurityContextPersistenceFilter.java:105)
	at org.springframework.security.web.FilterChainProxy$VirtualFilterChain.doFilter(FilterChainProxy.java:334)
	at org.springframework.security.web.context.request.async.WebAsyncManagerIntegrationFilter.doFilterInternal(WebAsyncManagerIntegrationFilter.java:56)
	at org.springframework.web.filter.OncePerRequestFilter.doFilter(OncePerRequestFilter.java:119)
	at org.springframework.security.web.FilterChainProxy$VirtualFilterChain.doFilter(FilterChainProxy.java:334)
	at org.springframework.security.web.FilterChainProxy.doFilterInternal(FilterChainProxy.java:215)
	at org.springframework.security.web.FilterChainProxy.doFilter(FilterChainProxy.java:178)
	at org.springframework.web.filter.DelegatingFilterProxy.invokeDelegate(DelegatingFilterProxy.java:358)
	at org.springframework.web.filter.DelegatingFilterProxy.doFilter(DelegatingFilterProxy.java:271)
	at org.apache.catalina.core.ApplicationFilterChain.internalDoFilter(ApplicationFilterChain.java:193)
	at org.apache.catalina.core.ApplicationFilterChain.doFilter(ApplicationFilterChain.java:166)
	at org.springframework.web.filter.RequestContextFilter.doFilterInternal(RequestContextFilter.java:100)
	at org.springframework.web.filter.OncePerRequestFilter.doFilter(OncePerRequestFilter.java:119)
	at org.apache.catalina.core.ApplicationFilterChain.internalDoFilter(ApplicationFilterChain.java:193)
	at org.apache.catalina.core.ApplicationFilterChain.doFilter(ApplicationFilterChain.java:166)
	at org.springframework.web.filter.FormContentFilter.doFilterInternal(FormContentFilter.java:93)
	at org.springframework.web.filter.OncePerRequestFilter.doFilter(OncePerRequestFilter.java:119)
	at org.apache.catalina.core.ApplicationFilterChain.internalDoFilter(ApplicationFilterChain.java:193)
	at org.apache.catalina.core.ApplicationFilterChain.doFilter(ApplicationFilterChain.java:166)
	at org.springframework.boot.actuate.metrics.web.servlet.WebMvcMetricsFilter.doFilterInternal(WebMvcMetricsFilter.java:109)
	at org.springframework.web.filter.OncePerRequestFilter.doFilter(OncePerRequestFilter.java:119)
	at org.apache.catalina.core.ApplicationFilterChain.internalDoFilter(ApplicationFilterChain.java:193)
	at org.apache.catalina.core.ApplicationFilterChain.doFilter(ApplicationFilterChain.java:166)
	at org.springframework.web.filter.CharacterEncodingFilter.doFilterInternal(CharacterEncodingFilter.java:201)
	at org.springframework.web.filter.OncePerRequestFilter.doFilter(OncePerRequestFilter.java:119)
	at org.apache.catalina.core.ApplicationFilterChain.internalDoFilter(ApplicationFilterChain.java:193)
	at org.apache.catalina.core.ApplicationFilterChain.doFilter(ApplicationFilterChain.java:166)
	at org.apache.catalina.core.StandardWrapperValve.invoke(StandardWrapperValve.java:202)
	at org.apache.catalina.core.StandardContextValve.invoke(StandardContextValve.java:96)
	at org.apache.catalina.authenticator.AuthenticatorBase.invoke(AuthenticatorBase.java:541)
	at org.apache.catalina.core.StandardHostValve.invoke(StandardHostValve.java:139)
	at org.apache.catalina.valves.ErrorReportValve.invoke(ErrorReportValve.java:92)
	at org.apache.catalina.core.StandardEngineValve.invoke(StandardEngineValve.java:74)
	at org.apache.catalina.connector.CoyoteAdapter.service(CoyoteAdapter.java:343)
	at org.apache.coyote.http11.Http11Processor.service(Http11Processor.java:373)
	at org.apache.coyote.AbstractProcessorLight.process(AbstractProcessorLight.java:65)
	at org.apache.coyote.AbstractProtocol$ConnectionHandler.process(AbstractProtocol.java:868)
	at org.apache.tomcat.util.net.NioEndpoint$SocketProcessor.doRun(NioEndpoint.java:1594)
	at org.apache.tomcat.util.net.SocketProcessorBase.run(SocketProcessorBase.java:49)
	at java.base/java.util.concurrent.ThreadPoolExecutor.runWorker(ThreadPoolExecutor.java:1128)
	at java.base/java.util.concurrent.ThreadPoolExecutor$Worker.run(ThreadPoolExecutor.java:628)
	at org.apache.tomcat.util.threads.TaskThread$WrappingRunnable.run(TaskThread.java:61)
	at java.base/java.lang.Thread.run(Thread.java:834)
Caused by: java.io.IOException: Broken pipe
	at java.base/sun.nio.ch.FileDispatcherImpl.write0(Native Method)
	at java.base/sun.nio.ch.SocketDispatcher.write(SocketDispatcher.java:47)
	at java.base/sun.nio.ch.IOUtil.writeFromNativeBuffer(IOUtil.java:113)
	at java.base/sun.nio.ch.IOUtil.write(IOUtil.java:79)
	at java.base/sun.nio.ch.IOUtil.write(IOUtil.java:50)
	at java.base/sun.nio.ch.SocketChannelImpl.write(SocketChannelImpl.java:466)
	at org.apache.tomcat.util.net.NioChannel.write(NioChannel.java:138)
	at org.apache.tomcat.util.net.NioBlockingSelector.write(NioBlockingSelector.java:101)
	at org.apache.tomcat.util.net.NioSelectorPool.write(NioSelectorPool.java:152)
	at org.apache.tomcat.util.net.NioEndpoint$NioSocketWrapper.doWrite(NioEndpoint.java:1253)
	at org.apache.tomcat.util.net.SocketWrapperBase.doWrite(SocketWrapperBase.java:740)
	at org.apache.tomcat.util.net.SocketWrapperBase.writeBlocking(SocketWrapperBase.java:560)
	at org.apache.tomcat.util.net.SocketWrapperBase.write(SocketWrapperBase.java:504)
	at org.apache.coyote.http11.Http11OutputBuffer$SocketOutputBuffer.doWrite(Http11OutputBuffer.java:538)
	at org.apache.coyote.http11.filters.IdentityOutputFilter.doWrite(IdentityOutputFilter.java:73)
	at org.apache.coyote.http11.Http11OutputBuffer.doWrite(Http11OutputBuffer.java:190)
	at org.apache.coyote.Response.doWrite(Response.java:601)
	at org.apache.catalina.connector.OutputBuffer.realWriteBytes(OutputBuffer.java:339)
	... 99 common frames omitted
2020-05-22 16:22:37,091 WARN org.springframework.web.servlet.mvc.method.annotation.ExceptionHandlerExceptionResolver [http-nio-8080-exec-4] Failure in @ExceptionHandler com.surshree.app.exception.CustomResponseEntityExceptionHandler#handleAllException(Exception, WebRequest)
org.springframework.http.converter.HttpMessageNotWritableException: No converter for [class com.surshree.app.exception.ExceptionMessage] with preset Content-Type 'video/mp4'
	at org.springframework.web.servlet.mvc.method.annotation.AbstractMessageConverterMethodProcessor.writeWithMessageConverters(AbstractMessageConverterMethodProcessor.java:309)
	at org.springframework.web.servlet.mvc.method.annotation.HttpEntityMethodProcessor.handleReturnValue(HttpEntityMethodProcessor.java:219)
	at org.springframework.web.method.support.HandlerMethodReturnValueHandlerComposite.handleReturnValue(HandlerMethodReturnValueHandlerComposite.java:82)
	at org.springframework.web.servlet.mvc.method.annotation.ServletInvocableHandlerMethod.invokeAndHandle(ServletInvocableHandlerMethod.java:123)
	at org.springframework.web.servlet.mvc.method.annotation.ExceptionHandlerExceptionResolver.doResolveHandlerMethodException(ExceptionHandlerExceptionResolver.java:403)
	at org.springframework.web.servlet.handler.AbstractHandlerMethodExceptionResolver.doResolveException(AbstractHandlerMethodExceptionResolver.java:61)
	at org.springframework.web.servlet.handler.AbstractHandlerExceptionResolver.resolveException(AbstractHandlerExceptionResolver.java:141)
	at org.springframework.web.servlet.handler.HandlerExceptionResolverComposite.resolveException(HandlerExceptionResolverComposite.java:80)
	at org.springframework.web.servlet.DispatcherServlet.processHandlerException(DispatcherServlet.java:1300)
	at org.springframework.web.servlet.DispatcherServlet.processDispatchResult(DispatcherServlet.java:1111)
	at org.springframework.web.servlet.DispatcherServlet.doDispatch(DispatcherServlet.java:1057)
	at org.springframework.web.servlet.DispatcherServlet.doService(DispatcherServlet.java:943)
	at org.springframework.web.servlet.FrameworkServlet.processRequest(FrameworkServlet.java:1006)
	at org.springframework.web.servlet.FrameworkServlet.doGet(FrameworkServlet.java:898)
	at javax.servlet.http.HttpServlet.service(HttpServlet.java:634)
	at org.springframework.web.servlet.FrameworkServlet.service(FrameworkServlet.java:883)
	at javax.servlet.http.HttpServlet.service(HttpServlet.java:741)
	at org.apache.catalina.core.ApplicationFilterChain.internalDoFilter(ApplicationFilterChain.java:231)
	at org.apache.catalina.core.ApplicationFilterChain.doFilter(ApplicationFilterChain.java:166)
	at org.apache.tomcat.websocket.server.WsFilter.doFilter(WsFilter.java:53)
	at org.apache.catalina.core.ApplicationFilterChain.internalDoFilter(ApplicationFilterChain.java:193)
	at org.apache.catalina.core.ApplicationFilterChain.doFilter(ApplicationFilterChain.java:166)
	at org.springframework.security.web.FilterChainProxy$VirtualFilterChain.doFilter(FilterChainProxy.java:320)
	at org.springframework.security.web.access.intercept.FilterSecurityInterceptor.invoke(FilterSecurityInterceptor.java:126)
	at org.springframework.security.web.access.intercept.FilterSecurityInterceptor.doFilter(FilterSecurityInterceptor.java:90)
	at org.springframework.security.web.FilterChainProxy$VirtualFilterChain.doFilter(FilterChainProxy.java:334)
	at org.springframework.security.web.access.ExceptionTranslationFilter.doFilter(ExceptionTranslationFilter.java:118)
	at org.springframework.security.web.FilterChainProxy$VirtualFilterChain.doFilter(FilterChainProxy.java:334)
	at org.springframework.security.web.session.SessionManagementFilter.doFilter(SessionManagementFilter.java:137)
	at org.springframework.security.web.FilterChainProxy$VirtualFilterChain.doFilter(FilterChainProxy.java:334)
	at org.springframework.security.web.authentication.AnonymousAuthenticationFilter.doFilter(AnonymousAuthenticationFilter.java:111)
	at org.springframework.security.web.FilterChainProxy$VirtualFilterChain.doFilter(FilterChainProxy.java:334)
	at org.springframework.security.web.servletapi.SecurityContextHolderAwareRequestFilter.doFilter(SecurityContextHolderAwareRequestFilter.java:158)
	at org.springframework.security.web.FilterChainProxy$VirtualFilterChain.doFilter(FilterChainProxy.java:334)
	at org.springframework.security.web.savedrequest.RequestCacheAwareFilter.doFilter(RequestCacheAwareFilter.java:63)
	at org.springframework.security.web.FilterChainProxy$VirtualFilterChain.doFilter(FilterChainProxy.java:334)
	at org.springframework.security.web.authentication.www.BasicAuthenticationFilter.doFilterInternal(BasicAuthenticationFilter.java:155)
	at org.springframework.web.filter.OncePerRequestFilter.doFilter(OncePerRequestFilter.java:119)
	at org.springframework.security.web.FilterChainProxy$VirtualFilterChain.doFilter(FilterChainProxy.java:334)
	at org.springframework.security.web.authentication.logout.LogoutFilter.doFilter(LogoutFilter.java:116)
	at org.springframework.security.web.FilterChainProxy$VirtualFilterChain.doFilter(FilterChainProxy.java:334)
	at org.springframework.web.filter.CorsFilter.doFilterInternal(CorsFilter.java:92)
	at org.springframework.web.filter.OncePerRequestFilter.doFilter(OncePerRequestFilter.java:119)
	at org.springframework.security.web.FilterChainProxy$VirtualFilterChain.doFilter(FilterChainProxy.java:334)
	at org.springframework.security.web.header.HeaderWriterFilter.doHeadersAfter(HeaderWriterFilter.java:92)
	at org.springframework.security.web.header.HeaderWriterFilter.doFilterInternal(HeaderWriterFilter.java:77)
	at org.springframework.web.filter.OncePerRequestFilter.doFilter(OncePerRequestFilter.java:119)
	at org.springframework.security.web.FilterChainProxy$VirtualFilterChain.doFilter(FilterChainProxy.java:334)
	at org.springframework.security.web.context.SecurityContextPersistenceFilter.doFilter(SecurityContextPersistenceFilter.java:105)
	at org.springframework.security.web.FilterChainProxy$VirtualFilterChain.doFilter(FilterChainProxy.java:334)
	at org.springframework.security.web.context.request.async.WebAsyncManagerIntegrationFilter.doFilterInternal(WebAsyncManagerIntegrationFilter.java:56)
	at org.springframework.web.filter.OncePerRequestFilter.doFilter(OncePerRequestFilter.java:119)
	at org.springframework.security.web.FilterChainProxy$VirtualFilterChain.doFilter(FilterChainProxy.java:334)
	at org.springframework.security.web.FilterChainProxy.doFilterInternal(FilterChainProxy.java:215)
	at org.springframework.security.web.FilterChainProxy.doFilter(FilterChainProxy.java:178)
	at org.springframework.web.filter.DelegatingFilterProxy.invokeDelegate(DelegatingFilterProxy.java:358)
	at org.springframework.web.filter.DelegatingFilterProxy.doFilter(DelegatingFilterProxy.java:271)
	at org.apache.catalina.core.ApplicationFilterChain.internalDoFilter(ApplicationFilterChain.java:193)
	at org.apache.catalina.core.ApplicationFilterChain.doFilter(ApplicationFilterChain.java:166)
	at org.springframework.web.filter.RequestContextFilter.doFilterInternal(RequestContextFilter.java:100)
	at org.springframework.web.filter.OncePerRequestFilter.doFilter(OncePerRequestFilter.java:119)
	at org.apache.catalina.core.ApplicationFilterChain.internalDoFilter(ApplicationFilterChain.java:193)
	at org.apache.catalina.core.ApplicationFilterChain.doFilter(ApplicationFilterChain.java:166)
	at org.springframework.web.filter.FormContentFilter.doFilterInternal(FormContentFilter.java:93)
	at org.springframework.web.filter.OncePerRequestFilter.doFilter(OncePerRequestFilter.java:119)
	at org.apache.catalina.core.ApplicationFilterChain.internalDoFilter(ApplicationFilterChain.java:193)
	at org.apache.catalina.core.ApplicationFilterChain.doFilter(ApplicationFilterChain.java:166)
	at org.springframework.boot.actuate.metrics.web.servlet.WebMvcMetricsFilter.doFilterInternal(WebMvcMetricsFilter.java:109)
	at org.springframework.web.filter.OncePerRequestFilter.doFilter(OncePerRequestFilter.java:119)
	at org.apache.catalina.core.ApplicationFilterChain.internalDoFilter(ApplicationFilterChain.java:193)
	at org.apache.catalina.core.ApplicationFilterChain.doFilter(ApplicationFilterChain.java:166)
	at org.springframework.web.filter.CharacterEncodingFilter.doFilterInternal(CharacterEncodingFilter.java:201)
	at org.springframework.web.filter.OncePerRequestFilter.doFilter(OncePerRequestFilter.java:119)
	at org.apache.catalina.core.ApplicationFilterChain.internalDoFilter(ApplicationFilterChain.java:193)
	at org.apache.catalina.core.ApplicationFilterChain.doFilter(ApplicationFilterChain.java:166)
	at org.apache.catalina.core.StandardWrapperValve.invoke(StandardWrapperValve.java:202)
	at org.apache.catalina.core.StandardContextValve.invoke(StandardContextValve.java:96)
	at org.apache.catalina.authenticator.AuthenticatorBase.invoke(AuthenticatorBase.java:541)
	at org.apache.catalina.core.StandardHostValve.invoke(StandardHostValve.java:139)
	at org.apache.catalina.valves.ErrorReportValve.invoke(ErrorReportValve.java:92)
	at org.apache.catalina.core.StandardEngineValve.invoke(StandardEngineValve.java:74)
	at org.apache.catalina.connector.CoyoteAdapter.service(CoyoteAdapter.java:343)
	at org.apache.coyote.http11.Http11Processor.service(Http11Processor.java:373)
	at org.apache.coyote.AbstractProcessorLight.process(AbstractProcessorLight.java:65)
	at org.apache.coyote.AbstractProtocol$ConnectionHandler.process(AbstractProtocol.java:868)
	at org.apache.tomcat.util.net.NioEndpoint$SocketProcessor.doRun(NioEndpoint.java:1594)
	at org.apache.tomcat.util.net.SocketProcessorBase.run(SocketProcessorBase.java:49)
	at java.base/java.util.concurrent.ThreadPoolExecutor.runWorker(ThreadPoolExecutor.java:1128)
	at java.base/java.util.concurrent.ThreadPoolExecutor$Worker.run(ThreadPoolExecutor.java:628)
	at org.apache.tomcat.util.threads.TaskThread$WrappingRunnable.run(TaskThread.java:61)
	at java.base/java.lang.Thread.run(Thread.java:834)
2020-05-22 16:23:22,463 INFO com.surshree.app.services.CustomUserDetailsService [http-nio-8080-exec-3] Granted Authorities --> ROLE_ADMN
2020-05-22 16:23:22,467 INFO com.surshree.app.services.CustomUserDetailsService [http-nio-8080-exec-3] Granted Authorities --> ROLE_CONT
2020-05-22 16:23:22,471 INFO com.surshree.app.services.CustomUserDetailsService [http-nio-8080-exec-3] Granted Authorities --> FUNC_CONT_MENU
2020-05-22 16:23:22,474 INFO com.surshree.app.services.CustomUserDetailsService [http-nio-8080-exec-3] Granted Authorities --> FUNC_VIEW_ADMIN_MENU
2020-05-22 16:23:22,477 INFO com.surshree.app.services.CustomUserDetailsService [http-nio-8080-exec-3] Granted Authorities --> FUNC_CONT_MENU
2020-05-22 16:23:23,047 INFO com.surshree.app.services.CustomUserDetailsService [http-nio-8080-exec-10] Granted Authorities --> ROLE_ADMN
2020-05-22 16:23:23,048 INFO com.surshree.app.services.CustomUserDetailsService [http-nio-8080-exec-10] Granted Authorities --> ROLE_CONT
2020-05-22 16:23:23,048 INFO com.surshree.app.services.CustomUserDetailsService [http-nio-8080-exec-10] Granted Authorities --> FUNC_CONT_MENU
2020-05-22 16:23:23,048 INFO com.surshree.app.services.CustomUserDetailsService [http-nio-8080-exec-10] Granted Authorities --> FUNC_VIEW_ADMIN_MENU
2020-05-22 16:23:23,049 INFO com.surshree.app.services.CustomUserDetailsService [http-nio-8080-exec-10] Granted Authorities --> FUNC_CONT_MENU
2020-05-22 16:25:49,295 INFO com.surshree.app.services.CustomUserDetailsService [http-nio-8080-exec-10] Granted Authorities --> ROLE_ADMN
2020-05-22 16:25:49,298 INFO com.surshree.app.services.CustomUserDetailsService [http-nio-8080-exec-10] Granted Authorities --> ROLE_CONT
2020-05-22 16:25:49,299 INFO com.surshree.app.services.CustomUserDetailsService [http-nio-8080-exec-10] Granted Authorities --> FUNC_CONT_MENU
2020-05-22 16:25:49,299 INFO com.surshree.app.services.CustomUserDetailsService [http-nio-8080-exec-10] Granted Authorities --> FUNC_VIEW_ADMIN_MENU
2020-05-22 16:25:49,299 INFO com.surshree.app.services.CustomUserDetailsService [http-nio-8080-exec-10] Granted Authorities --> FUNC_CONT_MENU
2020-05-22 16:25:52,647 INFO com.surshree.app.services.CustomUserDetailsService [http-nio-8080-exec-4] Granted Authorities --> ROLE_ADMN
2020-05-22 16:25:52,649 INFO com.surshree.app.services.CustomUserDetailsService [http-nio-8080-exec-4] Granted Authorities --> ROLE_CONT
2020-05-22 16:25:52,650 INFO com.surshree.app.services.CustomUserDetailsService [http-nio-8080-exec-4] Granted Authorities --> FUNC_CONT_MENU
2020-05-22 16:25:52,651 INFO com.surshree.app.services.CustomUserDetailsService [http-nio-8080-exec-4] Granted Authorities --> FUNC_VIEW_ADMIN_MENU
2020-05-22 16:25:52,652 INFO com.surshree.app.services.CustomUserDetailsService [http-nio-8080-exec-4] Granted Authorities --> FUNC_CONT_MENU
2020-05-22 16:29:39,752 INFO com.surshree.app.services.CustomUserDetailsService [http-nio-8080-exec-10] Granted Authorities --> ROLE_ADMN
2020-05-22 16:29:39,755 INFO com.surshree.app.services.CustomUserDetailsService [http-nio-8080-exec-10] Granted Authorities --> ROLE_CONT
2020-05-22 16:29:39,755 INFO com.surshree.app.services.CustomUserDetailsService [http-nio-8080-exec-10] Granted Authorities --> FUNC_CONT_MENU
2020-05-22 16:29:39,757 INFO com.surshree.app.services.CustomUserDetailsService [http-nio-8080-exec-10] Granted Authorities --> FUNC_VIEW_ADMIN_MENU
2020-05-22 16:29:39,758 INFO com.surshree.app.services.CustomUserDetailsService [http-nio-8080-exec-10] Granted Authorities --> FUNC_CONT_MENU
2020-05-22 16:29:40,333 INFO com.surshree.app.services.CustomUserDetailsService [http-nio-8080-exec-4] Granted Authorities --> ROLE_ADMN
2020-05-22 16:29:40,336 INFO com.surshree.app.services.CustomUserDetailsService [http-nio-8080-exec-4] Granted Authorities --> ROLE_CONT
2020-05-22 16:29:40,337 INFO com.surshree.app.services.CustomUserDetailsService [http-nio-8080-exec-4] Granted Authorities --> FUNC_CONT_MENU
2020-05-22 16:29:40,339 INFO com.surshree.app.services.CustomUserDetailsService [http-nio-8080-exec-4] Granted Authorities --> FUNC_VIEW_ADMIN_MENU
2020-05-22 16:29:40,340 INFO com.surshree.app.services.CustomUserDetailsService [http-nio-8080-exec-4] Granted Authorities --> FUNC_CONT_MENU
2020-05-22 16:30:40,447 INFO com.surshree.app.services.CustomUserDetailsService [http-nio-8080-exec-3] Granted Authorities --> ROLE_ADMN
2020-05-22 16:30:40,449 INFO com.surshree.app.services.CustomUserDetailsService [http-nio-8080-exec-3] Granted Authorities --> ROLE_CONT
2020-05-22 16:30:40,453 INFO com.surshree.app.services.CustomUserDetailsService [http-nio-8080-exec-3] Granted Authorities --> FUNC_CONT_MENU
2020-05-22 16:30:40,453 INFO com.surshree.app.services.CustomUserDetailsService [http-nio-8080-exec-3] Granted Authorities --> FUNC_VIEW_ADMIN_MENU
2020-05-22 16:30:40,457 INFO com.surshree.app.services.CustomUserDetailsService [http-nio-8080-exec-3] Granted Authorities --> FUNC_CONT_MENU
2020-05-22 16:30:41,077 INFO com.surshree.app.services.CustomUserDetailsService [http-nio-8080-exec-1] Granted Authorities --> ROLE_ADMN
2020-05-22 16:30:41,078 INFO com.surshree.app.services.CustomUserDetailsService [http-nio-8080-exec-1] Granted Authorities --> ROLE_CONT
2020-05-22 16:30:41,078 INFO com.surshree.app.services.CustomUserDetailsService [http-nio-8080-exec-1] Granted Authorities --> FUNC_CONT_MENU
2020-05-22 16:30:41,079 INFO com.surshree.app.services.CustomUserDetailsService [http-nio-8080-exec-1] Granted Authorities --> FUNC_VIEW_ADMIN_MENU
2020-05-22 16:30:41,079 INFO com.surshree.app.services.CustomUserDetailsService [http-nio-8080-exec-1] Granted Authorities --> FUNC_CONT_MENU
2020-05-22 16:31:38,592 WARN com.zaxxer.hikari.pool.HikariPool$HouseKeeper [HikariPool-1 housekeeper] HikariPool-1 - Thread starvation or clock leap detected (housekeeper delta=45s454ms).
2020-05-22 16:31:52,422 INFO com.surshree.app.scheduling.CacheScheduler [scheduling-1] Clear user cache : START
2020-05-22 16:31:52,423 INFO com.surshree.app.scheduling.CacheScheduler [scheduling-1] Clear user cache : END
2020-05-22 16:35:46,532 INFO org.springframework.security.oauth2.provider.endpoint.CheckTokenEndpoint [http-nio-8080-exec-7] Handling error: InvalidTokenException, Token has expired
2020-05-22 16:35:46,895 INFO com.surshree.app.services.CustomUserDetailsService [http-nio-8080-exec-5] Granted Authorities --> ROLE_CONT
2020-05-22 16:35:46,898 INFO com.surshree.app.services.CustomUserDetailsService [http-nio-8080-exec-5] Granted Authorities --> ROLE_ADMN
2020-05-22 16:35:46,898 INFO com.surshree.app.services.CustomUserDetailsService [http-nio-8080-exec-5] Granted Authorities --> FUNC_CONT_MENU
2020-05-22 16:35:46,898 INFO com.surshree.app.services.CustomUserDetailsService [http-nio-8080-exec-5] Granted Authorities --> FUNC_VIEW_ADMIN_MENU
2020-05-22 16:35:46,899 INFO com.surshree.app.services.CustomUserDetailsService [http-nio-8080-exec-5] Granted Authorities --> FUNC_CONT_MENU
2020-05-22 16:35:47,076 INFO org.springframework.security.oauth2.provider.token.store.JdbcTokenStore [http-nio-8080-exec-5] Failed to find access token for token ed16b791-e6ac-4eba-90ff-82e7c5c0926c
2020-05-22 16:35:47,430 INFO com.surshree.app.services.CustomUserDetailsService [http-nio-8080-exec-10] Granted Authorities --> ROLE_CONT
2020-05-22 16:35:47,430 INFO com.surshree.app.services.CustomUserDetailsService [http-nio-8080-exec-10] Granted Authorities --> ROLE_ADMN
2020-05-22 16:35:47,431 INFO com.surshree.app.services.CustomUserDetailsService [http-nio-8080-exec-10] Granted Authorities --> FUNC_CONT_MENU
2020-05-22 16:35:47,431 INFO com.surshree.app.services.CustomUserDetailsService [http-nio-8080-exec-10] Granted Authorities --> FUNC_VIEW_ADMIN_MENU
2020-05-22 16:35:47,431 INFO com.surshree.app.services.CustomUserDetailsService [http-nio-8080-exec-10] Granted Authorities --> FUNC_CONT_MENU
2020-05-22 16:35:48,308 INFO com.surshree.app.services.CustomUserDetailsService [http-nio-8080-exec-6] Granted Authorities --> ROLE_CONT
2020-05-22 16:35:48,308 INFO com.surshree.app.services.CustomUserDetailsService [http-nio-8080-exec-6] Granted Authorities --> ROLE_ADMN
2020-05-22 16:35:48,309 INFO com.surshree.app.services.CustomUserDetailsService [http-nio-8080-exec-6] Granted Authorities --> FUNC_CONT_MENU
2020-05-22 16:35:48,309 INFO com.surshree.app.services.CustomUserDetailsService [http-nio-8080-exec-6] Granted Authorities --> FUNC_VIEW_ADMIN_MENU
2020-05-22 16:35:48,310 INFO com.surshree.app.services.CustomUserDetailsService [http-nio-8080-exec-6] Granted Authorities --> FUNC_CONT_MENU
2020-05-22 16:41:52,466 INFO com.surshree.app.scheduling.CacheScheduler [scheduling-1] Clear user cache : START
2020-05-22 16:41:52,493 INFO com.surshree.app.scheduling.CacheScheduler [scheduling-1] Clear user cache : END
2020-05-22 17:01:52,674 INFO org.springframework.boot.SpringApplication [main] No active profile set, falling back to default profiles: default
2020-05-22 17:01:54,449 INFO org.springframework.data.repository.config.RepositoryConfigurationDelegate [main] Bootstrapping Spring Data JPA repositories in DEFAULT mode.
2020-05-22 17:01:54,693 INFO org.springframework.data.repository.config.RepositoryConfigurationDelegate [main] Finished Spring Data repository scanning in 217ms. Found 9 JPA repository interfaces.
2020-05-22 17:01:56,217 INFO org.springframework.cloud.context.scope.GenericScope [main] BeanFactory id=496206d4-f1c2-3f13-b4d7-1c6b3e101b4b
2020-05-22 17:01:57,798 INFO org.springframework.boot.web.embedded.tomcat.TomcatWebServer [main] Tomcat initialized with port(s): 8080 (http)
2020-05-22 17:01:57,826 INFO org.apache.juli.logging.DirectJDKLog [main] Initializing ProtocolHandler ["http-nio-8080"]
2020-05-22 17:01:57,828 INFO org.apache.juli.logging.DirectJDKLog [main] Starting service [Tomcat]
2020-05-22 17:01:57,830 INFO org.apache.juli.logging.DirectJDKLog [main] Starting Servlet engine: [Apache Tomcat/9.0.33]
2020-05-22 17:01:58,168 INFO org.apache.juli.logging.DirectJDKLog [main] Initializing Spring embedded WebApplicationContext
2020-05-22 17:01:58,169 INFO org.springframework.boot.web.servlet.context.ServletWebServerApplicationContext [main] Root WebApplicationContext: initialization completed in 5410 ms
2020-05-22 17:01:58,949 INFO com.surshree.app.config.CacheConfig [main] Initializing cache.
2020-05-22 17:01:59,141 INFO org.hibernate.jpa.internal.util.LogHelper [main] HHH000204: Processing PersistenceUnitInfo [name: default]
2020-05-22 17:01:59,458 INFO org.hibernate.Version [main] HHH000412: Hibernate ORM core version 5.4.12.Final
2020-05-22 17:01:59,921 INFO org.hibernate.annotations.common.reflection.java.JavaReflectionManager [main] HCANN000001: Hibernate Commons Annotations {5.1.0.Final}
2020-05-22 17:02:00,250 INFO com.zaxxer.hikari.HikariDataSource [main] HikariPool-1 - Starting...
2020-05-22 17:02:00,612 INFO com.zaxxer.hikari.HikariDataSource [main] HikariPool-1 - Start completed.
2020-05-22 17:02:00,660 INFO org.hibernate.dialect.Dialect [main] HHH000400: Using dialect: org.hibernate.dialect.PostgreSQL10Dialect
2020-05-22 17:02:03,587 INFO org.hibernate.engine.transaction.jta.platform.internal.JtaPlatformInitiator [main] HHH000490: Using JtaPlatform implementation: [org.hibernate.engine.transaction.jta.platform.internal.NoJtaPlatform]
2020-05-22 17:02:03,905 INFO org.springframework.orm.jpa.AbstractEntityManagerFactoryBean [main] Initialized JPA EntityManagerFactory for persistence unit 'default'
2020-05-22 17:02:04,006 WARN org.springframework.boot.autoconfigure.orm.jpa.JpaBaseConfiguration$JpaWebConfiguration [main] spring.jpa.open-in-view is enabled by default. Therefore, database queries may be performed during view rendering. Explicitly configure spring.jpa.open-in-view to disable this warning
2020-05-22 17:02:06,948 INFO org.springframework.security.web.DefaultSecurityFilterChain [main] Creating filter chain: OrRequestMatcher [requestMatchers=[Ant [pattern='/oauth/token'], Ant [pattern='/oauth/token_key'], Ant [pattern='/oauth/check_token']]], [org.springframework.security.web.context.request.async.WebAsyncManagerIntegrationFilter@7066c00a, org.springframework.security.web.context.SecurityContextPersistenceFilter@3fc92211, org.springframework.security.web.header.HeaderWriterFilter@7cc966a9, org.springframework.security.web.authentication.logout.LogoutFilter@1f15d346, org.springframework.web.filter.CorsFilter@2914f916, org.springframework.security.web.authentication.www.BasicAuthenticationFilter@49aa6081, org.springframework.security.web.savedrequest.RequestCacheAwareFilter@117bfeb8, org.springframework.security.web.servletapi.SecurityContextHolderAwareRequestFilter@18b8518b, org.springframework.security.web.authentication.AnonymousAuthenticationFilter@2140de63, org.springframework.security.web.session.SessionManagementFilter@50c442a5, org.springframework.security.web.access.ExceptionTranslationFilter@bf0025d, org.springframework.security.web.access.intercept.FilterSecurityInterceptor@3de4f936]
2020-05-22 17:02:06,983 INFO org.springframework.security.web.DefaultSecurityFilterChain [main] Creating filter chain: com.surshree.app.config.ResourceServerConfig$$Lambda$958/0x00000008009c0840@291fba9, [org.springframework.security.web.context.request.async.WebAsyncManagerIntegrationFilter@29ff84fa, org.springframework.security.web.context.SecurityContextPersistenceFilter@14ce13fa, org.springframework.security.web.header.HeaderWriterFilter@3726fc3b, org.springframework.security.web.authentication.logout.LogoutFilter@4e41b993, org.springframework.security.oauth2.provider.authentication.OAuth2AuthenticationProcessingFilter@16a4e4c9, org.springframework.security.web.savedrequest.RequestCacheAwareFilter@296ddfc7, org.springframework.security.web.servletapi.SecurityContextHolderAwareRequestFilter@29aa29f5, org.springframework.security.web.authentication.AnonymousAuthenticationFilter@156b31d, org.springframework.security.web.session.SessionManagementFilter@33e6176b, org.springframework.security.web.access.ExceptionTranslationFilter@569d7074, org.springframework.security.web.access.intercept.FilterSecurityInterceptor@4ee9daf5]
2020-05-22 17:02:07,641 INFO org.springframework.boot.actuate.endpoint.web.EndpointLinksResolver [main] Exposing 2 endpoint(s) beneath base path '/actuator'
2020-05-22 17:02:07,686 INFO org.springframework.security.web.DefaultSecurityFilterChain [main] Creating filter chain: any request, [org.springframework.security.web.context.request.async.WebAsyncManagerIntegrationFilter@33c590, org.springframework.security.web.context.SecurityContextPersistenceFilter@76afb9d, org.springframework.security.web.header.HeaderWriterFilter@f8dfcbe, org.springframework.web.filter.CorsFilter@6ec5c4e2, org.springframework.security.web.authentication.logout.LogoutFilter@670199c5, org.springframework.security.web.authentication.www.BasicAuthenticationFilter@500e995b, org.springframework.security.web.savedrequest.RequestCacheAwareFilter@17c0d43c, org.springframework.security.web.servletapi.SecurityContextHolderAwareRequestFilter@77c8b276, org.springframework.security.web.authentication.AnonymousAuthenticationFilter@1934a7c1, org.springframework.security.web.session.SessionManagementFilter@4be171d1, org.springframework.security.web.access.ExceptionTranslationFilter@12504d49, org.springframework.security.web.access.intercept.FilterSecurityInterceptor@35fd987b]
2020-05-22 17:02:07,913 INFO org.springframework.scheduling.concurrent.ExecutorConfigurationSupport [main] Initializing ExecutorService 'applicationTaskExecutor'
2020-05-22 17:02:08,472 INFO org.springframework.scheduling.concurrent.ExecutorConfigurationSupport [main] Initializing ExecutorService 'taskScheduler'
2020-05-22 17:02:08,673 INFO com.surshree.app.scheduling.CacheScheduler [scheduling-1] Clear user cache : START
2020-05-22 17:02:08,676 INFO com.surshree.app.scheduling.CacheScheduler [scheduling-1] Clear user cache : END
2020-05-22 17:02:08,678 INFO org.apache.juli.logging.DirectJDKLog [main] Starting ProtocolHandler ["http-nio-8080"]
2020-05-22 17:02:08,824 INFO org.springframework.boot.web.embedded.tomcat.TomcatWebServer [main] Tomcat started on port(s): 8080 (http) with context path ''
2020-05-22 17:02:08,841 INFO org.springframework.boot.StartupInfoLogger [main] Started SurShreeApplication in 19.302 seconds (JVM running for 20.535)
2020-05-22 17:02:48,208 INFO org.apache.juli.logging.DirectJDKLog [http-nio-8080-exec-2] Initializing Spring DispatcherServlet 'dispatcherServlet'
2020-05-22 17:02:48,235 INFO org.springframework.web.servlet.FrameworkServlet [http-nio-8080-exec-2] Initializing Servlet 'dispatcherServlet'
2020-05-22 17:02:48,317 INFO org.springframework.web.servlet.FrameworkServlet [http-nio-8080-exec-2] Completed initialization in 81 ms
2020-05-22 17:02:52,970 INFO com.surshree.app.services.CustomUserDetailsService [http-nio-8080-exec-6] Granted Authorities --> ROLE_ADMN
2020-05-22 17:02:52,971 INFO com.surshree.app.services.CustomUserDetailsService [http-nio-8080-exec-6] Granted Authorities --> ROLE_CONT
2020-05-22 17:02:52,971 INFO com.surshree.app.services.CustomUserDetailsService [http-nio-8080-exec-6] Granted Authorities --> FUNC_VIEW_ADMIN_MENU
2020-05-22 17:02:52,974 INFO com.surshree.app.services.CustomUserDetailsService [http-nio-8080-exec-6] Granted Authorities --> FUNC_CONT_MENU
2020-05-22 17:02:52,975 INFO com.surshree.app.services.CustomUserDetailsService [http-nio-8080-exec-6] Granted Authorities --> FUNC_CONT_MENU
2020-05-22 17:02:55,716 INFO com.surshree.app.services.CustomUserDetailsService [http-nio-8080-exec-9] Granted Authorities --> ROLE_ADMN
2020-05-22 17:02:55,717 INFO com.surshree.app.services.CustomUserDetailsService [http-nio-8080-exec-9] Granted Authorities --> ROLE_CONT
2020-05-22 17:02:55,718 INFO com.surshree.app.services.CustomUserDetailsService [http-nio-8080-exec-9] Granted Authorities --> FUNC_VIEW_ADMIN_MENU
2020-05-22 17:02:55,719 INFO com.surshree.app.services.CustomUserDetailsService [http-nio-8080-exec-9] Granted Authorities --> FUNC_CONT_MENU
2020-05-22 17:02:55,719 INFO com.surshree.app.services.CustomUserDetailsService [http-nio-8080-exec-9] Granted Authorities --> FUNC_CONT_MENU
2020-05-22 17:04:55,599 INFO com.surshree.app.services.CustomUserDetailsService [http-nio-8080-exec-1] Granted Authorities --> ROLE_ADMN
2020-05-22 17:04:55,613 INFO com.surshree.app.services.CustomUserDetailsService [http-nio-8080-exec-1] Granted Authorities --> ROLE_CONT
2020-05-22 17:04:55,614 INFO com.surshree.app.services.CustomUserDetailsService [http-nio-8080-exec-1] Granted Authorities --> FUNC_VIEW_ADMIN_MENU
2020-05-22 17:04:55,615 INFO com.surshree.app.services.CustomUserDetailsService [http-nio-8080-exec-1] Granted Authorities --> FUNC_CONT_MENU
2020-05-22 17:04:55,615 INFO com.surshree.app.services.CustomUserDetailsService [http-nio-8080-exec-1] Granted Authorities --> FUNC_CONT_MENU
2020-05-22 17:04:56,687 INFO com.surshree.app.services.CustomUserDetailsService [http-nio-8080-exec-2] Granted Authorities --> ROLE_ADMN
2020-05-22 17:04:56,688 INFO com.surshree.app.services.CustomUserDetailsService [http-nio-8080-exec-2] Granted Authorities --> ROLE_CONT
2020-05-22 17:04:56,688 INFO com.surshree.app.services.CustomUserDetailsService [http-nio-8080-exec-2] Granted Authorities --> FUNC_VIEW_ADMIN_MENU
2020-05-22 17:04:56,689 INFO com.surshree.app.services.CustomUserDetailsService [http-nio-8080-exec-2] Granted Authorities --> FUNC_CONT_MENU
2020-05-22 17:04:56,689 INFO com.surshree.app.services.CustomUserDetailsService [http-nio-8080-exec-2] Granted Authorities --> FUNC_CONT_MENU
2020-05-22 17:06:06,557 INFO com.surshree.app.services.CustomUserDetailsService [http-nio-8080-exec-5] Granted Authorities --> ROLE_ADMN
2020-05-22 17:06:06,558 INFO com.surshree.app.services.CustomUserDetailsService [http-nio-8080-exec-5] Granted Authorities --> ROLE_CONT
2020-05-22 17:06:06,559 INFO com.surshree.app.services.CustomUserDetailsService [http-nio-8080-exec-5] Granted Authorities --> FUNC_VIEW_ADMIN_MENU
2020-05-22 17:06:06,560 INFO com.surshree.app.services.CustomUserDetailsService [http-nio-8080-exec-5] Granted Authorities --> FUNC_CONT_MENU
2020-05-22 17:06:06,560 INFO com.surshree.app.services.CustomUserDetailsService [http-nio-8080-exec-5] Granted Authorities --> FUNC_CONT_MENU
2020-05-22 17:06:07,291 INFO com.surshree.app.services.CustomUserDetailsService [http-nio-8080-exec-8] Granted Authorities --> ROLE_ADMN
2020-05-22 17:06:07,292 INFO com.surshree.app.services.CustomUserDetailsService [http-nio-8080-exec-8] Granted Authorities --> ROLE_CONT
2020-05-22 17:06:07,292 INFO com.surshree.app.services.CustomUserDetailsService [http-nio-8080-exec-8] Granted Authorities --> FUNC_VIEW_ADMIN_MENU
2020-05-22 17:06:07,293 INFO com.surshree.app.services.CustomUserDetailsService [http-nio-8080-exec-8] Granted Authorities --> FUNC_CONT_MENU
2020-05-22 17:06:07,294 INFO com.surshree.app.services.CustomUserDetailsService [http-nio-8080-exec-8] Granted Authorities --> FUNC_CONT_MENU
2020-05-22 17:07:45,868 INFO com.surshree.app.services.CustomUserDetailsService [http-nio-8080-exec-1] Granted Authorities --> ROLE_ADMN
2020-05-22 17:07:45,869 INFO com.surshree.app.services.CustomUserDetailsService [http-nio-8080-exec-1] Granted Authorities --> ROLE_CONT
2020-05-22 17:07:45,870 INFO com.surshree.app.services.CustomUserDetailsService [http-nio-8080-exec-1] Granted Authorities --> FUNC_VIEW_ADMIN_MENU
2020-05-22 17:07:45,872 INFO com.surshree.app.services.CustomUserDetailsService [http-nio-8080-exec-1] Granted Authorities --> FUNC_CONT_MENU
2020-05-22 17:07:45,873 INFO com.surshree.app.services.CustomUserDetailsService [http-nio-8080-exec-1] Granted Authorities --> FUNC_CONT_MENU
2020-05-22 17:07:46,870 INFO com.surshree.app.services.CustomUserDetailsService [http-nio-8080-exec-2] Granted Authorities --> ROLE_ADMN
2020-05-22 17:07:46,878 INFO com.surshree.app.services.CustomUserDetailsService [http-nio-8080-exec-2] Granted Authorities --> ROLE_CONT
2020-05-22 17:07:46,879 INFO com.surshree.app.services.CustomUserDetailsService [http-nio-8080-exec-2] Granted Authorities --> FUNC_VIEW_ADMIN_MENU
2020-05-22 17:07:46,880 INFO com.surshree.app.services.CustomUserDetailsService [http-nio-8080-exec-2] Granted Authorities --> FUNC_CONT_MENU
2020-05-22 17:07:46,881 INFO com.surshree.app.services.CustomUserDetailsService [http-nio-8080-exec-2] Granted Authorities --> FUNC_CONT_MENU
2020-05-22 17:09:40,262 INFO com.surshree.app.services.CustomUserDetailsService [http-nio-8080-exec-1] Granted Authorities --> ROLE_ADMN
2020-05-22 17:09:40,273 INFO com.surshree.app.services.CustomUserDetailsService [http-nio-8080-exec-1] Granted Authorities --> ROLE_CONT
2020-05-22 17:09:40,274 INFO com.surshree.app.services.CustomUserDetailsService [http-nio-8080-exec-1] Granted Authorities --> FUNC_VIEW_ADMIN_MENU
2020-05-22 17:09:40,276 INFO com.surshree.app.services.CustomUserDetailsService [http-nio-8080-exec-1] Granted Authorities --> FUNC_CONT_MENU
2020-05-22 17:09:40,277 INFO com.surshree.app.services.CustomUserDetailsService [http-nio-8080-exec-1] Granted Authorities --> FUNC_CONT_MENU
2020-05-22 17:09:41,473 INFO com.surshree.app.services.CustomUserDetailsService [http-nio-8080-exec-2] Granted Authorities --> ROLE_ADMN
2020-05-22 17:09:41,475 INFO com.surshree.app.services.CustomUserDetailsService [http-nio-8080-exec-2] Granted Authorities --> ROLE_CONT
2020-05-22 17:09:41,475 INFO com.surshree.app.services.CustomUserDetailsService [http-nio-8080-exec-2] Granted Authorities --> FUNC_VIEW_ADMIN_MENU
2020-05-22 17:09:41,490 INFO com.surshree.app.services.CustomUserDetailsService [http-nio-8080-exec-2] Granted Authorities --> FUNC_CONT_MENU
2020-05-22 17:09:41,491 INFO com.surshree.app.services.CustomUserDetailsService [http-nio-8080-exec-2] Granted Authorities --> FUNC_CONT_MENU
2020-05-22 17:09:51,961 INFO com.surshree.app.services.CustomUserDetailsService [http-nio-8080-exec-8] Granted Authorities --> ROLE_ADMN
2020-05-22 17:09:51,965 INFO com.surshree.app.services.CustomUserDetailsService [http-nio-8080-exec-8] Granted Authorities --> ROLE_CONT
2020-05-22 17:09:51,966 INFO com.surshree.app.services.CustomUserDetailsService [http-nio-8080-exec-8] Granted Authorities --> FUNC_VIEW_ADMIN_MENU
2020-05-22 17:09:51,967 INFO com.surshree.app.services.CustomUserDetailsService [http-nio-8080-exec-8] Granted Authorities --> FUNC_CONT_MENU
2020-05-22 17:09:51,967 INFO com.surshree.app.services.CustomUserDetailsService [http-nio-8080-exec-8] Granted Authorities --> FUNC_CONT_MENU
2020-05-22 17:09:52,688 INFO com.surshree.app.services.CustomUserDetailsService [http-nio-8080-exec-10] Granted Authorities --> ROLE_ADMN
2020-05-22 17:09:52,690 INFO com.surshree.app.services.CustomUserDetailsService [http-nio-8080-exec-10] Granted Authorities --> ROLE_CONT
2020-05-22 17:09:52,691 INFO com.surshree.app.services.CustomUserDetailsService [http-nio-8080-exec-10] Granted Authorities --> FUNC_VIEW_ADMIN_MENU
2020-05-22 17:09:52,692 INFO com.surshree.app.services.CustomUserDetailsService [http-nio-8080-exec-10] Granted Authorities --> FUNC_CONT_MENU
2020-05-22 17:09:52,693 INFO com.surshree.app.services.CustomUserDetailsService [http-nio-8080-exec-10] Granted Authorities --> FUNC_CONT_MENU
2020-05-22 17:12:08,703 INFO com.surshree.app.scheduling.CacheScheduler [scheduling-1] Clear user cache : START
2020-05-22 17:12:08,709 INFO com.surshree.app.scheduling.CacheScheduler [scheduling-1] Clear user cache : END
2020-05-22 17:14:53,109 INFO com.surshree.app.services.CustomUserDetailsService [http-nio-8080-exec-8] Granted Authorities --> ROLE_CONT
2020-05-22 17:14:53,112 INFO com.surshree.app.services.CustomUserDetailsService [http-nio-8080-exec-8] Granted Authorities --> ROLE_ADMN
2020-05-22 17:14:53,113 INFO com.surshree.app.services.CustomUserDetailsService [http-nio-8080-exec-8] Granted Authorities --> FUNC_CONT_MENU
2020-05-22 17:14:53,114 INFO com.surshree.app.services.CustomUserDetailsService [http-nio-8080-exec-8] Granted Authorities --> FUNC_CONT_MENU
2020-05-22 17:14:53,120 INFO com.surshree.app.services.CustomUserDetailsService [http-nio-8080-exec-8] Granted Authorities --> FUNC_VIEW_ADMIN_MENU
2020-05-22 17:14:54,019 INFO com.surshree.app.services.CustomUserDetailsService [http-nio-8080-exec-1] Granted Authorities --> ROLE_CONT
2020-05-22 17:14:54,021 INFO com.surshree.app.services.CustomUserDetailsService [http-nio-8080-exec-1] Granted Authorities --> ROLE_ADMN
2020-05-22 17:14:54,022 INFO com.surshree.app.services.CustomUserDetailsService [http-nio-8080-exec-1] Granted Authorities --> FUNC_CONT_MENU
2020-05-22 17:14:54,022 INFO com.surshree.app.services.CustomUserDetailsService [http-nio-8080-exec-1] Granted Authorities --> FUNC_CONT_MENU
2020-05-22 17:14:54,022 INFO com.surshree.app.services.CustomUserDetailsService [http-nio-8080-exec-1] Granted Authorities --> FUNC_VIEW_ADMIN_MENU
2020-05-22 17:18:48,964 INFO com.surshree.app.services.CustomUserDetailsService [http-nio-8080-exec-1] Granted Authorities --> ROLE_CONT
2020-05-22 17:18:48,971 INFO com.surshree.app.services.CustomUserDetailsService [http-nio-8080-exec-1] Granted Authorities --> ROLE_ADMN
2020-05-22 17:18:48,971 INFO com.surshree.app.services.CustomUserDetailsService [http-nio-8080-exec-1] Granted Authorities --> FUNC_CONT_MENU
2020-05-22 17:18:48,971 INFO com.surshree.app.services.CustomUserDetailsService [http-nio-8080-exec-1] Granted Authorities --> FUNC_CONT_MENU
2020-05-22 17:18:48,972 INFO com.surshree.app.services.CustomUserDetailsService [http-nio-8080-exec-1] Granted Authorities --> FUNC_VIEW_ADMIN_MENU
2020-05-22 17:18:49,642 INFO com.surshree.app.services.CustomUserDetailsService [http-nio-8080-exec-4] Granted Authorities --> ROLE_CONT
2020-05-22 17:18:49,643 INFO com.surshree.app.services.CustomUserDetailsService [http-nio-8080-exec-4] Granted Authorities --> ROLE_ADMN
2020-05-22 17:18:49,644 INFO com.surshree.app.services.CustomUserDetailsService [http-nio-8080-exec-4] Granted Authorities --> FUNC_CONT_MENU
2020-05-22 17:18:49,645 INFO com.surshree.app.services.CustomUserDetailsService [http-nio-8080-exec-4] Granted Authorities --> FUNC_CONT_MENU
2020-05-22 17:18:49,647 INFO com.surshree.app.services.CustomUserDetailsService [http-nio-8080-exec-4] Granted Authorities --> FUNC_VIEW_ADMIN_MENU
2020-05-22 17:18:54,447 INFO com.surshree.app.services.CustomUserDetailsService [http-nio-8080-exec-7] Granted Authorities --> ROLE_CONT
2020-05-22 17:18:54,448 INFO com.surshree.app.services.CustomUserDetailsService [http-nio-8080-exec-7] Granted Authorities --> ROLE_ADMN
2020-05-22 17:18:54,449 INFO com.surshree.app.services.CustomUserDetailsService [http-nio-8080-exec-7] Granted Authorities --> FUNC_CONT_MENU
2020-05-22 17:18:54,450 INFO com.surshree.app.services.CustomUserDetailsService [http-nio-8080-exec-7] Granted Authorities --> FUNC_CONT_MENU
2020-05-22 17:18:54,452 INFO com.surshree.app.services.CustomUserDetailsService [http-nio-8080-exec-7] Granted Authorities --> FUNC_VIEW_ADMIN_MENU
2020-05-22 17:19:55,077 INFO com.surshree.app.services.CustomUserDetailsService [http-nio-8080-exec-5] Granted Authorities --> ROLE_CONT
2020-05-22 17:19:55,080 INFO com.surshree.app.services.CustomUserDetailsService [http-nio-8080-exec-5] Granted Authorities --> ROLE_ADMN
2020-05-22 17:19:55,081 INFO com.surshree.app.services.CustomUserDetailsService [http-nio-8080-exec-5] Granted Authorities --> FUNC_CONT_MENU
2020-05-22 17:19:55,082 INFO com.surshree.app.services.CustomUserDetailsService [http-nio-8080-exec-5] Granted Authorities --> FUNC_CONT_MENU
2020-05-22 17:19:55,082 INFO com.surshree.app.services.CustomUserDetailsService [http-nio-8080-exec-5] Granted Authorities --> FUNC_VIEW_ADMIN_MENU
2020-05-22 17:19:55,747 INFO com.surshree.app.services.CustomUserDetailsService [http-nio-8080-exec-7] Granted Authorities --> ROLE_CONT
2020-05-22 17:19:55,748 INFO com.surshree.app.services.CustomUserDetailsService [http-nio-8080-exec-7] Granted Authorities --> ROLE_ADMN
2020-05-22 17:19:55,748 INFO com.surshree.app.services.CustomUserDetailsService [http-nio-8080-exec-7] Granted Authorities --> FUNC_CONT_MENU
2020-05-22 17:19:55,749 INFO com.surshree.app.services.CustomUserDetailsService [http-nio-8080-exec-7] Granted Authorities --> FUNC_CONT_MENU
2020-05-22 17:19:55,749 INFO com.surshree.app.services.CustomUserDetailsService [http-nio-8080-exec-7] Granted Authorities --> FUNC_VIEW_ADMIN_MENU
2020-05-22 17:20:04,549 INFO com.surshree.app.services.CustomUserDetailsService [http-nio-8080-exec-8] Granted Authorities --> ROLE_CONT
2020-05-22 17:20:04,549 INFO com.surshree.app.services.CustomUserDetailsService [http-nio-8080-exec-8] Granted Authorities --> ROLE_ADMN
2020-05-22 17:20:04,550 INFO com.surshree.app.services.CustomUserDetailsService [http-nio-8080-exec-8] Granted Authorities --> FUNC_CONT_MENU
2020-05-22 17:20:04,551 INFO com.surshree.app.services.CustomUserDetailsService [http-nio-8080-exec-8] Granted Authorities --> FUNC_CONT_MENU
2020-05-22 17:20:04,551 INFO com.surshree.app.services.CustomUserDetailsService [http-nio-8080-exec-8] Granted Authorities --> FUNC_VIEW_ADMIN_MENU
2020-05-22 17:20:33,454 INFO com.surshree.app.services.CustomUserDetailsService [http-nio-8080-exec-3] Granted Authorities --> ROLE_CONT
2020-05-22 17:20:33,456 INFO com.surshree.app.services.CustomUserDetailsService [http-nio-8080-exec-3] Granted Authorities --> ROLE_ADMN
2020-05-22 17:20:33,457 INFO com.surshree.app.services.CustomUserDetailsService [http-nio-8080-exec-3] Granted Authorities --> FUNC_CONT_MENU
2020-05-22 17:20:33,458 INFO com.surshree.app.services.CustomUserDetailsService [http-nio-8080-exec-3] Granted Authorities --> FUNC_CONT_MENU
2020-05-22 17:20:33,458 INFO com.surshree.app.services.CustomUserDetailsService [http-nio-8080-exec-3] Granted Authorities --> FUNC_VIEW_ADMIN_MENU
2020-05-22 17:20:56,651 INFO com.surshree.app.services.CustomUserDetailsService [http-nio-8080-exec-8] Granted Authorities --> ROLE_CONT
2020-05-22 17:20:56,653 INFO com.surshree.app.services.CustomUserDetailsService [http-nio-8080-exec-8] Granted Authorities --> ROLE_ADMN
2020-05-22 17:20:56,654 INFO com.surshree.app.services.CustomUserDetailsService [http-nio-8080-exec-8] Granted Authorities --> FUNC_CONT_MENU
2020-05-22 17:20:56,654 INFO com.surshree.app.services.CustomUserDetailsService [http-nio-8080-exec-8] Granted Authorities --> FUNC_CONT_MENU
2020-05-22 17:20:56,655 INFO com.surshree.app.services.CustomUserDetailsService [http-nio-8080-exec-8] Granted Authorities --> FUNC_VIEW_ADMIN_MENU
2020-05-22 17:21:05,326 INFO com.surshree.app.services.CustomUserDetailsService [http-nio-8080-exec-5] Granted Authorities --> ROLE_CONT
2020-05-22 17:21:05,327 INFO com.surshree.app.services.CustomUserDetailsService [http-nio-8080-exec-5] Granted Authorities --> ROLE_ADMN
2020-05-22 17:21:05,327 INFO com.surshree.app.services.CustomUserDetailsService [http-nio-8080-exec-5] Granted Authorities --> FUNC_CONT_MENU
2020-05-22 17:21:05,328 INFO com.surshree.app.services.CustomUserDetailsService [http-nio-8080-exec-5] Granted Authorities --> FUNC_CONT_MENU
2020-05-22 17:21:05,329 INFO com.surshree.app.services.CustomUserDetailsService [http-nio-8080-exec-5] Granted Authorities --> FUNC_VIEW_ADMIN_MENU
2020-05-22 17:21:29,810 INFO com.surshree.app.services.CustomUserDetailsService [http-nio-8080-exec-9] Granted Authorities --> ROLE_CONT
2020-05-22 17:21:29,812 INFO com.surshree.app.services.CustomUserDetailsService [http-nio-8080-exec-9] Granted Authorities --> ROLE_ADMN
2020-05-22 17:21:29,812 INFO com.surshree.app.services.CustomUserDetailsService [http-nio-8080-exec-9] Granted Authorities --> FUNC_CONT_MENU
2020-05-22 17:21:29,813 INFO com.surshree.app.services.CustomUserDetailsService [http-nio-8080-exec-9] Granted Authorities --> FUNC_CONT_MENU
2020-05-22 17:21:29,814 INFO com.surshree.app.services.CustomUserDetailsService [http-nio-8080-exec-9] Granted Authorities --> FUNC_VIEW_ADMIN_MENU
2020-05-22 17:22:08,737 INFO com.surshree.app.scheduling.CacheScheduler [scheduling-1] Clear user cache : START
2020-05-22 17:22:08,740 INFO com.surshree.app.scheduling.CacheScheduler [scheduling-1] Clear user cache : END
2020-05-22 17:33:37,308 INFO org.springframework.boot.SpringApplication [main] No active profile set, falling back to default profiles: default
2020-05-22 17:33:39,236 INFO org.springframework.data.repository.config.RepositoryConfigurationDelegate [main] Bootstrapping Spring Data JPA repositories in DEFAULT mode.
2020-05-22 17:33:39,657 INFO org.springframework.data.repository.config.RepositoryConfigurationDelegate [main] Finished Spring Data repository scanning in 397ms. Found 9 JPA repository interfaces.
2020-05-22 17:33:43,154 INFO org.springframework.cloud.context.scope.GenericScope [main] BeanFactory id=496206d4-f1c2-3f13-b4d7-1c6b3e101b4b
2020-05-22 17:33:45,218 INFO org.springframework.boot.web.embedded.tomcat.TomcatWebServer [main] Tomcat initialized with port(s): 8080 (http)
2020-05-22 17:33:45,260 INFO org.apache.juli.logging.DirectJDKLog [main] Initializing ProtocolHandler ["http-nio-8080"]
2020-05-22 17:33:45,268 INFO org.apache.juli.logging.DirectJDKLog [main] Starting service [Tomcat]
2020-05-22 17:33:45,270 INFO org.apache.juli.logging.DirectJDKLog [main] Starting Servlet engine: [Apache Tomcat/9.0.33]
2020-05-22 17:33:45,850 INFO org.apache.juli.logging.DirectJDKLog [main] Initializing Spring embedded WebApplicationContext
2020-05-22 17:33:45,851 INFO org.springframework.boot.web.servlet.context.ServletWebServerApplicationContext [main] Root WebApplicationContext: initialization completed in 8459 ms
2020-05-22 17:33:47,106 INFO com.surshree.app.config.CacheConfig [main] Initializing cache.
2020-05-22 17:33:47,501 INFO org.hibernate.jpa.internal.util.LogHelper [main] HHH000204: Processing PersistenceUnitInfo [name: default]
2020-05-22 17:33:47,839 INFO org.hibernate.Version [main] HHH000412: Hibernate ORM core version 5.4.12.Final
2020-05-22 17:33:48,507 INFO org.hibernate.annotations.common.reflection.java.JavaReflectionManager [main] HCANN000001: Hibernate Commons Annotations {5.1.0.Final}
2020-05-22 17:33:48,857 INFO com.zaxxer.hikari.HikariDataSource [main] HikariPool-1 - Starting...
2020-05-22 17:33:49,208 INFO com.zaxxer.hikari.HikariDataSource [main] HikariPool-1 - Start completed.
2020-05-22 17:33:49,290 INFO org.hibernate.dialect.Dialect [main] HHH000400: Using dialect: org.hibernate.dialect.PostgreSQL10Dialect
2020-05-22 17:33:53,215 INFO org.hibernate.engine.transaction.jta.platform.internal.JtaPlatformInitiator [main] HHH000490: Using JtaPlatform implementation: [org.hibernate.engine.transaction.jta.platform.internal.NoJtaPlatform]
2020-05-22 17:33:53,631 INFO org.springframework.orm.jpa.AbstractEntityManagerFactoryBean [main] Initialized JPA EntityManagerFactory for persistence unit 'default'
2020-05-22 17:33:53,764 WARN org.springframework.boot.autoconfigure.orm.jpa.JpaBaseConfiguration$JpaWebConfiguration [main] spring.jpa.open-in-view is enabled by default. Therefore, database queries may be performed during view rendering. Explicitly configure spring.jpa.open-in-view to disable this warning
2020-05-22 17:33:59,883 INFO org.springframework.security.web.DefaultSecurityFilterChain [main] Creating filter chain: OrRequestMatcher [requestMatchers=[Ant [pattern='/oauth/token'], Ant [pattern='/oauth/token_key'], Ant [pattern='/oauth/check_token']]], [org.springframework.security.web.context.request.async.WebAsyncManagerIntegrationFilter@6e6c723b, org.springframework.security.web.context.SecurityContextPersistenceFilter@2a12389e, org.springframework.security.web.header.HeaderWriterFilter@31af3f22, org.springframework.security.web.authentication.logout.LogoutFilter@5ab2c5d8, org.springframework.web.filter.CorsFilter@66859669, org.springframework.security.web.authentication.www.BasicAuthenticationFilter@4a0161ee, org.springframework.security.web.savedrequest.RequestCacheAwareFilter@7296675e, org.springframework.security.web.servletapi.SecurityContextHolderAwareRequestFilter@39352f6b, org.springframework.security.web.authentication.AnonymousAuthenticationFilter@6e591c03, org.springframework.security.web.session.SessionManagementFilter@354a1239, org.springframework.security.web.access.ExceptionTranslationFilter@1a99d328, org.springframework.security.web.access.intercept.FilterSecurityInterceptor@41fdb59c]
2020-05-22 17:33:59,900 INFO org.springframework.security.web.DefaultSecurityFilterChain [main] Creating filter chain: com.surshree.app.config.ResourceServerConfig$$Lambda$958/0x00000008009c0840@23674e3d, [org.springframework.security.web.context.request.async.WebAsyncManagerIntegrationFilter@1e82b631, org.springframework.security.web.context.SecurityContextPersistenceFilter@27103726, org.springframework.security.web.header.HeaderWriterFilter@3b802baa, org.springframework.security.web.authentication.logout.LogoutFilter@6bd2c51d, org.springframework.security.oauth2.provider.authentication.OAuth2AuthenticationProcessingFilter@1c8e4810, org.springframework.security.web.savedrequest.RequestCacheAwareFilter@2df6d461, org.springframework.security.web.servletapi.SecurityContextHolderAwareRequestFilter@1791670e, org.springframework.security.web.authentication.AnonymousAuthenticationFilter@42c2a1da, org.springframework.security.web.session.SessionManagementFilter@109941fa, org.springframework.security.web.access.ExceptionTranslationFilter@5b1ebbe, org.springframework.security.web.access.intercept.FilterSecurityInterceptor@5ebd80f8]
2020-05-22 17:34:00,745 INFO org.springframework.boot.actuate.endpoint.web.EndpointLinksResolver [main] Exposing 2 endpoint(s) beneath base path '/actuator'
2020-05-22 17:34:00,787 INFO org.springframework.security.web.DefaultSecurityFilterChain [main] Creating filter chain: any request, [org.springframework.security.web.context.request.async.WebAsyncManagerIntegrationFilter@2ab4c4e, org.springframework.security.web.context.SecurityContextPersistenceFilter@6980e66a, org.springframework.security.web.header.HeaderWriterFilter@5b6789cf, org.springframework.web.filter.CorsFilter@1cad8bce, org.springframework.security.web.authentication.logout.LogoutFilter@21c7415e, org.springframework.security.web.authentication.www.BasicAuthenticationFilter@24fcfdb, org.springframework.security.web.savedrequest.RequestCacheAwareFilter@1988e095, org.springframework.security.web.servletapi.SecurityContextHolderAwareRequestFilter@7ec63b9a, org.springframework.security.web.authentication.AnonymousAuthenticationFilter@ba77dc6, org.springframework.security.web.session.SessionManagementFilter@70882cb7, org.springframework.security.web.access.ExceptionTranslationFilter@5ce593bc, org.springframework.security.web.access.intercept.FilterSecurityInterceptor@19b7852b]
2020-05-22 17:34:01,048 INFO org.springframework.scheduling.concurrent.ExecutorConfigurationSupport [main] Initializing ExecutorService 'applicationTaskExecutor'
2020-05-22 17:34:01,474 INFO org.springframework.scheduling.concurrent.ExecutorConfigurationSupport [main] Initializing ExecutorService 'taskScheduler'
2020-05-22 17:34:01,710 INFO com.surshree.app.scheduling.CacheScheduler [scheduling-1] Clear user cache : START
2020-05-22 17:34:01,723 INFO com.surshree.app.scheduling.CacheScheduler [scheduling-1] Clear user cache : END
2020-05-22 17:34:01,727 INFO org.apache.juli.logging.DirectJDKLog [main] Starting ProtocolHandler ["http-nio-8080"]
2020-05-22 17:34:01,920 INFO org.springframework.boot.web.embedded.tomcat.TomcatWebServer [main] Tomcat started on port(s): 8080 (http) with context path ''
2020-05-22 17:34:01,942 INFO org.springframework.boot.StartupInfoLogger [main] Started SurShreeApplication in 27.279 seconds (JVM running for 28.338)
2020-05-22 17:35:26,908 INFO org.apache.juli.logging.DirectJDKLog [http-nio-8080-exec-1] Initializing Spring DispatcherServlet 'dispatcherServlet'
2020-05-22 17:35:26,910 INFO org.springframework.web.servlet.FrameworkServlet [http-nio-8080-exec-1] Initializing Servlet 'dispatcherServlet'
2020-05-22 17:35:26,930 INFO org.springframework.web.servlet.FrameworkServlet [http-nio-8080-exec-1] Completed initialization in 20 ms
2020-05-22 17:36:54,885 INFO org.springframework.security.oauth2.provider.endpoint.CheckTokenEndpoint [http-nio-8080-exec-9] Handling error: InvalidTokenException, Token has expired
2020-05-22 17:36:55,266 INFO com.surshree.app.services.CustomUserDetailsService [http-nio-8080-exec-2] Granted Authorities --> ROLE_CONT
2020-05-22 17:36:55,268 INFO com.surshree.app.services.CustomUserDetailsService [http-nio-8080-exec-2] Granted Authorities --> ROLE_ADMN
2020-05-22 17:36:55,271 INFO com.surshree.app.services.CustomUserDetailsService [http-nio-8080-exec-2] Granted Authorities --> FUNC_CONT_MENU
2020-05-22 17:36:55,272 INFO com.surshree.app.services.CustomUserDetailsService [http-nio-8080-exec-2] Granted Authorities --> FUNC_VIEW_ADMIN_MENU
2020-05-22 17:36:55,273 INFO com.surshree.app.services.CustomUserDetailsService [http-nio-8080-exec-2] Granted Authorities --> FUNC_CONT_MENU
2020-05-22 17:36:55,351 WARN org.springframework.security.oauth2.provider.endpoint.TokenEndpoint [http-nio-8080-exec-2] Handling error: InvalidTokenException, Invalid refresh token (expired): 734865f7-8bf1-42a3-985d-8af2839e7d28
2020-05-22 17:36:55,358 WARN org.springframework.web.servlet.mvc.method.annotation.ExceptionHandlerExceptionResolver [http-nio-8080-exec-2] Failure in @ExceptionHandler org.springframework.security.oauth2.provider.endpoint.TokenEndpoint#handleException(OAuth2Exception)
org.springframework.web.HttpMediaTypeNotAcceptableException: Could not find acceptable representation
	at org.springframework.web.servlet.mvc.method.annotation.AbstractMessageConverterMethodProcessor.writeWithMessageConverters(AbstractMessageConverterMethodProcessor.java:243)
	at org.springframework.web.servlet.mvc.method.annotation.HttpEntityMethodProcessor.handleReturnValue(HttpEntityMethodProcessor.java:219)
	at org.springframework.web.method.support.HandlerMethodReturnValueHandlerComposite.handleReturnValue(HandlerMethodReturnValueHandlerComposite.java:82)
	at org.springframework.web.servlet.mvc.method.annotation.ServletInvocableHandlerMethod.invokeAndHandle(ServletInvocableHandlerMethod.java:123)
	at org.springframework.web.servlet.mvc.method.annotation.ExceptionHandlerExceptionResolver.doResolveHandlerMethodException(ExceptionHandlerExceptionResolver.java:407)
	at org.springframework.web.servlet.handler.AbstractHandlerMethodExceptionResolver.doResolveException(AbstractHandlerMethodExceptionResolver.java:61)
	at org.springframework.web.servlet.handler.AbstractHandlerExceptionResolver.resolveException(AbstractHandlerExceptionResolver.java:141)
	at org.springframework.web.servlet.handler.HandlerExceptionResolverComposite.resolveException(HandlerExceptionResolverComposite.java:80)
	at org.springframework.web.servlet.DispatcherServlet.processHandlerException(DispatcherServlet.java:1300)
	at org.springframework.web.servlet.DispatcherServlet.processDispatchResult(DispatcherServlet.java:1111)
	at org.springframework.web.servlet.DispatcherServlet.doDispatch(DispatcherServlet.java:1057)
	at org.springframework.web.servlet.DispatcherServlet.doService(DispatcherServlet.java:943)
	at org.springframework.web.servlet.FrameworkServlet.processRequest(FrameworkServlet.java:1006)
	at org.springframework.web.servlet.FrameworkServlet.doPost(FrameworkServlet.java:909)
	at javax.servlet.http.HttpServlet.service(HttpServlet.java:660)
	at org.springframework.web.servlet.FrameworkServlet.service(FrameworkServlet.java:883)
	at javax.servlet.http.HttpServlet.service(HttpServlet.java:741)
	at org.apache.catalina.core.ApplicationFilterChain.internalDoFilter(ApplicationFilterChain.java:231)
	at org.apache.catalina.core.ApplicationFilterChain.doFilter(ApplicationFilterChain.java:166)
	at org.apache.tomcat.websocket.server.WsFilter.doFilter(WsFilter.java:53)
	at org.apache.catalina.core.ApplicationFilterChain.internalDoFilter(ApplicationFilterChain.java:193)
	at org.apache.catalina.core.ApplicationFilterChain.doFilter(ApplicationFilterChain.java:166)
	at org.springframework.security.web.FilterChainProxy$VirtualFilterChain.doFilter(FilterChainProxy.java:320)
	at org.springframework.security.web.access.intercept.FilterSecurityInterceptor.invoke(FilterSecurityInterceptor.java:126)
	at org.springframework.security.web.access.intercept.FilterSecurityInterceptor.doFilter(FilterSecurityInterceptor.java:90)
	at org.springframework.security.web.FilterChainProxy$VirtualFilterChain.doFilter(FilterChainProxy.java:334)
	at org.springframework.security.web.access.ExceptionTranslationFilter.doFilter(ExceptionTranslationFilter.java:118)
	at org.springframework.security.web.FilterChainProxy$VirtualFilterChain.doFilter(FilterChainProxy.java:334)
	at org.springframework.security.web.session.SessionManagementFilter.doFilter(SessionManagementFilter.java:137)
	at org.springframework.security.web.FilterChainProxy$VirtualFilterChain.doFilter(FilterChainProxy.java:334)
	at org.springframework.security.web.authentication.AnonymousAuthenticationFilter.doFilter(AnonymousAuthenticationFilter.java:111)
	at org.springframework.security.web.FilterChainProxy$VirtualFilterChain.doFilter(FilterChainProxy.java:334)
	at org.springframework.security.web.servletapi.SecurityContextHolderAwareRequestFilter.doFilter(SecurityContextHolderAwareRequestFilter.java:158)
	at org.springframework.security.web.FilterChainProxy$VirtualFilterChain.doFilter(FilterChainProxy.java:334)
	at org.springframework.security.web.savedrequest.RequestCacheAwareFilter.doFilter(RequestCacheAwareFilter.java:63)
	at org.springframework.security.web.FilterChainProxy$VirtualFilterChain.doFilter(FilterChainProxy.java:334)
	at org.springframework.security.web.authentication.www.BasicAuthenticationFilter.doFilterInternal(BasicAuthenticationFilter.java:204)
	at org.springframework.web.filter.OncePerRequestFilter.doFilter(OncePerRequestFilter.java:119)
	at org.springframework.security.web.FilterChainProxy$VirtualFilterChain.doFilter(FilterChainProxy.java:334)
	at org.springframework.web.filter.CorsFilter.doFilterInternal(CorsFilter.java:92)
	at org.springframework.web.filter.OncePerRequestFilter.doFilter(OncePerRequestFilter.java:119)
	at org.springframework.security.web.FilterChainProxy$VirtualFilterChain.doFilter(FilterChainProxy.java:334)
	at org.springframework.security.web.authentication.logout.LogoutFilter.doFilter(LogoutFilter.java:116)
	at org.springframework.security.web.FilterChainProxy$VirtualFilterChain.doFilter(FilterChainProxy.java:334)
	at org.springframework.security.web.header.HeaderWriterFilter.doHeadersAfter(HeaderWriterFilter.java:92)
	at org.springframework.security.web.header.HeaderWriterFilter.doFilterInternal(HeaderWriterFilter.java:77)
	at org.springframework.web.filter.OncePerRequestFilter.doFilter(OncePerRequestFilter.java:119)
	at org.springframework.security.web.FilterChainProxy$VirtualFilterChain.doFilter(FilterChainProxy.java:334)
	at org.springframework.security.web.context.SecurityContextPersistenceFilter.doFilter(SecurityContextPersistenceFilter.java:105)
	at org.springframework.security.web.FilterChainProxy$VirtualFilterChain.doFilter(FilterChainProxy.java:334)
	at org.springframework.security.web.context.request.async.WebAsyncManagerIntegrationFilter.doFilterInternal(WebAsyncManagerIntegrationFilter.java:56)
	at org.springframework.web.filter.OncePerRequestFilter.doFilter(OncePerRequestFilter.java:119)
	at org.springframework.security.web.FilterChainProxy$VirtualFilterChain.doFilter(FilterChainProxy.java:334)
	at org.springframework.security.web.FilterChainProxy.doFilterInternal(FilterChainProxy.java:215)
	at org.springframework.security.web.FilterChainProxy.doFilter(FilterChainProxy.java:178)
	at org.springframework.web.filter.DelegatingFilterProxy.invokeDelegate(DelegatingFilterProxy.java:358)
	at org.springframework.web.filter.DelegatingFilterProxy.doFilter(DelegatingFilterProxy.java:271)
	at org.apache.catalina.core.ApplicationFilterChain.internalDoFilter(ApplicationFilterChain.java:193)
	at org.apache.catalina.core.ApplicationFilterChain.doFilter(ApplicationFilterChain.java:166)
	at org.springframework.web.filter.RequestContextFilter.doFilterInternal(RequestContextFilter.java:100)
	at org.springframework.web.filter.OncePerRequestFilter.doFilter(OncePerRequestFilter.java:119)
	at org.apache.catalina.core.ApplicationFilterChain.internalDoFilter(ApplicationFilterChain.java:193)
	at org.apache.catalina.core.ApplicationFilterChain.doFilter(ApplicationFilterChain.java:166)
	at org.springframework.web.filter.FormContentFilter.doFilterInternal(FormContentFilter.java:93)
	at org.springframework.web.filter.OncePerRequestFilter.doFilter(OncePerRequestFilter.java:119)
	at org.apache.catalina.core.ApplicationFilterChain.internalDoFilter(ApplicationFilterChain.java:193)
	at org.apache.catalina.core.ApplicationFilterChain.doFilter(ApplicationFilterChain.java:166)
	at org.springframework.boot.actuate.metrics.web.servlet.WebMvcMetricsFilter.doFilterInternal(WebMvcMetricsFilter.java:109)
	at org.springframework.web.filter.OncePerRequestFilter.doFilter(OncePerRequestFilter.java:119)
	at org.apache.catalina.core.ApplicationFilterChain.internalDoFilter(ApplicationFilterChain.java:193)
	at org.apache.catalina.core.ApplicationFilterChain.doFilter(ApplicationFilterChain.java:166)
	at org.springframework.web.filter.CharacterEncodingFilter.doFilterInternal(CharacterEncodingFilter.java:201)
	at org.springframework.web.filter.OncePerRequestFilter.doFilter(OncePerRequestFilter.java:119)
	at org.apache.catalina.core.ApplicationFilterChain.internalDoFilter(ApplicationFilterChain.java:193)
	at org.apache.catalina.core.ApplicationFilterChain.doFilter(ApplicationFilterChain.java:166)
	at org.apache.catalina.core.StandardWrapperValve.invoke(StandardWrapperValve.java:202)
	at org.apache.catalina.core.StandardContextValve.invoke(StandardContextValve.java:96)
	at org.apache.catalina.authenticator.AuthenticatorBase.invoke(AuthenticatorBase.java:541)
	at org.apache.catalina.core.StandardHostValve.invoke(StandardHostValve.java:139)
	at org.apache.catalina.valves.ErrorReportValve.invoke(ErrorReportValve.java:92)
	at org.apache.catalina.core.StandardEngineValve.invoke(StandardEngineValve.java:74)
	at org.apache.catalina.connector.CoyoteAdapter.service(CoyoteAdapter.java:343)
	at org.apache.coyote.http11.Http11Processor.service(Http11Processor.java:373)
	at org.apache.coyote.AbstractProcessorLight.process(AbstractProcessorLight.java:65)
	at org.apache.coyote.AbstractProtocol$ConnectionHandler.process(AbstractProtocol.java:868)
	at org.apache.tomcat.util.net.NioEndpoint$SocketProcessor.doRun(NioEndpoint.java:1594)
	at org.apache.tomcat.util.net.SocketProcessorBase.run(SocketProcessorBase.java:49)
	at java.base/java.util.concurrent.ThreadPoolExecutor.runWorker(ThreadPoolExecutor.java:1128)
	at java.base/java.util.concurrent.ThreadPoolExecutor$Worker.run(ThreadPoolExecutor.java:628)
	at org.apache.tomcat.util.threads.TaskThread$WrappingRunnable.run(TaskThread.java:61)
	at java.base/java.lang.Thread.run(Thread.java:834)
2020-05-22 17:36:55,368 ERROR org.apache.juli.logging.DirectJDKLog [http-nio-8080-exec-2] Servlet.service() for servlet [dispatcherServlet] in context with path [] threw exception [Request processing failed; nested exception is error="invalid_token", error_description="Invalid refresh token (expired): 734865f7-8bf1-42a3-985d-8af2839e7d28"] with root cause
org.springframework.security.oauth2.common.exceptions.InvalidTokenException: Invalid refresh token (expired): 734865f7-8bf1-42a3-985d-8af2839e7d28
	at org.springframework.security.oauth2.provider.token.DefaultTokenServices.refreshAccessToken(DefaultTokenServices.java:166)
	at org.springframework.security.oauth2.provider.refresh.RefreshTokenGranter.getAccessToken(RefreshTokenGranter.java:47)
	at org.springframework.security.oauth2.provider.token.AbstractTokenGranter.grant(AbstractTokenGranter.java:67)
	at org.springframework.security.oauth2.provider.CompositeTokenGranter.grant(CompositeTokenGranter.java:38)
	at org.springframework.security.oauth2.config.annotation.web.configurers.AuthorizationServerEndpointsConfigurer$4.grant(AuthorizationServerEndpointsConfigurer.java:583)
	at org.springframework.security.oauth2.provider.endpoint.TokenEndpoint.postAccessToken(TokenEndpoint.java:132)
	at java.base/jdk.internal.reflect.NativeMethodAccessorImpl.invoke0(Native Method)
	at java.base/jdk.internal.reflect.NativeMethodAccessorImpl.invoke(NativeMethodAccessorImpl.java:62)
	at java.base/jdk.internal.reflect.DelegatingMethodAccessorImpl.invoke(DelegatingMethodAccessorImpl.java:43)
	at java.base/java.lang.reflect.Method.invoke(Method.java:566)
	at org.springframework.web.method.support.InvocableHandlerMethod.doInvoke(InvocableHandlerMethod.java:190)
	at org.springframework.web.method.support.InvocableHandlerMethod.invokeForRequest(InvocableHandlerMethod.java:138)
	at org.springframework.web.servlet.mvc.method.annotation.ServletInvocableHandlerMethod.invokeAndHandle(ServletInvocableHandlerMethod.java:105)
	at org.springframework.web.servlet.mvc.method.annotation.RequestMappingHandlerAdapter.invokeHandlerMethod(RequestMappingHandlerAdapter.java:879)
	at org.springframework.web.servlet.mvc.method.annotation.RequestMappingHandlerAdapter.handleInternal(RequestMappingHandlerAdapter.java:793)
	at org.springframework.web.servlet.mvc.method.AbstractHandlerMethodAdapter.handle(AbstractHandlerMethodAdapter.java:87)
	at org.springframework.web.servlet.DispatcherServlet.doDispatch(DispatcherServlet.java:1040)
	at org.springframework.web.servlet.DispatcherServlet.doService(DispatcherServlet.java:943)
	at org.springframework.web.servlet.FrameworkServlet.processRequest(FrameworkServlet.java:1006)
	at org.springframework.web.servlet.FrameworkServlet.doPost(FrameworkServlet.java:909)
	at javax.servlet.http.HttpServlet.service(HttpServlet.java:660)
	at org.springframework.web.servlet.FrameworkServlet.service(FrameworkServlet.java:883)
	at javax.servlet.http.HttpServlet.service(HttpServlet.java:741)
	at org.apache.catalina.core.ApplicationFilterChain.internalDoFilter(ApplicationFilterChain.java:231)
	at org.apache.catalina.core.ApplicationFilterChain.doFilter(ApplicationFilterChain.java:166)
	at org.apache.tomcat.websocket.server.WsFilter.doFilter(WsFilter.java:53)
	at org.apache.catalina.core.ApplicationFilterChain.internalDoFilter(ApplicationFilterChain.java:193)
	at org.apache.catalina.core.ApplicationFilterChain.doFilter(ApplicationFilterChain.java:166)
	at org.springframework.security.web.FilterChainProxy$VirtualFilterChain.doFilter(FilterChainProxy.java:320)
	at org.springframework.security.web.access.intercept.FilterSecurityInterceptor.invoke(FilterSecurityInterceptor.java:126)
	at org.springframework.security.web.access.intercept.FilterSecurityInterceptor.doFilter(FilterSecurityInterceptor.java:90)
	at org.springframework.security.web.FilterChainProxy$VirtualFilterChain.doFilter(FilterChainProxy.java:334)
	at org.springframework.security.web.access.ExceptionTranslationFilter.doFilter(ExceptionTranslationFilter.java:118)
	at org.springframework.security.web.FilterChainProxy$VirtualFilterChain.doFilter(FilterChainProxy.java:334)
	at org.springframework.security.web.session.SessionManagementFilter.doFilter(SessionManagementFilter.java:137)
	at org.springframework.security.web.FilterChainProxy$VirtualFilterChain.doFilter(FilterChainProxy.java:334)
	at org.springframework.security.web.authentication.AnonymousAuthenticationFilter.doFilter(AnonymousAuthenticationFilter.java:111)
	at org.springframework.security.web.FilterChainProxy$VirtualFilterChain.doFilter(FilterChainProxy.java:334)
	at org.springframework.security.web.servletapi.SecurityContextHolderAwareRequestFilter.doFilter(SecurityContextHolderAwareRequestFilter.java:158)
	at org.springframework.security.web.FilterChainProxy$VirtualFilterChain.doFilter(FilterChainProxy.java:334)
	at org.springframework.security.web.savedrequest.RequestCacheAwareFilter.doFilter(RequestCacheAwareFilter.java:63)
	at org.springframework.security.web.FilterChainProxy$VirtualFilterChain.doFilter(FilterChainProxy.java:334)
	at org.springframework.security.web.authentication.www.BasicAuthenticationFilter.doFilterInternal(BasicAuthenticationFilter.java:204)
	at org.springframework.web.filter.OncePerRequestFilter.doFilter(OncePerRequestFilter.java:119)
	at org.springframework.security.web.FilterChainProxy$VirtualFilterChain.doFilter(FilterChainProxy.java:334)
	at org.springframework.web.filter.CorsFilter.doFilterInternal(CorsFilter.java:92)
	at org.springframework.web.filter.OncePerRequestFilter.doFilter(OncePerRequestFilter.java:119)
	at org.springframework.security.web.FilterChainProxy$VirtualFilterChain.doFilter(FilterChainProxy.java:334)
	at org.springframework.security.web.authentication.logout.LogoutFilter.doFilter(LogoutFilter.java:116)
	at org.springframework.security.web.FilterChainProxy$VirtualFilterChain.doFilter(FilterChainProxy.java:334)
	at org.springframework.security.web.header.HeaderWriterFilter.doHeadersAfter(HeaderWriterFilter.java:92)
	at org.springframework.security.web.header.HeaderWriterFilter.doFilterInternal(HeaderWriterFilter.java:77)
	at org.springframework.web.filter.OncePerRequestFilter.doFilter(OncePerRequestFilter.java:119)
	at org.springframework.security.web.FilterChainProxy$VirtualFilterChain.doFilter(FilterChainProxy.java:334)
	at org.springframework.security.web.context.SecurityContextPersistenceFilter.doFilter(SecurityContextPersistenceFilter.java:105)
	at org.springframework.security.web.FilterChainProxy$VirtualFilterChain.doFilter(FilterChainProxy.java:334)
	at org.springframework.security.web.context.request.async.WebAsyncManagerIntegrationFilter.doFilterInternal(WebAsyncManagerIntegrationFilter.java:56)
	at org.springframework.web.filter.OncePerRequestFilter.doFilter(OncePerRequestFilter.java:119)
	at org.springframework.security.web.FilterChainProxy$VirtualFilterChain.doFilter(FilterChainProxy.java:334)
	at org.springframework.security.web.FilterChainProxy.doFilterInternal(FilterChainProxy.java:215)
	at org.springframework.security.web.FilterChainProxy.doFilter(FilterChainProxy.java:178)
	at org.springframework.web.filter.DelegatingFilterProxy.invokeDelegate(DelegatingFilterProxy.java:358)
	at org.springframework.web.filter.DelegatingFilterProxy.doFilter(DelegatingFilterProxy.java:271)
	at org.apache.catalina.core.ApplicationFilterChain.internalDoFilter(ApplicationFilterChain.java:193)
	at org.apache.catalina.core.ApplicationFilterChain.doFilter(ApplicationFilterChain.java:166)
	at org.springframework.web.filter.RequestContextFilter.doFilterInternal(RequestContextFilter.java:100)
	at org.springframework.web.filter.OncePerRequestFilter.doFilter(OncePerRequestFilter.java:119)
	at org.apache.catalina.core.ApplicationFilterChain.internalDoFilter(ApplicationFilterChain.java:193)
	at org.apache.catalina.core.ApplicationFilterChain.doFilter(ApplicationFilterChain.java:166)
	at org.springframework.web.filter.FormContentFilter.doFilterInternal(FormContentFilter.java:93)
	at org.springframework.web.filter.OncePerRequestFilter.doFilter(OncePerRequestFilter.java:119)
	at org.apache.catalina.core.ApplicationFilterChain.internalDoFilter(ApplicationFilterChain.java:193)
	at org.apache.catalina.core.ApplicationFilterChain.doFilter(ApplicationFilterChain.java:166)
	at org.springframework.boot.actuate.metrics.web.servlet.WebMvcMetricsFilter.doFilterInternal(WebMvcMetricsFilter.java:109)
	at org.springframework.web.filter.OncePerRequestFilter.doFilter(OncePerRequestFilter.java:119)
	at org.apache.catalina.core.ApplicationFilterChain.internalDoFilter(ApplicationFilterChain.java:193)
	at org.apache.catalina.core.ApplicationFilterChain.doFilter(ApplicationFilterChain.java:166)
	at org.springframework.web.filter.CharacterEncodingFilter.doFilterInternal(CharacterEncodingFilter.java:201)
	at org.springframework.web.filter.OncePerRequestFilter.doFilter(OncePerRequestFilter.java:119)
	at org.apache.catalina.core.ApplicationFilterChain.internalDoFilter(ApplicationFilterChain.java:193)
	at org.apache.catalina.core.ApplicationFilterChain.doFilter(ApplicationFilterChain.java:166)
	at org.apache.catalina.core.StandardWrapperValve.invoke(StandardWrapperValve.java:202)
	at org.apache.catalina.core.StandardContextValve.invoke(StandardContextValve.java:96)
	at org.apache.catalina.authenticator.AuthenticatorBase.invoke(AuthenticatorBase.java:541)
	at org.apache.catalina.core.StandardHostValve.invoke(StandardHostValve.java:139)
	at org.apache.catalina.valves.ErrorReportValve.invoke(ErrorReportValve.java:92)
	at org.apache.catalina.core.StandardEngineValve.invoke(StandardEngineValve.java:74)
	at org.apache.catalina.connector.CoyoteAdapter.service(CoyoteAdapter.java:343)
	at org.apache.coyote.http11.Http11Processor.service(Http11Processor.java:373)
	at org.apache.coyote.AbstractProcessorLight.process(AbstractProcessorLight.java:65)
	at org.apache.coyote.AbstractProtocol$ConnectionHandler.process(AbstractProtocol.java:868)
	at org.apache.tomcat.util.net.NioEndpoint$SocketProcessor.doRun(NioEndpoint.java:1594)
	at org.apache.tomcat.util.net.SocketProcessorBase.run(SocketProcessorBase.java:49)
	at java.base/java.util.concurrent.ThreadPoolExecutor.runWorker(ThreadPoolExecutor.java:1128)
	at java.base/java.util.concurrent.ThreadPoolExecutor$Worker.run(ThreadPoolExecutor.java:628)
	at org.apache.tomcat.util.threads.TaskThread$WrappingRunnable.run(TaskThread.java:61)
	at java.base/java.lang.Thread.run(Thread.java:834)
2020-05-22 17:37:06,918 INFO com.surshree.app.services.CustomUserDetailsService [http-nio-8080-exec-4] Granted Authorities --> ROLE_CONT
2020-05-22 17:37:06,918 INFO com.surshree.app.services.CustomUserDetailsService [http-nio-8080-exec-4] Granted Authorities --> ROLE_ADMN
2020-05-22 17:37:06,919 INFO com.surshree.app.services.CustomUserDetailsService [http-nio-8080-exec-4] Granted Authorities --> FUNC_CONT_MENU
2020-05-22 17:37:06,920 INFO com.surshree.app.services.CustomUserDetailsService [http-nio-8080-exec-4] Granted Authorities --> FUNC_VIEW_ADMIN_MENU
2020-05-22 17:37:06,921 INFO com.surshree.app.services.CustomUserDetailsService [http-nio-8080-exec-4] Granted Authorities --> FUNC_CONT_MENU
2020-05-22 17:37:06,941 INFO org.springframework.security.oauth2.provider.token.store.JdbcTokenStore [http-nio-8080-exec-4] Failed to find access token for token 6e9e95ba-cb39-4d29-828d-957b6aeb917e
2020-05-22 17:37:07,352 INFO com.surshree.app.services.CustomUserDetailsService [http-nio-8080-exec-6] Granted Authorities --> ROLE_CONT
2020-05-22 17:37:07,353 INFO com.surshree.app.services.CustomUserDetailsService [http-nio-8080-exec-6] Granted Authorities --> ROLE_ADMN
2020-05-22 17:37:07,354 INFO com.surshree.app.services.CustomUserDetailsService [http-nio-8080-exec-6] Granted Authorities --> FUNC_CONT_MENU
2020-05-22 17:37:07,355 INFO com.surshree.app.services.CustomUserDetailsService [http-nio-8080-exec-6] Granted Authorities --> FUNC_VIEW_ADMIN_MENU
2020-05-22 17:37:07,357 INFO com.surshree.app.services.CustomUserDetailsService [http-nio-8080-exec-6] Granted Authorities --> FUNC_CONT_MENU
2020-05-22 17:37:07,462 INFO com.surshree.app.services.CustomUserDetailsService [http-nio-8080-exec-7] Granted Authorities --> ROLE_CONT
2020-05-22 17:37:07,463 INFO com.surshree.app.services.CustomUserDetailsService [http-nio-8080-exec-7] Granted Authorities --> ROLE_ADMN
2020-05-22 17:37:07,463 INFO com.surshree.app.services.CustomUserDetailsService [http-nio-8080-exec-7] Granted Authorities --> FUNC_CONT_MENU
2020-05-22 17:37:07,464 INFO com.surshree.app.services.CustomUserDetailsService [http-nio-8080-exec-7] Granted Authorities --> FUNC_VIEW_ADMIN_MENU
2020-05-22 17:37:07,464 INFO com.surshree.app.services.CustomUserDetailsService [http-nio-8080-exec-7] Granted Authorities --> FUNC_CONT_MENU
2020-05-22 17:37:14,800 INFO com.surshree.app.services.CustomUserDetailsService [http-nio-8080-exec-2] Granted Authorities --> ROLE_CONT
2020-05-22 17:37:14,803 INFO com.surshree.app.services.CustomUserDetailsService [http-nio-8080-exec-2] Granted Authorities --> ROLE_ADMN
2020-05-22 17:37:14,804 INFO com.surshree.app.services.CustomUserDetailsService [http-nio-8080-exec-2] Granted Authorities --> FUNC_CONT_MENU
2020-05-22 17:37:14,805 INFO com.surshree.app.services.CustomUserDetailsService [http-nio-8080-exec-2] Granted Authorities --> FUNC_VIEW_ADMIN_MENU
2020-05-22 17:37:14,805 INFO com.surshree.app.services.CustomUserDetailsService [http-nio-8080-exec-2] Granted Authorities --> FUNC_CONT_MENU
2020-05-22 17:41:15,851 INFO com.surshree.app.services.CustomUserDetailsService [http-nio-8080-exec-4] Granted Authorities --> ROLE_CONT
2020-05-22 17:41:15,865 INFO com.surshree.app.services.CustomUserDetailsService [http-nio-8080-exec-4] Granted Authorities --> ROLE_ADMN
2020-05-22 17:41:15,866 INFO com.surshree.app.services.CustomUserDetailsService [http-nio-8080-exec-4] Granted Authorities --> FUNC_CONT_MENU
2020-05-22 17:41:15,868 INFO com.surshree.app.services.CustomUserDetailsService [http-nio-8080-exec-4] Granted Authorities --> FUNC_VIEW_ADMIN_MENU
2020-05-22 17:41:15,871 INFO com.surshree.app.services.CustomUserDetailsService [http-nio-8080-exec-4] Granted Authorities --> FUNC_CONT_MENU
2020-05-22 17:41:16,967 INFO com.surshree.app.services.CustomUserDetailsService [http-nio-8080-exec-3] Granted Authorities --> ROLE_CONT
2020-05-22 17:41:16,971 INFO com.surshree.app.services.CustomUserDetailsService [http-nio-8080-exec-3] Granted Authorities --> ROLE_ADMN
2020-05-22 17:41:16,973 INFO com.surshree.app.services.CustomUserDetailsService [http-nio-8080-exec-3] Granted Authorities --> FUNC_CONT_MENU
2020-05-22 17:41:16,975 INFO com.surshree.app.services.CustomUserDetailsService [http-nio-8080-exec-3] Granted Authorities --> FUNC_VIEW_ADMIN_MENU
2020-05-22 17:41:16,978 INFO com.surshree.app.services.CustomUserDetailsService [http-nio-8080-exec-3] Granted Authorities --> FUNC_CONT_MENU
2020-05-22 17:43:24,626 INFO com.surshree.app.services.CustomUserDetailsService [http-nio-8080-exec-10] Granted Authorities --> ROLE_CONT
2020-05-22 17:43:24,627 INFO com.surshree.app.services.CustomUserDetailsService [http-nio-8080-exec-10] Granted Authorities --> ROLE_ADMN
2020-05-22 17:43:24,627 INFO com.surshree.app.services.CustomUserDetailsService [http-nio-8080-exec-10] Granted Authorities --> FUNC_CONT_MENU
2020-05-22 17:43:24,628 INFO com.surshree.app.services.CustomUserDetailsService [http-nio-8080-exec-10] Granted Authorities --> FUNC_VIEW_ADMIN_MENU
2020-05-22 17:43:24,628 INFO com.surshree.app.services.CustomUserDetailsService [http-nio-8080-exec-10] Granted Authorities --> FUNC_CONT_MENU
2020-05-22 17:43:25,353 INFO com.surshree.app.services.CustomUserDetailsService [http-nio-8080-exec-1] Granted Authorities --> ROLE_CONT
2020-05-22 17:43:25,359 INFO com.surshree.app.services.CustomUserDetailsService [http-nio-8080-exec-1] Granted Authorities --> ROLE_ADMN
2020-05-22 17:43:25,360 INFO com.surshree.app.services.CustomUserDetailsService [http-nio-8080-exec-1] Granted Authorities --> FUNC_CONT_MENU
2020-05-22 17:43:25,361 INFO com.surshree.app.services.CustomUserDetailsService [http-nio-8080-exec-1] Granted Authorities --> FUNC_VIEW_ADMIN_MENU
2020-05-22 17:43:25,361 INFO com.surshree.app.services.CustomUserDetailsService [http-nio-8080-exec-1] Granted Authorities --> FUNC_CONT_MENU
2020-05-22 17:44:01,724 INFO com.surshree.app.scheduling.CacheScheduler [scheduling-1] Clear user cache : START
2020-05-22 17:44:01,733 INFO com.surshree.app.scheduling.CacheScheduler [scheduling-1] Clear user cache : END
2020-05-22 17:44:07,936 ERROR com.surshree.app.exception.CustomResponseEntityExceptionHandler [http-nio-8080-exec-4] java.io.IOException: Broken pipe
org.apache.catalina.connector.ClientAbortException: java.io.IOException: Broken pipe
	at org.apache.catalina.connector.OutputBuffer.realWriteBytes(OutputBuffer.java:351)
	at org.apache.catalina.connector.OutputBuffer.flushByteBuffer(OutputBuffer.java:776)
	at org.apache.catalina.connector.OutputBuffer.append(OutputBuffer.java:681)
	at org.apache.catalina.connector.OutputBuffer.writeBytes(OutputBuffer.java:386)
	at org.apache.catalina.connector.OutputBuffer.write(OutputBuffer.java:364)
	at org.apache.catalina.connector.CoyoteOutputStream.write(CoyoteOutputStream.java:96)
	at org.springframework.security.web.util.OnCommittedResponseWrapper$SaveContextServletOutputStream.write(OnCommittedResponseWrapper.java:645)
	at org.springframework.security.web.util.OnCommittedResponseWrapper$SaveContextServletOutputStream.write(OnCommittedResponseWrapper.java:645)
	at org.springframework.util.StreamUtils.copyRange(StreamUtils.java:180)
	at org.springframework.http.converter.ResourceRegionHttpMessageConverter.writeResourceRegion(ResourceRegionHttpMessageConverter.java:159)
	at org.springframework.http.converter.ResourceRegionHttpMessageConverter.writeInternal(ResourceRegionHttpMessageConverter.java:136)
	at org.springframework.http.converter.AbstractGenericHttpMessageConverter.write(AbstractGenericHttpMessageConverter.java:104)
	at org.springframework.web.servlet.mvc.method.annotation.AbstractMessageConverterMethodProcessor.writeWithMessageConverters(AbstractMessageConverterMethodProcessor.java:287)
	at org.springframework.web.servlet.mvc.method.annotation.HttpEntityMethodProcessor.handleReturnValue(HttpEntityMethodProcessor.java:219)
	at org.springframework.web.method.support.HandlerMethodReturnValueHandlerComposite.handleReturnValue(HandlerMethodReturnValueHandlerComposite.java:82)
	at org.springframework.web.servlet.mvc.method.annotation.ServletInvocableHandlerMethod.invokeAndHandle(ServletInvocableHandlerMethod.java:123)
	at org.springframework.web.servlet.mvc.method.annotation.RequestMappingHandlerAdapter.invokeHandlerMethod(RequestMappingHandlerAdapter.java:879)
	at org.springframework.web.servlet.mvc.method.annotation.RequestMappingHandlerAdapter.handleInternal(RequestMappingHandlerAdapter.java:793)
	at org.springframework.web.servlet.mvc.method.AbstractHandlerMethodAdapter.handle(AbstractHandlerMethodAdapter.java:87)
	at org.springframework.web.servlet.DispatcherServlet.doDispatch(DispatcherServlet.java:1040)
	at org.springframework.web.servlet.DispatcherServlet.doService(DispatcherServlet.java:943)
	at org.springframework.web.servlet.FrameworkServlet.processRequest(FrameworkServlet.java:1006)
	at org.springframework.web.servlet.FrameworkServlet.doGet(FrameworkServlet.java:898)
	at javax.servlet.http.HttpServlet.service(HttpServlet.java:634)
	at org.springframework.web.servlet.FrameworkServlet.service(FrameworkServlet.java:883)
	at javax.servlet.http.HttpServlet.service(HttpServlet.java:741)
	at org.apache.catalina.core.ApplicationFilterChain.internalDoFilter(ApplicationFilterChain.java:231)
	at org.apache.catalina.core.ApplicationFilterChain.doFilter(ApplicationFilterChain.java:166)
	at org.apache.tomcat.websocket.server.WsFilter.doFilter(WsFilter.java:53)
	at org.apache.catalina.core.ApplicationFilterChain.internalDoFilter(ApplicationFilterChain.java:193)
	at org.apache.catalina.core.ApplicationFilterChain.doFilter(ApplicationFilterChain.java:166)
	at org.springframework.security.web.FilterChainProxy$VirtualFilterChain.doFilter(FilterChainProxy.java:320)
	at org.springframework.security.web.access.intercept.FilterSecurityInterceptor.invoke(FilterSecurityInterceptor.java:126)
	at org.springframework.security.web.access.intercept.FilterSecurityInterceptor.doFilter(FilterSecurityInterceptor.java:90)
	at org.springframework.security.web.FilterChainProxy$VirtualFilterChain.doFilter(FilterChainProxy.java:334)
	at org.springframework.security.web.access.ExceptionTranslationFilter.doFilter(ExceptionTranslationFilter.java:118)
	at org.springframework.security.web.FilterChainProxy$VirtualFilterChain.doFilter(FilterChainProxy.java:334)
	at org.springframework.security.web.session.SessionManagementFilter.doFilter(SessionManagementFilter.java:137)
	at org.springframework.security.web.FilterChainProxy$VirtualFilterChain.doFilter(FilterChainProxy.java:334)
	at org.springframework.security.web.authentication.AnonymousAuthenticationFilter.doFilter(AnonymousAuthenticationFilter.java:111)
	at org.springframework.security.web.FilterChainProxy$VirtualFilterChain.doFilter(FilterChainProxy.java:334)
	at org.springframework.security.web.servletapi.SecurityContextHolderAwareRequestFilter.doFilter(SecurityContextHolderAwareRequestFilter.java:158)
	at org.springframework.security.web.FilterChainProxy$VirtualFilterChain.doFilter(FilterChainProxy.java:334)
	at org.springframework.security.web.savedrequest.RequestCacheAwareFilter.doFilter(RequestCacheAwareFilter.java:63)
	at org.springframework.security.web.FilterChainProxy$VirtualFilterChain.doFilter(FilterChainProxy.java:334)
	at org.springframework.security.web.authentication.www.BasicAuthenticationFilter.doFilterInternal(BasicAuthenticationFilter.java:155)
	at org.springframework.web.filter.OncePerRequestFilter.doFilter(OncePerRequestFilter.java:119)
	at org.springframework.security.web.FilterChainProxy$VirtualFilterChain.doFilter(FilterChainProxy.java:334)
	at org.springframework.security.web.authentication.logout.LogoutFilter.doFilter(LogoutFilter.java:116)
	at org.springframework.security.web.FilterChainProxy$VirtualFilterChain.doFilter(FilterChainProxy.java:334)
	at org.springframework.web.filter.CorsFilter.doFilterInternal(CorsFilter.java:92)
	at org.springframework.web.filter.OncePerRequestFilter.doFilter(OncePerRequestFilter.java:119)
	at org.springframework.security.web.FilterChainProxy$VirtualFilterChain.doFilter(FilterChainProxy.java:334)
	at org.springframework.security.web.header.HeaderWriterFilter.doHeadersAfter(HeaderWriterFilter.java:92)
	at org.springframework.security.web.header.HeaderWriterFilter.doFilterInternal(HeaderWriterFilter.java:77)
	at org.springframework.web.filter.OncePerRequestFilter.doFilter(OncePerRequestFilter.java:119)
	at org.springframework.security.web.FilterChainProxy$VirtualFilterChain.doFilter(FilterChainProxy.java:334)
	at org.springframework.security.web.context.SecurityContextPersistenceFilter.doFilter(SecurityContextPersistenceFilter.java:105)
	at org.springframework.security.web.FilterChainProxy$VirtualFilterChain.doFilter(FilterChainProxy.java:334)
	at org.springframework.security.web.context.request.async.WebAsyncManagerIntegrationFilter.doFilterInternal(WebAsyncManagerIntegrationFilter.java:56)
	at org.springframework.web.filter.OncePerRequestFilter.doFilter(OncePerRequestFilter.java:119)
	at org.springframework.security.web.FilterChainProxy$VirtualFilterChain.doFilter(FilterChainProxy.java:334)
	at org.springframework.security.web.FilterChainProxy.doFilterInternal(FilterChainProxy.java:215)
	at org.springframework.security.web.FilterChainProxy.doFilter(FilterChainProxy.java:178)
	at org.springframework.web.filter.DelegatingFilterProxy.invokeDelegate(DelegatingFilterProxy.java:358)
	at org.springframework.web.filter.DelegatingFilterProxy.doFilter(DelegatingFilterProxy.java:271)
	at org.apache.catalina.core.ApplicationFilterChain.internalDoFilter(ApplicationFilterChain.java:193)
	at org.apache.catalina.core.ApplicationFilterChain.doFilter(ApplicationFilterChain.java:166)
	at org.springframework.web.filter.RequestContextFilter.doFilterInternal(RequestContextFilter.java:100)
	at org.springframework.web.filter.OncePerRequestFilter.doFilter(OncePerRequestFilter.java:119)
	at org.apache.catalina.core.ApplicationFilterChain.internalDoFilter(ApplicationFilterChain.java:193)
	at org.apache.catalina.core.ApplicationFilterChain.doFilter(ApplicationFilterChain.java:166)
	at org.springframework.web.filter.FormContentFilter.doFilterInternal(FormContentFilter.java:93)
	at org.springframework.web.filter.OncePerRequestFilter.doFilter(OncePerRequestFilter.java:119)
	at org.apache.catalina.core.ApplicationFilterChain.internalDoFilter(ApplicationFilterChain.java:193)
	at org.apache.catalina.core.ApplicationFilterChain.doFilter(ApplicationFilterChain.java:166)
	at org.springframework.boot.actuate.metrics.web.servlet.WebMvcMetricsFilter.doFilterInternal(WebMvcMetricsFilter.java:109)
	at org.springframework.web.filter.OncePerRequestFilter.doFilter(OncePerRequestFilter.java:119)
	at org.apache.catalina.core.ApplicationFilterChain.internalDoFilter(ApplicationFilterChain.java:193)
	at org.apache.catalina.core.ApplicationFilterChain.doFilter(ApplicationFilterChain.java:166)
	at org.springframework.web.filter.CharacterEncodingFilter.doFilterInternal(CharacterEncodingFilter.java:201)
	at org.springframework.web.filter.OncePerRequestFilter.doFilter(OncePerRequestFilter.java:119)
	at org.apache.catalina.core.ApplicationFilterChain.internalDoFilter(ApplicationFilterChain.java:193)
	at org.apache.catalina.core.ApplicationFilterChain.doFilter(ApplicationFilterChain.java:166)
	at org.apache.catalina.core.StandardWrapperValve.invoke(StandardWrapperValve.java:202)
	at org.apache.catalina.core.StandardContextValve.invoke(StandardContextValve.java:96)
	at org.apache.catalina.authenticator.AuthenticatorBase.invoke(AuthenticatorBase.java:541)
	at org.apache.catalina.core.StandardHostValve.invoke(StandardHostValve.java:139)
	at org.apache.catalina.valves.ErrorReportValve.invoke(ErrorReportValve.java:92)
	at org.apache.catalina.core.StandardEngineValve.invoke(StandardEngineValve.java:74)
	at org.apache.catalina.connector.CoyoteAdapter.service(CoyoteAdapter.java:343)
	at org.apache.coyote.http11.Http11Processor.service(Http11Processor.java:373)
	at org.apache.coyote.AbstractProcessorLight.process(AbstractProcessorLight.java:65)
	at org.apache.coyote.AbstractProtocol$ConnectionHandler.process(AbstractProtocol.java:868)
	at org.apache.tomcat.util.net.NioEndpoint$SocketProcessor.doRun(NioEndpoint.java:1594)
	at org.apache.tomcat.util.net.SocketProcessorBase.run(SocketProcessorBase.java:49)
	at java.base/java.util.concurrent.ThreadPoolExecutor.runWorker(ThreadPoolExecutor.java:1128)
	at java.base/java.util.concurrent.ThreadPoolExecutor$Worker.run(ThreadPoolExecutor.java:628)
	at org.apache.tomcat.util.threads.TaskThread$WrappingRunnable.run(TaskThread.java:61)
	at java.base/java.lang.Thread.run(Thread.java:834)
Caused by: java.io.IOException: Broken pipe
	at java.base/sun.nio.ch.FileDispatcherImpl.write0(Native Method)
	at java.base/sun.nio.ch.SocketDispatcher.write(SocketDispatcher.java:47)
	at java.base/sun.nio.ch.IOUtil.writeFromNativeBuffer(IOUtil.java:113)
	at java.base/sun.nio.ch.IOUtil.write(IOUtil.java:79)
	at java.base/sun.nio.ch.IOUtil.write(IOUtil.java:50)
	at java.base/sun.nio.ch.SocketChannelImpl.write(SocketChannelImpl.java:466)
	at org.apache.tomcat.util.net.NioChannel.write(NioChannel.java:138)
	at org.apache.tomcat.util.net.NioBlockingSelector.write(NioBlockingSelector.java:101)
	at org.apache.tomcat.util.net.NioSelectorPool.write(NioSelectorPool.java:152)
	at org.apache.tomcat.util.net.NioEndpoint$NioSocketWrapper.doWrite(NioEndpoint.java:1253)
	at org.apache.tomcat.util.net.SocketWrapperBase.doWrite(SocketWrapperBase.java:740)
	at org.apache.tomcat.util.net.SocketWrapperBase.writeBlocking(SocketWrapperBase.java:560)
	at org.apache.tomcat.util.net.SocketWrapperBase.write(SocketWrapperBase.java:504)
	at org.apache.coyote.http11.Http11OutputBuffer$SocketOutputBuffer.doWrite(Http11OutputBuffer.java:538)
	at org.apache.coyote.http11.filters.IdentityOutputFilter.doWrite(IdentityOutputFilter.java:73)
	at org.apache.coyote.http11.Http11OutputBuffer.doWrite(Http11OutputBuffer.java:190)
	at org.apache.coyote.Response.doWrite(Response.java:601)
	at org.apache.catalina.connector.OutputBuffer.realWriteBytes(OutputBuffer.java:339)
	... 99 common frames omitted
2020-05-22 17:44:08,023 WARN org.springframework.web.servlet.mvc.method.annotation.ExceptionHandlerExceptionResolver [http-nio-8080-exec-4] Failure in @ExceptionHandler com.surshree.app.exception.CustomResponseEntityExceptionHandler#handleAllException(Exception, WebRequest)
org.springframework.http.converter.HttpMessageNotWritableException: No converter for [class com.surshree.app.exception.ExceptionMessage] with preset Content-Type 'video/mp4'
	at org.springframework.web.servlet.mvc.method.annotation.AbstractMessageConverterMethodProcessor.writeWithMessageConverters(AbstractMessageConverterMethodProcessor.java:309)
	at org.springframework.web.servlet.mvc.method.annotation.HttpEntityMethodProcessor.handleReturnValue(HttpEntityMethodProcessor.java:219)
	at org.springframework.web.method.support.HandlerMethodReturnValueHandlerComposite.handleReturnValue(HandlerMethodReturnValueHandlerComposite.java:82)
	at org.springframework.web.servlet.mvc.method.annotation.ServletInvocableHandlerMethod.invokeAndHandle(ServletInvocableHandlerMethod.java:123)
	at org.springframework.web.servlet.mvc.method.annotation.ExceptionHandlerExceptionResolver.doResolveHandlerMethodException(ExceptionHandlerExceptionResolver.java:403)
	at org.springframework.web.servlet.handler.AbstractHandlerMethodExceptionResolver.doResolveException(AbstractHandlerMethodExceptionResolver.java:61)
	at org.springframework.web.servlet.handler.AbstractHandlerExceptionResolver.resolveException(AbstractHandlerExceptionResolver.java:141)
	at org.springframework.web.servlet.handler.HandlerExceptionResolverComposite.resolveException(HandlerExceptionResolverComposite.java:80)
	at org.springframework.web.servlet.DispatcherServlet.processHandlerException(DispatcherServlet.java:1300)
	at org.springframework.web.servlet.DispatcherServlet.processDispatchResult(DispatcherServlet.java:1111)
	at org.springframework.web.servlet.DispatcherServlet.doDispatch(DispatcherServlet.java:1057)
	at org.springframework.web.servlet.DispatcherServlet.doService(DispatcherServlet.java:943)
	at org.springframework.web.servlet.FrameworkServlet.processRequest(FrameworkServlet.java:1006)
	at org.springframework.web.servlet.FrameworkServlet.doGet(FrameworkServlet.java:898)
	at javax.servlet.http.HttpServlet.service(HttpServlet.java:634)
	at org.springframework.web.servlet.FrameworkServlet.service(FrameworkServlet.java:883)
	at javax.servlet.http.HttpServlet.service(HttpServlet.java:741)
	at org.apache.catalina.core.ApplicationFilterChain.internalDoFilter(ApplicationFilterChain.java:231)
	at org.apache.catalina.core.ApplicationFilterChain.doFilter(ApplicationFilterChain.java:166)
	at org.apache.tomcat.websocket.server.WsFilter.doFilter(WsFilter.java:53)
	at org.apache.catalina.core.ApplicationFilterChain.internalDoFilter(ApplicationFilterChain.java:193)
	at org.apache.catalina.core.ApplicationFilterChain.doFilter(ApplicationFilterChain.java:166)
	at org.springframework.security.web.FilterChainProxy$VirtualFilterChain.doFilter(FilterChainProxy.java:320)
	at org.springframework.security.web.access.intercept.FilterSecurityInterceptor.invoke(FilterSecurityInterceptor.java:126)
	at org.springframework.security.web.access.intercept.FilterSecurityInterceptor.doFilter(FilterSecurityInterceptor.java:90)
	at org.springframework.security.web.FilterChainProxy$VirtualFilterChain.doFilter(FilterChainProxy.java:334)
	at org.springframework.security.web.access.ExceptionTranslationFilter.doFilter(ExceptionTranslationFilter.java:118)
	at org.springframework.security.web.FilterChainProxy$VirtualFilterChain.doFilter(FilterChainProxy.java:334)
	at org.springframework.security.web.session.SessionManagementFilter.doFilter(SessionManagementFilter.java:137)
	at org.springframework.security.web.FilterChainProxy$VirtualFilterChain.doFilter(FilterChainProxy.java:334)
	at org.springframework.security.web.authentication.AnonymousAuthenticationFilter.doFilter(AnonymousAuthenticationFilter.java:111)
	at org.springframework.security.web.FilterChainProxy$VirtualFilterChain.doFilter(FilterChainProxy.java:334)
	at org.springframework.security.web.servletapi.SecurityContextHolderAwareRequestFilter.doFilter(SecurityContextHolderAwareRequestFilter.java:158)
	at org.springframework.security.web.FilterChainProxy$VirtualFilterChain.doFilter(FilterChainProxy.java:334)
	at org.springframework.security.web.savedrequest.RequestCacheAwareFilter.doFilter(RequestCacheAwareFilter.java:63)
	at org.springframework.security.web.FilterChainProxy$VirtualFilterChain.doFilter(FilterChainProxy.java:334)
	at org.springframework.security.web.authentication.www.BasicAuthenticationFilter.doFilterInternal(BasicAuthenticationFilter.java:155)
	at org.springframework.web.filter.OncePerRequestFilter.doFilter(OncePerRequestFilter.java:119)
	at org.springframework.security.web.FilterChainProxy$VirtualFilterChain.doFilter(FilterChainProxy.java:334)
	at org.springframework.security.web.authentication.logout.LogoutFilter.doFilter(LogoutFilter.java:116)
	at org.springframework.security.web.FilterChainProxy$VirtualFilterChain.doFilter(FilterChainProxy.java:334)
	at org.springframework.web.filter.CorsFilter.doFilterInternal(CorsFilter.java:92)
	at org.springframework.web.filter.OncePerRequestFilter.doFilter(OncePerRequestFilter.java:119)
	at org.springframework.security.web.FilterChainProxy$VirtualFilterChain.doFilter(FilterChainProxy.java:334)
	at org.springframework.security.web.header.HeaderWriterFilter.doHeadersAfter(HeaderWriterFilter.java:92)
	at org.springframework.security.web.header.HeaderWriterFilter.doFilterInternal(HeaderWriterFilter.java:77)
	at org.springframework.web.filter.OncePerRequestFilter.doFilter(OncePerRequestFilter.java:119)
	at org.springframework.security.web.FilterChainProxy$VirtualFilterChain.doFilter(FilterChainProxy.java:334)
	at org.springframework.security.web.context.SecurityContextPersistenceFilter.doFilter(SecurityContextPersistenceFilter.java:105)
	at org.springframework.security.web.FilterChainProxy$VirtualFilterChain.doFilter(FilterChainProxy.java:334)
	at org.springframework.security.web.context.request.async.WebAsyncManagerIntegrationFilter.doFilterInternal(WebAsyncManagerIntegrationFilter.java:56)
	at org.springframework.web.filter.OncePerRequestFilter.doFilter(OncePerRequestFilter.java:119)
	at org.springframework.security.web.FilterChainProxy$VirtualFilterChain.doFilter(FilterChainProxy.java:334)
	at org.springframework.security.web.FilterChainProxy.doFilterInternal(FilterChainProxy.java:215)
	at org.springframework.security.web.FilterChainProxy.doFilter(FilterChainProxy.java:178)
	at org.springframework.web.filter.DelegatingFilterProxy.invokeDelegate(DelegatingFilterProxy.java:358)
	at org.springframework.web.filter.DelegatingFilterProxy.doFilter(DelegatingFilterProxy.java:271)
	at org.apache.catalina.core.ApplicationFilterChain.internalDoFilter(ApplicationFilterChain.java:193)
	at org.apache.catalina.core.ApplicationFilterChain.doFilter(ApplicationFilterChain.java:166)
	at org.springframework.web.filter.RequestContextFilter.doFilterInternal(RequestContextFilter.java:100)
	at org.springframework.web.filter.OncePerRequestFilter.doFilter(OncePerRequestFilter.java:119)
	at org.apache.catalina.core.ApplicationFilterChain.internalDoFilter(ApplicationFilterChain.java:193)
	at org.apache.catalina.core.ApplicationFilterChain.doFilter(ApplicationFilterChain.java:166)
	at org.springframework.web.filter.FormContentFilter.doFilterInternal(FormContentFilter.java:93)
	at org.springframework.web.filter.OncePerRequestFilter.doFilter(OncePerRequestFilter.java:119)
	at org.apache.catalina.core.ApplicationFilterChain.internalDoFilter(ApplicationFilterChain.java:193)
	at org.apache.catalina.core.ApplicationFilterChain.doFilter(ApplicationFilterChain.java:166)
	at org.springframework.boot.actuate.metrics.web.servlet.WebMvcMetricsFilter.doFilterInternal(WebMvcMetricsFilter.java:109)
	at org.springframework.web.filter.OncePerRequestFilter.doFilter(OncePerRequestFilter.java:119)
	at org.apache.catalina.core.ApplicationFilterChain.internalDoFilter(ApplicationFilterChain.java:193)
	at org.apache.catalina.core.ApplicationFilterChain.doFilter(ApplicationFilterChain.java:166)
	at org.springframework.web.filter.CharacterEncodingFilter.doFilterInternal(CharacterEncodingFilter.java:201)
	at org.springframework.web.filter.OncePerRequestFilter.doFilter(OncePerRequestFilter.java:119)
	at org.apache.catalina.core.ApplicationFilterChain.internalDoFilter(ApplicationFilterChain.java:193)
	at org.apache.catalina.core.ApplicationFilterChain.doFilter(ApplicationFilterChain.java:166)
	at org.apache.catalina.core.StandardWrapperValve.invoke(StandardWrapperValve.java:202)
	at org.apache.catalina.core.StandardContextValve.invoke(StandardContextValve.java:96)
	at org.apache.catalina.authenticator.AuthenticatorBase.invoke(AuthenticatorBase.java:541)
	at org.apache.catalina.core.StandardHostValve.invoke(StandardHostValve.java:139)
	at org.apache.catalina.valves.ErrorReportValve.invoke(ErrorReportValve.java:92)
	at org.apache.catalina.core.StandardEngineValve.invoke(StandardEngineValve.java:74)
	at org.apache.catalina.connector.CoyoteAdapter.service(CoyoteAdapter.java:343)
	at org.apache.coyote.http11.Http11Processor.service(Http11Processor.java:373)
	at org.apache.coyote.AbstractProcessorLight.process(AbstractProcessorLight.java:65)
	at org.apache.coyote.AbstractProtocol$ConnectionHandler.process(AbstractProtocol.java:868)
	at org.apache.tomcat.util.net.NioEndpoint$SocketProcessor.doRun(NioEndpoint.java:1594)
	at org.apache.tomcat.util.net.SocketProcessorBase.run(SocketProcessorBase.java:49)
	at java.base/java.util.concurrent.ThreadPoolExecutor.runWorker(ThreadPoolExecutor.java:1128)
	at java.base/java.util.concurrent.ThreadPoolExecutor$Worker.run(ThreadPoolExecutor.java:628)
	at org.apache.tomcat.util.threads.TaskThread$WrappingRunnable.run(TaskThread.java:61)
	at java.base/java.lang.Thread.run(Thread.java:834)
2020-05-22 17:44:58,761 INFO com.surshree.app.services.CustomUserDetailsService [http-nio-8080-exec-9] Granted Authorities --> ROLE_ADMN
2020-05-22 17:44:58,762 INFO com.surshree.app.services.CustomUserDetailsService [http-nio-8080-exec-9] Granted Authorities --> ROLE_CONT
2020-05-22 17:44:58,764 INFO com.surshree.app.services.CustomUserDetailsService [http-nio-8080-exec-9] Granted Authorities --> FUNC_VIEW_ADMIN_MENU
2020-05-22 17:44:58,764 INFO com.surshree.app.services.CustomUserDetailsService [http-nio-8080-exec-9] Granted Authorities --> FUNC_CONT_MENU
2020-05-22 17:44:58,765 INFO com.surshree.app.services.CustomUserDetailsService [http-nio-8080-exec-9] Granted Authorities --> FUNC_CONT_MENU
2020-05-22 17:44:59,338 INFO com.surshree.app.services.CustomUserDetailsService [http-nio-8080-exec-2] Granted Authorities --> ROLE_ADMN
2020-05-22 17:44:59,339 INFO com.surshree.app.services.CustomUserDetailsService [http-nio-8080-exec-2] Granted Authorities --> ROLE_CONT
2020-05-22 17:44:59,340 INFO com.surshree.app.services.CustomUserDetailsService [http-nio-8080-exec-2] Granted Authorities --> FUNC_VIEW_ADMIN_MENU
2020-05-22 17:44:59,340 INFO com.surshree.app.services.CustomUserDetailsService [http-nio-8080-exec-2] Granted Authorities --> FUNC_CONT_MENU
2020-05-22 17:44:59,341 INFO com.surshree.app.services.CustomUserDetailsService [http-nio-8080-exec-2] Granted Authorities --> FUNC_CONT_MENU
2020-05-22 17:47:26,008 INFO com.surshree.app.services.CustomUserDetailsService [http-nio-8080-exec-1] Granted Authorities --> ROLE_ADMN
2020-05-22 17:47:26,013 INFO com.surshree.app.services.CustomUserDetailsService [http-nio-8080-exec-1] Granted Authorities --> ROLE_CONT
2020-05-22 17:47:26,014 INFO com.surshree.app.services.CustomUserDetailsService [http-nio-8080-exec-1] Granted Authorities --> FUNC_VIEW_ADMIN_MENU
2020-05-22 17:47:26,015 INFO com.surshree.app.services.CustomUserDetailsService [http-nio-8080-exec-1] Granted Authorities --> FUNC_CONT_MENU
2020-05-22 17:47:26,016 INFO com.surshree.app.services.CustomUserDetailsService [http-nio-8080-exec-1] Granted Authorities --> FUNC_CONT_MENU
2020-05-22 17:47:26,514 INFO com.surshree.app.services.CustomUserDetailsService [http-nio-8080-exec-4] Granted Authorities --> ROLE_ADMN
2020-05-22 17:47:26,515 INFO com.surshree.app.services.CustomUserDetailsService [http-nio-8080-exec-4] Granted Authorities --> ROLE_CONT
2020-05-22 17:47:26,516 INFO com.surshree.app.services.CustomUserDetailsService [http-nio-8080-exec-4] Granted Authorities --> FUNC_VIEW_ADMIN_MENU
2020-05-22 17:47:26,517 INFO com.surshree.app.services.CustomUserDetailsService [http-nio-8080-exec-4] Granted Authorities --> FUNC_CONT_MENU
2020-05-22 17:47:26,517 INFO com.surshree.app.services.CustomUserDetailsService [http-nio-8080-exec-4] Granted Authorities --> FUNC_CONT_MENU
2020-05-22 17:48:03,381 INFO com.surshree.app.services.CustomUserDetailsService [http-nio-8080-exec-10] Granted Authorities --> ROLE_ADMN
2020-05-22 17:48:03,382 INFO com.surshree.app.services.CustomUserDetailsService [http-nio-8080-exec-10] Granted Authorities --> ROLE_CONT
2020-05-22 17:48:03,382 INFO com.surshree.app.services.CustomUserDetailsService [http-nio-8080-exec-10] Granted Authorities --> FUNC_VIEW_ADMIN_MENU
2020-05-22 17:48:03,383 INFO com.surshree.app.services.CustomUserDetailsService [http-nio-8080-exec-10] Granted Authorities --> FUNC_CONT_MENU
2020-05-22 17:48:03,383 INFO com.surshree.app.services.CustomUserDetailsService [http-nio-8080-exec-10] Granted Authorities --> FUNC_CONT_MENU
2020-05-22 17:48:04,032 INFO com.surshree.app.services.CustomUserDetailsService [http-nio-8080-exec-1] Granted Authorities --> ROLE_ADMN
2020-05-22 17:48:04,033 INFO com.surshree.app.services.CustomUserDetailsService [http-nio-8080-exec-1] Granted Authorities --> ROLE_CONT
2020-05-22 17:48:04,033 INFO com.surshree.app.services.CustomUserDetailsService [http-nio-8080-exec-1] Granted Authorities --> FUNC_VIEW_ADMIN_MENU
2020-05-22 17:48:04,034 INFO com.surshree.app.services.CustomUserDetailsService [http-nio-8080-exec-1] Granted Authorities --> FUNC_CONT_MENU
2020-05-22 17:48:04,035 INFO com.surshree.app.services.CustomUserDetailsService [http-nio-8080-exec-1] Granted Authorities --> FUNC_CONT_MENU
2020-05-22 17:48:23,332 INFO com.surshree.app.services.CustomUserDetailsService [http-nio-8080-exec-6] Granted Authorities --> ROLE_ADMN
2020-05-22 17:48:23,333 INFO com.surshree.app.services.CustomUserDetailsService [http-nio-8080-exec-6] Granted Authorities --> ROLE_CONT
2020-05-22 17:48:23,333 INFO com.surshree.app.services.CustomUserDetailsService [http-nio-8080-exec-6] Granted Authorities --> FUNC_VIEW_ADMIN_MENU
2020-05-22 17:48:23,334 INFO com.surshree.app.services.CustomUserDetailsService [http-nio-8080-exec-6] Granted Authorities --> FUNC_CONT_MENU
2020-05-22 17:48:23,335 INFO com.surshree.app.services.CustomUserDetailsService [http-nio-8080-exec-6] Granted Authorities --> FUNC_CONT_MENU
2020-05-22 17:48:23,953 INFO com.surshree.app.services.CustomUserDetailsService [http-nio-8080-exec-10] Granted Authorities --> ROLE_ADMN
2020-05-22 17:48:23,954 INFO com.surshree.app.services.CustomUserDetailsService [http-nio-8080-exec-10] Granted Authorities --> ROLE_CONT
2020-05-22 17:48:23,955 INFO com.surshree.app.services.CustomUserDetailsService [http-nio-8080-exec-10] Granted Authorities --> FUNC_VIEW_ADMIN_MENU
2020-05-22 17:48:23,955 INFO com.surshree.app.services.CustomUserDetailsService [http-nio-8080-exec-10] Granted Authorities --> FUNC_CONT_MENU
2020-05-22 17:48:23,956 INFO com.surshree.app.services.CustomUserDetailsService [http-nio-8080-exec-10] Granted Authorities --> FUNC_CONT_MENU
2020-05-22 17:48:55,099 INFO com.surshree.app.services.CustomUserDetailsService [http-nio-8080-exec-5] Granted Authorities --> ROLE_ADMN
2020-05-22 17:48:55,100 INFO com.surshree.app.services.CustomUserDetailsService [http-nio-8080-exec-5] Granted Authorities --> ROLE_CONT
2020-05-22 17:48:55,101 INFO com.surshree.app.services.CustomUserDetailsService [http-nio-8080-exec-5] Granted Authorities --> FUNC_VIEW_ADMIN_MENU
2020-05-22 17:48:55,101 INFO com.surshree.app.services.CustomUserDetailsService [http-nio-8080-exec-5] Granted Authorities --> FUNC_CONT_MENU
2020-05-22 17:48:55,102 INFO com.surshree.app.services.CustomUserDetailsService [http-nio-8080-exec-5] Granted Authorities --> FUNC_CONT_MENU
2020-05-22 17:48:55,713 INFO com.surshree.app.services.CustomUserDetailsService [http-nio-8080-exec-6] Granted Authorities --> ROLE_ADMN
2020-05-22 17:48:55,714 INFO com.surshree.app.services.CustomUserDetailsService [http-nio-8080-exec-6] Granted Authorities --> ROLE_CONT
2020-05-22 17:48:55,714 INFO com.surshree.app.services.CustomUserDetailsService [http-nio-8080-exec-6] Granted Authorities --> FUNC_VIEW_ADMIN_MENU
2020-05-22 17:48:55,715 INFO com.surshree.app.services.CustomUserDetailsService [http-nio-8080-exec-6] Granted Authorities --> FUNC_CONT_MENU
2020-05-22 17:48:55,716 INFO com.surshree.app.services.CustomUserDetailsService [http-nio-8080-exec-6] Granted Authorities --> FUNC_CONT_MENU
2020-05-22 17:49:13,309 INFO com.surshree.app.services.CustomUserDetailsService [http-nio-8080-exec-3] Granted Authorities --> ROLE_ADMN
2020-05-22 17:49:13,310 INFO com.surshree.app.services.CustomUserDetailsService [http-nio-8080-exec-3] Granted Authorities --> ROLE_CONT
2020-05-22 17:49:13,311 INFO com.surshree.app.services.CustomUserDetailsService [http-nio-8080-exec-3] Granted Authorities --> FUNC_VIEW_ADMIN_MENU
2020-05-22 17:49:13,311 INFO com.surshree.app.services.CustomUserDetailsService [http-nio-8080-exec-3] Granted Authorities --> FUNC_CONT_MENU
2020-05-22 17:49:13,312 INFO com.surshree.app.services.CustomUserDetailsService [http-nio-8080-exec-3] Granted Authorities --> FUNC_CONT_MENU
2020-05-22 17:49:13,728 INFO com.surshree.app.services.CustomUserDetailsService [http-nio-8080-exec-5] Granted Authorities --> ROLE_ADMN
2020-05-22 17:49:13,729 INFO com.surshree.app.services.CustomUserDetailsService [http-nio-8080-exec-5] Granted Authorities --> ROLE_CONT
2020-05-22 17:49:13,730 INFO com.surshree.app.services.CustomUserDetailsService [http-nio-8080-exec-5] Granted Authorities --> FUNC_VIEW_ADMIN_MENU
2020-05-22 17:49:13,730 INFO com.surshree.app.services.CustomUserDetailsService [http-nio-8080-exec-5] Granted Authorities --> FUNC_CONT_MENU
2020-05-22 17:49:13,731 INFO com.surshree.app.services.CustomUserDetailsService [http-nio-8080-exec-5] Granted Authorities --> FUNC_CONT_MENU
2020-05-22 17:50:28,894 INFO com.surshree.app.services.CustomUserDetailsService [http-nio-8080-exec-8] Granted Authorities --> ROLE_ADMN
2020-05-22 17:50:28,901 INFO com.surshree.app.services.CustomUserDetailsService [http-nio-8080-exec-8] Granted Authorities --> ROLE_CONT
2020-05-22 17:50:28,903 INFO com.surshree.app.services.CustomUserDetailsService [http-nio-8080-exec-8] Granted Authorities --> FUNC_VIEW_ADMIN_MENU
2020-05-22 17:50:28,910 INFO com.surshree.app.services.CustomUserDetailsService [http-nio-8080-exec-8] Granted Authorities --> FUNC_CONT_MENU
2020-05-22 17:50:28,911 INFO com.surshree.app.services.CustomUserDetailsService [http-nio-8080-exec-8] Granted Authorities --> FUNC_CONT_MENU
2020-05-22 17:50:34,054 INFO com.surshree.app.services.CustomUserDetailsService [http-nio-8080-exec-10] Granted Authorities --> ROLE_ADMN
2020-05-22 17:50:34,055 INFO com.surshree.app.services.CustomUserDetailsService [http-nio-8080-exec-10] Granted Authorities --> ROLE_CONT
2020-05-22 17:50:34,055 INFO com.surshree.app.services.CustomUserDetailsService [http-nio-8080-exec-10] Granted Authorities --> FUNC_VIEW_ADMIN_MENU
2020-05-22 17:50:34,057 INFO com.surshree.app.services.CustomUserDetailsService [http-nio-8080-exec-10] Granted Authorities --> FUNC_CONT_MENU
2020-05-22 17:50:34,058 INFO com.surshree.app.services.CustomUserDetailsService [http-nio-8080-exec-10] Granted Authorities --> FUNC_CONT_MENU
2020-05-22 17:50:54,283 INFO com.surshree.app.services.CustomUserDetailsService [http-nio-8080-exec-1] Granted Authorities --> ROLE_ADMN
2020-05-22 17:50:54,284 INFO com.surshree.app.services.CustomUserDetailsService [http-nio-8080-exec-1] Granted Authorities --> ROLE_CONT
2020-05-22 17:50:54,287 INFO com.surshree.app.services.CustomUserDetailsService [http-nio-8080-exec-1] Granted Authorities --> FUNC_VIEW_ADMIN_MENU
2020-05-22 17:50:54,288 INFO com.surshree.app.services.CustomUserDetailsService [http-nio-8080-exec-1] Granted Authorities --> FUNC_CONT_MENU
2020-05-22 17:50:54,289 INFO com.surshree.app.services.CustomUserDetailsService [http-nio-8080-exec-1] Granted Authorities --> FUNC_CONT_MENU
2020-05-22 17:51:02,420 INFO com.surshree.app.services.CustomUserDetailsService [http-nio-8080-exec-3] Granted Authorities --> ROLE_ADMN
2020-05-22 17:51:02,422 INFO com.surshree.app.services.CustomUserDetailsService [http-nio-8080-exec-3] Granted Authorities --> ROLE_CONT
2020-05-22 17:51:02,423 INFO com.surshree.app.services.CustomUserDetailsService [http-nio-8080-exec-3] Granted Authorities --> FUNC_VIEW_ADMIN_MENU
2020-05-22 17:51:02,423 INFO com.surshree.app.services.CustomUserDetailsService [http-nio-8080-exec-3] Granted Authorities --> FUNC_CONT_MENU
2020-05-22 17:51:02,424 INFO com.surshree.app.services.CustomUserDetailsService [http-nio-8080-exec-3] Granted Authorities --> FUNC_CONT_MENU
2020-05-22 17:51:46,141 ERROR com.surshree.app.exception.CustomResponseEntityExceptionHandler [http-nio-8080-exec-7] java.io.IOException: Broken pipe
org.apache.catalina.connector.ClientAbortException: java.io.IOException: Broken pipe
	at org.apache.catalina.connector.OutputBuffer.realWriteBytes(OutputBuffer.java:351)
	at org.apache.catalina.connector.OutputBuffer.flushByteBuffer(OutputBuffer.java:776)
	at org.apache.catalina.connector.OutputBuffer.append(OutputBuffer.java:681)
	at org.apache.catalina.connector.OutputBuffer.writeBytes(OutputBuffer.java:386)
	at org.apache.catalina.connector.OutputBuffer.write(OutputBuffer.java:364)
	at org.apache.catalina.connector.CoyoteOutputStream.write(CoyoteOutputStream.java:96)
	at org.springframework.security.web.util.OnCommittedResponseWrapper$SaveContextServletOutputStream.write(OnCommittedResponseWrapper.java:645)
	at org.springframework.security.web.util.OnCommittedResponseWrapper$SaveContextServletOutputStream.write(OnCommittedResponseWrapper.java:645)
	at org.springframework.util.StreamUtils.copyRange(StreamUtils.java:180)
	at org.springframework.http.converter.ResourceRegionHttpMessageConverter.writeResourceRegion(ResourceRegionHttpMessageConverter.java:159)
	at org.springframework.http.converter.ResourceRegionHttpMessageConverter.writeInternal(ResourceRegionHttpMessageConverter.java:136)
	at org.springframework.http.converter.AbstractGenericHttpMessageConverter.write(AbstractGenericHttpMessageConverter.java:104)
	at org.springframework.web.servlet.mvc.method.annotation.AbstractMessageConverterMethodProcessor.writeWithMessageConverters(AbstractMessageConverterMethodProcessor.java:287)
	at org.springframework.web.servlet.mvc.method.annotation.HttpEntityMethodProcessor.handleReturnValue(HttpEntityMethodProcessor.java:219)
	at org.springframework.web.method.support.HandlerMethodReturnValueHandlerComposite.handleReturnValue(HandlerMethodReturnValueHandlerComposite.java:82)
	at org.springframework.web.servlet.mvc.method.annotation.ServletInvocableHandlerMethod.invokeAndHandle(ServletInvocableHandlerMethod.java:123)
	at org.springframework.web.servlet.mvc.method.annotation.RequestMappingHandlerAdapter.invokeHandlerMethod(RequestMappingHandlerAdapter.java:879)
	at org.springframework.web.servlet.mvc.method.annotation.RequestMappingHandlerAdapter.handleInternal(RequestMappingHandlerAdapter.java:793)
	at org.springframework.web.servlet.mvc.method.AbstractHandlerMethodAdapter.handle(AbstractHandlerMethodAdapter.java:87)
	at org.springframework.web.servlet.DispatcherServlet.doDispatch(DispatcherServlet.java:1040)
	at org.springframework.web.servlet.DispatcherServlet.doService(DispatcherServlet.java:943)
	at org.springframework.web.servlet.FrameworkServlet.processRequest(FrameworkServlet.java:1006)
	at org.springframework.web.servlet.FrameworkServlet.doGet(FrameworkServlet.java:898)
	at javax.servlet.http.HttpServlet.service(HttpServlet.java:634)
	at org.springframework.web.servlet.FrameworkServlet.service(FrameworkServlet.java:883)
	at javax.servlet.http.HttpServlet.service(HttpServlet.java:741)
	at org.apache.catalina.core.ApplicationFilterChain.internalDoFilter(ApplicationFilterChain.java:231)
	at org.apache.catalina.core.ApplicationFilterChain.doFilter(ApplicationFilterChain.java:166)
	at org.apache.tomcat.websocket.server.WsFilter.doFilter(WsFilter.java:53)
	at org.apache.catalina.core.ApplicationFilterChain.internalDoFilter(ApplicationFilterChain.java:193)
	at org.apache.catalina.core.ApplicationFilterChain.doFilter(ApplicationFilterChain.java:166)
	at org.springframework.security.web.FilterChainProxy$VirtualFilterChain.doFilter(FilterChainProxy.java:320)
	at org.springframework.security.web.access.intercept.FilterSecurityInterceptor.invoke(FilterSecurityInterceptor.java:126)
	at org.springframework.security.web.access.intercept.FilterSecurityInterceptor.doFilter(FilterSecurityInterceptor.java:90)
	at org.springframework.security.web.FilterChainProxy$VirtualFilterChain.doFilter(FilterChainProxy.java:334)
	at org.springframework.security.web.access.ExceptionTranslationFilter.doFilter(ExceptionTranslationFilter.java:118)
	at org.springframework.security.web.FilterChainProxy$VirtualFilterChain.doFilter(FilterChainProxy.java:334)
	at org.springframework.security.web.session.SessionManagementFilter.doFilter(SessionManagementFilter.java:137)
	at org.springframework.security.web.FilterChainProxy$VirtualFilterChain.doFilter(FilterChainProxy.java:334)
	at org.springframework.security.web.authentication.AnonymousAuthenticationFilter.doFilter(AnonymousAuthenticationFilter.java:111)
	at org.springframework.security.web.FilterChainProxy$VirtualFilterChain.doFilter(FilterChainProxy.java:334)
	at org.springframework.security.web.servletapi.SecurityContextHolderAwareRequestFilter.doFilter(SecurityContextHolderAwareRequestFilter.java:158)
	at org.springframework.security.web.FilterChainProxy$VirtualFilterChain.doFilter(FilterChainProxy.java:334)
	at org.springframework.security.web.savedrequest.RequestCacheAwareFilter.doFilter(RequestCacheAwareFilter.java:63)
	at org.springframework.security.web.FilterChainProxy$VirtualFilterChain.doFilter(FilterChainProxy.java:334)
	at org.springframework.security.web.authentication.www.BasicAuthenticationFilter.doFilterInternal(BasicAuthenticationFilter.java:155)
	at org.springframework.web.filter.OncePerRequestFilter.doFilter(OncePerRequestFilter.java:119)
	at org.springframework.security.web.FilterChainProxy$VirtualFilterChain.doFilter(FilterChainProxy.java:334)
	at org.springframework.security.web.authentication.logout.LogoutFilter.doFilter(LogoutFilter.java:116)
	at org.springframework.security.web.FilterChainProxy$VirtualFilterChain.doFilter(FilterChainProxy.java:334)
	at org.springframework.web.filter.CorsFilter.doFilterInternal(CorsFilter.java:92)
	at org.springframework.web.filter.OncePerRequestFilter.doFilter(OncePerRequestFilter.java:119)
	at org.springframework.security.web.FilterChainProxy$VirtualFilterChain.doFilter(FilterChainProxy.java:334)
	at org.springframework.security.web.header.HeaderWriterFilter.doHeadersAfter(HeaderWriterFilter.java:92)
	at org.springframework.security.web.header.HeaderWriterFilter.doFilterInternal(HeaderWriterFilter.java:77)
	at org.springframework.web.filter.OncePerRequestFilter.doFilter(OncePerRequestFilter.java:119)
	at org.springframework.security.web.FilterChainProxy$VirtualFilterChain.doFilter(FilterChainProxy.java:334)
	at org.springframework.security.web.context.SecurityContextPersistenceFilter.doFilter(SecurityContextPersistenceFilter.java:105)
	at org.springframework.security.web.FilterChainProxy$VirtualFilterChain.doFilter(FilterChainProxy.java:334)
	at org.springframework.security.web.context.request.async.WebAsyncManagerIntegrationFilter.doFilterInternal(WebAsyncManagerIntegrationFilter.java:56)
	at org.springframework.web.filter.OncePerRequestFilter.doFilter(OncePerRequestFilter.java:119)
	at org.springframework.security.web.FilterChainProxy$VirtualFilterChain.doFilter(FilterChainProxy.java:334)
	at org.springframework.security.web.FilterChainProxy.doFilterInternal(FilterChainProxy.java:215)
	at org.springframework.security.web.FilterChainProxy.doFilter(FilterChainProxy.java:178)
	at org.springframework.web.filter.DelegatingFilterProxy.invokeDelegate(DelegatingFilterProxy.java:358)
	at org.springframework.web.filter.DelegatingFilterProxy.doFilter(DelegatingFilterProxy.java:271)
	at org.apache.catalina.core.ApplicationFilterChain.internalDoFilter(ApplicationFilterChain.java:193)
	at org.apache.catalina.core.ApplicationFilterChain.doFilter(ApplicationFilterChain.java:166)
	at org.springframework.web.filter.RequestContextFilter.doFilterInternal(RequestContextFilter.java:100)
	at org.springframework.web.filter.OncePerRequestFilter.doFilter(OncePerRequestFilter.java:119)
	at org.apache.catalina.core.ApplicationFilterChain.internalDoFilter(ApplicationFilterChain.java:193)
	at org.apache.catalina.core.ApplicationFilterChain.doFilter(ApplicationFilterChain.java:166)
	at org.springframework.web.filter.FormContentFilter.doFilterInternal(FormContentFilter.java:93)
	at org.springframework.web.filter.OncePerRequestFilter.doFilter(OncePerRequestFilter.java:119)
	at org.apache.catalina.core.ApplicationFilterChain.internalDoFilter(ApplicationFilterChain.java:193)
	at org.apache.catalina.core.ApplicationFilterChain.doFilter(ApplicationFilterChain.java:166)
	at org.springframework.boot.actuate.metrics.web.servlet.WebMvcMetricsFilter.doFilterInternal(WebMvcMetricsFilter.java:109)
	at org.springframework.web.filter.OncePerRequestFilter.doFilter(OncePerRequestFilter.java:119)
	at org.apache.catalina.core.ApplicationFilterChain.internalDoFilter(ApplicationFilterChain.java:193)
	at org.apache.catalina.core.ApplicationFilterChain.doFilter(ApplicationFilterChain.java:166)
	at org.springframework.web.filter.CharacterEncodingFilter.doFilterInternal(CharacterEncodingFilter.java:201)
	at org.springframework.web.filter.OncePerRequestFilter.doFilter(OncePerRequestFilter.java:119)
	at org.apache.catalina.core.ApplicationFilterChain.internalDoFilter(ApplicationFilterChain.java:193)
	at org.apache.catalina.core.ApplicationFilterChain.doFilter(ApplicationFilterChain.java:166)
	at org.apache.catalina.core.StandardWrapperValve.invoke(StandardWrapperValve.java:202)
	at org.apache.catalina.core.StandardContextValve.invoke(StandardContextValve.java:96)
	at org.apache.catalina.authenticator.AuthenticatorBase.invoke(AuthenticatorBase.java:541)
	at org.apache.catalina.core.StandardHostValve.invoke(StandardHostValve.java:139)
	at org.apache.catalina.valves.ErrorReportValve.invoke(ErrorReportValve.java:92)
	at org.apache.catalina.core.StandardEngineValve.invoke(StandardEngineValve.java:74)
	at org.apache.catalina.connector.CoyoteAdapter.service(CoyoteAdapter.java:343)
	at org.apache.coyote.http11.Http11Processor.service(Http11Processor.java:373)
	at org.apache.coyote.AbstractProcessorLight.process(AbstractProcessorLight.java:65)
	at org.apache.coyote.AbstractProtocol$ConnectionHandler.process(AbstractProtocol.java:868)
	at org.apache.tomcat.util.net.NioEndpoint$SocketProcessor.doRun(NioEndpoint.java:1594)
	at org.apache.tomcat.util.net.SocketProcessorBase.run(SocketProcessorBase.java:49)
	at java.base/java.util.concurrent.ThreadPoolExecutor.runWorker(ThreadPoolExecutor.java:1128)
	at java.base/java.util.concurrent.ThreadPoolExecutor$Worker.run(ThreadPoolExecutor.java:628)
	at org.apache.tomcat.util.threads.TaskThread$WrappingRunnable.run(TaskThread.java:61)
	at java.base/java.lang.Thread.run(Thread.java:834)
Caused by: java.io.IOException: Broken pipe
	at java.base/sun.nio.ch.FileDispatcherImpl.write0(Native Method)
	at java.base/sun.nio.ch.SocketDispatcher.write(SocketDispatcher.java:47)
	at java.base/sun.nio.ch.IOUtil.writeFromNativeBuffer(IOUtil.java:113)
	at java.base/sun.nio.ch.IOUtil.write(IOUtil.java:79)
	at java.base/sun.nio.ch.IOUtil.write(IOUtil.java:50)
	at java.base/sun.nio.ch.SocketChannelImpl.write(SocketChannelImpl.java:466)
	at org.apache.tomcat.util.net.NioChannel.write(NioChannel.java:138)
	at org.apache.tomcat.util.net.NioBlockingSelector.write(NioBlockingSelector.java:101)
	at org.apache.tomcat.util.net.NioSelectorPool.write(NioSelectorPool.java:152)
	at org.apache.tomcat.util.net.NioEndpoint$NioSocketWrapper.doWrite(NioEndpoint.java:1253)
	at org.apache.tomcat.util.net.SocketWrapperBase.doWrite(SocketWrapperBase.java:740)
	at org.apache.tomcat.util.net.SocketWrapperBase.writeBlocking(SocketWrapperBase.java:560)
	at org.apache.tomcat.util.net.SocketWrapperBase.write(SocketWrapperBase.java:504)
	at org.apache.coyote.http11.Http11OutputBuffer$SocketOutputBuffer.doWrite(Http11OutputBuffer.java:538)
	at org.apache.coyote.http11.filters.IdentityOutputFilter.doWrite(IdentityOutputFilter.java:73)
	at org.apache.coyote.http11.Http11OutputBuffer.doWrite(Http11OutputBuffer.java:190)
	at org.apache.coyote.Response.doWrite(Response.java:601)
	at org.apache.catalina.connector.OutputBuffer.realWriteBytes(OutputBuffer.java:339)
	... 99 common frames omitted
2020-05-22 17:51:46,153 WARN org.springframework.web.servlet.mvc.method.annotation.ExceptionHandlerExceptionResolver [http-nio-8080-exec-7] Failure in @ExceptionHandler com.surshree.app.exception.CustomResponseEntityExceptionHandler#handleAllException(Exception, WebRequest)
org.springframework.http.converter.HttpMessageNotWritableException: No converter for [class com.surshree.app.exception.ExceptionMessage] with preset Content-Type 'video/mp4'
	at org.springframework.web.servlet.mvc.method.annotation.AbstractMessageConverterMethodProcessor.writeWithMessageConverters(AbstractMessageConverterMethodProcessor.java:309)
	at org.springframework.web.servlet.mvc.method.annotation.HttpEntityMethodProcessor.handleReturnValue(HttpEntityMethodProcessor.java:219)
	at org.springframework.web.method.support.HandlerMethodReturnValueHandlerComposite.handleReturnValue(HandlerMethodReturnValueHandlerComposite.java:82)
	at org.springframework.web.servlet.mvc.method.annotation.ServletInvocableHandlerMethod.invokeAndHandle(ServletInvocableHandlerMethod.java:123)
	at org.springframework.web.servlet.mvc.method.annotation.ExceptionHandlerExceptionResolver.doResolveHandlerMethodException(ExceptionHandlerExceptionResolver.java:403)
	at org.springframework.web.servlet.handler.AbstractHandlerMethodExceptionResolver.doResolveException(AbstractHandlerMethodExceptionResolver.java:61)
	at org.springframework.web.servlet.handler.AbstractHandlerExceptionResolver.resolveException(AbstractHandlerExceptionResolver.java:141)
	at org.springframework.web.servlet.handler.HandlerExceptionResolverComposite.resolveException(HandlerExceptionResolverComposite.java:80)
	at org.springframework.web.servlet.DispatcherServlet.processHandlerException(DispatcherServlet.java:1300)
	at org.springframework.web.servlet.DispatcherServlet.processDispatchResult(DispatcherServlet.java:1111)
	at org.springframework.web.servlet.DispatcherServlet.doDispatch(DispatcherServlet.java:1057)
	at org.springframework.web.servlet.DispatcherServlet.doService(DispatcherServlet.java:943)
	at org.springframework.web.servlet.FrameworkServlet.processRequest(FrameworkServlet.java:1006)
	at org.springframework.web.servlet.FrameworkServlet.doGet(FrameworkServlet.java:898)
	at javax.servlet.http.HttpServlet.service(HttpServlet.java:634)
	at org.springframework.web.servlet.FrameworkServlet.service(FrameworkServlet.java:883)
	at javax.servlet.http.HttpServlet.service(HttpServlet.java:741)
	at org.apache.catalina.core.ApplicationFilterChain.internalDoFilter(ApplicationFilterChain.java:231)
	at org.apache.catalina.core.ApplicationFilterChain.doFilter(ApplicationFilterChain.java:166)
	at org.apache.tomcat.websocket.server.WsFilter.doFilter(WsFilter.java:53)
	at org.apache.catalina.core.ApplicationFilterChain.internalDoFilter(ApplicationFilterChain.java:193)
	at org.apache.catalina.core.ApplicationFilterChain.doFilter(ApplicationFilterChain.java:166)
	at org.springframework.security.web.FilterChainProxy$VirtualFilterChain.doFilter(FilterChainProxy.java:320)
	at org.springframework.security.web.access.intercept.FilterSecurityInterceptor.invoke(FilterSecurityInterceptor.java:126)
	at org.springframework.security.web.access.intercept.FilterSecurityInterceptor.doFilter(FilterSecurityInterceptor.java:90)
	at org.springframework.security.web.FilterChainProxy$VirtualFilterChain.doFilter(FilterChainProxy.java:334)
	at org.springframework.security.web.access.ExceptionTranslationFilter.doFilter(ExceptionTranslationFilter.java:118)
	at org.springframework.security.web.FilterChainProxy$VirtualFilterChain.doFilter(FilterChainProxy.java:334)
	at org.springframework.security.web.session.SessionManagementFilter.doFilter(SessionManagementFilter.java:137)
	at org.springframework.security.web.FilterChainProxy$VirtualFilterChain.doFilter(FilterChainProxy.java:334)
	at org.springframework.security.web.authentication.AnonymousAuthenticationFilter.doFilter(AnonymousAuthenticationFilter.java:111)
	at org.springframework.security.web.FilterChainProxy$VirtualFilterChain.doFilter(FilterChainProxy.java:334)
	at org.springframework.security.web.servletapi.SecurityContextHolderAwareRequestFilter.doFilter(SecurityContextHolderAwareRequestFilter.java:158)
	at org.springframework.security.web.FilterChainProxy$VirtualFilterChain.doFilter(FilterChainProxy.java:334)
	at org.springframework.security.web.savedrequest.RequestCacheAwareFilter.doFilter(RequestCacheAwareFilter.java:63)
	at org.springframework.security.web.FilterChainProxy$VirtualFilterChain.doFilter(FilterChainProxy.java:334)
	at org.springframework.security.web.authentication.www.BasicAuthenticationFilter.doFilterInternal(BasicAuthenticationFilter.java:155)
	at org.springframework.web.filter.OncePerRequestFilter.doFilter(OncePerRequestFilter.java:119)
	at org.springframework.security.web.FilterChainProxy$VirtualFilterChain.doFilter(FilterChainProxy.java:334)
	at org.springframework.security.web.authentication.logout.LogoutFilter.doFilter(LogoutFilter.java:116)
	at org.springframework.security.web.FilterChainProxy$VirtualFilterChain.doFilter(FilterChainProxy.java:334)
	at org.springframework.web.filter.CorsFilter.doFilterInternal(CorsFilter.java:92)
	at org.springframework.web.filter.OncePerRequestFilter.doFilter(OncePerRequestFilter.java:119)
	at org.springframework.security.web.FilterChainProxy$VirtualFilterChain.doFilter(FilterChainProxy.java:334)
	at org.springframework.security.web.header.HeaderWriterFilter.doHeadersAfter(HeaderWriterFilter.java:92)
	at org.springframework.security.web.header.HeaderWriterFilter.doFilterInternal(HeaderWriterFilter.java:77)
	at org.springframework.web.filter.OncePerRequestFilter.doFilter(OncePerRequestFilter.java:119)
	at org.springframework.security.web.FilterChainProxy$VirtualFilterChain.doFilter(FilterChainProxy.java:334)
	at org.springframework.security.web.context.SecurityContextPersistenceFilter.doFilter(SecurityContextPersistenceFilter.java:105)
	at org.springframework.security.web.FilterChainProxy$VirtualFilterChain.doFilter(FilterChainProxy.java:334)
	at org.springframework.security.web.context.request.async.WebAsyncManagerIntegrationFilter.doFilterInternal(WebAsyncManagerIntegrationFilter.java:56)
	at org.springframework.web.filter.OncePerRequestFilter.doFilter(OncePerRequestFilter.java:119)
	at org.springframework.security.web.FilterChainProxy$VirtualFilterChain.doFilter(FilterChainProxy.java:334)
	at org.springframework.security.web.FilterChainProxy.doFilterInternal(FilterChainProxy.java:215)
	at org.springframework.security.web.FilterChainProxy.doFilter(FilterChainProxy.java:178)
	at org.springframework.web.filter.DelegatingFilterProxy.invokeDelegate(DelegatingFilterProxy.java:358)
	at org.springframework.web.filter.DelegatingFilterProxy.doFilter(DelegatingFilterProxy.java:271)
	at org.apache.catalina.core.ApplicationFilterChain.internalDoFilter(ApplicationFilterChain.java:193)
	at org.apache.catalina.core.ApplicationFilterChain.doFilter(ApplicationFilterChain.java:166)
	at org.springframework.web.filter.RequestContextFilter.doFilterInternal(RequestContextFilter.java:100)
	at org.springframework.web.filter.OncePerRequestFilter.doFilter(OncePerRequestFilter.java:119)
	at org.apache.catalina.core.ApplicationFilterChain.internalDoFilter(ApplicationFilterChain.java:193)
	at org.apache.catalina.core.ApplicationFilterChain.doFilter(ApplicationFilterChain.java:166)
	at org.springframework.web.filter.FormContentFilter.doFilterInternal(FormContentFilter.java:93)
	at org.springframework.web.filter.OncePerRequestFilter.doFilter(OncePerRequestFilter.java:119)
	at org.apache.catalina.core.ApplicationFilterChain.internalDoFilter(ApplicationFilterChain.java:193)
	at org.apache.catalina.core.ApplicationFilterChain.doFilter(ApplicationFilterChain.java:166)
	at org.springframework.boot.actuate.metrics.web.servlet.WebMvcMetricsFilter.doFilterInternal(WebMvcMetricsFilter.java:109)
	at org.springframework.web.filter.OncePerRequestFilter.doFilter(OncePerRequestFilter.java:119)
	at org.apache.catalina.core.ApplicationFilterChain.internalDoFilter(ApplicationFilterChain.java:193)
	at org.apache.catalina.core.ApplicationFilterChain.doFilter(ApplicationFilterChain.java:166)
	at org.springframework.web.filter.CharacterEncodingFilter.doFilterInternal(CharacterEncodingFilter.java:201)
	at org.springframework.web.filter.OncePerRequestFilter.doFilter(OncePerRequestFilter.java:119)
	at org.apache.catalina.core.ApplicationFilterChain.internalDoFilter(ApplicationFilterChain.java:193)
	at org.apache.catalina.core.ApplicationFilterChain.doFilter(ApplicationFilterChain.java:166)
	at org.apache.catalina.core.StandardWrapperValve.invoke(StandardWrapperValve.java:202)
	at org.apache.catalina.core.StandardContextValve.invoke(StandardContextValve.java:96)
	at org.apache.catalina.authenticator.AuthenticatorBase.invoke(AuthenticatorBase.java:541)
	at org.apache.catalina.core.StandardHostValve.invoke(StandardHostValve.java:139)
	at org.apache.catalina.valves.ErrorReportValve.invoke(ErrorReportValve.java:92)
	at org.apache.catalina.core.StandardEngineValve.invoke(StandardEngineValve.java:74)
	at org.apache.catalina.connector.CoyoteAdapter.service(CoyoteAdapter.java:343)
	at org.apache.coyote.http11.Http11Processor.service(Http11Processor.java:373)
	at org.apache.coyote.AbstractProcessorLight.process(AbstractProcessorLight.java:65)
	at org.apache.coyote.AbstractProtocol$ConnectionHandler.process(AbstractProtocol.java:868)
	at org.apache.tomcat.util.net.NioEndpoint$SocketProcessor.doRun(NioEndpoint.java:1594)
	at org.apache.tomcat.util.net.SocketProcessorBase.run(SocketProcessorBase.java:49)
	at java.base/java.util.concurrent.ThreadPoolExecutor.runWorker(ThreadPoolExecutor.java:1128)
	at java.base/java.util.concurrent.ThreadPoolExecutor$Worker.run(ThreadPoolExecutor.java:628)
	at org.apache.tomcat.util.threads.TaskThread$WrappingRunnable.run(TaskThread.java:61)
	at java.base/java.lang.Thread.run(Thread.java:834)
2020-05-22 17:52:12,513 ERROR com.surshree.app.exception.CustomResponseEntityExceptionHandler [http-nio-8080-exec-9] java.io.IOException: Broken pipe
org.apache.catalina.connector.ClientAbortException: java.io.IOException: Broken pipe
	at org.apache.catalina.connector.OutputBuffer.realWriteBytes(OutputBuffer.java:351)
	at org.apache.catalina.connector.OutputBuffer.flushByteBuffer(OutputBuffer.java:776)
	at org.apache.catalina.connector.OutputBuffer.append(OutputBuffer.java:681)
	at org.apache.catalina.connector.OutputBuffer.writeBytes(OutputBuffer.java:386)
	at org.apache.catalina.connector.OutputBuffer.write(OutputBuffer.java:364)
	at org.apache.catalina.connector.CoyoteOutputStream.write(CoyoteOutputStream.java:96)
	at org.springframework.security.web.util.OnCommittedResponseWrapper$SaveContextServletOutputStream.write(OnCommittedResponseWrapper.java:645)
	at org.springframework.security.web.util.OnCommittedResponseWrapper$SaveContextServletOutputStream.write(OnCommittedResponseWrapper.java:645)
	at org.springframework.util.StreamUtils.copyRange(StreamUtils.java:180)
	at org.springframework.http.converter.ResourceRegionHttpMessageConverter.writeResourceRegion(ResourceRegionHttpMessageConverter.java:159)
	at org.springframework.http.converter.ResourceRegionHttpMessageConverter.writeInternal(ResourceRegionHttpMessageConverter.java:136)
	at org.springframework.http.converter.AbstractGenericHttpMessageConverter.write(AbstractGenericHttpMessageConverter.java:104)
	at org.springframework.web.servlet.mvc.method.annotation.AbstractMessageConverterMethodProcessor.writeWithMessageConverters(AbstractMessageConverterMethodProcessor.java:287)
	at org.springframework.web.servlet.mvc.method.annotation.HttpEntityMethodProcessor.handleReturnValue(HttpEntityMethodProcessor.java:219)
	at org.springframework.web.method.support.HandlerMethodReturnValueHandlerComposite.handleReturnValue(HandlerMethodReturnValueHandlerComposite.java:82)
	at org.springframework.web.servlet.mvc.method.annotation.ServletInvocableHandlerMethod.invokeAndHandle(ServletInvocableHandlerMethod.java:123)
	at org.springframework.web.servlet.mvc.method.annotation.RequestMappingHandlerAdapter.invokeHandlerMethod(RequestMappingHandlerAdapter.java:879)
	at org.springframework.web.servlet.mvc.method.annotation.RequestMappingHandlerAdapter.handleInternal(RequestMappingHandlerAdapter.java:793)
	at org.springframework.web.servlet.mvc.method.AbstractHandlerMethodAdapter.handle(AbstractHandlerMethodAdapter.java:87)
	at org.springframework.web.servlet.DispatcherServlet.doDispatch(DispatcherServlet.java:1040)
	at org.springframework.web.servlet.DispatcherServlet.doService(DispatcherServlet.java:943)
	at org.springframework.web.servlet.FrameworkServlet.processRequest(FrameworkServlet.java:1006)
	at org.springframework.web.servlet.FrameworkServlet.doGet(FrameworkServlet.java:898)
	at javax.servlet.http.HttpServlet.service(HttpServlet.java:634)
	at org.springframework.web.servlet.FrameworkServlet.service(FrameworkServlet.java:883)
	at javax.servlet.http.HttpServlet.service(HttpServlet.java:741)
	at org.apache.catalina.core.ApplicationFilterChain.internalDoFilter(ApplicationFilterChain.java:231)
	at org.apache.catalina.core.ApplicationFilterChain.doFilter(ApplicationFilterChain.java:166)
	at org.apache.tomcat.websocket.server.WsFilter.doFilter(WsFilter.java:53)
	at org.apache.catalina.core.ApplicationFilterChain.internalDoFilter(ApplicationFilterChain.java:193)
	at org.apache.catalina.core.ApplicationFilterChain.doFilter(ApplicationFilterChain.java:166)
	at org.springframework.security.web.FilterChainProxy$VirtualFilterChain.doFilter(FilterChainProxy.java:320)
	at org.springframework.security.web.access.intercept.FilterSecurityInterceptor.invoke(FilterSecurityInterceptor.java:126)
	at org.springframework.security.web.access.intercept.FilterSecurityInterceptor.doFilter(FilterSecurityInterceptor.java:90)
	at org.springframework.security.web.FilterChainProxy$VirtualFilterChain.doFilter(FilterChainProxy.java:334)
	at org.springframework.security.web.access.ExceptionTranslationFilter.doFilter(ExceptionTranslationFilter.java:118)
	at org.springframework.security.web.FilterChainProxy$VirtualFilterChain.doFilter(FilterChainProxy.java:334)
	at org.springframework.security.web.session.SessionManagementFilter.doFilter(SessionManagementFilter.java:137)
	at org.springframework.security.web.FilterChainProxy$VirtualFilterChain.doFilter(FilterChainProxy.java:334)
	at org.springframework.security.web.authentication.AnonymousAuthenticationFilter.doFilter(AnonymousAuthenticationFilter.java:111)
	at org.springframework.security.web.FilterChainProxy$VirtualFilterChain.doFilter(FilterChainProxy.java:334)
	at org.springframework.security.web.servletapi.SecurityContextHolderAwareRequestFilter.doFilter(SecurityContextHolderAwareRequestFilter.java:158)
	at org.springframework.security.web.FilterChainProxy$VirtualFilterChain.doFilter(FilterChainProxy.java:334)
	at org.springframework.security.web.savedrequest.RequestCacheAwareFilter.doFilter(RequestCacheAwareFilter.java:63)
	at org.springframework.security.web.FilterChainProxy$VirtualFilterChain.doFilter(FilterChainProxy.java:334)
	at org.springframework.security.web.authentication.www.BasicAuthenticationFilter.doFilterInternal(BasicAuthenticationFilter.java:155)
	at org.springframework.web.filter.OncePerRequestFilter.doFilter(OncePerRequestFilter.java:119)
	at org.springframework.security.web.FilterChainProxy$VirtualFilterChain.doFilter(FilterChainProxy.java:334)
	at org.springframework.security.web.authentication.logout.LogoutFilter.doFilter(LogoutFilter.java:116)
	at org.springframework.security.web.FilterChainProxy$VirtualFilterChain.doFilter(FilterChainProxy.java:334)
	at org.springframework.web.filter.CorsFilter.doFilterInternal(CorsFilter.java:92)
	at org.springframework.web.filter.OncePerRequestFilter.doFilter(OncePerRequestFilter.java:119)
	at org.springframework.security.web.FilterChainProxy$VirtualFilterChain.doFilter(FilterChainProxy.java:334)
	at org.springframework.security.web.header.HeaderWriterFilter.doHeadersAfter(HeaderWriterFilter.java:92)
	at org.springframework.security.web.header.HeaderWriterFilter.doFilterInternal(HeaderWriterFilter.java:77)
	at org.springframework.web.filter.OncePerRequestFilter.doFilter(OncePerRequestFilter.java:119)
	at org.springframework.security.web.FilterChainProxy$VirtualFilterChain.doFilter(FilterChainProxy.java:334)
	at org.springframework.security.web.context.SecurityContextPersistenceFilter.doFilter(SecurityContextPersistenceFilter.java:105)
	at org.springframework.security.web.FilterChainProxy$VirtualFilterChain.doFilter(FilterChainProxy.java:334)
	at org.springframework.security.web.context.request.async.WebAsyncManagerIntegrationFilter.doFilterInternal(WebAsyncManagerIntegrationFilter.java:56)
	at org.springframework.web.filter.OncePerRequestFilter.doFilter(OncePerRequestFilter.java:119)
	at org.springframework.security.web.FilterChainProxy$VirtualFilterChain.doFilter(FilterChainProxy.java:334)
	at org.springframework.security.web.FilterChainProxy.doFilterInternal(FilterChainProxy.java:215)
	at org.springframework.security.web.FilterChainProxy.doFilter(FilterChainProxy.java:178)
	at org.springframework.web.filter.DelegatingFilterProxy.invokeDelegate(DelegatingFilterProxy.java:358)
	at org.springframework.web.filter.DelegatingFilterProxy.doFilter(DelegatingFilterProxy.java:271)
	at org.apache.catalina.core.ApplicationFilterChain.internalDoFilter(ApplicationFilterChain.java:193)
	at org.apache.catalina.core.ApplicationFilterChain.doFilter(ApplicationFilterChain.java:166)
	at org.springframework.web.filter.RequestContextFilter.doFilterInternal(RequestContextFilter.java:100)
	at org.springframework.web.filter.OncePerRequestFilter.doFilter(OncePerRequestFilter.java:119)
	at org.apache.catalina.core.ApplicationFilterChain.internalDoFilter(ApplicationFilterChain.java:193)
	at org.apache.catalina.core.ApplicationFilterChain.doFilter(ApplicationFilterChain.java:166)
	at org.springframework.web.filter.FormContentFilter.doFilterInternal(FormContentFilter.java:93)
	at org.springframework.web.filter.OncePerRequestFilter.doFilter(OncePerRequestFilter.java:119)
	at org.apache.catalina.core.ApplicationFilterChain.internalDoFilter(ApplicationFilterChain.java:193)
	at org.apache.catalina.core.ApplicationFilterChain.doFilter(ApplicationFilterChain.java:166)
	at org.springframework.boot.actuate.metrics.web.servlet.WebMvcMetricsFilter.doFilterInternal(WebMvcMetricsFilter.java:109)
	at org.springframework.web.filter.OncePerRequestFilter.doFilter(OncePerRequestFilter.java:119)
	at org.apache.catalina.core.ApplicationFilterChain.internalDoFilter(ApplicationFilterChain.java:193)
	at org.apache.catalina.core.ApplicationFilterChain.doFilter(ApplicationFilterChain.java:166)
	at org.springframework.web.filter.CharacterEncodingFilter.doFilterInternal(CharacterEncodingFilter.java:201)
	at org.springframework.web.filter.OncePerRequestFilter.doFilter(OncePerRequestFilter.java:119)
	at org.apache.catalina.core.ApplicationFilterChain.internalDoFilter(ApplicationFilterChain.java:193)
	at org.apache.catalina.core.ApplicationFilterChain.doFilter(ApplicationFilterChain.java:166)
	at org.apache.catalina.core.StandardWrapperValve.invoke(StandardWrapperValve.java:202)
	at org.apache.catalina.core.StandardContextValve.invoke(StandardContextValve.java:96)
	at org.apache.catalina.authenticator.AuthenticatorBase.invoke(AuthenticatorBase.java:541)
	at org.apache.catalina.core.StandardHostValve.invoke(StandardHostValve.java:139)
	at org.apache.catalina.valves.ErrorReportValve.invoke(ErrorReportValve.java:92)
	at org.apache.catalina.core.StandardEngineValve.invoke(StandardEngineValve.java:74)
	at org.apache.catalina.connector.CoyoteAdapter.service(CoyoteAdapter.java:343)
	at org.apache.coyote.http11.Http11Processor.service(Http11Processor.java:373)
	at org.apache.coyote.AbstractProcessorLight.process(AbstractProcessorLight.java:65)
	at org.apache.coyote.AbstractProtocol$ConnectionHandler.process(AbstractProtocol.java:868)
	at org.apache.tomcat.util.net.NioEndpoint$SocketProcessor.doRun(NioEndpoint.java:1594)
	at org.apache.tomcat.util.net.SocketProcessorBase.run(SocketProcessorBase.java:49)
	at java.base/java.util.concurrent.ThreadPoolExecutor.runWorker(ThreadPoolExecutor.java:1128)
	at java.base/java.util.concurrent.ThreadPoolExecutor$Worker.run(ThreadPoolExecutor.java:628)
	at org.apache.tomcat.util.threads.TaskThread$WrappingRunnable.run(TaskThread.java:61)
	at java.base/java.lang.Thread.run(Thread.java:834)
Caused by: java.io.IOException: Broken pipe
	at java.base/sun.nio.ch.FileDispatcherImpl.write0(Native Method)
	at java.base/sun.nio.ch.SocketDispatcher.write(SocketDispatcher.java:47)
	at java.base/sun.nio.ch.IOUtil.writeFromNativeBuffer(IOUtil.java:113)
	at java.base/sun.nio.ch.IOUtil.write(IOUtil.java:79)
	at java.base/sun.nio.ch.IOUtil.write(IOUtil.java:50)
	at java.base/sun.nio.ch.SocketChannelImpl.write(SocketChannelImpl.java:466)
	at org.apache.tomcat.util.net.NioChannel.write(NioChannel.java:138)
	at org.apache.tomcat.util.net.NioBlockingSelector.write(NioBlockingSelector.java:101)
	at org.apache.tomcat.util.net.NioSelectorPool.write(NioSelectorPool.java:152)
	at org.apache.tomcat.util.net.NioEndpoint$NioSocketWrapper.doWrite(NioEndpoint.java:1253)
	at org.apache.tomcat.util.net.SocketWrapperBase.doWrite(SocketWrapperBase.java:740)
	at org.apache.tomcat.util.net.SocketWrapperBase.writeBlocking(SocketWrapperBase.java:560)
	at org.apache.tomcat.util.net.SocketWrapperBase.write(SocketWrapperBase.java:504)
	at org.apache.coyote.http11.Http11OutputBuffer$SocketOutputBuffer.doWrite(Http11OutputBuffer.java:538)
	at org.apache.coyote.http11.filters.IdentityOutputFilter.doWrite(IdentityOutputFilter.java:73)
	at org.apache.coyote.http11.Http11OutputBuffer.doWrite(Http11OutputBuffer.java:190)
	at org.apache.coyote.Response.doWrite(Response.java:601)
	at org.apache.catalina.connector.OutputBuffer.realWriteBytes(OutputBuffer.java:339)
	... 99 common frames omitted
2020-05-22 17:52:12,521 WARN org.springframework.web.servlet.mvc.method.annotation.ExceptionHandlerExceptionResolver [http-nio-8080-exec-9] Failure in @ExceptionHandler com.surshree.app.exception.CustomResponseEntityExceptionHandler#handleAllException(Exception, WebRequest)
org.springframework.http.converter.HttpMessageNotWritableException: No converter for [class com.surshree.app.exception.ExceptionMessage] with preset Content-Type 'video/mp4'
	at org.springframework.web.servlet.mvc.method.annotation.AbstractMessageConverterMethodProcessor.writeWithMessageConverters(AbstractMessageConverterMethodProcessor.java:309)
	at org.springframework.web.servlet.mvc.method.annotation.HttpEntityMethodProcessor.handleReturnValue(HttpEntityMethodProcessor.java:219)
	at org.springframework.web.method.support.HandlerMethodReturnValueHandlerComposite.handleReturnValue(HandlerMethodReturnValueHandlerComposite.java:82)
	at org.springframework.web.servlet.mvc.method.annotation.ServletInvocableHandlerMethod.invokeAndHandle(ServletInvocableHandlerMethod.java:123)
	at org.springframework.web.servlet.mvc.method.annotation.ExceptionHandlerExceptionResolver.doResolveHandlerMethodException(ExceptionHandlerExceptionResolver.java:403)
	at org.springframework.web.servlet.handler.AbstractHandlerMethodExceptionResolver.doResolveException(AbstractHandlerMethodExceptionResolver.java:61)
	at org.springframework.web.servlet.handler.AbstractHandlerExceptionResolver.resolveException(AbstractHandlerExceptionResolver.java:141)
	at org.springframework.web.servlet.handler.HandlerExceptionResolverComposite.resolveException(HandlerExceptionResolverComposite.java:80)
	at org.springframework.web.servlet.DispatcherServlet.processHandlerException(DispatcherServlet.java:1300)
	at org.springframework.web.servlet.DispatcherServlet.processDispatchResult(DispatcherServlet.java:1111)
	at org.springframework.web.servlet.DispatcherServlet.doDispatch(DispatcherServlet.java:1057)
	at org.springframework.web.servlet.DispatcherServlet.doService(DispatcherServlet.java:943)
	at org.springframework.web.servlet.FrameworkServlet.processRequest(FrameworkServlet.java:1006)
	at org.springframework.web.servlet.FrameworkServlet.doGet(FrameworkServlet.java:898)
	at javax.servlet.http.HttpServlet.service(HttpServlet.java:634)
	at org.springframework.web.servlet.FrameworkServlet.service(FrameworkServlet.java:883)
	at javax.servlet.http.HttpServlet.service(HttpServlet.java:741)
	at org.apache.catalina.core.ApplicationFilterChain.internalDoFilter(ApplicationFilterChain.java:231)
	at org.apache.catalina.core.ApplicationFilterChain.doFilter(ApplicationFilterChain.java:166)
	at org.apache.tomcat.websocket.server.WsFilter.doFilter(WsFilter.java:53)
	at org.apache.catalina.core.ApplicationFilterChain.internalDoFilter(ApplicationFilterChain.java:193)
	at org.apache.catalina.core.ApplicationFilterChain.doFilter(ApplicationFilterChain.java:166)
	at org.springframework.security.web.FilterChainProxy$VirtualFilterChain.doFilter(FilterChainProxy.java:320)
	at org.springframework.security.web.access.intercept.FilterSecurityInterceptor.invoke(FilterSecurityInterceptor.java:126)
	at org.springframework.security.web.access.intercept.FilterSecurityInterceptor.doFilter(FilterSecurityInterceptor.java:90)
	at org.springframework.security.web.FilterChainProxy$VirtualFilterChain.doFilter(FilterChainProxy.java:334)
	at org.springframework.security.web.access.ExceptionTranslationFilter.doFilter(ExceptionTranslationFilter.java:118)
	at org.springframework.security.web.FilterChainProxy$VirtualFilterChain.doFilter(FilterChainProxy.java:334)
	at org.springframework.security.web.session.SessionManagementFilter.doFilter(SessionManagementFilter.java:137)
	at org.springframework.security.web.FilterChainProxy$VirtualFilterChain.doFilter(FilterChainProxy.java:334)
	at org.springframework.security.web.authentication.AnonymousAuthenticationFilter.doFilter(AnonymousAuthenticationFilter.java:111)
	at org.springframework.security.web.FilterChainProxy$VirtualFilterChain.doFilter(FilterChainProxy.java:334)
	at org.springframework.security.web.servletapi.SecurityContextHolderAwareRequestFilter.doFilter(SecurityContextHolderAwareRequestFilter.java:158)
	at org.springframework.security.web.FilterChainProxy$VirtualFilterChain.doFilter(FilterChainProxy.java:334)
	at org.springframework.security.web.savedrequest.RequestCacheAwareFilter.doFilter(RequestCacheAwareFilter.java:63)
	at org.springframework.security.web.FilterChainProxy$VirtualFilterChain.doFilter(FilterChainProxy.java:334)
	at org.springframework.security.web.authentication.www.BasicAuthenticationFilter.doFilterInternal(BasicAuthenticationFilter.java:155)
	at org.springframework.web.filter.OncePerRequestFilter.doFilter(OncePerRequestFilter.java:119)
	at org.springframework.security.web.FilterChainProxy$VirtualFilterChain.doFilter(FilterChainProxy.java:334)
	at org.springframework.security.web.authentication.logout.LogoutFilter.doFilter(LogoutFilter.java:116)
	at org.springframework.security.web.FilterChainProxy$VirtualFilterChain.doFilter(FilterChainProxy.java:334)
	at org.springframework.web.filter.CorsFilter.doFilterInternal(CorsFilter.java:92)
	at org.springframework.web.filter.OncePerRequestFilter.doFilter(OncePerRequestFilter.java:119)
	at org.springframework.security.web.FilterChainProxy$VirtualFilterChain.doFilter(FilterChainProxy.java:334)
	at org.springframework.security.web.header.HeaderWriterFilter.doHeadersAfter(HeaderWriterFilter.java:92)
	at org.springframework.security.web.header.HeaderWriterFilter.doFilterInternal(HeaderWriterFilter.java:77)
	at org.springframework.web.filter.OncePerRequestFilter.doFilter(OncePerRequestFilter.java:119)
	at org.springframework.security.web.FilterChainProxy$VirtualFilterChain.doFilter(FilterChainProxy.java:334)
	at org.springframework.security.web.context.SecurityContextPersistenceFilter.doFilter(SecurityContextPersistenceFilter.java:105)
	at org.springframework.security.web.FilterChainProxy$VirtualFilterChain.doFilter(FilterChainProxy.java:334)
	at org.springframework.security.web.context.request.async.WebAsyncManagerIntegrationFilter.doFilterInternal(WebAsyncManagerIntegrationFilter.java:56)
	at org.springframework.web.filter.OncePerRequestFilter.doFilter(OncePerRequestFilter.java:119)
	at org.springframework.security.web.FilterChainProxy$VirtualFilterChain.doFilter(FilterChainProxy.java:334)
	at org.springframework.security.web.FilterChainProxy.doFilterInternal(FilterChainProxy.java:215)
	at org.springframework.security.web.FilterChainProxy.doFilter(FilterChainProxy.java:178)
	at org.springframework.web.filter.DelegatingFilterProxy.invokeDelegate(DelegatingFilterProxy.java:358)
	at org.springframework.web.filter.DelegatingFilterProxy.doFilter(DelegatingFilterProxy.java:271)
	at org.apache.catalina.core.ApplicationFilterChain.internalDoFilter(ApplicationFilterChain.java:193)
	at org.apache.catalina.core.ApplicationFilterChain.doFilter(ApplicationFilterChain.java:166)
	at org.springframework.web.filter.RequestContextFilter.doFilterInternal(RequestContextFilter.java:100)
	at org.springframework.web.filter.OncePerRequestFilter.doFilter(OncePerRequestFilter.java:119)
	at org.apache.catalina.core.ApplicationFilterChain.internalDoFilter(ApplicationFilterChain.java:193)
	at org.apache.catalina.core.ApplicationFilterChain.doFilter(ApplicationFilterChain.java:166)
	at org.springframework.web.filter.FormContentFilter.doFilterInternal(FormContentFilter.java:93)
	at org.springframework.web.filter.OncePerRequestFilter.doFilter(OncePerRequestFilter.java:119)
	at org.apache.catalina.core.ApplicationFilterChain.internalDoFilter(ApplicationFilterChain.java:193)
	at org.apache.catalina.core.ApplicationFilterChain.doFilter(ApplicationFilterChain.java:166)
	at org.springframework.boot.actuate.metrics.web.servlet.WebMvcMetricsFilter.doFilterInternal(WebMvcMetricsFilter.java:109)
	at org.springframework.web.filter.OncePerRequestFilter.doFilter(OncePerRequestFilter.java:119)
	at org.apache.catalina.core.ApplicationFilterChain.internalDoFilter(ApplicationFilterChain.java:193)
	at org.apache.catalina.core.ApplicationFilterChain.doFilter(ApplicationFilterChain.java:166)
	at org.springframework.web.filter.CharacterEncodingFilter.doFilterInternal(CharacterEncodingFilter.java:201)
	at org.springframework.web.filter.OncePerRequestFilter.doFilter(OncePerRequestFilter.java:119)
	at org.apache.catalina.core.ApplicationFilterChain.internalDoFilter(ApplicationFilterChain.java:193)
	at org.apache.catalina.core.ApplicationFilterChain.doFilter(ApplicationFilterChain.java:166)
	at org.apache.catalina.core.StandardWrapperValve.invoke(StandardWrapperValve.java:202)
	at org.apache.catalina.core.StandardContextValve.invoke(StandardContextValve.java:96)
	at org.apache.catalina.authenticator.AuthenticatorBase.invoke(AuthenticatorBase.java:541)
	at org.apache.catalina.core.StandardHostValve.invoke(StandardHostValve.java:139)
	at org.apache.catalina.valves.ErrorReportValve.invoke(ErrorReportValve.java:92)
	at org.apache.catalina.core.StandardEngineValve.invoke(StandardEngineValve.java:74)
	at org.apache.catalina.connector.CoyoteAdapter.service(CoyoteAdapter.java:343)
	at org.apache.coyote.http11.Http11Processor.service(Http11Processor.java:373)
	at org.apache.coyote.AbstractProcessorLight.process(AbstractProcessorLight.java:65)
	at org.apache.coyote.AbstractProtocol$ConnectionHandler.process(AbstractProtocol.java:868)
	at org.apache.tomcat.util.net.NioEndpoint$SocketProcessor.doRun(NioEndpoint.java:1594)
	at org.apache.tomcat.util.net.SocketProcessorBase.run(SocketProcessorBase.java:49)
	at java.base/java.util.concurrent.ThreadPoolExecutor.runWorker(ThreadPoolExecutor.java:1128)
	at java.base/java.util.concurrent.ThreadPoolExecutor$Worker.run(ThreadPoolExecutor.java:628)
	at org.apache.tomcat.util.threads.TaskThread$WrappingRunnable.run(TaskThread.java:61)
	at java.base/java.lang.Thread.run(Thread.java:834)
2020-05-22 17:53:07,830 INFO com.surshree.app.services.CustomUserDetailsService [http-nio-8080-exec-3] Granted Authorities --> ROLE_ADMN
2020-05-22 17:53:07,830 INFO com.surshree.app.services.CustomUserDetailsService [http-nio-8080-exec-3] Granted Authorities --> ROLE_CONT
2020-05-22 17:53:07,831 INFO com.surshree.app.services.CustomUserDetailsService [http-nio-8080-exec-3] Granted Authorities --> FUNC_VIEW_ADMIN_MENU
2020-05-22 17:53:07,832 INFO com.surshree.app.services.CustomUserDetailsService [http-nio-8080-exec-3] Granted Authorities --> FUNC_CONT_MENU
2020-05-22 17:53:07,832 INFO com.surshree.app.services.CustomUserDetailsService [http-nio-8080-exec-3] Granted Authorities --> FUNC_CONT_MENU
2020-05-22 17:53:10,385 INFO com.surshree.app.services.CustomUserDetailsService [http-nio-8080-exec-5] Granted Authorities --> ROLE_ADMN
2020-05-22 17:53:10,390 INFO com.surshree.app.services.CustomUserDetailsService [http-nio-8080-exec-5] Granted Authorities --> ROLE_CONT
2020-05-22 17:53:10,390 INFO com.surshree.app.services.CustomUserDetailsService [http-nio-8080-exec-5] Granted Authorities --> FUNC_VIEW_ADMIN_MENU
2020-05-22 17:53:10,392 INFO com.surshree.app.services.CustomUserDetailsService [http-nio-8080-exec-5] Granted Authorities --> FUNC_CONT_MENU
2020-05-22 17:53:10,394 INFO com.surshree.app.services.CustomUserDetailsService [http-nio-8080-exec-5] Granted Authorities --> FUNC_CONT_MENU
2020-05-22 17:53:12,602 INFO com.surshree.app.services.CustomUserDetailsService [http-nio-8080-exec-6] Granted Authorities --> ROLE_ADMN
2020-05-22 17:53:12,604 INFO com.surshree.app.services.CustomUserDetailsService [http-nio-8080-exec-6] Granted Authorities --> ROLE_CONT
2020-05-22 17:53:12,606 INFO com.surshree.app.services.CustomUserDetailsService [http-nio-8080-exec-6] Granted Authorities --> FUNC_VIEW_ADMIN_MENU
2020-05-22 17:53:12,607 INFO com.surshree.app.services.CustomUserDetailsService [http-nio-8080-exec-6] Granted Authorities --> FUNC_CONT_MENU
2020-05-22 17:53:12,608 INFO com.surshree.app.services.CustomUserDetailsService [http-nio-8080-exec-6] Granted Authorities --> FUNC_CONT_MENU
2020-05-22 17:53:17,297 INFO com.surshree.app.services.CustomUserDetailsService [http-nio-8080-exec-9] Granted Authorities --> ROLE_ADMN
2020-05-22 17:53:17,300 INFO com.surshree.app.services.CustomUserDetailsService [http-nio-8080-exec-9] Granted Authorities --> ROLE_CONT
2020-05-22 17:53:17,301 INFO com.surshree.app.services.CustomUserDetailsService [http-nio-8080-exec-9] Granted Authorities --> FUNC_VIEW_ADMIN_MENU
2020-05-22 17:53:17,302 INFO com.surshree.app.services.CustomUserDetailsService [http-nio-8080-exec-9] Granted Authorities --> FUNC_CONT_MENU
2020-05-22 17:53:17,304 INFO com.surshree.app.services.CustomUserDetailsService [http-nio-8080-exec-9] Granted Authorities --> FUNC_CONT_MENU
2020-05-22 17:53:28,565 INFO com.surshree.app.services.CustomUserDetailsService [http-nio-8080-exec-7] Granted Authorities --> ROLE_ADMN
2020-05-22 17:53:28,568 INFO com.surshree.app.services.CustomUserDetailsService [http-nio-8080-exec-7] Granted Authorities --> ROLE_CONT
2020-05-22 17:53:28,571 INFO com.surshree.app.services.CustomUserDetailsService [http-nio-8080-exec-7] Granted Authorities --> FUNC_VIEW_ADMIN_MENU
2020-05-22 17:53:28,572 INFO com.surshree.app.services.CustomUserDetailsService [http-nio-8080-exec-7] Granted Authorities --> FUNC_CONT_MENU
2020-05-22 17:53:28,573 INFO com.surshree.app.services.CustomUserDetailsService [http-nio-8080-exec-7] Granted Authorities --> FUNC_CONT_MENU
2020-05-22 17:53:34,740 INFO com.surshree.app.services.CustomUserDetailsService [http-nio-8080-exec-4] Granted Authorities --> ROLE_ADMN
2020-05-22 17:53:34,741 INFO com.surshree.app.services.CustomUserDetailsService [http-nio-8080-exec-4] Granted Authorities --> ROLE_CONT
2020-05-22 17:53:34,742 INFO com.surshree.app.services.CustomUserDetailsService [http-nio-8080-exec-4] Granted Authorities --> FUNC_VIEW_ADMIN_MENU
2020-05-22 17:53:34,743 INFO com.surshree.app.services.CustomUserDetailsService [http-nio-8080-exec-4] Granted Authorities --> FUNC_CONT_MENU
2020-05-22 17:53:34,744 INFO com.surshree.app.services.CustomUserDetailsService [http-nio-8080-exec-4] Granted Authorities --> FUNC_CONT_MENU
2020-05-22 17:53:43,577 INFO com.surshree.app.services.CustomUserDetailsService [http-nio-8080-exec-10] Granted Authorities --> ROLE_ADMN
2020-05-22 17:53:43,579 INFO com.surshree.app.services.CustomUserDetailsService [http-nio-8080-exec-10] Granted Authorities --> ROLE_CONT
2020-05-22 17:53:43,580 INFO com.surshree.app.services.CustomUserDetailsService [http-nio-8080-exec-10] Granted Authorities --> FUNC_VIEW_ADMIN_MENU
2020-05-22 17:53:43,581 INFO com.surshree.app.services.CustomUserDetailsService [http-nio-8080-exec-10] Granted Authorities --> FUNC_CONT_MENU
2020-05-22 17:53:43,583 INFO com.surshree.app.services.CustomUserDetailsService [http-nio-8080-exec-10] Granted Authorities --> FUNC_CONT_MENU
2020-05-22 17:53:48,056 INFO com.surshree.app.services.CustomUserDetailsService [http-nio-8080-exec-3] Granted Authorities --> ROLE_ADMN
2020-05-22 17:53:48,057 INFO com.surshree.app.services.CustomUserDetailsService [http-nio-8080-exec-3] Granted Authorities --> ROLE_CONT
2020-05-22 17:53:48,058 INFO com.surshree.app.services.CustomUserDetailsService [http-nio-8080-exec-3] Granted Authorities --> FUNC_VIEW_ADMIN_MENU
2020-05-22 17:53:48,058 INFO com.surshree.app.services.CustomUserDetailsService [http-nio-8080-exec-3] Granted Authorities --> FUNC_CONT_MENU
2020-05-22 17:53:48,059 INFO com.surshree.app.services.CustomUserDetailsService [http-nio-8080-exec-3] Granted Authorities --> FUNC_CONT_MENU
2020-05-22 17:54:01,765 INFO com.surshree.app.scheduling.CacheScheduler [scheduling-1] Clear user cache : START
2020-05-22 17:54:01,767 INFO com.surshree.app.scheduling.CacheScheduler [scheduling-1] Clear user cache : END
2020-05-22 17:56:07,737 ERROR com.surshree.app.exception.CustomResponseEntityExceptionHandler [http-nio-8080-exec-2] Unable to locate Attribute  with the the given name [] on this ManagedType [com.surshree.app.domain.entities.BaseEntity]; nested exception is java.lang.IllegalArgumentException: Unable to locate Attribute  with the the given name [] on this ManagedType [com.surshree.app.domain.entities.BaseEntity]
org.springframework.dao.InvalidDataAccessApiUsageException: Unable to locate Attribute  with the the given name [] on this ManagedType [com.surshree.app.domain.entities.BaseEntity]; nested exception is java.lang.IllegalArgumentException: Unable to locate Attribute  with the the given name [] on this ManagedType [com.surshree.app.domain.entities.BaseEntity]
	at org.springframework.orm.jpa.EntityManagerFactoryUtils.convertJpaAccessExceptionIfPossible(EntityManagerFactoryUtils.java:374)
	at org.springframework.orm.jpa.vendor.HibernateJpaDialect.translateExceptionIfPossible(HibernateJpaDialect.java:257)
	at org.springframework.orm.jpa.AbstractEntityManagerFactoryBean.translateExceptionIfPossible(AbstractEntityManagerFactoryBean.java:528)
	at org.springframework.dao.support.ChainedPersistenceExceptionTranslator.translateExceptionIfPossible(ChainedPersistenceExceptionTranslator.java:61)
	at org.springframework.dao.support.DataAccessUtils.translateIfNecessary(DataAccessUtils.java:242)
	at org.springframework.dao.support.PersistenceExceptionTranslationInterceptor.invoke(PersistenceExceptionTranslationInterceptor.java:153)
	at org.springframework.aop.framework.ReflectiveMethodInvocation.proceed(ReflectiveMethodInvocation.java:186)
	at org.springframework.aop.framework.CglibAopProxy$CglibMethodInvocation.proceed(CglibAopProxy.java:749)
	at org.springframework.aop.framework.CglibAopProxy$DynamicAdvisedInterceptor.intercept(CglibAopProxy.java:691)
	at com.surshree.app.repository.CompetitionEntityRepoImpl$$EnhancerBySpringCGLIB$$8918eaf4.findUsingCriteria(<generated>)
	at com.surshree.app.services.CompetitionService.searchCompetitions(CompetitionService.java:88)
	at com.surshree.app.services.CompetitionService$$FastClassBySpringCGLIB$$aef5c305.invoke(<generated>)
	at org.springframework.cglib.proxy.MethodProxy.invoke(MethodProxy.java:218)
	at org.springframework.aop.framework.CglibAopProxy$DynamicAdvisedInterceptor.intercept(CglibAopProxy.java:687)
	at com.surshree.app.services.CompetitionService$$EnhancerBySpringCGLIB$$d22226b3.searchCompetitions(<generated>)
	at com.surshree.app.controllers.CompetitionController.searchCompetitions(CompetitionController.java:132)
	at java.base/jdk.internal.reflect.NativeMethodAccessorImpl.invoke0(Native Method)
	at java.base/jdk.internal.reflect.NativeMethodAccessorImpl.invoke(NativeMethodAccessorImpl.java:62)
	at java.base/jdk.internal.reflect.DelegatingMethodAccessorImpl.invoke(DelegatingMethodAccessorImpl.java:43)
	at java.base/java.lang.reflect.Method.invoke(Method.java:566)
	at org.springframework.web.method.support.InvocableHandlerMethod.doInvoke(InvocableHandlerMethod.java:190)
	at org.springframework.web.method.support.InvocableHandlerMethod.invokeForRequest(InvocableHandlerMethod.java:138)
	at org.springframework.web.servlet.mvc.method.annotation.ServletInvocableHandlerMethod.invokeAndHandle(ServletInvocableHandlerMethod.java:105)
	at org.springframework.web.servlet.mvc.method.annotation.RequestMappingHandlerAdapter.invokeHandlerMethod(RequestMappingHandlerAdapter.java:879)
	at org.springframework.web.servlet.mvc.method.annotation.RequestMappingHandlerAdapter.handleInternal(RequestMappingHandlerAdapter.java:793)
	at org.springframework.web.servlet.mvc.method.AbstractHandlerMethodAdapter.handle(AbstractHandlerMethodAdapter.java:87)
	at org.springframework.web.servlet.DispatcherServlet.doDispatch(DispatcherServlet.java:1040)
	at org.springframework.web.servlet.DispatcherServlet.doService(DispatcherServlet.java:943)
	at org.springframework.web.servlet.FrameworkServlet.processRequest(FrameworkServlet.java:1006)
	at org.springframework.web.servlet.FrameworkServlet.doPost(FrameworkServlet.java:909)
	at javax.servlet.http.HttpServlet.service(HttpServlet.java:660)
	at org.springframework.web.servlet.FrameworkServlet.service(FrameworkServlet.java:883)
	at javax.servlet.http.HttpServlet.service(HttpServlet.java:741)
	at org.apache.catalina.core.ApplicationFilterChain.internalDoFilter(ApplicationFilterChain.java:231)
	at org.apache.catalina.core.ApplicationFilterChain.doFilter(ApplicationFilterChain.java:166)
	at org.apache.tomcat.websocket.server.WsFilter.doFilter(WsFilter.java:53)
	at org.apache.catalina.core.ApplicationFilterChain.internalDoFilter(ApplicationFilterChain.java:193)
	at org.apache.catalina.core.ApplicationFilterChain.doFilter(ApplicationFilterChain.java:166)
	at org.springframework.security.web.FilterChainProxy$VirtualFilterChain.doFilter(FilterChainProxy.java:320)
	at org.springframework.security.web.access.intercept.FilterSecurityInterceptor.invoke(FilterSecurityInterceptor.java:126)
	at org.springframework.security.web.access.intercept.FilterSecurityInterceptor.doFilter(FilterSecurityInterceptor.java:90)
	at org.springframework.security.web.FilterChainProxy$VirtualFilterChain.doFilter(FilterChainProxy.java:334)
	at org.springframework.security.web.access.ExceptionTranslationFilter.doFilter(ExceptionTranslationFilter.java:118)
	at org.springframework.security.web.FilterChainProxy$VirtualFilterChain.doFilter(FilterChainProxy.java:334)
	at org.springframework.security.web.session.SessionManagementFilter.doFilter(SessionManagementFilter.java:137)
	at org.springframework.security.web.FilterChainProxy$VirtualFilterChain.doFilter(FilterChainProxy.java:334)
	at org.springframework.security.web.authentication.AnonymousAuthenticationFilter.doFilter(AnonymousAuthenticationFilter.java:111)
	at org.springframework.security.web.FilterChainProxy$VirtualFilterChain.doFilter(FilterChainProxy.java:334)
	at org.springframework.security.web.servletapi.SecurityContextHolderAwareRequestFilter.doFilter(SecurityContextHolderAwareRequestFilter.java:158)
	at org.springframework.security.web.FilterChainProxy$VirtualFilterChain.doFilter(FilterChainProxy.java:334)
	at org.springframework.security.web.savedrequest.RequestCacheAwareFilter.doFilter(RequestCacheAwareFilter.java:63)
	at org.springframework.security.web.FilterChainProxy$VirtualFilterChain.doFilter(FilterChainProxy.java:334)
	at org.springframework.security.oauth2.provider.authentication.OAuth2AuthenticationProcessingFilter.doFilter(OAuth2AuthenticationProcessingFilter.java:176)
	at org.springframework.security.web.FilterChainProxy$VirtualFilterChain.doFilter(FilterChainProxy.java:334)
	at org.springframework.security.web.authentication.logout.LogoutFilter.doFilter(LogoutFilter.java:116)
	at org.springframework.security.web.FilterChainProxy$VirtualFilterChain.doFilter(FilterChainProxy.java:334)
	at org.springframework.security.web.header.HeaderWriterFilter.doHeadersAfter(HeaderWriterFilter.java:92)
	at org.springframework.security.web.header.HeaderWriterFilter.doFilterInternal(HeaderWriterFilter.java:77)
	at org.springframework.web.filter.OncePerRequestFilter.doFilter(OncePerRequestFilter.java:119)
	at org.springframework.security.web.FilterChainProxy$VirtualFilterChain.doFilter(FilterChainProxy.java:334)
	at org.springframework.security.web.context.SecurityContextPersistenceFilter.doFilter(SecurityContextPersistenceFilter.java:105)
	at org.springframework.security.web.FilterChainProxy$VirtualFilterChain.doFilter(FilterChainProxy.java:334)
	at org.springframework.security.web.context.request.async.WebAsyncManagerIntegrationFilter.doFilterInternal(WebAsyncManagerIntegrationFilter.java:56)
	at org.springframework.web.filter.OncePerRequestFilter.doFilter(OncePerRequestFilter.java:119)
	at org.springframework.security.web.FilterChainProxy$VirtualFilterChain.doFilter(FilterChainProxy.java:334)
	at org.springframework.security.web.FilterChainProxy.doFilterInternal(FilterChainProxy.java:215)
	at org.springframework.security.web.FilterChainProxy.doFilter(FilterChainProxy.java:178)
	at org.springframework.web.filter.DelegatingFilterProxy.invokeDelegate(DelegatingFilterProxy.java:358)
	at org.springframework.web.filter.DelegatingFilterProxy.doFilter(DelegatingFilterProxy.java:271)
	at org.apache.catalina.core.ApplicationFilterChain.internalDoFilter(ApplicationFilterChain.java:193)
	at org.apache.catalina.core.ApplicationFilterChain.doFilter(ApplicationFilterChain.java:166)
	at org.springframework.web.filter.RequestContextFilter.doFilterInternal(RequestContextFilter.java:100)
	at org.springframework.web.filter.OncePerRequestFilter.doFilter(OncePerRequestFilter.java:119)
	at org.apache.catalina.core.ApplicationFilterChain.internalDoFilter(ApplicationFilterChain.java:193)
	at org.apache.catalina.core.ApplicationFilterChain.doFilter(ApplicationFilterChain.java:166)
	at org.springframework.web.filter.FormContentFilter.doFilterInternal(FormContentFilter.java:93)
	at org.springframework.web.filter.OncePerRequestFilter.doFilter(OncePerRequestFilter.java:119)
	at org.apache.catalina.core.ApplicationFilterChain.internalDoFilter(ApplicationFilterChain.java:193)
	at org.apache.catalina.core.ApplicationFilterChain.doFilter(ApplicationFilterChain.java:166)
	at org.springframework.boot.actuate.metrics.web.servlet.WebMvcMetricsFilter.doFilterInternal(WebMvcMetricsFilter.java:109)
	at org.springframework.web.filter.OncePerRequestFilter.doFilter(OncePerRequestFilter.java:119)
	at org.apache.catalina.core.ApplicationFilterChain.internalDoFilter(ApplicationFilterChain.java:193)
	at org.apache.catalina.core.ApplicationFilterChain.doFilter(ApplicationFilterChain.java:166)
	at org.springframework.web.filter.CharacterEncodingFilter.doFilterInternal(CharacterEncodingFilter.java:201)
	at org.springframework.web.filter.OncePerRequestFilter.doFilter(OncePerRequestFilter.java:119)
	at org.apache.catalina.core.ApplicationFilterChain.internalDoFilter(ApplicationFilterChain.java:193)
	at org.apache.catalina.core.ApplicationFilterChain.doFilter(ApplicationFilterChain.java:166)
	at org.apache.catalina.core.StandardWrapperValve.invoke(StandardWrapperValve.java:202)
	at org.apache.catalina.core.StandardContextValve.invoke(StandardContextValve.java:96)
	at org.apache.catalina.authenticator.AuthenticatorBase.invoke(AuthenticatorBase.java:541)
	at org.apache.catalina.core.StandardHostValve.invoke(StandardHostValve.java:139)
	at org.apache.catalina.valves.ErrorReportValve.invoke(ErrorReportValve.java:92)
	at org.apache.catalina.core.StandardEngineValve.invoke(StandardEngineValve.java:74)
	at org.apache.catalina.connector.CoyoteAdapter.service(CoyoteAdapter.java:343)
	at org.apache.coyote.http11.Http11Processor.service(Http11Processor.java:373)
	at org.apache.coyote.AbstractProcessorLight.process(AbstractProcessorLight.java:65)
	at org.apache.coyote.AbstractProtocol$ConnectionHandler.process(AbstractProtocol.java:868)
	at org.apache.tomcat.util.net.NioEndpoint$SocketProcessor.doRun(NioEndpoint.java:1594)
	at org.apache.tomcat.util.net.SocketProcessorBase.run(SocketProcessorBase.java:49)
	at java.base/java.util.concurrent.ThreadPoolExecutor.runWorker(ThreadPoolExecutor.java:1128)
	at java.base/java.util.concurrent.ThreadPoolExecutor$Worker.run(ThreadPoolExecutor.java:628)
	at org.apache.tomcat.util.threads.TaskThread$WrappingRunnable.run(TaskThread.java:61)
	at java.base/java.lang.Thread.run(Thread.java:834)
Caused by: java.lang.IllegalArgumentException: Unable to locate Attribute  with the the given name [] on this ManagedType [com.surshree.app.domain.entities.BaseEntity]
	at org.hibernate.metamodel.model.domain.internal.AbstractManagedType.checkNotNull(AbstractManagedType.java:147)
	at org.hibernate.metamodel.model.domain.internal.AbstractManagedType.getAttribute(AbstractManagedType.java:118)
	at org.hibernate.metamodel.model.domain.internal.AbstractManagedType.getAttribute(AbstractManagedType.java:116)
	at org.hibernate.metamodel.model.domain.internal.AbstractManagedType.getAttribute(AbstractManagedType.java:43)
	at org.hibernate.query.criteria.internal.path.AbstractFromImpl.locateAttributeInternal(AbstractFromImpl.java:111)
	at org.hibernate.query.criteria.internal.path.AbstractPathImpl.locateAttribute(AbstractPathImpl.java:204)
	at org.hibernate.query.criteria.internal.path.AbstractPathImpl.get(AbstractPathImpl.java:177)
	at com.surshree.app.repository.CompetitionEntityRepoImpl.findUsingCriteria(CompetitionEntityRepoImpl.java:45)
	at com.surshree.app.repository.CompetitionEntityRepoImpl$$FastClassBySpringCGLIB$$e0c13711.invoke(<generated>)
	at org.springframework.cglib.proxy.MethodProxy.invoke(MethodProxy.java:218)
	at org.springframework.aop.framework.CglibAopProxy$CglibMethodInvocation.invokeJoinpoint(CglibAopProxy.java:771)
	at org.springframework.aop.framework.ReflectiveMethodInvocation.proceed(ReflectiveMethodInvocation.java:163)
	at org.springframework.aop.framework.CglibAopProxy$CglibMethodInvocation.proceed(CglibAopProxy.java:749)
	at org.springframework.dao.support.PersistenceExceptionTranslationInterceptor.invoke(PersistenceExceptionTranslationInterceptor.java:139)
	... 97 common frames omitted
2020-05-22 17:58:04,401 INFO org.springframework.boot.SpringApplication [main] No active profile set, falling back to default profiles: default
2020-05-22 17:58:05,742 INFO org.springframework.data.repository.config.RepositoryConfigurationDelegate [main] Bootstrapping Spring Data JPA repositories in DEFAULT mode.
2020-05-22 17:58:06,036 INFO org.springframework.data.repository.config.RepositoryConfigurationDelegate [main] Finished Spring Data repository scanning in 179ms. Found 9 JPA repository interfaces.
2020-05-22 17:58:07,099 INFO org.springframework.cloud.context.scope.GenericScope [main] BeanFactory id=496206d4-f1c2-3f13-b4d7-1c6b3e101b4b
2020-05-22 17:58:08,200 INFO org.springframework.boot.web.embedded.tomcat.TomcatWebServer [main] Tomcat initialized with port(s): 8080 (http)
2020-05-22 17:58:08,227 INFO org.apache.juli.logging.DirectJDKLog [main] Initializing ProtocolHandler ["http-nio-8080"]
2020-05-22 17:58:08,228 INFO org.apache.juli.logging.DirectJDKLog [main] Starting service [Tomcat]
2020-05-22 17:58:08,229 INFO org.apache.juli.logging.DirectJDKLog [main] Starting Servlet engine: [Apache Tomcat/9.0.33]
2020-05-22 17:58:08,591 INFO org.apache.juli.logging.DirectJDKLog [main] Initializing Spring embedded WebApplicationContext
2020-05-22 17:58:08,593 INFO org.springframework.boot.web.servlet.context.ServletWebServerApplicationContext [main] Root WebApplicationContext: initialization completed in 4115 ms
2020-05-22 17:58:09,267 INFO com.surshree.app.config.CacheConfig [main] Initializing cache.
2020-05-22 17:58:09,426 INFO org.hibernate.jpa.internal.util.LogHelper [main] HHH000204: Processing PersistenceUnitInfo [name: default]
2020-05-22 17:58:09,563 INFO org.hibernate.Version [main] HHH000412: Hibernate ORM core version 5.4.12.Final
2020-05-22 17:58:09,934 INFO org.hibernate.annotations.common.reflection.java.JavaReflectionManager [main] HCANN000001: Hibernate Commons Annotations {5.1.0.Final}
2020-05-22 17:58:10,251 INFO com.zaxxer.hikari.HikariDataSource [main] HikariPool-1 - Starting...
2020-05-22 17:58:10,538 INFO com.zaxxer.hikari.HikariDataSource [main] HikariPool-1 - Start completed.
2020-05-22 17:58:10,602 INFO org.hibernate.dialect.Dialect [main] HHH000400: Using dialect: org.hibernate.dialect.PostgreSQL10Dialect
2020-05-22 17:58:13,764 INFO org.hibernate.engine.transaction.jta.platform.internal.JtaPlatformInitiator [main] HHH000490: Using JtaPlatform implementation: [org.hibernate.engine.transaction.jta.platform.internal.NoJtaPlatform]
2020-05-22 17:58:14,087 INFO org.springframework.orm.jpa.AbstractEntityManagerFactoryBean [main] Initialized JPA EntityManagerFactory for persistence unit 'default'
2020-05-22 17:58:14,206 WARN org.springframework.boot.autoconfigure.orm.jpa.JpaBaseConfiguration$JpaWebConfiguration [main] spring.jpa.open-in-view is enabled by default. Therefore, database queries may be performed during view rendering. Explicitly configure spring.jpa.open-in-view to disable this warning
2020-05-22 17:58:17,377 INFO org.springframework.security.web.DefaultSecurityFilterChain [main] Creating filter chain: OrRequestMatcher [requestMatchers=[Ant [pattern='/oauth/token'], Ant [pattern='/oauth/token_key'], Ant [pattern='/oauth/check_token']]], [org.springframework.security.web.context.request.async.WebAsyncManagerIntegrationFilter@29e8c09c, org.springframework.security.web.context.SecurityContextPersistenceFilter@537e52de, org.springframework.security.web.header.HeaderWriterFilter@19740583, org.springframework.security.web.authentication.logout.LogoutFilter@36e8fefe, org.springframework.web.filter.CorsFilter@5d8de155, org.springframework.security.web.authentication.www.BasicAuthenticationFilter@738da6f2, org.springframework.security.web.savedrequest.RequestCacheAwareFilter@1277a6a1, org.springframework.security.web.servletapi.SecurityContextHolderAwareRequestFilter@4c954b79, org.springframework.security.web.authentication.AnonymousAuthenticationFilter@1d0590bc, org.springframework.security.web.session.SessionManagementFilter@2f4c83f1, org.springframework.security.web.access.ExceptionTranslationFilter@29f3ea39, org.springframework.security.web.access.intercept.FilterSecurityInterceptor@f61f06e]
2020-05-22 17:58:17,429 INFO org.springframework.security.web.DefaultSecurityFilterChain [main] Creating filter chain: com.surshree.app.config.ResourceServerConfig$$Lambda$958/0x00000008009c0840@747216b6, [org.springframework.security.web.context.request.async.WebAsyncManagerIntegrationFilter@7ee6d5fd, org.springframework.security.web.context.SecurityContextPersistenceFilter@7a8316fa, org.springframework.security.web.header.HeaderWriterFilter@158f0af4, org.springframework.security.web.authentication.logout.LogoutFilter@4b2ca159, org.springframework.security.oauth2.provider.authentication.OAuth2AuthenticationProcessingFilter@23b62cc3, org.springframework.security.web.savedrequest.RequestCacheAwareFilter@46a5aff, org.springframework.security.web.servletapi.SecurityContextHolderAwareRequestFilter@695f382c, org.springframework.security.web.authentication.AnonymousAuthenticationFilter@358bbbe2, org.springframework.security.web.session.SessionManagementFilter@7a174e4b, org.springframework.security.web.access.ExceptionTranslationFilter@64f34c91, org.springframework.security.web.access.intercept.FilterSecurityInterceptor@a589070]
2020-05-22 17:58:17,951 INFO org.springframework.boot.actuate.endpoint.web.EndpointLinksResolver [main] Exposing 2 endpoint(s) beneath base path '/actuator'
2020-05-22 17:58:17,993 INFO org.springframework.security.web.DefaultSecurityFilterChain [main] Creating filter chain: any request, [org.springframework.security.web.context.request.async.WebAsyncManagerIntegrationFilter@7d90d4c6, org.springframework.security.web.context.SecurityContextPersistenceFilter@7b842e79, org.springframework.security.web.header.HeaderWriterFilter@4fb1bffd, org.springframework.web.filter.CorsFilter@453fcce2, org.springframework.security.web.authentication.logout.LogoutFilter@50c9b080, org.springframework.security.web.authentication.www.BasicAuthenticationFilter@51617b93, org.springframework.security.web.savedrequest.RequestCacheAwareFilter@6e620fa9, org.springframework.security.web.servletapi.SecurityContextHolderAwareRequestFilter@2cee1bcf, org.springframework.security.web.authentication.AnonymousAuthenticationFilter@7e147828, org.springframework.security.web.session.SessionManagementFilter@427c9a13, org.springframework.security.web.access.ExceptionTranslationFilter@745c25ed, org.springframework.security.web.access.intercept.FilterSecurityInterceptor@2a10a99b]
2020-05-22 17:58:18,167 INFO org.springframework.scheduling.concurrent.ExecutorConfigurationSupport [main] Initializing ExecutorService 'applicationTaskExecutor'
2020-05-22 17:58:18,780 INFO org.springframework.scheduling.concurrent.ExecutorConfigurationSupport [main] Initializing ExecutorService 'taskScheduler'
2020-05-22 17:58:18,949 INFO com.surshree.app.scheduling.CacheScheduler [scheduling-1] Clear user cache : START
2020-05-22 17:58:18,951 INFO com.surshree.app.scheduling.CacheScheduler [scheduling-1] Clear user cache : END
2020-05-22 17:58:18,951 INFO org.apache.juli.logging.DirectJDKLog [main] Starting ProtocolHandler ["http-nio-8080"]
2020-05-22 17:58:19,032 INFO org.springframework.boot.web.embedded.tomcat.TomcatWebServer [main] Tomcat started on port(s): 8080 (http) with context path ''
2020-05-22 17:58:19,044 INFO org.springframework.boot.StartupInfoLogger [main] Started SurShreeApplication in 16.932 seconds (JVM running for 18.01)
2020-05-22 17:58:23,242 INFO org.apache.juli.logging.DirectJDKLog [http-nio-8080-exec-1] Initializing Spring DispatcherServlet 'dispatcherServlet'
2020-05-22 17:58:23,243 INFO org.springframework.web.servlet.FrameworkServlet [http-nio-8080-exec-1] Initializing Servlet 'dispatcherServlet'
2020-05-22 17:58:23,271 INFO org.springframework.web.servlet.FrameworkServlet [http-nio-8080-exec-1] Completed initialization in 27 ms
2020-05-22 17:58:38,518 INFO com.surshree.app.services.CustomUserDetailsService [http-nio-8080-exec-3] Granted Authorities --> ROLE_ADMN
2020-05-22 17:58:38,519 INFO com.surshree.app.services.CustomUserDetailsService [http-nio-8080-exec-3] Granted Authorities --> ROLE_CONT
2020-05-22 17:58:38,522 INFO com.surshree.app.services.CustomUserDetailsService [http-nio-8080-exec-3] Granted Authorities --> FUNC_VIEW_ADMIN_MENU
2020-05-22 17:58:38,526 INFO com.surshree.app.services.CustomUserDetailsService [http-nio-8080-exec-3] Granted Authorities --> FUNC_CONT_MENU
2020-05-22 17:58:38,534 INFO com.surshree.app.services.CustomUserDetailsService [http-nio-8080-exec-3] Granted Authorities --> FUNC_CONT_MENU
2020-05-22 18:00:15,319 INFO com.surshree.app.services.CustomUserDetailsService [http-nio-8080-exec-9] Granted Authorities --> ROLE_ADMN
2020-05-22 18:00:15,320 INFO com.surshree.app.services.CustomUserDetailsService [http-nio-8080-exec-9] Granted Authorities --> ROLE_CONT
2020-05-22 18:00:15,320 INFO com.surshree.app.services.CustomUserDetailsService [http-nio-8080-exec-9] Granted Authorities --> FUNC_VIEW_ADMIN_MENU
2020-05-22 18:00:15,321 INFO com.surshree.app.services.CustomUserDetailsService [http-nio-8080-exec-9] Granted Authorities --> FUNC_CONT_MENU
2020-05-22 18:00:15,321 INFO com.surshree.app.services.CustomUserDetailsService [http-nio-8080-exec-9] Granted Authorities --> FUNC_CONT_MENU
2020-05-22 18:00:23,714 ERROR com.surshree.app.exception.CustomResponseEntityExceptionHandler [http-nio-8080-exec-3] java.io.IOException: Broken pipe
org.apache.catalina.connector.ClientAbortException: java.io.IOException: Broken pipe
	at org.apache.catalina.connector.OutputBuffer.realWriteBytes(OutputBuffer.java:351)
	at org.apache.catalina.connector.OutputBuffer.flushByteBuffer(OutputBuffer.java:776)
	at org.apache.catalina.connector.OutputBuffer.append(OutputBuffer.java:681)
	at org.apache.catalina.connector.OutputBuffer.writeBytes(OutputBuffer.java:386)
	at org.apache.catalina.connector.OutputBuffer.write(OutputBuffer.java:364)
	at org.apache.catalina.connector.CoyoteOutputStream.write(CoyoteOutputStream.java:96)
	at org.springframework.security.web.util.OnCommittedResponseWrapper$SaveContextServletOutputStream.write(OnCommittedResponseWrapper.java:645)
	at org.springframework.security.web.util.OnCommittedResponseWrapper$SaveContextServletOutputStream.write(OnCommittedResponseWrapper.java:645)
	at org.springframework.util.StreamUtils.copyRange(StreamUtils.java:180)
	at org.springframework.http.converter.ResourceRegionHttpMessageConverter.writeResourceRegion(ResourceRegionHttpMessageConverter.java:159)
	at org.springframework.http.converter.ResourceRegionHttpMessageConverter.writeInternal(ResourceRegionHttpMessageConverter.java:136)
	at org.springframework.http.converter.AbstractGenericHttpMessageConverter.write(AbstractGenericHttpMessageConverter.java:104)
	at org.springframework.web.servlet.mvc.method.annotation.AbstractMessageConverterMethodProcessor.writeWithMessageConverters(AbstractMessageConverterMethodProcessor.java:287)
	at org.springframework.web.servlet.mvc.method.annotation.HttpEntityMethodProcessor.handleReturnValue(HttpEntityMethodProcessor.java:219)
	at org.springframework.web.method.support.HandlerMethodReturnValueHandlerComposite.handleReturnValue(HandlerMethodReturnValueHandlerComposite.java:82)
	at org.springframework.web.servlet.mvc.method.annotation.ServletInvocableHandlerMethod.invokeAndHandle(ServletInvocableHandlerMethod.java:123)
	at org.springframework.web.servlet.mvc.method.annotation.RequestMappingHandlerAdapter.invokeHandlerMethod(RequestMappingHandlerAdapter.java:879)
	at org.springframework.web.servlet.mvc.method.annotation.RequestMappingHandlerAdapter.handleInternal(RequestMappingHandlerAdapter.java:793)
	at org.springframework.web.servlet.mvc.method.AbstractHandlerMethodAdapter.handle(AbstractHandlerMethodAdapter.java:87)
	at org.springframework.web.servlet.DispatcherServlet.doDispatch(DispatcherServlet.java:1040)
	at org.springframework.web.servlet.DispatcherServlet.doService(DispatcherServlet.java:943)
	at org.springframework.web.servlet.FrameworkServlet.processRequest(FrameworkServlet.java:1006)
	at org.springframework.web.servlet.FrameworkServlet.doGet(FrameworkServlet.java:898)
	at javax.servlet.http.HttpServlet.service(HttpServlet.java:634)
	at org.springframework.web.servlet.FrameworkServlet.service(FrameworkServlet.java:883)
	at javax.servlet.http.HttpServlet.service(HttpServlet.java:741)
	at org.apache.catalina.core.ApplicationFilterChain.internalDoFilter(ApplicationFilterChain.java:231)
	at org.apache.catalina.core.ApplicationFilterChain.doFilter(ApplicationFilterChain.java:166)
	at org.apache.tomcat.websocket.server.WsFilter.doFilter(WsFilter.java:53)
	at org.apache.catalina.core.ApplicationFilterChain.internalDoFilter(ApplicationFilterChain.java:193)
	at org.apache.catalina.core.ApplicationFilterChain.doFilter(ApplicationFilterChain.java:166)
	at org.springframework.security.web.FilterChainProxy$VirtualFilterChain.doFilter(FilterChainProxy.java:320)
	at org.springframework.security.web.access.intercept.FilterSecurityInterceptor.invoke(FilterSecurityInterceptor.java:126)
	at org.springframework.security.web.access.intercept.FilterSecurityInterceptor.doFilter(FilterSecurityInterceptor.java:90)
	at org.springframework.security.web.FilterChainProxy$VirtualFilterChain.doFilter(FilterChainProxy.java:334)
	at org.springframework.security.web.access.ExceptionTranslationFilter.doFilter(ExceptionTranslationFilter.java:118)
	at org.springframework.security.web.FilterChainProxy$VirtualFilterChain.doFilter(FilterChainProxy.java:334)
	at org.springframework.security.web.session.SessionManagementFilter.doFilter(SessionManagementFilter.java:137)
	at org.springframework.security.web.FilterChainProxy$VirtualFilterChain.doFilter(FilterChainProxy.java:334)
	at org.springframework.security.web.authentication.AnonymousAuthenticationFilter.doFilter(AnonymousAuthenticationFilter.java:111)
	at org.springframework.security.web.FilterChainProxy$VirtualFilterChain.doFilter(FilterChainProxy.java:334)
	at org.springframework.security.web.servletapi.SecurityContextHolderAwareRequestFilter.doFilter(SecurityContextHolderAwareRequestFilter.java:158)
	at org.springframework.security.web.FilterChainProxy$VirtualFilterChain.doFilter(FilterChainProxy.java:334)
	at org.springframework.security.web.savedrequest.RequestCacheAwareFilter.doFilter(RequestCacheAwareFilter.java:63)
	at org.springframework.security.web.FilterChainProxy$VirtualFilterChain.doFilter(FilterChainProxy.java:334)
	at org.springframework.security.web.authentication.www.BasicAuthenticationFilter.doFilterInternal(BasicAuthenticationFilter.java:155)
	at org.springframework.web.filter.OncePerRequestFilter.doFilter(OncePerRequestFilter.java:119)
	at org.springframework.security.web.FilterChainProxy$VirtualFilterChain.doFilter(FilterChainProxy.java:334)
	at org.springframework.security.web.authentication.logout.LogoutFilter.doFilter(LogoutFilter.java:116)
	at org.springframework.security.web.FilterChainProxy$VirtualFilterChain.doFilter(FilterChainProxy.java:334)
	at org.springframework.web.filter.CorsFilter.doFilterInternal(CorsFilter.java:92)
	at org.springframework.web.filter.OncePerRequestFilter.doFilter(OncePerRequestFilter.java:119)
	at org.springframework.security.web.FilterChainProxy$VirtualFilterChain.doFilter(FilterChainProxy.java:334)
	at org.springframework.security.web.header.HeaderWriterFilter.doHeadersAfter(HeaderWriterFilter.java:92)
	at org.springframework.security.web.header.HeaderWriterFilter.doFilterInternal(HeaderWriterFilter.java:77)
	at org.springframework.web.filter.OncePerRequestFilter.doFilter(OncePerRequestFilter.java:119)
	at org.springframework.security.web.FilterChainProxy$VirtualFilterChain.doFilter(FilterChainProxy.java:334)
	at org.springframework.security.web.context.SecurityContextPersistenceFilter.doFilter(SecurityContextPersistenceFilter.java:105)
	at org.springframework.security.web.FilterChainProxy$VirtualFilterChain.doFilter(FilterChainProxy.java:334)
	at org.springframework.security.web.context.request.async.WebAsyncManagerIntegrationFilter.doFilterInternal(WebAsyncManagerIntegrationFilter.java:56)
	at org.springframework.web.filter.OncePerRequestFilter.doFilter(OncePerRequestFilter.java:119)
	at org.springframework.security.web.FilterChainProxy$VirtualFilterChain.doFilter(FilterChainProxy.java:334)
	at org.springframework.security.web.FilterChainProxy.doFilterInternal(FilterChainProxy.java:215)
	at org.springframework.security.web.FilterChainProxy.doFilter(FilterChainProxy.java:178)
	at org.springframework.web.filter.DelegatingFilterProxy.invokeDelegate(DelegatingFilterProxy.java:358)
	at org.springframework.web.filter.DelegatingFilterProxy.doFilter(DelegatingFilterProxy.java:271)
	at org.apache.catalina.core.ApplicationFilterChain.internalDoFilter(ApplicationFilterChain.java:193)
	at org.apache.catalina.core.ApplicationFilterChain.doFilter(ApplicationFilterChain.java:166)
	at org.springframework.web.filter.RequestContextFilter.doFilterInternal(RequestContextFilter.java:100)
	at org.springframework.web.filter.OncePerRequestFilter.doFilter(OncePerRequestFilter.java:119)
	at org.apache.catalina.core.ApplicationFilterChain.internalDoFilter(ApplicationFilterChain.java:193)
	at org.apache.catalina.core.ApplicationFilterChain.doFilter(ApplicationFilterChain.java:166)
	at org.springframework.web.filter.FormContentFilter.doFilterInternal(FormContentFilter.java:93)
	at org.springframework.web.filter.OncePerRequestFilter.doFilter(OncePerRequestFilter.java:119)
	at org.apache.catalina.core.ApplicationFilterChain.internalDoFilter(ApplicationFilterChain.java:193)
	at org.apache.catalina.core.ApplicationFilterChain.doFilter(ApplicationFilterChain.java:166)
	at org.springframework.boot.actuate.metrics.web.servlet.WebMvcMetricsFilter.doFilterInternal(WebMvcMetricsFilter.java:109)
	at org.springframework.web.filter.OncePerRequestFilter.doFilter(OncePerRequestFilter.java:119)
	at org.apache.catalina.core.ApplicationFilterChain.internalDoFilter(ApplicationFilterChain.java:193)
	at org.apache.catalina.core.ApplicationFilterChain.doFilter(ApplicationFilterChain.java:166)
	at org.springframework.web.filter.CharacterEncodingFilter.doFilterInternal(CharacterEncodingFilter.java:201)
	at org.springframework.web.filter.OncePerRequestFilter.doFilter(OncePerRequestFilter.java:119)
	at org.apache.catalina.core.ApplicationFilterChain.internalDoFilter(ApplicationFilterChain.java:193)
	at org.apache.catalina.core.ApplicationFilterChain.doFilter(ApplicationFilterChain.java:166)
	at org.apache.catalina.core.StandardWrapperValve.invoke(StandardWrapperValve.java:202)
	at org.apache.catalina.core.StandardContextValve.invoke(StandardContextValve.java:96)
	at org.apache.catalina.authenticator.AuthenticatorBase.invoke(AuthenticatorBase.java:541)
	at org.apache.catalina.core.StandardHostValve.invoke(StandardHostValve.java:139)
	at org.apache.catalina.valves.ErrorReportValve.invoke(ErrorReportValve.java:92)
	at org.apache.catalina.core.StandardEngineValve.invoke(StandardEngineValve.java:74)
	at org.apache.catalina.connector.CoyoteAdapter.service(CoyoteAdapter.java:343)
	at org.apache.coyote.http11.Http11Processor.service(Http11Processor.java:373)
	at org.apache.coyote.AbstractProcessorLight.process(AbstractProcessorLight.java:65)
	at org.apache.coyote.AbstractProtocol$ConnectionHandler.process(AbstractProtocol.java:868)
	at org.apache.tomcat.util.net.NioEndpoint$SocketProcessor.doRun(NioEndpoint.java:1594)
	at org.apache.tomcat.util.net.SocketProcessorBase.run(SocketProcessorBase.java:49)
	at java.base/java.util.concurrent.ThreadPoolExecutor.runWorker(ThreadPoolExecutor.java:1128)
	at java.base/java.util.concurrent.ThreadPoolExecutor$Worker.run(ThreadPoolExecutor.java:628)
	at org.apache.tomcat.util.threads.TaskThread$WrappingRunnable.run(TaskThread.java:61)
	at java.base/java.lang.Thread.run(Thread.java:834)
Caused by: java.io.IOException: Broken pipe
	at java.base/sun.nio.ch.FileDispatcherImpl.write0(Native Method)
	at java.base/sun.nio.ch.SocketDispatcher.write(SocketDispatcher.java:47)
	at java.base/sun.nio.ch.IOUtil.writeFromNativeBuffer(IOUtil.java:113)
	at java.base/sun.nio.ch.IOUtil.write(IOUtil.java:79)
	at java.base/sun.nio.ch.IOUtil.write(IOUtil.java:50)
	at java.base/sun.nio.ch.SocketChannelImpl.write(SocketChannelImpl.java:466)
	at org.apache.tomcat.util.net.NioChannel.write(NioChannel.java:138)
	at org.apache.tomcat.util.net.NioBlockingSelector.write(NioBlockingSelector.java:101)
	at org.apache.tomcat.util.net.NioSelectorPool.write(NioSelectorPool.java:152)
	at org.apache.tomcat.util.net.NioEndpoint$NioSocketWrapper.doWrite(NioEndpoint.java:1253)
	at org.apache.tomcat.util.net.SocketWrapperBase.doWrite(SocketWrapperBase.java:740)
	at org.apache.tomcat.util.net.SocketWrapperBase.writeBlocking(SocketWrapperBase.java:560)
	at org.apache.tomcat.util.net.SocketWrapperBase.write(SocketWrapperBase.java:504)
	at org.apache.coyote.http11.Http11OutputBuffer$SocketOutputBuffer.doWrite(Http11OutputBuffer.java:538)
	at org.apache.coyote.http11.filters.IdentityOutputFilter.doWrite(IdentityOutputFilter.java:73)
	at org.apache.coyote.http11.Http11OutputBuffer.doWrite(Http11OutputBuffer.java:190)
	at org.apache.coyote.Response.doWrite(Response.java:601)
	at org.apache.catalina.connector.OutputBuffer.realWriteBytes(OutputBuffer.java:339)
	... 99 common frames omitted
2020-05-22 18:00:23,717 WARN org.springframework.web.servlet.mvc.method.annotation.ExceptionHandlerExceptionResolver [http-nio-8080-exec-3] Failure in @ExceptionHandler com.surshree.app.exception.CustomResponseEntityExceptionHandler#handleAllException(Exception, WebRequest)
org.springframework.http.converter.HttpMessageNotWritableException: No converter for [class com.surshree.app.exception.ExceptionMessage] with preset Content-Type 'video/mp4'
	at org.springframework.web.servlet.mvc.method.annotation.AbstractMessageConverterMethodProcessor.writeWithMessageConverters(AbstractMessageConverterMethodProcessor.java:309)
	at org.springframework.web.servlet.mvc.method.annotation.HttpEntityMethodProcessor.handleReturnValue(HttpEntityMethodProcessor.java:219)
	at org.springframework.web.method.support.HandlerMethodReturnValueHandlerComposite.handleReturnValue(HandlerMethodReturnValueHandlerComposite.java:82)
	at org.springframework.web.servlet.mvc.method.annotation.ServletInvocableHandlerMethod.invokeAndHandle(ServletInvocableHandlerMethod.java:123)
	at org.springframework.web.servlet.mvc.method.annotation.ExceptionHandlerExceptionResolver.doResolveHandlerMethodException(ExceptionHandlerExceptionResolver.java:403)
	at org.springframework.web.servlet.handler.AbstractHandlerMethodExceptionResolver.doResolveException(AbstractHandlerMethodExceptionResolver.java:61)
	at org.springframework.web.servlet.handler.AbstractHandlerExceptionResolver.resolveException(AbstractHandlerExceptionResolver.java:141)
	at org.springframework.web.servlet.handler.HandlerExceptionResolverComposite.resolveException(HandlerExceptionResolverComposite.java:80)
	at org.springframework.web.servlet.DispatcherServlet.processHandlerException(DispatcherServlet.java:1300)
	at org.springframework.web.servlet.DispatcherServlet.processDispatchResult(DispatcherServlet.java:1111)
	at org.springframework.web.servlet.DispatcherServlet.doDispatch(DispatcherServlet.java:1057)
	at org.springframework.web.servlet.DispatcherServlet.doService(DispatcherServlet.java:943)
	at org.springframework.web.servlet.FrameworkServlet.processRequest(FrameworkServlet.java:1006)
	at org.springframework.web.servlet.FrameworkServlet.doGet(FrameworkServlet.java:898)
	at javax.servlet.http.HttpServlet.service(HttpServlet.java:634)
	at org.springframework.web.servlet.FrameworkServlet.service(FrameworkServlet.java:883)
	at javax.servlet.http.HttpServlet.service(HttpServlet.java:741)
	at org.apache.catalina.core.ApplicationFilterChain.internalDoFilter(ApplicationFilterChain.java:231)
	at org.apache.catalina.core.ApplicationFilterChain.doFilter(ApplicationFilterChain.java:166)
	at org.apache.tomcat.websocket.server.WsFilter.doFilter(WsFilter.java:53)
	at org.apache.catalina.core.ApplicationFilterChain.internalDoFilter(ApplicationFilterChain.java:193)
	at org.apache.catalina.core.ApplicationFilterChain.doFilter(ApplicationFilterChain.java:166)
	at org.springframework.security.web.FilterChainProxy$VirtualFilterChain.doFilter(FilterChainProxy.java:320)
	at org.springframework.security.web.access.intercept.FilterSecurityInterceptor.invoke(FilterSecurityInterceptor.java:126)
	at org.springframework.security.web.access.intercept.FilterSecurityInterceptor.doFilter(FilterSecurityInterceptor.java:90)
	at org.springframework.security.web.FilterChainProxy$VirtualFilterChain.doFilter(FilterChainProxy.java:334)
	at org.springframework.security.web.access.ExceptionTranslationFilter.doFilter(ExceptionTranslationFilter.java:118)
	at org.springframework.security.web.FilterChainProxy$VirtualFilterChain.doFilter(FilterChainProxy.java:334)
	at org.springframework.security.web.session.SessionManagementFilter.doFilter(SessionManagementFilter.java:137)
	at org.springframework.security.web.FilterChainProxy$VirtualFilterChain.doFilter(FilterChainProxy.java:334)
	at org.springframework.security.web.authentication.AnonymousAuthenticationFilter.doFilter(AnonymousAuthenticationFilter.java:111)
	at org.springframework.security.web.FilterChainProxy$VirtualFilterChain.doFilter(FilterChainProxy.java:334)
	at org.springframework.security.web.servletapi.SecurityContextHolderAwareRequestFilter.doFilter(SecurityContextHolderAwareRequestFilter.java:158)
	at org.springframework.security.web.FilterChainProxy$VirtualFilterChain.doFilter(FilterChainProxy.java:334)
	at org.springframework.security.web.savedrequest.RequestCacheAwareFilter.doFilter(RequestCacheAwareFilter.java:63)
	at org.springframework.security.web.FilterChainProxy$VirtualFilterChain.doFilter(FilterChainProxy.java:334)
	at org.springframework.security.web.authentication.www.BasicAuthenticationFilter.doFilterInternal(BasicAuthenticationFilter.java:155)
	at org.springframework.web.filter.OncePerRequestFilter.doFilter(OncePerRequestFilter.java:119)
	at org.springframework.security.web.FilterChainProxy$VirtualFilterChain.doFilter(FilterChainProxy.java:334)
	at org.springframework.security.web.authentication.logout.LogoutFilter.doFilter(LogoutFilter.java:116)
	at org.springframework.security.web.FilterChainProxy$VirtualFilterChain.doFilter(FilterChainProxy.java:334)
	at org.springframework.web.filter.CorsFilter.doFilterInternal(CorsFilter.java:92)
	at org.springframework.web.filter.OncePerRequestFilter.doFilter(OncePerRequestFilter.java:119)
	at org.springframework.security.web.FilterChainProxy$VirtualFilterChain.doFilter(FilterChainProxy.java:334)
	at org.springframework.security.web.header.HeaderWriterFilter.doHeadersAfter(HeaderWriterFilter.java:92)
	at org.springframework.security.web.header.HeaderWriterFilter.doFilterInternal(HeaderWriterFilter.java:77)
	at org.springframework.web.filter.OncePerRequestFilter.doFilter(OncePerRequestFilter.java:119)
	at org.springframework.security.web.FilterChainProxy$VirtualFilterChain.doFilter(FilterChainProxy.java:334)
	at org.springframework.security.web.context.SecurityContextPersistenceFilter.doFilter(SecurityContextPersistenceFilter.java:105)
	at org.springframework.security.web.FilterChainProxy$VirtualFilterChain.doFilter(FilterChainProxy.java:334)
	at org.springframework.security.web.context.request.async.WebAsyncManagerIntegrationFilter.doFilterInternal(WebAsyncManagerIntegrationFilter.java:56)
	at org.springframework.web.filter.OncePerRequestFilter.doFilter(OncePerRequestFilter.java:119)
	at org.springframework.security.web.FilterChainProxy$VirtualFilterChain.doFilter(FilterChainProxy.java:334)
	at org.springframework.security.web.FilterChainProxy.doFilterInternal(FilterChainProxy.java:215)
	at org.springframework.security.web.FilterChainProxy.doFilter(FilterChainProxy.java:178)
	at org.springframework.web.filter.DelegatingFilterProxy.invokeDelegate(DelegatingFilterProxy.java:358)
	at org.springframework.web.filter.DelegatingFilterProxy.doFilter(DelegatingFilterProxy.java:271)
	at org.apache.catalina.core.ApplicationFilterChain.internalDoFilter(ApplicationFilterChain.java:193)
	at org.apache.catalina.core.ApplicationFilterChain.doFilter(ApplicationFilterChain.java:166)
	at org.springframework.web.filter.RequestContextFilter.doFilterInternal(RequestContextFilter.java:100)
	at org.springframework.web.filter.OncePerRequestFilter.doFilter(OncePerRequestFilter.java:119)
	at org.apache.catalina.core.ApplicationFilterChain.internalDoFilter(ApplicationFilterChain.java:193)
	at org.apache.catalina.core.ApplicationFilterChain.doFilter(ApplicationFilterChain.java:166)
	at org.springframework.web.filter.FormContentFilter.doFilterInternal(FormContentFilter.java:93)
	at org.springframework.web.filter.OncePerRequestFilter.doFilter(OncePerRequestFilter.java:119)
	at org.apache.catalina.core.ApplicationFilterChain.internalDoFilter(ApplicationFilterChain.java:193)
	at org.apache.catalina.core.ApplicationFilterChain.doFilter(ApplicationFilterChain.java:166)
	at org.springframework.boot.actuate.metrics.web.servlet.WebMvcMetricsFilter.doFilterInternal(WebMvcMetricsFilter.java:109)
	at org.springframework.web.filter.OncePerRequestFilter.doFilter(OncePerRequestFilter.java:119)
	at org.apache.catalina.core.ApplicationFilterChain.internalDoFilter(ApplicationFilterChain.java:193)
	at org.apache.catalina.core.ApplicationFilterChain.doFilter(ApplicationFilterChain.java:166)
	at org.springframework.web.filter.CharacterEncodingFilter.doFilterInternal(CharacterEncodingFilter.java:201)
	at org.springframework.web.filter.OncePerRequestFilter.doFilter(OncePerRequestFilter.java:119)
	at org.apache.catalina.core.ApplicationFilterChain.internalDoFilter(ApplicationFilterChain.java:193)
	at org.apache.catalina.core.ApplicationFilterChain.doFilter(ApplicationFilterChain.java:166)
	at org.apache.catalina.core.StandardWrapperValve.invoke(StandardWrapperValve.java:202)
	at org.apache.catalina.core.StandardContextValve.invoke(StandardContextValve.java:96)
	at org.apache.catalina.authenticator.AuthenticatorBase.invoke(AuthenticatorBase.java:541)
	at org.apache.catalina.core.StandardHostValve.invoke(StandardHostValve.java:139)
	at org.apache.catalina.valves.ErrorReportValve.invoke(ErrorReportValve.java:92)
	at org.apache.catalina.core.StandardEngineValve.invoke(StandardEngineValve.java:74)
	at org.apache.catalina.connector.CoyoteAdapter.service(CoyoteAdapter.java:343)
	at org.apache.coyote.http11.Http11Processor.service(Http11Processor.java:373)
	at org.apache.coyote.AbstractProcessorLight.process(AbstractProcessorLight.java:65)
	at org.apache.coyote.AbstractProtocol$ConnectionHandler.process(AbstractProtocol.java:868)
	at org.apache.tomcat.util.net.NioEndpoint$SocketProcessor.doRun(NioEndpoint.java:1594)
	at org.apache.tomcat.util.net.SocketProcessorBase.run(SocketProcessorBase.java:49)
	at java.base/java.util.concurrent.ThreadPoolExecutor.runWorker(ThreadPoolExecutor.java:1128)
	at java.base/java.util.concurrent.ThreadPoolExecutor$Worker.run(ThreadPoolExecutor.java:628)
	at org.apache.tomcat.util.threads.TaskThread$WrappingRunnable.run(TaskThread.java:61)
	at java.base/java.lang.Thread.run(Thread.java:834)
2020-05-22 18:00:26,374 ERROR com.surshree.app.exception.CustomResponseEntityExceptionHandler [http-nio-8080-exec-4] java.io.IOException: Broken pipe
org.apache.catalina.connector.ClientAbortException: java.io.IOException: Broken pipe
	at org.apache.catalina.connector.OutputBuffer.realWriteBytes(OutputBuffer.java:351)
	at org.apache.catalina.connector.OutputBuffer.flushByteBuffer(OutputBuffer.java:776)
	at org.apache.catalina.connector.OutputBuffer.append(OutputBuffer.java:681)
	at org.apache.catalina.connector.OutputBuffer.writeBytes(OutputBuffer.java:386)
	at org.apache.catalina.connector.OutputBuffer.write(OutputBuffer.java:364)
	at org.apache.catalina.connector.CoyoteOutputStream.write(CoyoteOutputStream.java:96)
	at org.springframework.security.web.util.OnCommittedResponseWrapper$SaveContextServletOutputStream.write(OnCommittedResponseWrapper.java:645)
	at org.springframework.security.web.util.OnCommittedResponseWrapper$SaveContextServletOutputStream.write(OnCommittedResponseWrapper.java:645)
	at org.springframework.util.StreamUtils.copyRange(StreamUtils.java:180)
	at org.springframework.http.converter.ResourceRegionHttpMessageConverter.writeResourceRegion(ResourceRegionHttpMessageConverter.java:159)
	at org.springframework.http.converter.ResourceRegionHttpMessageConverter.writeInternal(ResourceRegionHttpMessageConverter.java:136)
	at org.springframework.http.converter.AbstractGenericHttpMessageConverter.write(AbstractGenericHttpMessageConverter.java:104)
	at org.springframework.web.servlet.mvc.method.annotation.AbstractMessageConverterMethodProcessor.writeWithMessageConverters(AbstractMessageConverterMethodProcessor.java:287)
	at org.springframework.web.servlet.mvc.method.annotation.HttpEntityMethodProcessor.handleReturnValue(HttpEntityMethodProcessor.java:219)
	at org.springframework.web.method.support.HandlerMethodReturnValueHandlerComposite.handleReturnValue(HandlerMethodReturnValueHandlerComposite.java:82)
	at org.springframework.web.servlet.mvc.method.annotation.ServletInvocableHandlerMethod.invokeAndHandle(ServletInvocableHandlerMethod.java:123)
	at org.springframework.web.servlet.mvc.method.annotation.RequestMappingHandlerAdapter.invokeHandlerMethod(RequestMappingHandlerAdapter.java:879)
	at org.springframework.web.servlet.mvc.method.annotation.RequestMappingHandlerAdapter.handleInternal(RequestMappingHandlerAdapter.java:793)
	at org.springframework.web.servlet.mvc.method.AbstractHandlerMethodAdapter.handle(AbstractHandlerMethodAdapter.java:87)
	at org.springframework.web.servlet.DispatcherServlet.doDispatch(DispatcherServlet.java:1040)
	at org.springframework.web.servlet.DispatcherServlet.doService(DispatcherServlet.java:943)
	at org.springframework.web.servlet.FrameworkServlet.processRequest(FrameworkServlet.java:1006)
	at org.springframework.web.servlet.FrameworkServlet.doGet(FrameworkServlet.java:898)
	at javax.servlet.http.HttpServlet.service(HttpServlet.java:634)
	at org.springframework.web.servlet.FrameworkServlet.service(FrameworkServlet.java:883)
	at javax.servlet.http.HttpServlet.service(HttpServlet.java:741)
	at org.apache.catalina.core.ApplicationFilterChain.internalDoFilter(ApplicationFilterChain.java:231)
	at org.apache.catalina.core.ApplicationFilterChain.doFilter(ApplicationFilterChain.java:166)
	at org.apache.tomcat.websocket.server.WsFilter.doFilter(WsFilter.java:53)
	at org.apache.catalina.core.ApplicationFilterChain.internalDoFilter(ApplicationFilterChain.java:193)
	at org.apache.catalina.core.ApplicationFilterChain.doFilter(ApplicationFilterChain.java:166)
	at org.springframework.security.web.FilterChainProxy$VirtualFilterChain.doFilter(FilterChainProxy.java:320)
	at org.springframework.security.web.access.intercept.FilterSecurityInterceptor.invoke(FilterSecurityInterceptor.java:126)
	at org.springframework.security.web.access.intercept.FilterSecurityInterceptor.doFilter(FilterSecurityInterceptor.java:90)
	at org.springframework.security.web.FilterChainProxy$VirtualFilterChain.doFilter(FilterChainProxy.java:334)
	at org.springframework.security.web.access.ExceptionTranslationFilter.doFilter(ExceptionTranslationFilter.java:118)
	at org.springframework.security.web.FilterChainProxy$VirtualFilterChain.doFilter(FilterChainProxy.java:334)
	at org.springframework.security.web.session.SessionManagementFilter.doFilter(SessionManagementFilter.java:137)
	at org.springframework.security.web.FilterChainProxy$VirtualFilterChain.doFilter(FilterChainProxy.java:334)
	at org.springframework.security.web.authentication.AnonymousAuthenticationFilter.doFilter(AnonymousAuthenticationFilter.java:111)
	at org.springframework.security.web.FilterChainProxy$VirtualFilterChain.doFilter(FilterChainProxy.java:334)
	at org.springframework.security.web.servletapi.SecurityContextHolderAwareRequestFilter.doFilter(SecurityContextHolderAwareRequestFilter.java:158)
	at org.springframework.security.web.FilterChainProxy$VirtualFilterChain.doFilter(FilterChainProxy.java:334)
	at org.springframework.security.web.savedrequest.RequestCacheAwareFilter.doFilter(RequestCacheAwareFilter.java:63)
	at org.springframework.security.web.FilterChainProxy$VirtualFilterChain.doFilter(FilterChainProxy.java:334)
	at org.springframework.security.web.authentication.www.BasicAuthenticationFilter.doFilterInternal(BasicAuthenticationFilter.java:155)
	at org.springframework.web.filter.OncePerRequestFilter.doFilter(OncePerRequestFilter.java:119)
	at org.springframework.security.web.FilterChainProxy$VirtualFilterChain.doFilter(FilterChainProxy.java:334)
	at org.springframework.security.web.authentication.logout.LogoutFilter.doFilter(LogoutFilter.java:116)
	at org.springframework.security.web.FilterChainProxy$VirtualFilterChain.doFilter(FilterChainProxy.java:334)
	at org.springframework.web.filter.CorsFilter.doFilterInternal(CorsFilter.java:92)
	at org.springframework.web.filter.OncePerRequestFilter.doFilter(OncePerRequestFilter.java:119)
	at org.springframework.security.web.FilterChainProxy$VirtualFilterChain.doFilter(FilterChainProxy.java:334)
	at org.springframework.security.web.header.HeaderWriterFilter.doHeadersAfter(HeaderWriterFilter.java:92)
	at org.springframework.security.web.header.HeaderWriterFilter.doFilterInternal(HeaderWriterFilter.java:77)
	at org.springframework.web.filter.OncePerRequestFilter.doFilter(OncePerRequestFilter.java:119)
	at org.springframework.security.web.FilterChainProxy$VirtualFilterChain.doFilter(FilterChainProxy.java:334)
	at org.springframework.security.web.context.SecurityContextPersistenceFilter.doFilter(SecurityContextPersistenceFilter.java:105)
	at org.springframework.security.web.FilterChainProxy$VirtualFilterChain.doFilter(FilterChainProxy.java:334)
	at org.springframework.security.web.context.request.async.WebAsyncManagerIntegrationFilter.doFilterInternal(WebAsyncManagerIntegrationFilter.java:56)
	at org.springframework.web.filter.OncePerRequestFilter.doFilter(OncePerRequestFilter.java:119)
	at org.springframework.security.web.FilterChainProxy$VirtualFilterChain.doFilter(FilterChainProxy.java:334)
	at org.springframework.security.web.FilterChainProxy.doFilterInternal(FilterChainProxy.java:215)
	at org.springframework.security.web.FilterChainProxy.doFilter(FilterChainProxy.java:178)
	at org.springframework.web.filter.DelegatingFilterProxy.invokeDelegate(DelegatingFilterProxy.java:358)
	at org.springframework.web.filter.DelegatingFilterProxy.doFilter(DelegatingFilterProxy.java:271)
	at org.apache.catalina.core.ApplicationFilterChain.internalDoFilter(ApplicationFilterChain.java:193)
	at org.apache.catalina.core.ApplicationFilterChain.doFilter(ApplicationFilterChain.java:166)
	at org.springframework.web.filter.RequestContextFilter.doFilterInternal(RequestContextFilter.java:100)
	at org.springframework.web.filter.OncePerRequestFilter.doFilter(OncePerRequestFilter.java:119)
	at org.apache.catalina.core.ApplicationFilterChain.internalDoFilter(ApplicationFilterChain.java:193)
	at org.apache.catalina.core.ApplicationFilterChain.doFilter(ApplicationFilterChain.java:166)
	at org.springframework.web.filter.FormContentFilter.doFilterInternal(FormContentFilter.java:93)
	at org.springframework.web.filter.OncePerRequestFilter.doFilter(OncePerRequestFilter.java:119)
	at org.apache.catalina.core.ApplicationFilterChain.internalDoFilter(ApplicationFilterChain.java:193)
	at org.apache.catalina.core.ApplicationFilterChain.doFilter(ApplicationFilterChain.java:166)
	at org.springframework.boot.actuate.metrics.web.servlet.WebMvcMetricsFilter.doFilterInternal(WebMvcMetricsFilter.java:109)
	at org.springframework.web.filter.OncePerRequestFilter.doFilter(OncePerRequestFilter.java:119)
	at org.apache.catalina.core.ApplicationFilterChain.internalDoFilter(ApplicationFilterChain.java:193)
	at org.apache.catalina.core.ApplicationFilterChain.doFilter(ApplicationFilterChain.java:166)
	at org.springframework.web.filter.CharacterEncodingFilter.doFilterInternal(CharacterEncodingFilter.java:201)
	at org.springframework.web.filter.OncePerRequestFilter.doFilter(OncePerRequestFilter.java:119)
	at org.apache.catalina.core.ApplicationFilterChain.internalDoFilter(ApplicationFilterChain.java:193)
	at org.apache.catalina.core.ApplicationFilterChain.doFilter(ApplicationFilterChain.java:166)
	at org.apache.catalina.core.StandardWrapperValve.invoke(StandardWrapperValve.java:202)
	at org.apache.catalina.core.StandardContextValve.invoke(StandardContextValve.java:96)
	at org.apache.catalina.authenticator.AuthenticatorBase.invoke(AuthenticatorBase.java:541)
	at org.apache.catalina.core.StandardHostValve.invoke(StandardHostValve.java:139)
	at org.apache.catalina.valves.ErrorReportValve.invoke(ErrorReportValve.java:92)
	at org.apache.catalina.core.StandardEngineValve.invoke(StandardEngineValve.java:74)
	at org.apache.catalina.connector.CoyoteAdapter.service(CoyoteAdapter.java:343)
	at org.apache.coyote.http11.Http11Processor.service(Http11Processor.java:373)
	at org.apache.coyote.AbstractProcessorLight.process(AbstractProcessorLight.java:65)
	at org.apache.coyote.AbstractProtocol$ConnectionHandler.process(AbstractProtocol.java:868)
	at org.apache.tomcat.util.net.NioEndpoint$SocketProcessor.doRun(NioEndpoint.java:1594)
	at org.apache.tomcat.util.net.SocketProcessorBase.run(SocketProcessorBase.java:49)
	at java.base/java.util.concurrent.ThreadPoolExecutor.runWorker(ThreadPoolExecutor.java:1128)
	at java.base/java.util.concurrent.ThreadPoolExecutor$Worker.run(ThreadPoolExecutor.java:628)
	at org.apache.tomcat.util.threads.TaskThread$WrappingRunnable.run(TaskThread.java:61)
	at java.base/java.lang.Thread.run(Thread.java:834)
Caused by: java.io.IOException: Broken pipe
	at java.base/sun.nio.ch.FileDispatcherImpl.write0(Native Method)
	at java.base/sun.nio.ch.SocketDispatcher.write(SocketDispatcher.java:47)
	at java.base/sun.nio.ch.IOUtil.writeFromNativeBuffer(IOUtil.java:113)
	at java.base/sun.nio.ch.IOUtil.write(IOUtil.java:79)
	at java.base/sun.nio.ch.IOUtil.write(IOUtil.java:50)
	at java.base/sun.nio.ch.SocketChannelImpl.write(SocketChannelImpl.java:466)
	at org.apache.tomcat.util.net.NioChannel.write(NioChannel.java:138)
	at org.apache.tomcat.util.net.NioBlockingSelector.write(NioBlockingSelector.java:101)
	at org.apache.tomcat.util.net.NioSelectorPool.write(NioSelectorPool.java:152)
	at org.apache.tomcat.util.net.NioEndpoint$NioSocketWrapper.doWrite(NioEndpoint.java:1253)
	at org.apache.tomcat.util.net.SocketWrapperBase.doWrite(SocketWrapperBase.java:740)
	at org.apache.tomcat.util.net.SocketWrapperBase.writeBlocking(SocketWrapperBase.java:560)
	at org.apache.tomcat.util.net.SocketWrapperBase.write(SocketWrapperBase.java:504)
	at org.apache.coyote.http11.Http11OutputBuffer$SocketOutputBuffer.doWrite(Http11OutputBuffer.java:538)
	at org.apache.coyote.http11.filters.IdentityOutputFilter.doWrite(IdentityOutputFilter.java:73)
	at org.apache.coyote.http11.Http11OutputBuffer.doWrite(Http11OutputBuffer.java:190)
	at org.apache.coyote.Response.doWrite(Response.java:601)
	at org.apache.catalina.connector.OutputBuffer.realWriteBytes(OutputBuffer.java:339)
	... 99 common frames omitted
2020-05-22 18:00:26,377 WARN org.springframework.web.servlet.mvc.method.annotation.ExceptionHandlerExceptionResolver [http-nio-8080-exec-4] Failure in @ExceptionHandler com.surshree.app.exception.CustomResponseEntityExceptionHandler#handleAllException(Exception, WebRequest)
org.springframework.http.converter.HttpMessageNotWritableException: No converter for [class com.surshree.app.exception.ExceptionMessage] with preset Content-Type 'video/mp4'
	at org.springframework.web.servlet.mvc.method.annotation.AbstractMessageConverterMethodProcessor.writeWithMessageConverters(AbstractMessageConverterMethodProcessor.java:309)
	at org.springframework.web.servlet.mvc.method.annotation.HttpEntityMethodProcessor.handleReturnValue(HttpEntityMethodProcessor.java:219)
	at org.springframework.web.method.support.HandlerMethodReturnValueHandlerComposite.handleReturnValue(HandlerMethodReturnValueHandlerComposite.java:82)
	at org.springframework.web.servlet.mvc.method.annotation.ServletInvocableHandlerMethod.invokeAndHandle(ServletInvocableHandlerMethod.java:123)
	at org.springframework.web.servlet.mvc.method.annotation.ExceptionHandlerExceptionResolver.doResolveHandlerMethodException(ExceptionHandlerExceptionResolver.java:403)
	at org.springframework.web.servlet.handler.AbstractHandlerMethodExceptionResolver.doResolveException(AbstractHandlerMethodExceptionResolver.java:61)
	at org.springframework.web.servlet.handler.AbstractHandlerExceptionResolver.resolveException(AbstractHandlerExceptionResolver.java:141)
	at org.springframework.web.servlet.handler.HandlerExceptionResolverComposite.resolveException(HandlerExceptionResolverComposite.java:80)
	at org.springframework.web.servlet.DispatcherServlet.processHandlerException(DispatcherServlet.java:1300)
	at org.springframework.web.servlet.DispatcherServlet.processDispatchResult(DispatcherServlet.java:1111)
	at org.springframework.web.servlet.DispatcherServlet.doDispatch(DispatcherServlet.java:1057)
	at org.springframework.web.servlet.DispatcherServlet.doService(DispatcherServlet.java:943)
	at org.springframework.web.servlet.FrameworkServlet.processRequest(FrameworkServlet.java:1006)
	at org.springframework.web.servlet.FrameworkServlet.doGet(FrameworkServlet.java:898)
	at javax.servlet.http.HttpServlet.service(HttpServlet.java:634)
	at org.springframework.web.servlet.FrameworkServlet.service(FrameworkServlet.java:883)
	at javax.servlet.http.HttpServlet.service(HttpServlet.java:741)
	at org.apache.catalina.core.ApplicationFilterChain.internalDoFilter(ApplicationFilterChain.java:231)
	at org.apache.catalina.core.ApplicationFilterChain.doFilter(ApplicationFilterChain.java:166)
	at org.apache.tomcat.websocket.server.WsFilter.doFilter(WsFilter.java:53)
	at org.apache.catalina.core.ApplicationFilterChain.internalDoFilter(ApplicationFilterChain.java:193)
	at org.apache.catalina.core.ApplicationFilterChain.doFilter(ApplicationFilterChain.java:166)
	at org.springframework.security.web.FilterChainProxy$VirtualFilterChain.doFilter(FilterChainProxy.java:320)
	at org.springframework.security.web.access.intercept.FilterSecurityInterceptor.invoke(FilterSecurityInterceptor.java:126)
	at org.springframework.security.web.access.intercept.FilterSecurityInterceptor.doFilter(FilterSecurityInterceptor.java:90)
	at org.springframework.security.web.FilterChainProxy$VirtualFilterChain.doFilter(FilterChainProxy.java:334)
	at org.springframework.security.web.access.ExceptionTranslationFilter.doFilter(ExceptionTranslationFilter.java:118)
	at org.springframework.security.web.FilterChainProxy$VirtualFilterChain.doFilter(FilterChainProxy.java:334)
	at org.springframework.security.web.session.SessionManagementFilter.doFilter(SessionManagementFilter.java:137)
	at org.springframework.security.web.FilterChainProxy$VirtualFilterChain.doFilter(FilterChainProxy.java:334)
	at org.springframework.security.web.authentication.AnonymousAuthenticationFilter.doFilter(AnonymousAuthenticationFilter.java:111)
	at org.springframework.security.web.FilterChainProxy$VirtualFilterChain.doFilter(FilterChainProxy.java:334)
	at org.springframework.security.web.servletapi.SecurityContextHolderAwareRequestFilter.doFilter(SecurityContextHolderAwareRequestFilter.java:158)
	at org.springframework.security.web.FilterChainProxy$VirtualFilterChain.doFilter(FilterChainProxy.java:334)
	at org.springframework.security.web.savedrequest.RequestCacheAwareFilter.doFilter(RequestCacheAwareFilter.java:63)
	at org.springframework.security.web.FilterChainProxy$VirtualFilterChain.doFilter(FilterChainProxy.java:334)
	at org.springframework.security.web.authentication.www.BasicAuthenticationFilter.doFilterInternal(BasicAuthenticationFilter.java:155)
	at org.springframework.web.filter.OncePerRequestFilter.doFilter(OncePerRequestFilter.java:119)
	at org.springframework.security.web.FilterChainProxy$VirtualFilterChain.doFilter(FilterChainProxy.java:334)
	at org.springframework.security.web.authentication.logout.LogoutFilter.doFilter(LogoutFilter.java:116)
	at org.springframework.security.web.FilterChainProxy$VirtualFilterChain.doFilter(FilterChainProxy.java:334)
	at org.springframework.web.filter.CorsFilter.doFilterInternal(CorsFilter.java:92)
	at org.springframework.web.filter.OncePerRequestFilter.doFilter(OncePerRequestFilter.java:119)
	at org.springframework.security.web.FilterChainProxy$VirtualFilterChain.doFilter(FilterChainProxy.java:334)
	at org.springframework.security.web.header.HeaderWriterFilter.doHeadersAfter(HeaderWriterFilter.java:92)
	at org.springframework.security.web.header.HeaderWriterFilter.doFilterInternal(HeaderWriterFilter.java:77)
	at org.springframework.web.filter.OncePerRequestFilter.doFilter(OncePerRequestFilter.java:119)
	at org.springframework.security.web.FilterChainProxy$VirtualFilterChain.doFilter(FilterChainProxy.java:334)
	at org.springframework.security.web.context.SecurityContextPersistenceFilter.doFilter(SecurityContextPersistenceFilter.java:105)
	at org.springframework.security.web.FilterChainProxy$VirtualFilterChain.doFilter(FilterChainProxy.java:334)
	at org.springframework.security.web.context.request.async.WebAsyncManagerIntegrationFilter.doFilterInternal(WebAsyncManagerIntegrationFilter.java:56)
	at org.springframework.web.filter.OncePerRequestFilter.doFilter(OncePerRequestFilter.java:119)
	at org.springframework.security.web.FilterChainProxy$VirtualFilterChain.doFilter(FilterChainProxy.java:334)
	at org.springframework.security.web.FilterChainProxy.doFilterInternal(FilterChainProxy.java:215)
	at org.springframework.security.web.FilterChainProxy.doFilter(FilterChainProxy.java:178)
	at org.springframework.web.filter.DelegatingFilterProxy.invokeDelegate(DelegatingFilterProxy.java:358)
	at org.springframework.web.filter.DelegatingFilterProxy.doFilter(DelegatingFilterProxy.java:271)
	at org.apache.catalina.core.ApplicationFilterChain.internalDoFilter(ApplicationFilterChain.java:193)
	at org.apache.catalina.core.ApplicationFilterChain.doFilter(ApplicationFilterChain.java:166)
	at org.springframework.web.filter.RequestContextFilter.doFilterInternal(RequestContextFilter.java:100)
	at org.springframework.web.filter.OncePerRequestFilter.doFilter(OncePerRequestFilter.java:119)
	at org.apache.catalina.core.ApplicationFilterChain.internalDoFilter(ApplicationFilterChain.java:193)
	at org.apache.catalina.core.ApplicationFilterChain.doFilter(ApplicationFilterChain.java:166)
	at org.springframework.web.filter.FormContentFilter.doFilterInternal(FormContentFilter.java:93)
	at org.springframework.web.filter.OncePerRequestFilter.doFilter(OncePerRequestFilter.java:119)
	at org.apache.catalina.core.ApplicationFilterChain.internalDoFilter(ApplicationFilterChain.java:193)
	at org.apache.catalina.core.ApplicationFilterChain.doFilter(ApplicationFilterChain.java:166)
	at org.springframework.boot.actuate.metrics.web.servlet.WebMvcMetricsFilter.doFilterInternal(WebMvcMetricsFilter.java:109)
	at org.springframework.web.filter.OncePerRequestFilter.doFilter(OncePerRequestFilter.java:119)
	at org.apache.catalina.core.ApplicationFilterChain.internalDoFilter(ApplicationFilterChain.java:193)
	at org.apache.catalina.core.ApplicationFilterChain.doFilter(ApplicationFilterChain.java:166)
	at org.springframework.web.filter.CharacterEncodingFilter.doFilterInternal(CharacterEncodingFilter.java:201)
	at org.springframework.web.filter.OncePerRequestFilter.doFilter(OncePerRequestFilter.java:119)
	at org.apache.catalina.core.ApplicationFilterChain.internalDoFilter(ApplicationFilterChain.java:193)
	at org.apache.catalina.core.ApplicationFilterChain.doFilter(ApplicationFilterChain.java:166)
	at org.apache.catalina.core.StandardWrapperValve.invoke(StandardWrapperValve.java:202)
	at org.apache.catalina.core.StandardContextValve.invoke(StandardContextValve.java:96)
	at org.apache.catalina.authenticator.AuthenticatorBase.invoke(AuthenticatorBase.java:541)
	at org.apache.catalina.core.StandardHostValve.invoke(StandardHostValve.java:139)
	at org.apache.catalina.valves.ErrorReportValve.invoke(ErrorReportValve.java:92)
	at org.apache.catalina.core.StandardEngineValve.invoke(StandardEngineValve.java:74)
	at org.apache.catalina.connector.CoyoteAdapter.service(CoyoteAdapter.java:343)
	at org.apache.coyote.http11.Http11Processor.service(Http11Processor.java:373)
	at org.apache.coyote.AbstractProcessorLight.process(AbstractProcessorLight.java:65)
	at org.apache.coyote.AbstractProtocol$ConnectionHandler.process(AbstractProtocol.java:868)
	at org.apache.tomcat.util.net.NioEndpoint$SocketProcessor.doRun(NioEndpoint.java:1594)
	at org.apache.tomcat.util.net.SocketProcessorBase.run(SocketProcessorBase.java:49)
	at java.base/java.util.concurrent.ThreadPoolExecutor.runWorker(ThreadPoolExecutor.java:1128)
	at java.base/java.util.concurrent.ThreadPoolExecutor$Worker.run(ThreadPoolExecutor.java:628)
	at org.apache.tomcat.util.threads.TaskThread$WrappingRunnable.run(TaskThread.java:61)
	at java.base/java.lang.Thread.run(Thread.java:834)
2020-05-22 18:01:22,798 INFO com.surshree.app.services.CustomUserDetailsService [http-nio-8080-exec-3] Granted Authorities --> ROLE_ADMN
2020-05-22 18:01:22,806 INFO com.surshree.app.services.CustomUserDetailsService [http-nio-8080-exec-3] Granted Authorities --> ROLE_CONT
2020-05-22 18:01:22,807 INFO com.surshree.app.services.CustomUserDetailsService [http-nio-8080-exec-3] Granted Authorities --> FUNC_VIEW_ADMIN_MENU
2020-05-22 18:01:22,808 INFO com.surshree.app.services.CustomUserDetailsService [http-nio-8080-exec-3] Granted Authorities --> FUNC_CONT_MENU
2020-05-22 18:01:22,808 INFO com.surshree.app.services.CustomUserDetailsService [http-nio-8080-exec-3] Granted Authorities --> FUNC_CONT_MENU
2020-05-22 18:01:41,977 INFO com.surshree.app.services.CustomUserDetailsService [http-nio-8080-exec-7] Granted Authorities --> ROLE_ADMN
2020-05-22 18:01:41,987 INFO com.surshree.app.services.CustomUserDetailsService [http-nio-8080-exec-7] Granted Authorities --> ROLE_CONT
2020-05-22 18:01:41,989 INFO com.surshree.app.services.CustomUserDetailsService [http-nio-8080-exec-7] Granted Authorities --> FUNC_VIEW_ADMIN_MENU
2020-05-22 18:01:41,990 INFO com.surshree.app.services.CustomUserDetailsService [http-nio-8080-exec-7] Granted Authorities --> FUNC_CONT_MENU
2020-05-22 18:01:41,992 INFO com.surshree.app.services.CustomUserDetailsService [http-nio-8080-exec-7] Granted Authorities --> FUNC_CONT_MENU
2020-05-22 18:02:02,932 INFO com.surshree.app.services.CustomUserDetailsService [http-nio-8080-exec-8] Granted Authorities --> ROLE_CONT
2020-05-22 18:02:02,933 INFO com.surshree.app.services.CustomUserDetailsService [http-nio-8080-exec-8] Granted Authorities --> FUNC_CONT_MENU
2020-05-22 18:02:02,981 INFO org.springframework.security.oauth2.provider.token.store.JdbcTokenStore [http-nio-8080-exec-8] Failed to find access token for token 7b0432ba-b8c0-4b01-89ad-11ce1eaacc44
2020-05-22 18:02:17,956 INFO com.surshree.app.services.CustomUserDetailsService [http-nio-8080-exec-10] Granted Authorities --> ROLE_CONT
2020-05-22 18:02:17,957 INFO com.surshree.app.services.CustomUserDetailsService [http-nio-8080-exec-10] Granted Authorities --> FUNC_CONT_MENU
2020-05-22 18:02:29,804 INFO com.surshree.app.services.CustomUserDetailsService [http-nio-8080-exec-4] Granted Authorities --> ROLE_CONT
2020-05-22 18:02:29,806 INFO com.surshree.app.services.CustomUserDetailsService [http-nio-8080-exec-4] Granted Authorities --> FUNC_CONT_MENU
2020-05-22 18:03:11,161 INFO com.surshree.app.controllers.FileController [http-nio-8080-exec-6] File download URL --> http://192.168.15.13:8080/file/9a5172c8-de68-4532-9235-b1ab7060ba2d
2020-05-22 18:03:20,787 INFO com.surshree.app.services.CustomUserDetailsService [http-nio-8080-exec-9] Granted Authorities --> ROLE_CONT
2020-05-22 18:03:20,788 INFO com.surshree.app.services.CustomUserDetailsService [http-nio-8080-exec-9] Granted Authorities --> FUNC_CONT_MENU
2020-05-22 18:03:21,247 ERROR com.surshree.app.exception.CustomResponseEntityExceptionHandler [http-nio-8080-exec-10] java.io.IOException: Broken pipe
org.apache.catalina.connector.ClientAbortException: java.io.IOException: Broken pipe
	at org.apache.catalina.connector.OutputBuffer.realWriteBytes(OutputBuffer.java:351)
	at org.apache.catalina.connector.OutputBuffer.flushByteBuffer(OutputBuffer.java:776)
	at org.apache.catalina.connector.OutputBuffer.append(OutputBuffer.java:681)
	at org.apache.catalina.connector.OutputBuffer.writeBytes(OutputBuffer.java:386)
	at org.apache.catalina.connector.OutputBuffer.write(OutputBuffer.java:364)
	at org.apache.catalina.connector.CoyoteOutputStream.write(CoyoteOutputStream.java:96)
	at org.springframework.security.web.util.OnCommittedResponseWrapper$SaveContextServletOutputStream.write(OnCommittedResponseWrapper.java:645)
	at org.springframework.security.web.util.OnCommittedResponseWrapper$SaveContextServletOutputStream.write(OnCommittedResponseWrapper.java:645)
	at org.springframework.util.StreamUtils.copyRange(StreamUtils.java:180)
	at org.springframework.http.converter.ResourceRegionHttpMessageConverter.writeResourceRegion(ResourceRegionHttpMessageConverter.java:159)
	at org.springframework.http.converter.ResourceRegionHttpMessageConverter.writeInternal(ResourceRegionHttpMessageConverter.java:136)
	at org.springframework.http.converter.AbstractGenericHttpMessageConverter.write(AbstractGenericHttpMessageConverter.java:104)
	at org.springframework.web.servlet.mvc.method.annotation.AbstractMessageConverterMethodProcessor.writeWithMessageConverters(AbstractMessageConverterMethodProcessor.java:287)
	at org.springframework.web.servlet.mvc.method.annotation.HttpEntityMethodProcessor.handleReturnValue(HttpEntityMethodProcessor.java:219)
	at org.springframework.web.method.support.HandlerMethodReturnValueHandlerComposite.handleReturnValue(HandlerMethodReturnValueHandlerComposite.java:82)
	at org.springframework.web.servlet.mvc.method.annotation.ServletInvocableHandlerMethod.invokeAndHandle(ServletInvocableHandlerMethod.java:123)
	at org.springframework.web.servlet.mvc.method.annotation.RequestMappingHandlerAdapter.invokeHandlerMethod(RequestMappingHandlerAdapter.java:879)
	at org.springframework.web.servlet.mvc.method.annotation.RequestMappingHandlerAdapter.handleInternal(RequestMappingHandlerAdapter.java:793)
	at org.springframework.web.servlet.mvc.method.AbstractHandlerMethodAdapter.handle(AbstractHandlerMethodAdapter.java:87)
	at org.springframework.web.servlet.DispatcherServlet.doDispatch(DispatcherServlet.java:1040)
	at org.springframework.web.servlet.DispatcherServlet.doService(DispatcherServlet.java:943)
	at org.springframework.web.servlet.FrameworkServlet.processRequest(FrameworkServlet.java:1006)
	at org.springframework.web.servlet.FrameworkServlet.doGet(FrameworkServlet.java:898)
	at javax.servlet.http.HttpServlet.service(HttpServlet.java:634)
	at org.springframework.web.servlet.FrameworkServlet.service(FrameworkServlet.java:883)
	at javax.servlet.http.HttpServlet.service(HttpServlet.java:741)
	at org.apache.catalina.core.ApplicationFilterChain.internalDoFilter(ApplicationFilterChain.java:231)
	at org.apache.catalina.core.ApplicationFilterChain.doFilter(ApplicationFilterChain.java:166)
	at org.apache.tomcat.websocket.server.WsFilter.doFilter(WsFilter.java:53)
	at org.apache.catalina.core.ApplicationFilterChain.internalDoFilter(ApplicationFilterChain.java:193)
	at org.apache.catalina.core.ApplicationFilterChain.doFilter(ApplicationFilterChain.java:166)
	at org.springframework.security.web.FilterChainProxy$VirtualFilterChain.doFilter(FilterChainProxy.java:320)
	at org.springframework.security.web.access.intercept.FilterSecurityInterceptor.invoke(FilterSecurityInterceptor.java:126)
	at org.springframework.security.web.access.intercept.FilterSecurityInterceptor.doFilter(FilterSecurityInterceptor.java:90)
	at org.springframework.security.web.FilterChainProxy$VirtualFilterChain.doFilter(FilterChainProxy.java:334)
	at org.springframework.security.web.access.ExceptionTranslationFilter.doFilter(ExceptionTranslationFilter.java:118)
	at org.springframework.security.web.FilterChainProxy$VirtualFilterChain.doFilter(FilterChainProxy.java:334)
	at org.springframework.security.web.session.SessionManagementFilter.doFilter(SessionManagementFilter.java:137)
	at org.springframework.security.web.FilterChainProxy$VirtualFilterChain.doFilter(FilterChainProxy.java:334)
	at org.springframework.security.web.authentication.AnonymousAuthenticationFilter.doFilter(AnonymousAuthenticationFilter.java:111)
	at org.springframework.security.web.FilterChainProxy$VirtualFilterChain.doFilter(FilterChainProxy.java:334)
	at org.springframework.security.web.servletapi.SecurityContextHolderAwareRequestFilter.doFilter(SecurityContextHolderAwareRequestFilter.java:158)
	at org.springframework.security.web.FilterChainProxy$VirtualFilterChain.doFilter(FilterChainProxy.java:334)
	at org.springframework.security.web.savedrequest.RequestCacheAwareFilter.doFilter(RequestCacheAwareFilter.java:63)
	at org.springframework.security.web.FilterChainProxy$VirtualFilterChain.doFilter(FilterChainProxy.java:334)
	at org.springframework.security.web.authentication.www.BasicAuthenticationFilter.doFilterInternal(BasicAuthenticationFilter.java:155)
	at org.springframework.web.filter.OncePerRequestFilter.doFilter(OncePerRequestFilter.java:119)
	at org.springframework.security.web.FilterChainProxy$VirtualFilterChain.doFilter(FilterChainProxy.java:334)
	at org.springframework.security.web.authentication.logout.LogoutFilter.doFilter(LogoutFilter.java:116)
	at org.springframework.security.web.FilterChainProxy$VirtualFilterChain.doFilter(FilterChainProxy.java:334)
	at org.springframework.web.filter.CorsFilter.doFilterInternal(CorsFilter.java:92)
	at org.springframework.web.filter.OncePerRequestFilter.doFilter(OncePerRequestFilter.java:119)
	at org.springframework.security.web.FilterChainProxy$VirtualFilterChain.doFilter(FilterChainProxy.java:334)
	at org.springframework.security.web.header.HeaderWriterFilter.doHeadersAfter(HeaderWriterFilter.java:92)
	at org.springframework.security.web.header.HeaderWriterFilter.doFilterInternal(HeaderWriterFilter.java:77)
	at org.springframework.web.filter.OncePerRequestFilter.doFilter(OncePerRequestFilter.java:119)
	at org.springframework.security.web.FilterChainProxy$VirtualFilterChain.doFilter(FilterChainProxy.java:334)
	at org.springframework.security.web.context.SecurityContextPersistenceFilter.doFilter(SecurityContextPersistenceFilter.java:105)
	at org.springframework.security.web.FilterChainProxy$VirtualFilterChain.doFilter(FilterChainProxy.java:334)
	at org.springframework.security.web.context.request.async.WebAsyncManagerIntegrationFilter.doFilterInternal(WebAsyncManagerIntegrationFilter.java:56)
	at org.springframework.web.filter.OncePerRequestFilter.doFilter(OncePerRequestFilter.java:119)
	at org.springframework.security.web.FilterChainProxy$VirtualFilterChain.doFilter(FilterChainProxy.java:334)
	at org.springframework.security.web.FilterChainProxy.doFilterInternal(FilterChainProxy.java:215)
	at org.springframework.security.web.FilterChainProxy.doFilter(FilterChainProxy.java:178)
	at org.springframework.web.filter.DelegatingFilterProxy.invokeDelegate(DelegatingFilterProxy.java:358)
	at org.springframework.web.filter.DelegatingFilterProxy.doFilter(DelegatingFilterProxy.java:271)
	at org.apache.catalina.core.ApplicationFilterChain.internalDoFilter(ApplicationFilterChain.java:193)
	at org.apache.catalina.core.ApplicationFilterChain.doFilter(ApplicationFilterChain.java:166)
	at org.springframework.web.filter.RequestContextFilter.doFilterInternal(RequestContextFilter.java:100)
	at org.springframework.web.filter.OncePerRequestFilter.doFilter(OncePerRequestFilter.java:119)
	at org.apache.catalina.core.ApplicationFilterChain.internalDoFilter(ApplicationFilterChain.java:193)
	at org.apache.catalina.core.ApplicationFilterChain.doFilter(ApplicationFilterChain.java:166)
	at org.springframework.web.filter.FormContentFilter.doFilterInternal(FormContentFilter.java:93)
	at org.springframework.web.filter.OncePerRequestFilter.doFilter(OncePerRequestFilter.java:119)
	at org.apache.catalina.core.ApplicationFilterChain.internalDoFilter(ApplicationFilterChain.java:193)
	at org.apache.catalina.core.ApplicationFilterChain.doFilter(ApplicationFilterChain.java:166)
	at org.springframework.boot.actuate.metrics.web.servlet.WebMvcMetricsFilter.doFilterInternal(WebMvcMetricsFilter.java:109)
	at org.springframework.web.filter.OncePerRequestFilter.doFilter(OncePerRequestFilter.java:119)
	at org.apache.catalina.core.ApplicationFilterChain.internalDoFilter(ApplicationFilterChain.java:193)
	at org.apache.catalina.core.ApplicationFilterChain.doFilter(ApplicationFilterChain.java:166)
	at org.springframework.web.filter.CharacterEncodingFilter.doFilterInternal(CharacterEncodingFilter.java:201)
	at org.springframework.web.filter.OncePerRequestFilter.doFilter(OncePerRequestFilter.java:119)
	at org.apache.catalina.core.ApplicationFilterChain.internalDoFilter(ApplicationFilterChain.java:193)
	at org.apache.catalina.core.ApplicationFilterChain.doFilter(ApplicationFilterChain.java:166)
	at org.apache.catalina.core.StandardWrapperValve.invoke(StandardWrapperValve.java:202)
	at org.apache.catalina.core.StandardContextValve.invoke(StandardContextValve.java:96)
	at org.apache.catalina.authenticator.AuthenticatorBase.invoke(AuthenticatorBase.java:541)
	at org.apache.catalina.core.StandardHostValve.invoke(StandardHostValve.java:139)
	at org.apache.catalina.valves.ErrorReportValve.invoke(ErrorReportValve.java:92)
	at org.apache.catalina.core.StandardEngineValve.invoke(StandardEngineValve.java:74)
	at org.apache.catalina.connector.CoyoteAdapter.service(CoyoteAdapter.java:343)
	at org.apache.coyote.http11.Http11Processor.service(Http11Processor.java:373)
	at org.apache.coyote.AbstractProcessorLight.process(AbstractProcessorLight.java:65)
	at org.apache.coyote.AbstractProtocol$ConnectionHandler.process(AbstractProtocol.java:868)
	at org.apache.tomcat.util.net.NioEndpoint$SocketProcessor.doRun(NioEndpoint.java:1594)
	at org.apache.tomcat.util.net.SocketProcessorBase.run(SocketProcessorBase.java:49)
	at java.base/java.util.concurrent.ThreadPoolExecutor.runWorker(ThreadPoolExecutor.java:1128)
	at java.base/java.util.concurrent.ThreadPoolExecutor$Worker.run(ThreadPoolExecutor.java:628)
	at org.apache.tomcat.util.threads.TaskThread$WrappingRunnable.run(TaskThread.java:61)
	at java.base/java.lang.Thread.run(Thread.java:834)
Caused by: java.io.IOException: Broken pipe
	at java.base/sun.nio.ch.FileDispatcherImpl.write0(Native Method)
	at java.base/sun.nio.ch.SocketDispatcher.write(SocketDispatcher.java:47)
	at java.base/sun.nio.ch.IOUtil.writeFromNativeBuffer(IOUtil.java:113)
	at java.base/sun.nio.ch.IOUtil.write(IOUtil.java:79)
	at java.base/sun.nio.ch.IOUtil.write(IOUtil.java:50)
	at java.base/sun.nio.ch.SocketChannelImpl.write(SocketChannelImpl.java:466)
	at org.apache.tomcat.util.net.NioChannel.write(NioChannel.java:138)
	at org.apache.tomcat.util.net.NioBlockingSelector.write(NioBlockingSelector.java:101)
	at org.apache.tomcat.util.net.NioSelectorPool.write(NioSelectorPool.java:152)
	at org.apache.tomcat.util.net.NioEndpoint$NioSocketWrapper.doWrite(NioEndpoint.java:1253)
	at org.apache.tomcat.util.net.SocketWrapperBase.doWrite(SocketWrapperBase.java:740)
	at org.apache.tomcat.util.net.SocketWrapperBase.writeBlocking(SocketWrapperBase.java:560)
	at org.apache.tomcat.util.net.SocketWrapperBase.write(SocketWrapperBase.java:504)
	at org.apache.coyote.http11.Http11OutputBuffer$SocketOutputBuffer.doWrite(Http11OutputBuffer.java:538)
	at org.apache.coyote.http11.filters.IdentityOutputFilter.doWrite(IdentityOutputFilter.java:73)
	at org.apache.coyote.http11.Http11OutputBuffer.doWrite(Http11OutputBuffer.java:190)
	at org.apache.coyote.Response.doWrite(Response.java:601)
	at org.apache.catalina.connector.OutputBuffer.realWriteBytes(OutputBuffer.java:339)
	... 99 common frames omitted
2020-05-22 18:03:21,250 WARN org.springframework.web.servlet.mvc.method.annotation.ExceptionHandlerExceptionResolver [http-nio-8080-exec-10] Failure in @ExceptionHandler com.surshree.app.exception.CustomResponseEntityExceptionHandler#handleAllException(Exception, WebRequest)
org.springframework.http.converter.HttpMessageNotWritableException: No converter for [class com.surshree.app.exception.ExceptionMessage] with preset Content-Type 'audio/mpeg'
	at org.springframework.web.servlet.mvc.method.annotation.AbstractMessageConverterMethodProcessor.writeWithMessageConverters(AbstractMessageConverterMethodProcessor.java:309)
	at org.springframework.web.servlet.mvc.method.annotation.HttpEntityMethodProcessor.handleReturnValue(HttpEntityMethodProcessor.java:219)
	at org.springframework.web.method.support.HandlerMethodReturnValueHandlerComposite.handleReturnValue(HandlerMethodReturnValueHandlerComposite.java:82)
	at org.springframework.web.servlet.mvc.method.annotation.ServletInvocableHandlerMethod.invokeAndHandle(ServletInvocableHandlerMethod.java:123)
	at org.springframework.web.servlet.mvc.method.annotation.ExceptionHandlerExceptionResolver.doResolveHandlerMethodException(ExceptionHandlerExceptionResolver.java:403)
	at org.springframework.web.servlet.handler.AbstractHandlerMethodExceptionResolver.doResolveException(AbstractHandlerMethodExceptionResolver.java:61)
	at org.springframework.web.servlet.handler.AbstractHandlerExceptionResolver.resolveException(AbstractHandlerExceptionResolver.java:141)
	at org.springframework.web.servlet.handler.HandlerExceptionResolverComposite.resolveException(HandlerExceptionResolverComposite.java:80)
	at org.springframework.web.servlet.DispatcherServlet.processHandlerException(DispatcherServlet.java:1300)
	at org.springframework.web.servlet.DispatcherServlet.processDispatchResult(DispatcherServlet.java:1111)
	at org.springframework.web.servlet.DispatcherServlet.doDispatch(DispatcherServlet.java:1057)
	at org.springframework.web.servlet.DispatcherServlet.doService(DispatcherServlet.java:943)
	at org.springframework.web.servlet.FrameworkServlet.processRequest(FrameworkServlet.java:1006)
	at org.springframework.web.servlet.FrameworkServlet.doGet(FrameworkServlet.java:898)
	at javax.servlet.http.HttpServlet.service(HttpServlet.java:634)
	at org.springframework.web.servlet.FrameworkServlet.service(FrameworkServlet.java:883)
	at javax.servlet.http.HttpServlet.service(HttpServlet.java:741)
	at org.apache.catalina.core.ApplicationFilterChain.internalDoFilter(ApplicationFilterChain.java:231)
	at org.apache.catalina.core.ApplicationFilterChain.doFilter(ApplicationFilterChain.java:166)
	at org.apache.tomcat.websocket.server.WsFilter.doFilter(WsFilter.java:53)
	at org.apache.catalina.core.ApplicationFilterChain.internalDoFilter(ApplicationFilterChain.java:193)
	at org.apache.catalina.core.ApplicationFilterChain.doFilter(ApplicationFilterChain.java:166)
	at org.springframework.security.web.FilterChainProxy$VirtualFilterChain.doFilter(FilterChainProxy.java:320)
	at org.springframework.security.web.access.intercept.FilterSecurityInterceptor.invoke(FilterSecurityInterceptor.java:126)
	at org.springframework.security.web.access.intercept.FilterSecurityInterceptor.doFilter(FilterSecurityInterceptor.java:90)
	at org.springframework.security.web.FilterChainProxy$VirtualFilterChain.doFilter(FilterChainProxy.java:334)
	at org.springframework.security.web.access.ExceptionTranslationFilter.doFilter(ExceptionTranslationFilter.java:118)
	at org.springframework.security.web.FilterChainProxy$VirtualFilterChain.doFilter(FilterChainProxy.java:334)
	at org.springframework.security.web.session.SessionManagementFilter.doFilter(SessionManagementFilter.java:137)
	at org.springframework.security.web.FilterChainProxy$VirtualFilterChain.doFilter(FilterChainProxy.java:334)
	at org.springframework.security.web.authentication.AnonymousAuthenticationFilter.doFilter(AnonymousAuthenticationFilter.java:111)
	at org.springframework.security.web.FilterChainProxy$VirtualFilterChain.doFilter(FilterChainProxy.java:334)
	at org.springframework.security.web.servletapi.SecurityContextHolderAwareRequestFilter.doFilter(SecurityContextHolderAwareRequestFilter.java:158)
	at org.springframework.security.web.FilterChainProxy$VirtualFilterChain.doFilter(FilterChainProxy.java:334)
	at org.springframework.security.web.savedrequest.RequestCacheAwareFilter.doFilter(RequestCacheAwareFilter.java:63)
	at org.springframework.security.web.FilterChainProxy$VirtualFilterChain.doFilter(FilterChainProxy.java:334)
	at org.springframework.security.web.authentication.www.BasicAuthenticationFilter.doFilterInternal(BasicAuthenticationFilter.java:155)
	at org.springframework.web.filter.OncePerRequestFilter.doFilter(OncePerRequestFilter.java:119)
	at org.springframework.security.web.FilterChainProxy$VirtualFilterChain.doFilter(FilterChainProxy.java:334)
	at org.springframework.security.web.authentication.logout.LogoutFilter.doFilter(LogoutFilter.java:116)
	at org.springframework.security.web.FilterChainProxy$VirtualFilterChain.doFilter(FilterChainProxy.java:334)
	at org.springframework.web.filter.CorsFilter.doFilterInternal(CorsFilter.java:92)
	at org.springframework.web.filter.OncePerRequestFilter.doFilter(OncePerRequestFilter.java:119)
	at org.springframework.security.web.FilterChainProxy$VirtualFilterChain.doFilter(FilterChainProxy.java:334)
	at org.springframework.security.web.header.HeaderWriterFilter.doHeadersAfter(HeaderWriterFilter.java:92)
	at org.springframework.security.web.header.HeaderWriterFilter.doFilterInternal(HeaderWriterFilter.java:77)
	at org.springframework.web.filter.OncePerRequestFilter.doFilter(OncePerRequestFilter.java:119)
	at org.springframework.security.web.FilterChainProxy$VirtualFilterChain.doFilter(FilterChainProxy.java:334)
	at org.springframework.security.web.context.SecurityContextPersistenceFilter.doFilter(SecurityContextPersistenceFilter.java:105)
	at org.springframework.security.web.FilterChainProxy$VirtualFilterChain.doFilter(FilterChainProxy.java:334)
	at org.springframework.security.web.context.request.async.WebAsyncManagerIntegrationFilter.doFilterInternal(WebAsyncManagerIntegrationFilter.java:56)
	at org.springframework.web.filter.OncePerRequestFilter.doFilter(OncePerRequestFilter.java:119)
	at org.springframework.security.web.FilterChainProxy$VirtualFilterChain.doFilter(FilterChainProxy.java:334)
	at org.springframework.security.web.FilterChainProxy.doFilterInternal(FilterChainProxy.java:215)
	at org.springframework.security.web.FilterChainProxy.doFilter(FilterChainProxy.java:178)
	at org.springframework.web.filter.DelegatingFilterProxy.invokeDelegate(DelegatingFilterProxy.java:358)
	at org.springframework.web.filter.DelegatingFilterProxy.doFilter(DelegatingFilterProxy.java:271)
	at org.apache.catalina.core.ApplicationFilterChain.internalDoFilter(ApplicationFilterChain.java:193)
	at org.apache.catalina.core.ApplicationFilterChain.doFilter(ApplicationFilterChain.java:166)
	at org.springframework.web.filter.RequestContextFilter.doFilterInternal(RequestContextFilter.java:100)
	at org.springframework.web.filter.OncePerRequestFilter.doFilter(OncePerRequestFilter.java:119)
	at org.apache.catalina.core.ApplicationFilterChain.internalDoFilter(ApplicationFilterChain.java:193)
	at org.apache.catalina.core.ApplicationFilterChain.doFilter(ApplicationFilterChain.java:166)
	at org.springframework.web.filter.FormContentFilter.doFilterInternal(FormContentFilter.java:93)
	at org.springframework.web.filter.OncePerRequestFilter.doFilter(OncePerRequestFilter.java:119)
	at org.apache.catalina.core.ApplicationFilterChain.internalDoFilter(ApplicationFilterChain.java:193)
	at org.apache.catalina.core.ApplicationFilterChain.doFilter(ApplicationFilterChain.java:166)
	at org.springframework.boot.actuate.metrics.web.servlet.WebMvcMetricsFilter.doFilterInternal(WebMvcMetricsFilter.java:109)
	at org.springframework.web.filter.OncePerRequestFilter.doFilter(OncePerRequestFilter.java:119)
	at org.apache.catalina.core.ApplicationFilterChain.internalDoFilter(ApplicationFilterChain.java:193)
	at org.apache.catalina.core.ApplicationFilterChain.doFilter(ApplicationFilterChain.java:166)
	at org.springframework.web.filter.CharacterEncodingFilter.doFilterInternal(CharacterEncodingFilter.java:201)
	at org.springframework.web.filter.OncePerRequestFilter.doFilter(OncePerRequestFilter.java:119)
	at org.apache.catalina.core.ApplicationFilterChain.internalDoFilter(ApplicationFilterChain.java:193)
	at org.apache.catalina.core.ApplicationFilterChain.doFilter(ApplicationFilterChain.java:166)
	at org.apache.catalina.core.StandardWrapperValve.invoke(StandardWrapperValve.java:202)
	at org.apache.catalina.core.StandardContextValve.invoke(StandardContextValve.java:96)
	at org.apache.catalina.authenticator.AuthenticatorBase.invoke(AuthenticatorBase.java:541)
	at org.apache.catalina.core.StandardHostValve.invoke(StandardHostValve.java:139)
	at org.apache.catalina.valves.ErrorReportValve.invoke(ErrorReportValve.java:92)
	at org.apache.catalina.core.StandardEngineValve.invoke(StandardEngineValve.java:74)
	at org.apache.catalina.connector.CoyoteAdapter.service(CoyoteAdapter.java:343)
	at org.apache.coyote.http11.Http11Processor.service(Http11Processor.java:373)
	at org.apache.coyote.AbstractProcessorLight.process(AbstractProcessorLight.java:65)
	at org.apache.coyote.AbstractProtocol$ConnectionHandler.process(AbstractProtocol.java:868)
	at org.apache.tomcat.util.net.NioEndpoint$SocketProcessor.doRun(NioEndpoint.java:1594)
	at org.apache.tomcat.util.net.SocketProcessorBase.run(SocketProcessorBase.java:49)
	at java.base/java.util.concurrent.ThreadPoolExecutor.runWorker(ThreadPoolExecutor.java:1128)
	at java.base/java.util.concurrent.ThreadPoolExecutor$Worker.run(ThreadPoolExecutor.java:628)
	at org.apache.tomcat.util.threads.TaskThread$WrappingRunnable.run(TaskThread.java:61)
	at java.base/java.lang.Thread.run(Thread.java:834)
2020-05-22 18:08:18,970 INFO com.surshree.app.scheduling.CacheScheduler [scheduling-1] Clear user cache : START
2020-05-22 18:08:18,979 INFO com.surshree.app.scheduling.CacheScheduler [scheduling-1] Clear user cache : END
2020-05-22 18:10:02,914 INFO com.surshree.app.services.CustomUserDetailsService [http-nio-8080-exec-6] Granted Authorities --> ROLE_CONT
2020-05-22 18:10:02,918 INFO com.surshree.app.services.CustomUserDetailsService [http-nio-8080-exec-6] Granted Authorities --> FUNC_CONT_MENU
2020-05-22 18:10:03,431 ERROR com.surshree.app.exception.CustomResponseEntityExceptionHandler [http-nio-8080-exec-7] java.io.IOException: Broken pipe
org.apache.catalina.connector.ClientAbortException: java.io.IOException: Broken pipe
	at org.apache.catalina.connector.OutputBuffer.realWriteBytes(OutputBuffer.java:351)
	at org.apache.catalina.connector.OutputBuffer.flushByteBuffer(OutputBuffer.java:776)
	at org.apache.catalina.connector.OutputBuffer.append(OutputBuffer.java:681)
	at org.apache.catalina.connector.OutputBuffer.writeBytes(OutputBuffer.java:386)
	at org.apache.catalina.connector.OutputBuffer.write(OutputBuffer.java:364)
	at org.apache.catalina.connector.CoyoteOutputStream.write(CoyoteOutputStream.java:96)
	at org.springframework.security.web.util.OnCommittedResponseWrapper$SaveContextServletOutputStream.write(OnCommittedResponseWrapper.java:645)
	at org.springframework.security.web.util.OnCommittedResponseWrapper$SaveContextServletOutputStream.write(OnCommittedResponseWrapper.java:645)
	at org.springframework.util.StreamUtils.copyRange(StreamUtils.java:180)
	at org.springframework.http.converter.ResourceRegionHttpMessageConverter.writeResourceRegion(ResourceRegionHttpMessageConverter.java:159)
	at org.springframework.http.converter.ResourceRegionHttpMessageConverter.writeInternal(ResourceRegionHttpMessageConverter.java:136)
	at org.springframework.http.converter.AbstractGenericHttpMessageConverter.write(AbstractGenericHttpMessageConverter.java:104)
	at org.springframework.web.servlet.mvc.method.annotation.AbstractMessageConverterMethodProcessor.writeWithMessageConverters(AbstractMessageConverterMethodProcessor.java:287)
	at org.springframework.web.servlet.mvc.method.annotation.HttpEntityMethodProcessor.handleReturnValue(HttpEntityMethodProcessor.java:219)
	at org.springframework.web.method.support.HandlerMethodReturnValueHandlerComposite.handleReturnValue(HandlerMethodReturnValueHandlerComposite.java:82)
	at org.springframework.web.servlet.mvc.method.annotation.ServletInvocableHandlerMethod.invokeAndHandle(ServletInvocableHandlerMethod.java:123)
	at org.springframework.web.servlet.mvc.method.annotation.RequestMappingHandlerAdapter.invokeHandlerMethod(RequestMappingHandlerAdapter.java:879)
	at org.springframework.web.servlet.mvc.method.annotation.RequestMappingHandlerAdapter.handleInternal(RequestMappingHandlerAdapter.java:793)
	at org.springframework.web.servlet.mvc.method.AbstractHandlerMethodAdapter.handle(AbstractHandlerMethodAdapter.java:87)
	at org.springframework.web.servlet.DispatcherServlet.doDispatch(DispatcherServlet.java:1040)
	at org.springframework.web.servlet.DispatcherServlet.doService(DispatcherServlet.java:943)
	at org.springframework.web.servlet.FrameworkServlet.processRequest(FrameworkServlet.java:1006)
	at org.springframework.web.servlet.FrameworkServlet.doGet(FrameworkServlet.java:898)
	at javax.servlet.http.HttpServlet.service(HttpServlet.java:634)
	at org.springframework.web.servlet.FrameworkServlet.service(FrameworkServlet.java:883)
	at javax.servlet.http.HttpServlet.service(HttpServlet.java:741)
	at org.apache.catalina.core.ApplicationFilterChain.internalDoFilter(ApplicationFilterChain.java:231)
	at org.apache.catalina.core.ApplicationFilterChain.doFilter(ApplicationFilterChain.java:166)
	at org.apache.tomcat.websocket.server.WsFilter.doFilter(WsFilter.java:53)
	at org.apache.catalina.core.ApplicationFilterChain.internalDoFilter(ApplicationFilterChain.java:193)
	at org.apache.catalina.core.ApplicationFilterChain.doFilter(ApplicationFilterChain.java:166)
	at org.springframework.security.web.FilterChainProxy$VirtualFilterChain.doFilter(FilterChainProxy.java:320)
	at org.springframework.security.web.access.intercept.FilterSecurityInterceptor.invoke(FilterSecurityInterceptor.java:126)
	at org.springframework.security.web.access.intercept.FilterSecurityInterceptor.doFilter(FilterSecurityInterceptor.java:90)
	at org.springframework.security.web.FilterChainProxy$VirtualFilterChain.doFilter(FilterChainProxy.java:334)
	at org.springframework.security.web.access.ExceptionTranslationFilter.doFilter(ExceptionTranslationFilter.java:118)
	at org.springframework.security.web.FilterChainProxy$VirtualFilterChain.doFilter(FilterChainProxy.java:334)
	at org.springframework.security.web.session.SessionManagementFilter.doFilter(SessionManagementFilter.java:137)
	at org.springframework.security.web.FilterChainProxy$VirtualFilterChain.doFilter(FilterChainProxy.java:334)
	at org.springframework.security.web.authentication.AnonymousAuthenticationFilter.doFilter(AnonymousAuthenticationFilter.java:111)
	at org.springframework.security.web.FilterChainProxy$VirtualFilterChain.doFilter(FilterChainProxy.java:334)
	at org.springframework.security.web.servletapi.SecurityContextHolderAwareRequestFilter.doFilter(SecurityContextHolderAwareRequestFilter.java:158)
	at org.springframework.security.web.FilterChainProxy$VirtualFilterChain.doFilter(FilterChainProxy.java:334)
	at org.springframework.security.web.savedrequest.RequestCacheAwareFilter.doFilter(RequestCacheAwareFilter.java:63)
	at org.springframework.security.web.FilterChainProxy$VirtualFilterChain.doFilter(FilterChainProxy.java:334)
	at org.springframework.security.web.authentication.www.BasicAuthenticationFilter.doFilterInternal(BasicAuthenticationFilter.java:155)
	at org.springframework.web.filter.OncePerRequestFilter.doFilter(OncePerRequestFilter.java:119)
	at org.springframework.security.web.FilterChainProxy$VirtualFilterChain.doFilter(FilterChainProxy.java:334)
	at org.springframework.security.web.authentication.logout.LogoutFilter.doFilter(LogoutFilter.java:116)
	at org.springframework.security.web.FilterChainProxy$VirtualFilterChain.doFilter(FilterChainProxy.java:334)
	at org.springframework.web.filter.CorsFilter.doFilterInternal(CorsFilter.java:92)
	at org.springframework.web.filter.OncePerRequestFilter.doFilter(OncePerRequestFilter.java:119)
	at org.springframework.security.web.FilterChainProxy$VirtualFilterChain.doFilter(FilterChainProxy.java:334)
	at org.springframework.security.web.header.HeaderWriterFilter.doHeadersAfter(HeaderWriterFilter.java:92)
	at org.springframework.security.web.header.HeaderWriterFilter.doFilterInternal(HeaderWriterFilter.java:77)
	at org.springframework.web.filter.OncePerRequestFilter.doFilter(OncePerRequestFilter.java:119)
	at org.springframework.security.web.FilterChainProxy$VirtualFilterChain.doFilter(FilterChainProxy.java:334)
	at org.springframework.security.web.context.SecurityContextPersistenceFilter.doFilter(SecurityContextPersistenceFilter.java:105)
	at org.springframework.security.web.FilterChainProxy$VirtualFilterChain.doFilter(FilterChainProxy.java:334)
	at org.springframework.security.web.context.request.async.WebAsyncManagerIntegrationFilter.doFilterInternal(WebAsyncManagerIntegrationFilter.java:56)
	at org.springframework.web.filter.OncePerRequestFilter.doFilter(OncePerRequestFilter.java:119)
	at org.springframework.security.web.FilterChainProxy$VirtualFilterChain.doFilter(FilterChainProxy.java:334)
	at org.springframework.security.web.FilterChainProxy.doFilterInternal(FilterChainProxy.java:215)
	at org.springframework.security.web.FilterChainProxy.doFilter(FilterChainProxy.java:178)
	at org.springframework.web.filter.DelegatingFilterProxy.invokeDelegate(DelegatingFilterProxy.java:358)
	at org.springframework.web.filter.DelegatingFilterProxy.doFilter(DelegatingFilterProxy.java:271)
	at org.apache.catalina.core.ApplicationFilterChain.internalDoFilter(ApplicationFilterChain.java:193)
	at org.apache.catalina.core.ApplicationFilterChain.doFilter(ApplicationFilterChain.java:166)
	at org.springframework.web.filter.RequestContextFilter.doFilterInternal(RequestContextFilter.java:100)
	at org.springframework.web.filter.OncePerRequestFilter.doFilter(OncePerRequestFilter.java:119)
	at org.apache.catalina.core.ApplicationFilterChain.internalDoFilter(ApplicationFilterChain.java:193)
	at org.apache.catalina.core.ApplicationFilterChain.doFilter(ApplicationFilterChain.java:166)
	at org.springframework.web.filter.FormContentFilter.doFilterInternal(FormContentFilter.java:93)
	at org.springframework.web.filter.OncePerRequestFilter.doFilter(OncePerRequestFilter.java:119)
	at org.apache.catalina.core.ApplicationFilterChain.internalDoFilter(ApplicationFilterChain.java:193)
	at org.apache.catalina.core.ApplicationFilterChain.doFilter(ApplicationFilterChain.java:166)
	at org.springframework.boot.actuate.metrics.web.servlet.WebMvcMetricsFilter.doFilterInternal(WebMvcMetricsFilter.java:109)
	at org.springframework.web.filter.OncePerRequestFilter.doFilter(OncePerRequestFilter.java:119)
	at org.apache.catalina.core.ApplicationFilterChain.internalDoFilter(ApplicationFilterChain.java:193)
	at org.apache.catalina.core.ApplicationFilterChain.doFilter(ApplicationFilterChain.java:166)
	at org.springframework.web.filter.CharacterEncodingFilter.doFilterInternal(CharacterEncodingFilter.java:201)
	at org.springframework.web.filter.OncePerRequestFilter.doFilter(OncePerRequestFilter.java:119)
	at org.apache.catalina.core.ApplicationFilterChain.internalDoFilter(ApplicationFilterChain.java:193)
	at org.apache.catalina.core.ApplicationFilterChain.doFilter(ApplicationFilterChain.java:166)
	at org.apache.catalina.core.StandardWrapperValve.invoke(StandardWrapperValve.java:202)
	at org.apache.catalina.core.StandardContextValve.invoke(StandardContextValve.java:96)
	at org.apache.catalina.authenticator.AuthenticatorBase.invoke(AuthenticatorBase.java:541)
	at org.apache.catalina.core.StandardHostValve.invoke(StandardHostValve.java:139)
	at org.apache.catalina.valves.ErrorReportValve.invoke(ErrorReportValve.java:92)
	at org.apache.catalina.core.StandardEngineValve.invoke(StandardEngineValve.java:74)
	at org.apache.catalina.connector.CoyoteAdapter.service(CoyoteAdapter.java:343)
	at org.apache.coyote.http11.Http11Processor.service(Http11Processor.java:373)
	at org.apache.coyote.AbstractProcessorLight.process(AbstractProcessorLight.java:65)
	at org.apache.coyote.AbstractProtocol$ConnectionHandler.process(AbstractProtocol.java:868)
	at org.apache.tomcat.util.net.NioEndpoint$SocketProcessor.doRun(NioEndpoint.java:1594)
	at org.apache.tomcat.util.net.SocketProcessorBase.run(SocketProcessorBase.java:49)
	at java.base/java.util.concurrent.ThreadPoolExecutor.runWorker(ThreadPoolExecutor.java:1128)
	at java.base/java.util.concurrent.ThreadPoolExecutor$Worker.run(ThreadPoolExecutor.java:628)
	at org.apache.tomcat.util.threads.TaskThread$WrappingRunnable.run(TaskThread.java:61)
	at java.base/java.lang.Thread.run(Thread.java:834)
Caused by: java.io.IOException: Broken pipe
	at java.base/sun.nio.ch.FileDispatcherImpl.write0(Native Method)
	at java.base/sun.nio.ch.SocketDispatcher.write(SocketDispatcher.java:47)
	at java.base/sun.nio.ch.IOUtil.writeFromNativeBuffer(IOUtil.java:113)
	at java.base/sun.nio.ch.IOUtil.write(IOUtil.java:79)
	at java.base/sun.nio.ch.IOUtil.write(IOUtil.java:50)
	at java.base/sun.nio.ch.SocketChannelImpl.write(SocketChannelImpl.java:466)
	at org.apache.tomcat.util.net.NioChannel.write(NioChannel.java:138)
	at org.apache.tomcat.util.net.NioBlockingSelector.write(NioBlockingSelector.java:101)
	at org.apache.tomcat.util.net.NioSelectorPool.write(NioSelectorPool.java:152)
	at org.apache.tomcat.util.net.NioEndpoint$NioSocketWrapper.doWrite(NioEndpoint.java:1253)
	at org.apache.tomcat.util.net.SocketWrapperBase.doWrite(SocketWrapperBase.java:740)
	at org.apache.tomcat.util.net.SocketWrapperBase.writeBlocking(SocketWrapperBase.java:560)
	at org.apache.tomcat.util.net.SocketWrapperBase.write(SocketWrapperBase.java:504)
	at org.apache.coyote.http11.Http11OutputBuffer$SocketOutputBuffer.doWrite(Http11OutputBuffer.java:538)
	at org.apache.coyote.http11.filters.IdentityOutputFilter.doWrite(IdentityOutputFilter.java:73)
	at org.apache.coyote.http11.Http11OutputBuffer.doWrite(Http11OutputBuffer.java:190)
	at org.apache.coyote.Response.doWrite(Response.java:601)
	at org.apache.catalina.connector.OutputBuffer.realWriteBytes(OutputBuffer.java:339)
	... 99 common frames omitted
2020-05-22 18:10:03,435 WARN org.springframework.web.servlet.mvc.method.annotation.ExceptionHandlerExceptionResolver [http-nio-8080-exec-7] Failure in @ExceptionHandler com.surshree.app.exception.CustomResponseEntityExceptionHandler#handleAllException(Exception, WebRequest)
org.springframework.http.converter.HttpMessageNotWritableException: No converter for [class com.surshree.app.exception.ExceptionMessage] with preset Content-Type 'audio/mpeg'
	at org.springframework.web.servlet.mvc.method.annotation.AbstractMessageConverterMethodProcessor.writeWithMessageConverters(AbstractMessageConverterMethodProcessor.java:309)
	at org.springframework.web.servlet.mvc.method.annotation.HttpEntityMethodProcessor.handleReturnValue(HttpEntityMethodProcessor.java:219)
	at org.springframework.web.method.support.HandlerMethodReturnValueHandlerComposite.handleReturnValue(HandlerMethodReturnValueHandlerComposite.java:82)
	at org.springframework.web.servlet.mvc.method.annotation.ServletInvocableHandlerMethod.invokeAndHandle(ServletInvocableHandlerMethod.java:123)
	at org.springframework.web.servlet.mvc.method.annotation.ExceptionHandlerExceptionResolver.doResolveHandlerMethodException(ExceptionHandlerExceptionResolver.java:403)
	at org.springframework.web.servlet.handler.AbstractHandlerMethodExceptionResolver.doResolveException(AbstractHandlerMethodExceptionResolver.java:61)
	at org.springframework.web.servlet.handler.AbstractHandlerExceptionResolver.resolveException(AbstractHandlerExceptionResolver.java:141)
	at org.springframework.web.servlet.handler.HandlerExceptionResolverComposite.resolveException(HandlerExceptionResolverComposite.java:80)
	at org.springframework.web.servlet.DispatcherServlet.processHandlerException(DispatcherServlet.java:1300)
	at org.springframework.web.servlet.DispatcherServlet.processDispatchResult(DispatcherServlet.java:1111)
	at org.springframework.web.servlet.DispatcherServlet.doDispatch(DispatcherServlet.java:1057)
	at org.springframework.web.servlet.DispatcherServlet.doService(DispatcherServlet.java:943)
	at org.springframework.web.servlet.FrameworkServlet.processRequest(FrameworkServlet.java:1006)
	at org.springframework.web.servlet.FrameworkServlet.doGet(FrameworkServlet.java:898)
	at javax.servlet.http.HttpServlet.service(HttpServlet.java:634)
	at org.springframework.web.servlet.FrameworkServlet.service(FrameworkServlet.java:883)
	at javax.servlet.http.HttpServlet.service(HttpServlet.java:741)
	at org.apache.catalina.core.ApplicationFilterChain.internalDoFilter(ApplicationFilterChain.java:231)
	at org.apache.catalina.core.ApplicationFilterChain.doFilter(ApplicationFilterChain.java:166)
	at org.apache.tomcat.websocket.server.WsFilter.doFilter(WsFilter.java:53)
	at org.apache.catalina.core.ApplicationFilterChain.internalDoFilter(ApplicationFilterChain.java:193)
	at org.apache.catalina.core.ApplicationFilterChain.doFilter(ApplicationFilterChain.java:166)
	at org.springframework.security.web.FilterChainProxy$VirtualFilterChain.doFilter(FilterChainProxy.java:320)
	at org.springframework.security.web.access.intercept.FilterSecurityInterceptor.invoke(FilterSecurityInterceptor.java:126)
	at org.springframework.security.web.access.intercept.FilterSecurityInterceptor.doFilter(FilterSecurityInterceptor.java:90)
	at org.springframework.security.web.FilterChainProxy$VirtualFilterChain.doFilter(FilterChainProxy.java:334)
	at org.springframework.security.web.access.ExceptionTranslationFilter.doFilter(ExceptionTranslationFilter.java:118)
	at org.springframework.security.web.FilterChainProxy$VirtualFilterChain.doFilter(FilterChainProxy.java:334)
	at org.springframework.security.web.session.SessionManagementFilter.doFilter(SessionManagementFilter.java:137)
	at org.springframework.security.web.FilterChainProxy$VirtualFilterChain.doFilter(FilterChainProxy.java:334)
	at org.springframework.security.web.authentication.AnonymousAuthenticationFilter.doFilter(AnonymousAuthenticationFilter.java:111)
	at org.springframework.security.web.FilterChainProxy$VirtualFilterChain.doFilter(FilterChainProxy.java:334)
	at org.springframework.security.web.servletapi.SecurityContextHolderAwareRequestFilter.doFilter(SecurityContextHolderAwareRequestFilter.java:158)
	at org.springframework.security.web.FilterChainProxy$VirtualFilterChain.doFilter(FilterChainProxy.java:334)
	at org.springframework.security.web.savedrequest.RequestCacheAwareFilter.doFilter(RequestCacheAwareFilter.java:63)
	at org.springframework.security.web.FilterChainProxy$VirtualFilterChain.doFilter(FilterChainProxy.java:334)
	at org.springframework.security.web.authentication.www.BasicAuthenticationFilter.doFilterInternal(BasicAuthenticationFilter.java:155)
	at org.springframework.web.filter.OncePerRequestFilter.doFilter(OncePerRequestFilter.java:119)
	at org.springframework.security.web.FilterChainProxy$VirtualFilterChain.doFilter(FilterChainProxy.java:334)
	at org.springframework.security.web.authentication.logout.LogoutFilter.doFilter(LogoutFilter.java:116)
	at org.springframework.security.web.FilterChainProxy$VirtualFilterChain.doFilter(FilterChainProxy.java:334)
	at org.springframework.web.filter.CorsFilter.doFilterInternal(CorsFilter.java:92)
	at org.springframework.web.filter.OncePerRequestFilter.doFilter(OncePerRequestFilter.java:119)
	at org.springframework.security.web.FilterChainProxy$VirtualFilterChain.doFilter(FilterChainProxy.java:334)
	at org.springframework.security.web.header.HeaderWriterFilter.doHeadersAfter(HeaderWriterFilter.java:92)
	at org.springframework.security.web.header.HeaderWriterFilter.doFilterInternal(HeaderWriterFilter.java:77)
	at org.springframework.web.filter.OncePerRequestFilter.doFilter(OncePerRequestFilter.java:119)
	at org.springframework.security.web.FilterChainProxy$VirtualFilterChain.doFilter(FilterChainProxy.java:334)
	at org.springframework.security.web.context.SecurityContextPersistenceFilter.doFilter(SecurityContextPersistenceFilter.java:105)
	at org.springframework.security.web.FilterChainProxy$VirtualFilterChain.doFilter(FilterChainProxy.java:334)
	at org.springframework.security.web.context.request.async.WebAsyncManagerIntegrationFilter.doFilterInternal(WebAsyncManagerIntegrationFilter.java:56)
	at org.springframework.web.filter.OncePerRequestFilter.doFilter(OncePerRequestFilter.java:119)
	at org.springframework.security.web.FilterChainProxy$VirtualFilterChain.doFilter(FilterChainProxy.java:334)
	at org.springframework.security.web.FilterChainProxy.doFilterInternal(FilterChainProxy.java:215)
	at org.springframework.security.web.FilterChainProxy.doFilter(FilterChainProxy.java:178)
	at org.springframework.web.filter.DelegatingFilterProxy.invokeDelegate(DelegatingFilterProxy.java:358)
	at org.springframework.web.filter.DelegatingFilterProxy.doFilter(DelegatingFilterProxy.java:271)
	at org.apache.catalina.core.ApplicationFilterChain.internalDoFilter(ApplicationFilterChain.java:193)
	at org.apache.catalina.core.ApplicationFilterChain.doFilter(ApplicationFilterChain.java:166)
	at org.springframework.web.filter.RequestContextFilter.doFilterInternal(RequestContextFilter.java:100)
	at org.springframework.web.filter.OncePerRequestFilter.doFilter(OncePerRequestFilter.java:119)
	at org.apache.catalina.core.ApplicationFilterChain.internalDoFilter(ApplicationFilterChain.java:193)
	at org.apache.catalina.core.ApplicationFilterChain.doFilter(ApplicationFilterChain.java:166)
	at org.springframework.web.filter.FormContentFilter.doFilterInternal(FormContentFilter.java:93)
	at org.springframework.web.filter.OncePerRequestFilter.doFilter(OncePerRequestFilter.java:119)
	at org.apache.catalina.core.ApplicationFilterChain.internalDoFilter(ApplicationFilterChain.java:193)
	at org.apache.catalina.core.ApplicationFilterChain.doFilter(ApplicationFilterChain.java:166)
	at org.springframework.boot.actuate.metrics.web.servlet.WebMvcMetricsFilter.doFilterInternal(WebMvcMetricsFilter.java:109)
	at org.springframework.web.filter.OncePerRequestFilter.doFilter(OncePerRequestFilter.java:119)
	at org.apache.catalina.core.ApplicationFilterChain.internalDoFilter(ApplicationFilterChain.java:193)
	at org.apache.catalina.core.ApplicationFilterChain.doFilter(ApplicationFilterChain.java:166)
	at org.springframework.web.filter.CharacterEncodingFilter.doFilterInternal(CharacterEncodingFilter.java:201)
	at org.springframework.web.filter.OncePerRequestFilter.doFilter(OncePerRequestFilter.java:119)
	at org.apache.catalina.core.ApplicationFilterChain.internalDoFilter(ApplicationFilterChain.java:193)
	at org.apache.catalina.core.ApplicationFilterChain.doFilter(ApplicationFilterChain.java:166)
	at org.apache.catalina.core.StandardWrapperValve.invoke(StandardWrapperValve.java:202)
	at org.apache.catalina.core.StandardContextValve.invoke(StandardContextValve.java:96)
	at org.apache.catalina.authenticator.AuthenticatorBase.invoke(AuthenticatorBase.java:541)
	at org.apache.catalina.core.StandardHostValve.invoke(StandardHostValve.java:139)
	at org.apache.catalina.valves.ErrorReportValve.invoke(ErrorReportValve.java:92)
	at org.apache.catalina.core.StandardEngineValve.invoke(StandardEngineValve.java:74)
	at org.apache.catalina.connector.CoyoteAdapter.service(CoyoteAdapter.java:343)
	at org.apache.coyote.http11.Http11Processor.service(Http11Processor.java:373)
	at org.apache.coyote.AbstractProcessorLight.process(AbstractProcessorLight.java:65)
	at org.apache.coyote.AbstractProtocol$ConnectionHandler.process(AbstractProtocol.java:868)
	at org.apache.tomcat.util.net.NioEndpoint$SocketProcessor.doRun(NioEndpoint.java:1594)
	at org.apache.tomcat.util.net.SocketProcessorBase.run(SocketProcessorBase.java:49)
	at java.base/java.util.concurrent.ThreadPoolExecutor.runWorker(ThreadPoolExecutor.java:1128)
	at java.base/java.util.concurrent.ThreadPoolExecutor$Worker.run(ThreadPoolExecutor.java:628)
	at org.apache.tomcat.util.threads.TaskThread$WrappingRunnable.run(TaskThread.java:61)
	at java.base/java.lang.Thread.run(Thread.java:834)
2020-05-22 18:10:26,120 INFO com.surshree.app.services.CustomUserDetailsService [http-nio-8080-exec-9] Granted Authorities --> ROLE_CONT
2020-05-22 18:10:26,122 INFO com.surshree.app.services.CustomUserDetailsService [http-nio-8080-exec-9] Granted Authorities --> FUNC_CONT_MENU
2020-05-22 18:11:54,701 INFO com.surshree.app.services.CustomUserDetailsService [http-nio-8080-exec-9] Granted Authorities --> ROLE_CONT
2020-05-22 18:11:54,719 INFO com.surshree.app.services.CustomUserDetailsService [http-nio-8080-exec-9] Granted Authorities --> FUNC_CONT_MENU
2020-05-22 18:11:55,472 INFO com.surshree.app.services.CustomUserDetailsService [http-nio-8080-exec-2] Granted Authorities --> ROLE_CONT
2020-05-22 18:11:55,473 INFO com.surshree.app.services.CustomUserDetailsService [http-nio-8080-exec-2] Granted Authorities --> FUNC_CONT_MENU
2020-05-22 18:12:15,632 INFO com.surshree.app.services.CustomUserDetailsService [http-nio-8080-exec-3] Granted Authorities --> ROLE_CONT
2020-05-22 18:12:15,639 INFO com.surshree.app.services.CustomUserDetailsService [http-nio-8080-exec-3] Granted Authorities --> FUNC_CONT_MENU
2020-05-22 18:13:07,770 INFO com.surshree.app.services.CustomUserDetailsService [http-nio-8080-exec-1] Granted Authorities --> ROLE_CONT
2020-05-22 18:13:07,773 INFO com.surshree.app.services.CustomUserDetailsService [http-nio-8080-exec-1] Granted Authorities --> FUNC_CONT_MENU
2020-05-22 18:13:08,432 INFO com.surshree.app.services.CustomUserDetailsService [http-nio-8080-exec-3] Granted Authorities --> ROLE_CONT
2020-05-22 18:13:08,433 INFO com.surshree.app.services.CustomUserDetailsService [http-nio-8080-exec-3] Granted Authorities --> FUNC_CONT_MENU
2020-05-22 18:13:27,622 INFO com.surshree.app.services.CustomUserDetailsService [http-nio-8080-exec-5] Granted Authorities --> ROLE_CONT
2020-05-22 18:13:27,624 INFO com.surshree.app.services.CustomUserDetailsService [http-nio-8080-exec-5] Granted Authorities --> FUNC_CONT_MENU
2020-05-22 18:18:19,000 INFO com.surshree.app.scheduling.CacheScheduler [scheduling-1] Clear user cache : START
2020-05-22 18:18:19,007 INFO com.surshree.app.scheduling.CacheScheduler [scheduling-1] Clear user cache : END
2020-05-22 18:18:20,351 INFO com.surshree.app.services.CustomUserDetailsService [http-nio-8080-exec-2] Granted Authorities --> ROLE_CONT
2020-05-22 18:18:20,354 INFO com.surshree.app.services.CustomUserDetailsService [http-nio-8080-exec-2] Granted Authorities --> FUNC_CONT_MENU
2020-05-22 18:18:20,750 INFO com.surshree.app.services.CustomUserDetailsService [http-nio-8080-exec-5] Granted Authorities --> ROLE_CONT
2020-05-22 18:18:20,750 INFO com.surshree.app.services.CustomUserDetailsService [http-nio-8080-exec-5] Granted Authorities --> FUNC_CONT_MENU
2020-05-22 18:42:00,582 WARN com.zaxxer.hikari.pool.HikariPool$HouseKeeper [HikariPool-1 housekeeper] HikariPool-1 - Thread starvation or clock leap detected (housekeeper delta=23m19s782ms).
2020-05-22 18:44:10,185 INFO com.surshree.app.services.CustomUserDetailsService [http-nio-8080-exec-5] Granted Authorities --> ROLE_CONT
2020-05-22 18:44:10,190 INFO com.surshree.app.services.CustomUserDetailsService [http-nio-8080-exec-5] Granted Authorities --> FUNC_CONT_MENU
2020-05-22 18:44:10,692 INFO com.surshree.app.services.CustomUserDetailsService [http-nio-8080-exec-7] Granted Authorities --> ROLE_CONT
2020-05-22 18:44:10,694 INFO com.surshree.app.services.CustomUserDetailsService [http-nio-8080-exec-7] Granted Authorities --> FUNC_CONT_MENU
2020-05-22 18:44:46,934 INFO com.surshree.app.services.CustomUserDetailsService [http-nio-8080-exec-8] Granted Authorities --> ROLE_CONT
2020-05-22 18:44:46,937 INFO com.surshree.app.services.CustomUserDetailsService [http-nio-8080-exec-8] Granted Authorities --> FUNC_CONT_MENU
2020-05-22 18:44:47,353 INFO com.surshree.app.services.CustomUserDetailsService [http-nio-8080-exec-6] Granted Authorities --> ROLE_CONT
2020-05-22 18:44:47,355 INFO com.surshree.app.services.CustomUserDetailsService [http-nio-8080-exec-6] Granted Authorities --> FUNC_CONT_MENU
2020-05-22 18:45:00,115 INFO com.surshree.app.services.CustomUserDetailsService [http-nio-8080-exec-3] Granted Authorities --> ROLE_CONT
2020-05-22 18:45:00,116 INFO com.surshree.app.services.CustomUserDetailsService [http-nio-8080-exec-3] Granted Authorities --> FUNC_CONT_MENU
2020-05-22 18:45:52,972 INFO com.surshree.app.services.CustomUserDetailsService [http-nio-8080-exec-2] Granted Authorities --> ROLE_CONT
2020-05-22 18:45:52,973 INFO com.surshree.app.services.CustomUserDetailsService [http-nio-8080-exec-2] Granted Authorities --> FUNC_CONT_MENU
2020-05-22 18:45:53,577 INFO com.surshree.app.services.CustomUserDetailsService [http-nio-8080-exec-4] Granted Authorities --> ROLE_CONT
2020-05-22 18:45:53,577 INFO com.surshree.app.services.CustomUserDetailsService [http-nio-8080-exec-4] Granted Authorities --> FUNC_CONT_MENU
2020-05-22 18:46:18,886 INFO com.surshree.app.services.CustomUserDetailsService [http-nio-8080-exec-8] Granted Authorities --> ROLE_CONT
2020-05-22 18:46:18,890 INFO com.surshree.app.services.CustomUserDetailsService [http-nio-8080-exec-8] Granted Authorities --> FUNC_CONT_MENU
2020-05-22 18:46:21,770 INFO com.surshree.app.services.CustomUserDetailsService [http-nio-8080-exec-10] Granted Authorities --> ROLE_CONT
2020-05-22 18:46:21,771 INFO com.surshree.app.services.CustomUserDetailsService [http-nio-8080-exec-10] Granted Authorities --> FUNC_CONT_MENU
2020-05-22 18:49:26,449 INFO com.surshree.app.services.CustomUserDetailsService [http-nio-8080-exec-8] Granted Authorities --> ROLE_CONT
2020-05-22 18:49:26,451 INFO com.surshree.app.services.CustomUserDetailsService [http-nio-8080-exec-8] Granted Authorities --> FUNC_CONT_MENU
2020-05-22 18:49:26,801 INFO com.surshree.app.services.CustomUserDetailsService [http-nio-8080-exec-2] Granted Authorities --> ROLE_CONT
2020-05-22 18:49:26,803 INFO com.surshree.app.services.CustomUserDetailsService [http-nio-8080-exec-2] Granted Authorities --> FUNC_CONT_MENU
2020-05-22 18:51:08,776 INFO com.surshree.app.scheduling.CacheScheduler [scheduling-1] Clear user cache : START
2020-05-22 18:51:08,779 INFO com.surshree.app.scheduling.CacheScheduler [scheduling-1] Clear user cache : END
2020-05-22 18:51:51,647 INFO org.springframework.security.oauth2.provider.token.store.JdbcTokenStore [http-nio-8080-exec-3] Failed to find access token for token 62cdb099-9f58-4eb4-8743-ea002d51cbfb
2020-05-22 18:51:51,699 INFO org.springframework.security.oauth2.provider.endpoint.CheckTokenEndpoint [http-nio-8080-exec-3] Handling error: InvalidTokenException, Token was not recognised
2020-05-22 18:51:52,025 INFO org.springframework.security.oauth2.provider.token.store.JdbcTokenStore [http-nio-8080-exec-7] Failed to find refresh token for token cb3bbc03-6b0b-427c-8bbc-28fdf0fde9da
2020-05-22 18:51:52,028 WARN org.springframework.security.oauth2.provider.endpoint.TokenEndpoint [http-nio-8080-exec-7] Handling error: InvalidGrantException, Invalid refresh token: cb3bbc03-6b0b-427c-8bbc-28fdf0fde9da
2020-05-22 18:51:52,031 WARN org.springframework.web.servlet.mvc.method.annotation.ExceptionHandlerExceptionResolver [http-nio-8080-exec-7] Failure in @ExceptionHandler org.springframework.security.oauth2.provider.endpoint.TokenEndpoint#handleException(OAuth2Exception)
org.springframework.web.HttpMediaTypeNotAcceptableException: Could not find acceptable representation
	at org.springframework.web.servlet.mvc.method.annotation.AbstractMessageConverterMethodProcessor.writeWithMessageConverters(AbstractMessageConverterMethodProcessor.java:243)
	at org.springframework.web.servlet.mvc.method.annotation.HttpEntityMethodProcessor.handleReturnValue(HttpEntityMethodProcessor.java:219)
	at org.springframework.web.method.support.HandlerMethodReturnValueHandlerComposite.handleReturnValue(HandlerMethodReturnValueHandlerComposite.java:82)
	at org.springframework.web.servlet.mvc.method.annotation.ServletInvocableHandlerMethod.invokeAndHandle(ServletInvocableHandlerMethod.java:123)
	at org.springframework.web.servlet.mvc.method.annotation.ExceptionHandlerExceptionResolver.doResolveHandlerMethodException(ExceptionHandlerExceptionResolver.java:407)
	at org.springframework.web.servlet.handler.AbstractHandlerMethodExceptionResolver.doResolveException(AbstractHandlerMethodExceptionResolver.java:61)
	at org.springframework.web.servlet.handler.AbstractHandlerExceptionResolver.resolveException(AbstractHandlerExceptionResolver.java:141)
	at org.springframework.web.servlet.handler.HandlerExceptionResolverComposite.resolveException(HandlerExceptionResolverComposite.java:80)
	at org.springframework.web.servlet.DispatcherServlet.processHandlerException(DispatcherServlet.java:1300)
	at org.springframework.web.servlet.DispatcherServlet.processDispatchResult(DispatcherServlet.java:1111)
	at org.springframework.web.servlet.DispatcherServlet.doDispatch(DispatcherServlet.java:1057)
	at org.springframework.web.servlet.DispatcherServlet.doService(DispatcherServlet.java:943)
	at org.springframework.web.servlet.FrameworkServlet.processRequest(FrameworkServlet.java:1006)
	at org.springframework.web.servlet.FrameworkServlet.doPost(FrameworkServlet.java:909)
	at javax.servlet.http.HttpServlet.service(HttpServlet.java:660)
	at org.springframework.web.servlet.FrameworkServlet.service(FrameworkServlet.java:883)
	at javax.servlet.http.HttpServlet.service(HttpServlet.java:741)
	at org.apache.catalina.core.ApplicationFilterChain.internalDoFilter(ApplicationFilterChain.java:231)
	at org.apache.catalina.core.ApplicationFilterChain.doFilter(ApplicationFilterChain.java:166)
	at org.apache.tomcat.websocket.server.WsFilter.doFilter(WsFilter.java:53)
	at org.apache.catalina.core.ApplicationFilterChain.internalDoFilter(ApplicationFilterChain.java:193)
	at org.apache.catalina.core.ApplicationFilterChain.doFilter(ApplicationFilterChain.java:166)
	at org.springframework.security.web.FilterChainProxy$VirtualFilterChain.doFilter(FilterChainProxy.java:320)
	at org.springframework.security.web.access.intercept.FilterSecurityInterceptor.invoke(FilterSecurityInterceptor.java:126)
	at org.springframework.security.web.access.intercept.FilterSecurityInterceptor.doFilter(FilterSecurityInterceptor.java:90)
	at org.springframework.security.web.FilterChainProxy$VirtualFilterChain.doFilter(FilterChainProxy.java:334)
	at org.springframework.security.web.access.ExceptionTranslationFilter.doFilter(ExceptionTranslationFilter.java:118)
	at org.springframework.security.web.FilterChainProxy$VirtualFilterChain.doFilter(FilterChainProxy.java:334)
	at org.springframework.security.web.session.SessionManagementFilter.doFilter(SessionManagementFilter.java:137)
	at org.springframework.security.web.FilterChainProxy$VirtualFilterChain.doFilter(FilterChainProxy.java:334)
	at org.springframework.security.web.authentication.AnonymousAuthenticationFilter.doFilter(AnonymousAuthenticationFilter.java:111)
	at org.springframework.security.web.FilterChainProxy$VirtualFilterChain.doFilter(FilterChainProxy.java:334)
	at org.springframework.security.web.servletapi.SecurityContextHolderAwareRequestFilter.doFilter(SecurityContextHolderAwareRequestFilter.java:158)
	at org.springframework.security.web.FilterChainProxy$VirtualFilterChain.doFilter(FilterChainProxy.java:334)
	at org.springframework.security.web.savedrequest.RequestCacheAwareFilter.doFilter(RequestCacheAwareFilter.java:63)
	at org.springframework.security.web.FilterChainProxy$VirtualFilterChain.doFilter(FilterChainProxy.java:334)
	at org.springframework.security.web.authentication.www.BasicAuthenticationFilter.doFilterInternal(BasicAuthenticationFilter.java:204)
	at org.springframework.web.filter.OncePerRequestFilter.doFilter(OncePerRequestFilter.java:119)
	at org.springframework.security.web.FilterChainProxy$VirtualFilterChain.doFilter(FilterChainProxy.java:334)
	at org.springframework.web.filter.CorsFilter.doFilterInternal(CorsFilter.java:92)
	at org.springframework.web.filter.OncePerRequestFilter.doFilter(OncePerRequestFilter.java:119)
	at org.springframework.security.web.FilterChainProxy$VirtualFilterChain.doFilter(FilterChainProxy.java:334)
	at org.springframework.security.web.authentication.logout.LogoutFilter.doFilter(LogoutFilter.java:116)
	at org.springframework.security.web.FilterChainProxy$VirtualFilterChain.doFilter(FilterChainProxy.java:334)
	at org.springframework.security.web.header.HeaderWriterFilter.doHeadersAfter(HeaderWriterFilter.java:92)
	at org.springframework.security.web.header.HeaderWriterFilter.doFilterInternal(HeaderWriterFilter.java:77)
	at org.springframework.web.filter.OncePerRequestFilter.doFilter(OncePerRequestFilter.java:119)
	at org.springframework.security.web.FilterChainProxy$VirtualFilterChain.doFilter(FilterChainProxy.java:334)
	at org.springframework.security.web.context.SecurityContextPersistenceFilter.doFilter(SecurityContextPersistenceFilter.java:105)
	at org.springframework.security.web.FilterChainProxy$VirtualFilterChain.doFilter(FilterChainProxy.java:334)
	at org.springframework.security.web.context.request.async.WebAsyncManagerIntegrationFilter.doFilterInternal(WebAsyncManagerIntegrationFilter.java:56)
	at org.springframework.web.filter.OncePerRequestFilter.doFilter(OncePerRequestFilter.java:119)
	at org.springframework.security.web.FilterChainProxy$VirtualFilterChain.doFilter(FilterChainProxy.java:334)
	at org.springframework.security.web.FilterChainProxy.doFilterInternal(FilterChainProxy.java:215)
	at org.springframework.security.web.FilterChainProxy.doFilter(FilterChainProxy.java:178)
	at org.springframework.web.filter.DelegatingFilterProxy.invokeDelegate(DelegatingFilterProxy.java:358)
	at org.springframework.web.filter.DelegatingFilterProxy.doFilter(DelegatingFilterProxy.java:271)
	at org.apache.catalina.core.ApplicationFilterChain.internalDoFilter(ApplicationFilterChain.java:193)
	at org.apache.catalina.core.ApplicationFilterChain.doFilter(ApplicationFilterChain.java:166)
	at org.springframework.web.filter.RequestContextFilter.doFilterInternal(RequestContextFilter.java:100)
	at org.springframework.web.filter.OncePerRequestFilter.doFilter(OncePerRequestFilter.java:119)
	at org.apache.catalina.core.ApplicationFilterChain.internalDoFilter(ApplicationFilterChain.java:193)
	at org.apache.catalina.core.ApplicationFilterChain.doFilter(ApplicationFilterChain.java:166)
	at org.springframework.web.filter.FormContentFilter.doFilterInternal(FormContentFilter.java:93)
	at org.springframework.web.filter.OncePerRequestFilter.doFilter(OncePerRequestFilter.java:119)
	at org.apache.catalina.core.ApplicationFilterChain.internalDoFilter(ApplicationFilterChain.java:193)
	at org.apache.catalina.core.ApplicationFilterChain.doFilter(ApplicationFilterChain.java:166)
	at org.springframework.boot.actuate.metrics.web.servlet.WebMvcMetricsFilter.doFilterInternal(WebMvcMetricsFilter.java:109)
	at org.springframework.web.filter.OncePerRequestFilter.doFilter(OncePerRequestFilter.java:119)
	at org.apache.catalina.core.ApplicationFilterChain.internalDoFilter(ApplicationFilterChain.java:193)
	at org.apache.catalina.core.ApplicationFilterChain.doFilter(ApplicationFilterChain.java:166)
	at org.springframework.web.filter.CharacterEncodingFilter.doFilterInternal(CharacterEncodingFilter.java:201)
	at org.springframework.web.filter.OncePerRequestFilter.doFilter(OncePerRequestFilter.java:119)
	at org.apache.catalina.core.ApplicationFilterChain.internalDoFilter(ApplicationFilterChain.java:193)
	at org.apache.catalina.core.ApplicationFilterChain.doFilter(ApplicationFilterChain.java:166)
	at org.apache.catalina.core.StandardWrapperValve.invoke(StandardWrapperValve.java:202)
	at org.apache.catalina.core.StandardContextValve.invoke(StandardContextValve.java:96)
	at org.apache.catalina.authenticator.AuthenticatorBase.invoke(AuthenticatorBase.java:541)
	at org.apache.catalina.core.StandardHostValve.invoke(StandardHostValve.java:139)
	at org.apache.catalina.valves.ErrorReportValve.invoke(ErrorReportValve.java:92)
	at org.apache.catalina.core.StandardEngineValve.invoke(StandardEngineValve.java:74)
	at org.apache.catalina.connector.CoyoteAdapter.service(CoyoteAdapter.java:343)
	at org.apache.coyote.http11.Http11Processor.service(Http11Processor.java:373)
	at org.apache.coyote.AbstractProcessorLight.process(AbstractProcessorLight.java:65)
	at org.apache.coyote.AbstractProtocol$ConnectionHandler.process(AbstractProtocol.java:868)
	at org.apache.tomcat.util.net.NioEndpoint$SocketProcessor.doRun(NioEndpoint.java:1594)
	at org.apache.tomcat.util.net.SocketProcessorBase.run(SocketProcessorBase.java:49)
	at java.base/java.util.concurrent.ThreadPoolExecutor.runWorker(ThreadPoolExecutor.java:1128)
	at java.base/java.util.concurrent.ThreadPoolExecutor$Worker.run(ThreadPoolExecutor.java:628)
	at org.apache.tomcat.util.threads.TaskThread$WrappingRunnable.run(TaskThread.java:61)
	at java.base/java.lang.Thread.run(Thread.java:834)
2020-05-22 18:51:52,047 ERROR org.apache.juli.logging.DirectJDKLog [http-nio-8080-exec-7] Servlet.service() for servlet [dispatcherServlet] in context with path [] threw exception [Request processing failed; nested exception is error="invalid_grant", error_description="Invalid refresh token: cb3bbc03-6b0b-427c-8bbc-28fdf0fde9da"] with root cause
org.springframework.security.oauth2.common.exceptions.InvalidGrantException: Invalid refresh token: cb3bbc03-6b0b-427c-8bbc-28fdf0fde9da
	at org.springframework.security.oauth2.provider.token.DefaultTokenServices.refreshAccessToken(DefaultTokenServices.java:142)
	at org.springframework.security.oauth2.provider.refresh.RefreshTokenGranter.getAccessToken(RefreshTokenGranter.java:47)
	at org.springframework.security.oauth2.provider.token.AbstractTokenGranter.grant(AbstractTokenGranter.java:67)
	at org.springframework.security.oauth2.provider.CompositeTokenGranter.grant(CompositeTokenGranter.java:38)
	at org.springframework.security.oauth2.config.annotation.web.configurers.AuthorizationServerEndpointsConfigurer$4.grant(AuthorizationServerEndpointsConfigurer.java:583)
	at org.springframework.security.oauth2.provider.endpoint.TokenEndpoint.postAccessToken(TokenEndpoint.java:132)
	at java.base/jdk.internal.reflect.NativeMethodAccessorImpl.invoke0(Native Method)
	at java.base/jdk.internal.reflect.NativeMethodAccessorImpl.invoke(NativeMethodAccessorImpl.java:62)
	at java.base/jdk.internal.reflect.DelegatingMethodAccessorImpl.invoke(DelegatingMethodAccessorImpl.java:43)
	at java.base/java.lang.reflect.Method.invoke(Method.java:566)
	at org.springframework.web.method.support.InvocableHandlerMethod.doInvoke(InvocableHandlerMethod.java:190)
	at org.springframework.web.method.support.InvocableHandlerMethod.invokeForRequest(InvocableHandlerMethod.java:138)
	at org.springframework.web.servlet.mvc.method.annotation.ServletInvocableHandlerMethod.invokeAndHandle(ServletInvocableHandlerMethod.java:105)
	at org.springframework.web.servlet.mvc.method.annotation.RequestMappingHandlerAdapter.invokeHandlerMethod(RequestMappingHandlerAdapter.java:879)
	at org.springframework.web.servlet.mvc.method.annotation.RequestMappingHandlerAdapter.handleInternal(RequestMappingHandlerAdapter.java:793)
	at org.springframework.web.servlet.mvc.method.AbstractHandlerMethodAdapter.handle(AbstractHandlerMethodAdapter.java:87)
	at org.springframework.web.servlet.DispatcherServlet.doDispatch(DispatcherServlet.java:1040)
	at org.springframework.web.servlet.DispatcherServlet.doService(DispatcherServlet.java:943)
	at org.springframework.web.servlet.FrameworkServlet.processRequest(FrameworkServlet.java:1006)
	at org.springframework.web.servlet.FrameworkServlet.doPost(FrameworkServlet.java:909)
	at javax.servlet.http.HttpServlet.service(HttpServlet.java:660)
	at org.springframework.web.servlet.FrameworkServlet.service(FrameworkServlet.java:883)
	at javax.servlet.http.HttpServlet.service(HttpServlet.java:741)
	at org.apache.catalina.core.ApplicationFilterChain.internalDoFilter(ApplicationFilterChain.java:231)
	at org.apache.catalina.core.ApplicationFilterChain.doFilter(ApplicationFilterChain.java:166)
	at org.apache.tomcat.websocket.server.WsFilter.doFilter(WsFilter.java:53)
	at org.apache.catalina.core.ApplicationFilterChain.internalDoFilter(ApplicationFilterChain.java:193)
	at org.apache.catalina.core.ApplicationFilterChain.doFilter(ApplicationFilterChain.java:166)
	at org.springframework.security.web.FilterChainProxy$VirtualFilterChain.doFilter(FilterChainProxy.java:320)
	at org.springframework.security.web.access.intercept.FilterSecurityInterceptor.invoke(FilterSecurityInterceptor.java:126)
	at org.springframework.security.web.access.intercept.FilterSecurityInterceptor.doFilter(FilterSecurityInterceptor.java:90)
	at org.springframework.security.web.FilterChainProxy$VirtualFilterChain.doFilter(FilterChainProxy.java:334)
	at org.springframework.security.web.access.ExceptionTranslationFilter.doFilter(ExceptionTranslationFilter.java:118)
	at org.springframework.security.web.FilterChainProxy$VirtualFilterChain.doFilter(FilterChainProxy.java:334)
	at org.springframework.security.web.session.SessionManagementFilter.doFilter(SessionManagementFilter.java:137)
	at org.springframework.security.web.FilterChainProxy$VirtualFilterChain.doFilter(FilterChainProxy.java:334)
	at org.springframework.security.web.authentication.AnonymousAuthenticationFilter.doFilter(AnonymousAuthenticationFilter.java:111)
	at org.springframework.security.web.FilterChainProxy$VirtualFilterChain.doFilter(FilterChainProxy.java:334)
	at org.springframework.security.web.servletapi.SecurityContextHolderAwareRequestFilter.doFilter(SecurityContextHolderAwareRequestFilter.java:158)
	at org.springframework.security.web.FilterChainProxy$VirtualFilterChain.doFilter(FilterChainProxy.java:334)
	at org.springframework.security.web.savedrequest.RequestCacheAwareFilter.doFilter(RequestCacheAwareFilter.java:63)
	at org.springframework.security.web.FilterChainProxy$VirtualFilterChain.doFilter(FilterChainProxy.java:334)
	at org.springframework.security.web.authentication.www.BasicAuthenticationFilter.doFilterInternal(BasicAuthenticationFilter.java:204)
	at org.springframework.web.filter.OncePerRequestFilter.doFilter(OncePerRequestFilter.java:119)
	at org.springframework.security.web.FilterChainProxy$VirtualFilterChain.doFilter(FilterChainProxy.java:334)
	at org.springframework.web.filter.CorsFilter.doFilterInternal(CorsFilter.java:92)
	at org.springframework.web.filter.OncePerRequestFilter.doFilter(OncePerRequestFilter.java:119)
	at org.springframework.security.web.FilterChainProxy$VirtualFilterChain.doFilter(FilterChainProxy.java:334)
	at org.springframework.security.web.authentication.logout.LogoutFilter.doFilter(LogoutFilter.java:116)
	at org.springframework.security.web.FilterChainProxy$VirtualFilterChain.doFilter(FilterChainProxy.java:334)
	at org.springframework.security.web.header.HeaderWriterFilter.doHeadersAfter(HeaderWriterFilter.java:92)
	at org.springframework.security.web.header.HeaderWriterFilter.doFilterInternal(HeaderWriterFilter.java:77)
	at org.springframework.web.filter.OncePerRequestFilter.doFilter(OncePerRequestFilter.java:119)
	at org.springframework.security.web.FilterChainProxy$VirtualFilterChain.doFilter(FilterChainProxy.java:334)
	at org.springframework.security.web.context.SecurityContextPersistenceFilter.doFilter(SecurityContextPersistenceFilter.java:105)
	at org.springframework.security.web.FilterChainProxy$VirtualFilterChain.doFilter(FilterChainProxy.java:334)
	at org.springframework.security.web.context.request.async.WebAsyncManagerIntegrationFilter.doFilterInternal(WebAsyncManagerIntegrationFilter.java:56)
	at org.springframework.web.filter.OncePerRequestFilter.doFilter(OncePerRequestFilter.java:119)
	at org.springframework.security.web.FilterChainProxy$VirtualFilterChain.doFilter(FilterChainProxy.java:334)
	at org.springframework.security.web.FilterChainProxy.doFilterInternal(FilterChainProxy.java:215)
	at org.springframework.security.web.FilterChainProxy.doFilter(FilterChainProxy.java:178)
	at org.springframework.web.filter.DelegatingFilterProxy.invokeDelegate(DelegatingFilterProxy.java:358)
	at org.springframework.web.filter.DelegatingFilterProxy.doFilter(DelegatingFilterProxy.java:271)
	at org.apache.catalina.core.ApplicationFilterChain.internalDoFilter(ApplicationFilterChain.java:193)
	at org.apache.catalina.core.ApplicationFilterChain.doFilter(ApplicationFilterChain.java:166)
	at org.springframework.web.filter.RequestContextFilter.doFilterInternal(RequestContextFilter.java:100)
	at org.springframework.web.filter.OncePerRequestFilter.doFilter(OncePerRequestFilter.java:119)
	at org.apache.catalina.core.ApplicationFilterChain.internalDoFilter(ApplicationFilterChain.java:193)
	at org.apache.catalina.core.ApplicationFilterChain.doFilter(ApplicationFilterChain.java:166)
	at org.springframework.web.filter.FormContentFilter.doFilterInternal(FormContentFilter.java:93)
	at org.springframework.web.filter.OncePerRequestFilter.doFilter(OncePerRequestFilter.java:119)
	at org.apache.catalina.core.ApplicationFilterChain.internalDoFilter(ApplicationFilterChain.java:193)
	at org.apache.catalina.core.ApplicationFilterChain.doFilter(ApplicationFilterChain.java:166)
	at org.springframework.boot.actuate.metrics.web.servlet.WebMvcMetricsFilter.doFilterInternal(WebMvcMetricsFilter.java:109)
	at org.springframework.web.filter.OncePerRequestFilter.doFilter(OncePerRequestFilter.java:119)
	at org.apache.catalina.core.ApplicationFilterChain.internalDoFilter(ApplicationFilterChain.java:193)
	at org.apache.catalina.core.ApplicationFilterChain.doFilter(ApplicationFilterChain.java:166)
	at org.springframework.web.filter.CharacterEncodingFilter.doFilterInternal(CharacterEncodingFilter.java:201)
	at org.springframework.web.filter.OncePerRequestFilter.doFilter(OncePerRequestFilter.java:119)
	at org.apache.catalina.core.ApplicationFilterChain.internalDoFilter(ApplicationFilterChain.java:193)
	at org.apache.catalina.core.ApplicationFilterChain.doFilter(ApplicationFilterChain.java:166)
	at org.apache.catalina.core.StandardWrapperValve.invoke(StandardWrapperValve.java:202)
	at org.apache.catalina.core.StandardContextValve.invoke(StandardContextValve.java:96)
	at org.apache.catalina.authenticator.AuthenticatorBase.invoke(AuthenticatorBase.java:541)
	at org.apache.catalina.core.StandardHostValve.invoke(StandardHostValve.java:139)
	at org.apache.catalina.valves.ErrorReportValve.invoke(ErrorReportValve.java:92)
	at org.apache.catalina.core.StandardEngineValve.invoke(StandardEngineValve.java:74)
	at org.apache.catalina.connector.CoyoteAdapter.service(CoyoteAdapter.java:343)
	at org.apache.coyote.http11.Http11Processor.service(Http11Processor.java:373)
	at org.apache.coyote.AbstractProcessorLight.process(AbstractProcessorLight.java:65)
	at org.apache.coyote.AbstractProtocol$ConnectionHandler.process(AbstractProtocol.java:868)
	at org.apache.tomcat.util.net.NioEndpoint$SocketProcessor.doRun(NioEndpoint.java:1594)
	at org.apache.tomcat.util.net.SocketProcessorBase.run(SocketProcessorBase.java:49)
	at java.base/java.util.concurrent.ThreadPoolExecutor.runWorker(ThreadPoolExecutor.java:1128)
	at java.base/java.util.concurrent.ThreadPoolExecutor$Worker.run(ThreadPoolExecutor.java:628)
	at org.apache.tomcat.util.threads.TaskThread$WrappingRunnable.run(TaskThread.java:61)
	at java.base/java.lang.Thread.run(Thread.java:834)
2020-05-22 18:52:11,052 INFO com.surshree.app.services.CustomUserDetailsService [http-nio-8080-exec-4] Granted Authorities --> ROLE_CONT
2020-05-22 18:52:11,052 INFO com.surshree.app.services.CustomUserDetailsService [http-nio-8080-exec-4] Granted Authorities --> FUNC_CONT_MENU
2020-05-22 18:52:11,281 INFO com.surshree.app.services.CustomUserDetailsService [http-nio-8080-exec-6] Granted Authorities --> ROLE_CONT
2020-05-22 18:52:11,283 INFO com.surshree.app.services.CustomUserDetailsService [http-nio-8080-exec-6] Granted Authorities --> FUNC_CONT_MENU
2020-05-22 18:52:11,555 INFO com.surshree.app.services.CustomUserDetailsService [http-nio-8080-exec-3] Granted Authorities --> ROLE_CONT
2020-05-22 18:52:11,556 INFO com.surshree.app.services.CustomUserDetailsService [http-nio-8080-exec-3] Granted Authorities --> FUNC_CONT_MENU
2020-05-22 18:52:40,798 INFO com.surshree.app.services.CustomUserDetailsService [http-nio-8080-exec-9] Granted Authorities --> ROLE_CONT
2020-05-22 18:52:40,798 INFO com.surshree.app.services.CustomUserDetailsService [http-nio-8080-exec-9] Granted Authorities --> FUNC_CONT_MENU
2020-05-22 18:52:45,386 INFO com.surshree.app.services.CustomUserDetailsService [http-nio-8080-exec-1] Granted Authorities --> ROLE_CONT
2020-05-22 18:52:45,387 INFO com.surshree.app.services.CustomUserDetailsService [http-nio-8080-exec-1] Granted Authorities --> FUNC_CONT_MENU
2020-05-22 18:53:11,415 INFO com.surshree.app.services.CustomUserDetailsService [http-nio-8080-exec-5] Granted Authorities --> ROLE_CONT
2020-05-22 18:53:11,416 INFO com.surshree.app.services.CustomUserDetailsService [http-nio-8080-exec-5] Granted Authorities --> FUNC_CONT_MENU
2020-05-22 18:53:14,533 INFO com.surshree.app.services.CustomUserDetailsService [http-nio-8080-exec-4] Granted Authorities --> ROLE_CONT
2020-05-22 18:53:14,534 INFO com.surshree.app.services.CustomUserDetailsService [http-nio-8080-exec-4] Granted Authorities --> FUNC_CONT_MENU
2020-05-22 18:53:20,575 INFO com.surshree.app.services.CustomUserDetailsService [http-nio-8080-exec-1] Granted Authorities --> ROLE_CONT
2020-05-22 18:53:20,576 INFO com.surshree.app.services.CustomUserDetailsService [http-nio-8080-exec-1] Granted Authorities --> FUNC_CONT_MENU
2020-05-22 18:53:28,080 INFO com.surshree.app.services.CustomUserDetailsService [http-nio-8080-exec-3] Granted Authorities --> ROLE_CONT
2020-05-22 18:53:28,081 INFO com.surshree.app.services.CustomUserDetailsService [http-nio-8080-exec-3] Granted Authorities --> FUNC_CONT_MENU
2020-05-22 18:53:31,184 INFO com.surshree.app.services.CustomUserDetailsService [http-nio-8080-exec-4] Granted Authorities --> ROLE_CONT
2020-05-22 18:53:31,185 INFO com.surshree.app.services.CustomUserDetailsService [http-nio-8080-exec-4] Granted Authorities --> FUNC_CONT_MENU
2020-05-22 18:53:38,235 INFO com.surshree.app.services.CustomUserDetailsService [http-nio-8080-exec-6] Granted Authorities --> ROLE_CONT
2020-05-22 18:53:38,236 INFO com.surshree.app.services.CustomUserDetailsService [http-nio-8080-exec-6] Granted Authorities --> FUNC_CONT_MENU
2020-05-22 18:55:21,193 INFO com.surshree.app.services.CustomUserDetailsService [http-nio-8080-exec-10] Granted Authorities --> ROLE_CONT
2020-05-22 18:55:21,196 INFO com.surshree.app.services.CustomUserDetailsService [http-nio-8080-exec-10] Granted Authorities --> FUNC_CONT_MENU
2020-05-22 18:55:35,782 INFO com.surshree.app.services.CustomUserDetailsService [http-nio-8080-exec-7] Granted Authorities --> ROLE_CONT
2020-05-22 18:55:35,784 INFO com.surshree.app.services.CustomUserDetailsService [http-nio-8080-exec-7] Granted Authorities --> FUNC_CONT_MENU
2020-05-22 18:55:41,650 INFO com.surshree.app.services.CustomUserDetailsService [http-nio-8080-exec-1] Granted Authorities --> ROLE_CONT
2020-05-22 18:55:41,651 INFO com.surshree.app.services.CustomUserDetailsService [http-nio-8080-exec-1] Granted Authorities --> FUNC_CONT_MENU
2020-05-22 18:55:43,412 ERROR com.surshree.app.exception.CustomResponseEntityExceptionHandler [http-nio-8080-exec-2] java.io.IOException: Broken pipe
org.apache.catalina.connector.ClientAbortException: java.io.IOException: Broken pipe
	at org.apache.catalina.connector.OutputBuffer.realWriteBytes(OutputBuffer.java:351)
	at org.apache.catalina.connector.OutputBuffer.flushByteBuffer(OutputBuffer.java:776)
	at org.apache.catalina.connector.OutputBuffer.append(OutputBuffer.java:681)
	at org.apache.catalina.connector.OutputBuffer.writeBytes(OutputBuffer.java:386)
	at org.apache.catalina.connector.OutputBuffer.write(OutputBuffer.java:364)
	at org.apache.catalina.connector.CoyoteOutputStream.write(CoyoteOutputStream.java:96)
	at org.springframework.security.web.util.OnCommittedResponseWrapper$SaveContextServletOutputStream.write(OnCommittedResponseWrapper.java:645)
	at org.springframework.security.web.util.OnCommittedResponseWrapper$SaveContextServletOutputStream.write(OnCommittedResponseWrapper.java:645)
	at org.springframework.util.StreamUtils.copyRange(StreamUtils.java:180)
	at org.springframework.http.converter.ResourceRegionHttpMessageConverter.writeResourceRegion(ResourceRegionHttpMessageConverter.java:159)
	at org.springframework.http.converter.ResourceRegionHttpMessageConverter.writeInternal(ResourceRegionHttpMessageConverter.java:136)
	at org.springframework.http.converter.AbstractGenericHttpMessageConverter.write(AbstractGenericHttpMessageConverter.java:104)
	at org.springframework.web.servlet.mvc.method.annotation.AbstractMessageConverterMethodProcessor.writeWithMessageConverters(AbstractMessageConverterMethodProcessor.java:287)
	at org.springframework.web.servlet.mvc.method.annotation.HttpEntityMethodProcessor.handleReturnValue(HttpEntityMethodProcessor.java:219)
	at org.springframework.web.method.support.HandlerMethodReturnValueHandlerComposite.handleReturnValue(HandlerMethodReturnValueHandlerComposite.java:82)
	at org.springframework.web.servlet.mvc.method.annotation.ServletInvocableHandlerMethod.invokeAndHandle(ServletInvocableHandlerMethod.java:123)
	at org.springframework.web.servlet.mvc.method.annotation.RequestMappingHandlerAdapter.invokeHandlerMethod(RequestMappingHandlerAdapter.java:879)
	at org.springframework.web.servlet.mvc.method.annotation.RequestMappingHandlerAdapter.handleInternal(RequestMappingHandlerAdapter.java:793)
	at org.springframework.web.servlet.mvc.method.AbstractHandlerMethodAdapter.handle(AbstractHandlerMethodAdapter.java:87)
	at org.springframework.web.servlet.DispatcherServlet.doDispatch(DispatcherServlet.java:1040)
	at org.springframework.web.servlet.DispatcherServlet.doService(DispatcherServlet.java:943)
	at org.springframework.web.servlet.FrameworkServlet.processRequest(FrameworkServlet.java:1006)
	at org.springframework.web.servlet.FrameworkServlet.doGet(FrameworkServlet.java:898)
	at javax.servlet.http.HttpServlet.service(HttpServlet.java:634)
	at org.springframework.web.servlet.FrameworkServlet.service(FrameworkServlet.java:883)
	at javax.servlet.http.HttpServlet.service(HttpServlet.java:741)
	at org.apache.catalina.core.ApplicationFilterChain.internalDoFilter(ApplicationFilterChain.java:231)
	at org.apache.catalina.core.ApplicationFilterChain.doFilter(ApplicationFilterChain.java:166)
	at org.apache.tomcat.websocket.server.WsFilter.doFilter(WsFilter.java:53)
	at org.apache.catalina.core.ApplicationFilterChain.internalDoFilter(ApplicationFilterChain.java:193)
	at org.apache.catalina.core.ApplicationFilterChain.doFilter(ApplicationFilterChain.java:166)
	at org.springframework.security.web.FilterChainProxy$VirtualFilterChain.doFilter(FilterChainProxy.java:320)
	at org.springframework.security.web.access.intercept.FilterSecurityInterceptor.invoke(FilterSecurityInterceptor.java:126)
	at org.springframework.security.web.access.intercept.FilterSecurityInterceptor.doFilter(FilterSecurityInterceptor.java:90)
	at org.springframework.security.web.FilterChainProxy$VirtualFilterChain.doFilter(FilterChainProxy.java:334)
	at org.springframework.security.web.access.ExceptionTranslationFilter.doFilter(ExceptionTranslationFilter.java:118)
	at org.springframework.security.web.FilterChainProxy$VirtualFilterChain.doFilter(FilterChainProxy.java:334)
	at org.springframework.security.web.session.SessionManagementFilter.doFilter(SessionManagementFilter.java:137)
	at org.springframework.security.web.FilterChainProxy$VirtualFilterChain.doFilter(FilterChainProxy.java:334)
	at org.springframework.security.web.authentication.AnonymousAuthenticationFilter.doFilter(AnonymousAuthenticationFilter.java:111)
	at org.springframework.security.web.FilterChainProxy$VirtualFilterChain.doFilter(FilterChainProxy.java:334)
	at org.springframework.security.web.servletapi.SecurityContextHolderAwareRequestFilter.doFilter(SecurityContextHolderAwareRequestFilter.java:158)
	at org.springframework.security.web.FilterChainProxy$VirtualFilterChain.doFilter(FilterChainProxy.java:334)
	at org.springframework.security.web.savedrequest.RequestCacheAwareFilter.doFilter(RequestCacheAwareFilter.java:63)
	at org.springframework.security.web.FilterChainProxy$VirtualFilterChain.doFilter(FilterChainProxy.java:334)
	at org.springframework.security.web.authentication.www.BasicAuthenticationFilter.doFilterInternal(BasicAuthenticationFilter.java:155)
	at org.springframework.web.filter.OncePerRequestFilter.doFilter(OncePerRequestFilter.java:119)
	at org.springframework.security.web.FilterChainProxy$VirtualFilterChain.doFilter(FilterChainProxy.java:334)
	at org.springframework.security.web.authentication.logout.LogoutFilter.doFilter(LogoutFilter.java:116)
	at org.springframework.security.web.FilterChainProxy$VirtualFilterChain.doFilter(FilterChainProxy.java:334)
	at org.springframework.web.filter.CorsFilter.doFilterInternal(CorsFilter.java:92)
	at org.springframework.web.filter.OncePerRequestFilter.doFilter(OncePerRequestFilter.java:119)
	at org.springframework.security.web.FilterChainProxy$VirtualFilterChain.doFilter(FilterChainProxy.java:334)
	at org.springframework.security.web.header.HeaderWriterFilter.doHeadersAfter(HeaderWriterFilter.java:92)
	at org.springframework.security.web.header.HeaderWriterFilter.doFilterInternal(HeaderWriterFilter.java:77)
	at org.springframework.web.filter.OncePerRequestFilter.doFilter(OncePerRequestFilter.java:119)
	at org.springframework.security.web.FilterChainProxy$VirtualFilterChain.doFilter(FilterChainProxy.java:334)
	at org.springframework.security.web.context.SecurityContextPersistenceFilter.doFilter(SecurityContextPersistenceFilter.java:105)
	at org.springframework.security.web.FilterChainProxy$VirtualFilterChain.doFilter(FilterChainProxy.java:334)
	at org.springframework.security.web.context.request.async.WebAsyncManagerIntegrationFilter.doFilterInternal(WebAsyncManagerIntegrationFilter.java:56)
	at org.springframework.web.filter.OncePerRequestFilter.doFilter(OncePerRequestFilter.java:119)
	at org.springframework.security.web.FilterChainProxy$VirtualFilterChain.doFilter(FilterChainProxy.java:334)
	at org.springframework.security.web.FilterChainProxy.doFilterInternal(FilterChainProxy.java:215)
	at org.springframework.security.web.FilterChainProxy.doFilter(FilterChainProxy.java:178)
	at org.springframework.web.filter.DelegatingFilterProxy.invokeDelegate(DelegatingFilterProxy.java:358)
	at org.springframework.web.filter.DelegatingFilterProxy.doFilter(DelegatingFilterProxy.java:271)
	at org.apache.catalina.core.ApplicationFilterChain.internalDoFilter(ApplicationFilterChain.java:193)
	at org.apache.catalina.core.ApplicationFilterChain.doFilter(ApplicationFilterChain.java:166)
	at org.springframework.web.filter.RequestContextFilter.doFilterInternal(RequestContextFilter.java:100)
	at org.springframework.web.filter.OncePerRequestFilter.doFilter(OncePerRequestFilter.java:119)
	at org.apache.catalina.core.ApplicationFilterChain.internalDoFilter(ApplicationFilterChain.java:193)
	at org.apache.catalina.core.ApplicationFilterChain.doFilter(ApplicationFilterChain.java:166)
	at org.springframework.web.filter.FormContentFilter.doFilterInternal(FormContentFilter.java:93)
	at org.springframework.web.filter.OncePerRequestFilter.doFilter(OncePerRequestFilter.java:119)
	at org.apache.catalina.core.ApplicationFilterChain.internalDoFilter(ApplicationFilterChain.java:193)
	at org.apache.catalina.core.ApplicationFilterChain.doFilter(ApplicationFilterChain.java:166)
	at org.springframework.boot.actuate.metrics.web.servlet.WebMvcMetricsFilter.doFilterInternal(WebMvcMetricsFilter.java:109)
	at org.springframework.web.filter.OncePerRequestFilter.doFilter(OncePerRequestFilter.java:119)
	at org.apache.catalina.core.ApplicationFilterChain.internalDoFilter(ApplicationFilterChain.java:193)
	at org.apache.catalina.core.ApplicationFilterChain.doFilter(ApplicationFilterChain.java:166)
	at org.springframework.web.filter.CharacterEncodingFilter.doFilterInternal(CharacterEncodingFilter.java:201)
	at org.springframework.web.filter.OncePerRequestFilter.doFilter(OncePerRequestFilter.java:119)
	at org.apache.catalina.core.ApplicationFilterChain.internalDoFilter(ApplicationFilterChain.java:193)
	at org.apache.catalina.core.ApplicationFilterChain.doFilter(ApplicationFilterChain.java:166)
	at org.apache.catalina.core.StandardWrapperValve.invoke(StandardWrapperValve.java:202)
	at org.apache.catalina.core.StandardContextValve.invoke(StandardContextValve.java:96)
	at org.apache.catalina.authenticator.AuthenticatorBase.invoke(AuthenticatorBase.java:541)
	at org.apache.catalina.core.StandardHostValve.invoke(StandardHostValve.java:139)
	at org.apache.catalina.valves.ErrorReportValve.invoke(ErrorReportValve.java:92)
	at org.apache.catalina.core.StandardEngineValve.invoke(StandardEngineValve.java:74)
	at org.apache.catalina.connector.CoyoteAdapter.service(CoyoteAdapter.java:343)
	at org.apache.coyote.http11.Http11Processor.service(Http11Processor.java:373)
	at org.apache.coyote.AbstractProcessorLight.process(AbstractProcessorLight.java:65)
	at org.apache.coyote.AbstractProtocol$ConnectionHandler.process(AbstractProtocol.java:868)
	at org.apache.tomcat.util.net.NioEndpoint$SocketProcessor.doRun(NioEndpoint.java:1594)
	at org.apache.tomcat.util.net.SocketProcessorBase.run(SocketProcessorBase.java:49)
	at java.base/java.util.concurrent.ThreadPoolExecutor.runWorker(ThreadPoolExecutor.java:1128)
	at java.base/java.util.concurrent.ThreadPoolExecutor$Worker.run(ThreadPoolExecutor.java:628)
	at org.apache.tomcat.util.threads.TaskThread$WrappingRunnable.run(TaskThread.java:61)
	at java.base/java.lang.Thread.run(Thread.java:834)
Caused by: java.io.IOException: Broken pipe
	at java.base/sun.nio.ch.FileDispatcherImpl.write0(Native Method)
	at java.base/sun.nio.ch.SocketDispatcher.write(SocketDispatcher.java:47)
	at java.base/sun.nio.ch.IOUtil.writeFromNativeBuffer(IOUtil.java:113)
	at java.base/sun.nio.ch.IOUtil.write(IOUtil.java:79)
	at java.base/sun.nio.ch.IOUtil.write(IOUtil.java:50)
	at java.base/sun.nio.ch.SocketChannelImpl.write(SocketChannelImpl.java:466)
	at org.apache.tomcat.util.net.NioChannel.write(NioChannel.java:138)
	at org.apache.tomcat.util.net.NioBlockingSelector.write(NioBlockingSelector.java:101)
	at org.apache.tomcat.util.net.NioSelectorPool.write(NioSelectorPool.java:152)
	at org.apache.tomcat.util.net.NioEndpoint$NioSocketWrapper.doWrite(NioEndpoint.java:1253)
	at org.apache.tomcat.util.net.SocketWrapperBase.doWrite(SocketWrapperBase.java:740)
	at org.apache.tomcat.util.net.SocketWrapperBase.writeBlocking(SocketWrapperBase.java:560)
	at org.apache.tomcat.util.net.SocketWrapperBase.write(SocketWrapperBase.java:504)
	at org.apache.coyote.http11.Http11OutputBuffer$SocketOutputBuffer.doWrite(Http11OutputBuffer.java:538)
	at org.apache.coyote.http11.filters.IdentityOutputFilter.doWrite(IdentityOutputFilter.java:73)
	at org.apache.coyote.http11.Http11OutputBuffer.doWrite(Http11OutputBuffer.java:190)
	at org.apache.coyote.Response.doWrite(Response.java:601)
	at org.apache.catalina.connector.OutputBuffer.realWriteBytes(OutputBuffer.java:339)
	... 99 common frames omitted
2020-05-22 18:55:43,422 WARN org.springframework.web.servlet.mvc.method.annotation.ExceptionHandlerExceptionResolver [http-nio-8080-exec-2] Failure in @ExceptionHandler com.surshree.app.exception.CustomResponseEntityExceptionHandler#handleAllException(Exception, WebRequest)
org.springframework.http.converter.HttpMessageNotWritableException: No converter for [class com.surshree.app.exception.ExceptionMessage] with preset Content-Type 'audio/mpeg'
	at org.springframework.web.servlet.mvc.method.annotation.AbstractMessageConverterMethodProcessor.writeWithMessageConverters(AbstractMessageConverterMethodProcessor.java:309)
	at org.springframework.web.servlet.mvc.method.annotation.HttpEntityMethodProcessor.handleReturnValue(HttpEntityMethodProcessor.java:219)
	at org.springframework.web.method.support.HandlerMethodReturnValueHandlerComposite.handleReturnValue(HandlerMethodReturnValueHandlerComposite.java:82)
	at org.springframework.web.servlet.mvc.method.annotation.ServletInvocableHandlerMethod.invokeAndHandle(ServletInvocableHandlerMethod.java:123)
	at org.springframework.web.servlet.mvc.method.annotation.ExceptionHandlerExceptionResolver.doResolveHandlerMethodException(ExceptionHandlerExceptionResolver.java:403)
	at org.springframework.web.servlet.handler.AbstractHandlerMethodExceptionResolver.doResolveException(AbstractHandlerMethodExceptionResolver.java:61)
	at org.springframework.web.servlet.handler.AbstractHandlerExceptionResolver.resolveException(AbstractHandlerExceptionResolver.java:141)
	at org.springframework.web.servlet.handler.HandlerExceptionResolverComposite.resolveException(HandlerExceptionResolverComposite.java:80)
	at org.springframework.web.servlet.DispatcherServlet.processHandlerException(DispatcherServlet.java:1300)
	at org.springframework.web.servlet.DispatcherServlet.processDispatchResult(DispatcherServlet.java:1111)
	at org.springframework.web.servlet.DispatcherServlet.doDispatch(DispatcherServlet.java:1057)
	at org.springframework.web.servlet.DispatcherServlet.doService(DispatcherServlet.java:943)
	at org.springframework.web.servlet.FrameworkServlet.processRequest(FrameworkServlet.java:1006)
	at org.springframework.web.servlet.FrameworkServlet.doGet(FrameworkServlet.java:898)
	at javax.servlet.http.HttpServlet.service(HttpServlet.java:634)
	at org.springframework.web.servlet.FrameworkServlet.service(FrameworkServlet.java:883)
	at javax.servlet.http.HttpServlet.service(HttpServlet.java:741)
	at org.apache.catalina.core.ApplicationFilterChain.internalDoFilter(ApplicationFilterChain.java:231)
	at org.apache.catalina.core.ApplicationFilterChain.doFilter(ApplicationFilterChain.java:166)
	at org.apache.tomcat.websocket.server.WsFilter.doFilter(WsFilter.java:53)
	at org.apache.catalina.core.ApplicationFilterChain.internalDoFilter(ApplicationFilterChain.java:193)
	at org.apache.catalina.core.ApplicationFilterChain.doFilter(ApplicationFilterChain.java:166)
	at org.springframework.security.web.FilterChainProxy$VirtualFilterChain.doFilter(FilterChainProxy.java:320)
	at org.springframework.security.web.access.intercept.FilterSecurityInterceptor.invoke(FilterSecurityInterceptor.java:126)
	at org.springframework.security.web.access.intercept.FilterSecurityInterceptor.doFilter(FilterSecurityInterceptor.java:90)
	at org.springframework.security.web.FilterChainProxy$VirtualFilterChain.doFilter(FilterChainProxy.java:334)
	at org.springframework.security.web.access.ExceptionTranslationFilter.doFilter(ExceptionTranslationFilter.java:118)
	at org.springframework.security.web.FilterChainProxy$VirtualFilterChain.doFilter(FilterChainProxy.java:334)
	at org.springframework.security.web.session.SessionManagementFilter.doFilter(SessionManagementFilter.java:137)
	at org.springframework.security.web.FilterChainProxy$VirtualFilterChain.doFilter(FilterChainProxy.java:334)
	at org.springframework.security.web.authentication.AnonymousAuthenticationFilter.doFilter(AnonymousAuthenticationFilter.java:111)
	at org.springframework.security.web.FilterChainProxy$VirtualFilterChain.doFilter(FilterChainProxy.java:334)
	at org.springframework.security.web.servletapi.SecurityContextHolderAwareRequestFilter.doFilter(SecurityContextHolderAwareRequestFilter.java:158)
	at org.springframework.security.web.FilterChainProxy$VirtualFilterChain.doFilter(FilterChainProxy.java:334)
	at org.springframework.security.web.savedrequest.RequestCacheAwareFilter.doFilter(RequestCacheAwareFilter.java:63)
	at org.springframework.security.web.FilterChainProxy$VirtualFilterChain.doFilter(FilterChainProxy.java:334)
	at org.springframework.security.web.authentication.www.BasicAuthenticationFilter.doFilterInternal(BasicAuthenticationFilter.java:155)
	at org.springframework.web.filter.OncePerRequestFilter.doFilter(OncePerRequestFilter.java:119)
	at org.springframework.security.web.FilterChainProxy$VirtualFilterChain.doFilter(FilterChainProxy.java:334)
	at org.springframework.security.web.authentication.logout.LogoutFilter.doFilter(LogoutFilter.java:116)
	at org.springframework.security.web.FilterChainProxy$VirtualFilterChain.doFilter(FilterChainProxy.java:334)
	at org.springframework.web.filter.CorsFilter.doFilterInternal(CorsFilter.java:92)
	at org.springframework.web.filter.OncePerRequestFilter.doFilter(OncePerRequestFilter.java:119)
	at org.springframework.security.web.FilterChainProxy$VirtualFilterChain.doFilter(FilterChainProxy.java:334)
	at org.springframework.security.web.header.HeaderWriterFilter.doHeadersAfter(HeaderWriterFilter.java:92)
	at org.springframework.security.web.header.HeaderWriterFilter.doFilterInternal(HeaderWriterFilter.java:77)
	at org.springframework.web.filter.OncePerRequestFilter.doFilter(OncePerRequestFilter.java:119)
	at org.springframework.security.web.FilterChainProxy$VirtualFilterChain.doFilter(FilterChainProxy.java:334)
	at org.springframework.security.web.context.SecurityContextPersistenceFilter.doFilter(SecurityContextPersistenceFilter.java:105)
	at org.springframework.security.web.FilterChainProxy$VirtualFilterChain.doFilter(FilterChainProxy.java:334)
	at org.springframework.security.web.context.request.async.WebAsyncManagerIntegrationFilter.doFilterInternal(WebAsyncManagerIntegrationFilter.java:56)
	at org.springframework.web.filter.OncePerRequestFilter.doFilter(OncePerRequestFilter.java:119)
	at org.springframework.security.web.FilterChainProxy$VirtualFilterChain.doFilter(FilterChainProxy.java:334)
	at org.springframework.security.web.FilterChainProxy.doFilterInternal(FilterChainProxy.java:215)
	at org.springframework.security.web.FilterChainProxy.doFilter(FilterChainProxy.java:178)
	at org.springframework.web.filter.DelegatingFilterProxy.invokeDelegate(DelegatingFilterProxy.java:358)
	at org.springframework.web.filter.DelegatingFilterProxy.doFilter(DelegatingFilterProxy.java:271)
	at org.apache.catalina.core.ApplicationFilterChain.internalDoFilter(ApplicationFilterChain.java:193)
	at org.apache.catalina.core.ApplicationFilterChain.doFilter(ApplicationFilterChain.java:166)
	at org.springframework.web.filter.RequestContextFilter.doFilterInternal(RequestContextFilter.java:100)
	at org.springframework.web.filter.OncePerRequestFilter.doFilter(OncePerRequestFilter.java:119)
	at org.apache.catalina.core.ApplicationFilterChain.internalDoFilter(ApplicationFilterChain.java:193)
	at org.apache.catalina.core.ApplicationFilterChain.doFilter(ApplicationFilterChain.java:166)
	at org.springframework.web.filter.FormContentFilter.doFilterInternal(FormContentFilter.java:93)
	at org.springframework.web.filter.OncePerRequestFilter.doFilter(OncePerRequestFilter.java:119)
	at org.apache.catalina.core.ApplicationFilterChain.internalDoFilter(ApplicationFilterChain.java:193)
	at org.apache.catalina.core.ApplicationFilterChain.doFilter(ApplicationFilterChain.java:166)
	at org.springframework.boot.actuate.metrics.web.servlet.WebMvcMetricsFilter.doFilterInternal(WebMvcMetricsFilter.java:109)
	at org.springframework.web.filter.OncePerRequestFilter.doFilter(OncePerRequestFilter.java:119)
	at org.apache.catalina.core.ApplicationFilterChain.internalDoFilter(ApplicationFilterChain.java:193)
	at org.apache.catalina.core.ApplicationFilterChain.doFilter(ApplicationFilterChain.java:166)
	at org.springframework.web.filter.CharacterEncodingFilter.doFilterInternal(CharacterEncodingFilter.java:201)
	at org.springframework.web.filter.OncePerRequestFilter.doFilter(OncePerRequestFilter.java:119)
	at org.apache.catalina.core.ApplicationFilterChain.internalDoFilter(ApplicationFilterChain.java:193)
	at org.apache.catalina.core.ApplicationFilterChain.doFilter(ApplicationFilterChain.java:166)
	at org.apache.catalina.core.StandardWrapperValve.invoke(StandardWrapperValve.java:202)
	at org.apache.catalina.core.StandardContextValve.invoke(StandardContextValve.java:96)
	at org.apache.catalina.authenticator.AuthenticatorBase.invoke(AuthenticatorBase.java:541)
	at org.apache.catalina.core.StandardHostValve.invoke(StandardHostValve.java:139)
	at org.apache.catalina.valves.ErrorReportValve.invoke(ErrorReportValve.java:92)
	at org.apache.catalina.core.StandardEngineValve.invoke(StandardEngineValve.java:74)
	at org.apache.catalina.connector.CoyoteAdapter.service(CoyoteAdapter.java:343)
	at org.apache.coyote.http11.Http11Processor.service(Http11Processor.java:373)
	at org.apache.coyote.AbstractProcessorLight.process(AbstractProcessorLight.java:65)
	at org.apache.coyote.AbstractProtocol$ConnectionHandler.process(AbstractProtocol.java:868)
	at org.apache.tomcat.util.net.NioEndpoint$SocketProcessor.doRun(NioEndpoint.java:1594)
	at org.apache.tomcat.util.net.SocketProcessorBase.run(SocketProcessorBase.java:49)
	at java.base/java.util.concurrent.ThreadPoolExecutor.runWorker(ThreadPoolExecutor.java:1128)
	at java.base/java.util.concurrent.ThreadPoolExecutor$Worker.run(ThreadPoolExecutor.java:628)
	at org.apache.tomcat.util.threads.TaskThread$WrappingRunnable.run(TaskThread.java:61)
	at java.base/java.lang.Thread.run(Thread.java:834)
2020-05-22 18:55:50,881 INFO com.surshree.app.services.CustomUserDetailsService [http-nio-8080-exec-5] Granted Authorities --> ROLE_CONT
2020-05-22 18:55:50,881 INFO com.surshree.app.services.CustomUserDetailsService [http-nio-8080-exec-5] Granted Authorities --> FUNC_CONT_MENU
2020-05-22 18:55:54,364 INFO com.surshree.app.services.CustomUserDetailsService [http-nio-8080-exec-9] Granted Authorities --> ROLE_CONT
2020-05-22 18:55:54,368 INFO com.surshree.app.services.CustomUserDetailsService [http-nio-8080-exec-9] Granted Authorities --> FUNC_CONT_MENU
2020-05-22 18:56:04,714 INFO com.surshree.app.services.CustomUserDetailsService [http-nio-8080-exec-8] Granted Authorities --> ROLE_CONT
2020-05-22 18:56:04,714 INFO com.surshree.app.services.CustomUserDetailsService [http-nio-8080-exec-8] Granted Authorities --> FUNC_CONT_MENU
2020-05-22 18:57:40,941 INFO com.surshree.app.services.CustomUserDetailsService [http-nio-8080-exec-5] Granted Authorities --> ROLE_CONT
2020-05-22 18:57:40,947 INFO com.surshree.app.services.CustomUserDetailsService [http-nio-8080-exec-5] Granted Authorities --> FUNC_CONT_MENU
2020-05-22 19:00:11,683 INFO com.surshree.app.services.CustomUserDetailsService [http-nio-8080-exec-5] Granted Authorities --> ROLE_CONT
2020-05-22 19:00:11,685 INFO com.surshree.app.services.CustomUserDetailsService [http-nio-8080-exec-5] Granted Authorities --> FUNC_CONT_MENU
2020-05-22 19:00:12,089 INFO com.surshree.app.services.CustomUserDetailsService [http-nio-8080-exec-8] Granted Authorities --> ROLE_CONT
2020-05-22 19:00:12,090 INFO com.surshree.app.services.CustomUserDetailsService [http-nio-8080-exec-8] Granted Authorities --> FUNC_CONT_MENU
2020-05-22 19:00:13,085 INFO com.surshree.app.services.CustomUserDetailsService [http-nio-8080-exec-2] Granted Authorities --> ROLE_CONT
2020-05-22 19:00:13,085 INFO com.surshree.app.services.CustomUserDetailsService [http-nio-8080-exec-2] Granted Authorities --> FUNC_CONT_MENU
2020-05-22 19:00:13,809 INFO com.surshree.app.services.CustomUserDetailsService [http-nio-8080-exec-10] Granted Authorities --> ROLE_CONT
2020-05-22 19:00:13,810 INFO com.surshree.app.services.CustomUserDetailsService [http-nio-8080-exec-10] Granted Authorities --> FUNC_CONT_MENU
2020-05-22 19:00:22,902 INFO com.surshree.app.services.CustomUserDetailsService [http-nio-8080-exec-9] Granted Authorities --> ROLE_CONT
2020-05-22 19:00:22,904 INFO com.surshree.app.services.CustomUserDetailsService [http-nio-8080-exec-9] Granted Authorities --> FUNC_CONT_MENU
2020-05-22 19:00:42,180 INFO com.surshree.app.services.CustomUserDetailsService [http-nio-8080-exec-8] Granted Authorities --> ROLE_CONT
2020-05-22 19:00:42,181 INFO com.surshree.app.services.CustomUserDetailsService [http-nio-8080-exec-8] Granted Authorities --> FUNC_CONT_MENU
2020-05-22 19:00:52,815 ERROR com.surshree.app.exception.CustomResponseEntityExceptionHandler [http-nio-8080-exec-10] java.io.IOException: Broken pipe
org.apache.catalina.connector.ClientAbortException: java.io.IOException: Broken pipe
	at org.apache.catalina.connector.OutputBuffer.realWriteBytes(OutputBuffer.java:351)
	at org.apache.catalina.connector.OutputBuffer.flushByteBuffer(OutputBuffer.java:776)
	at org.apache.catalina.connector.OutputBuffer.append(OutputBuffer.java:681)
	at org.apache.catalina.connector.OutputBuffer.writeBytes(OutputBuffer.java:386)
	at org.apache.catalina.connector.OutputBuffer.write(OutputBuffer.java:364)
	at org.apache.catalina.connector.CoyoteOutputStream.write(CoyoteOutputStream.java:96)
	at org.springframework.security.web.util.OnCommittedResponseWrapper$SaveContextServletOutputStream.write(OnCommittedResponseWrapper.java:645)
	at org.springframework.security.web.util.OnCommittedResponseWrapper$SaveContextServletOutputStream.write(OnCommittedResponseWrapper.java:645)
	at org.springframework.util.StreamUtils.copyRange(StreamUtils.java:180)
	at org.springframework.http.converter.ResourceRegionHttpMessageConverter.writeResourceRegion(ResourceRegionHttpMessageConverter.java:159)
	at org.springframework.http.converter.ResourceRegionHttpMessageConverter.writeInternal(ResourceRegionHttpMessageConverter.java:136)
	at org.springframework.http.converter.AbstractGenericHttpMessageConverter.write(AbstractGenericHttpMessageConverter.java:104)
	at org.springframework.web.servlet.mvc.method.annotation.AbstractMessageConverterMethodProcessor.writeWithMessageConverters(AbstractMessageConverterMethodProcessor.java:287)
	at org.springframework.web.servlet.mvc.method.annotation.HttpEntityMethodProcessor.handleReturnValue(HttpEntityMethodProcessor.java:219)
	at org.springframework.web.method.support.HandlerMethodReturnValueHandlerComposite.handleReturnValue(HandlerMethodReturnValueHandlerComposite.java:82)
	at org.springframework.web.servlet.mvc.method.annotation.ServletInvocableHandlerMethod.invokeAndHandle(ServletInvocableHandlerMethod.java:123)
	at org.springframework.web.servlet.mvc.method.annotation.RequestMappingHandlerAdapter.invokeHandlerMethod(RequestMappingHandlerAdapter.java:879)
	at org.springframework.web.servlet.mvc.method.annotation.RequestMappingHandlerAdapter.handleInternal(RequestMappingHandlerAdapter.java:793)
	at org.springframework.web.servlet.mvc.method.AbstractHandlerMethodAdapter.handle(AbstractHandlerMethodAdapter.java:87)
	at org.springframework.web.servlet.DispatcherServlet.doDispatch(DispatcherServlet.java:1040)
	at org.springframework.web.servlet.DispatcherServlet.doService(DispatcherServlet.java:943)
	at org.springframework.web.servlet.FrameworkServlet.processRequest(FrameworkServlet.java:1006)
	at org.springframework.web.servlet.FrameworkServlet.doGet(FrameworkServlet.java:898)
	at javax.servlet.http.HttpServlet.service(HttpServlet.java:634)
	at org.springframework.web.servlet.FrameworkServlet.service(FrameworkServlet.java:883)
	at javax.servlet.http.HttpServlet.service(HttpServlet.java:741)
	at org.apache.catalina.core.ApplicationFilterChain.internalDoFilter(ApplicationFilterChain.java:231)
	at org.apache.catalina.core.ApplicationFilterChain.doFilter(ApplicationFilterChain.java:166)
	at org.apache.tomcat.websocket.server.WsFilter.doFilter(WsFilter.java:53)
	at org.apache.catalina.core.ApplicationFilterChain.internalDoFilter(ApplicationFilterChain.java:193)
	at org.apache.catalina.core.ApplicationFilterChain.doFilter(ApplicationFilterChain.java:166)
	at org.springframework.security.web.FilterChainProxy$VirtualFilterChain.doFilter(FilterChainProxy.java:320)
	at org.springframework.security.web.access.intercept.FilterSecurityInterceptor.invoke(FilterSecurityInterceptor.java:126)
	at org.springframework.security.web.access.intercept.FilterSecurityInterceptor.doFilter(FilterSecurityInterceptor.java:90)
	at org.springframework.security.web.FilterChainProxy$VirtualFilterChain.doFilter(FilterChainProxy.java:334)
	at org.springframework.security.web.access.ExceptionTranslationFilter.doFilter(ExceptionTranslationFilter.java:118)
	at org.springframework.security.web.FilterChainProxy$VirtualFilterChain.doFilter(FilterChainProxy.java:334)
	at org.springframework.security.web.session.SessionManagementFilter.doFilter(SessionManagementFilter.java:137)
	at org.springframework.security.web.FilterChainProxy$VirtualFilterChain.doFilter(FilterChainProxy.java:334)
	at org.springframework.security.web.authentication.AnonymousAuthenticationFilter.doFilter(AnonymousAuthenticationFilter.java:111)
	at org.springframework.security.web.FilterChainProxy$VirtualFilterChain.doFilter(FilterChainProxy.java:334)
	at org.springframework.security.web.servletapi.SecurityContextHolderAwareRequestFilter.doFilter(SecurityContextHolderAwareRequestFilter.java:158)
	at org.springframework.security.web.FilterChainProxy$VirtualFilterChain.doFilter(FilterChainProxy.java:334)
	at org.springframework.security.web.savedrequest.RequestCacheAwareFilter.doFilter(RequestCacheAwareFilter.java:63)
	at org.springframework.security.web.FilterChainProxy$VirtualFilterChain.doFilter(FilterChainProxy.java:334)
	at org.springframework.security.web.authentication.www.BasicAuthenticationFilter.doFilterInternal(BasicAuthenticationFilter.java:155)
	at org.springframework.web.filter.OncePerRequestFilter.doFilter(OncePerRequestFilter.java:119)
	at org.springframework.security.web.FilterChainProxy$VirtualFilterChain.doFilter(FilterChainProxy.java:334)
	at org.springframework.security.web.authentication.logout.LogoutFilter.doFilter(LogoutFilter.java:116)
	at org.springframework.security.web.FilterChainProxy$VirtualFilterChain.doFilter(FilterChainProxy.java:334)
	at org.springframework.web.filter.CorsFilter.doFilterInternal(CorsFilter.java:92)
	at org.springframework.web.filter.OncePerRequestFilter.doFilter(OncePerRequestFilter.java:119)
	at org.springframework.security.web.FilterChainProxy$VirtualFilterChain.doFilter(FilterChainProxy.java:334)
	at org.springframework.security.web.header.HeaderWriterFilter.doHeadersAfter(HeaderWriterFilter.java:92)
	at org.springframework.security.web.header.HeaderWriterFilter.doFilterInternal(HeaderWriterFilter.java:77)
	at org.springframework.web.filter.OncePerRequestFilter.doFilter(OncePerRequestFilter.java:119)
	at org.springframework.security.web.FilterChainProxy$VirtualFilterChain.doFilter(FilterChainProxy.java:334)
	at org.springframework.security.web.context.SecurityContextPersistenceFilter.doFilter(SecurityContextPersistenceFilter.java:105)
	at org.springframework.security.web.FilterChainProxy$VirtualFilterChain.doFilter(FilterChainProxy.java:334)
	at org.springframework.security.web.context.request.async.WebAsyncManagerIntegrationFilter.doFilterInternal(WebAsyncManagerIntegrationFilter.java:56)
	at org.springframework.web.filter.OncePerRequestFilter.doFilter(OncePerRequestFilter.java:119)
	at org.springframework.security.web.FilterChainProxy$VirtualFilterChain.doFilter(FilterChainProxy.java:334)
	at org.springframework.security.web.FilterChainProxy.doFilterInternal(FilterChainProxy.java:215)
	at org.springframework.security.web.FilterChainProxy.doFilter(FilterChainProxy.java:178)
	at org.springframework.web.filter.DelegatingFilterProxy.invokeDelegate(DelegatingFilterProxy.java:358)
	at org.springframework.web.filter.DelegatingFilterProxy.doFilter(DelegatingFilterProxy.java:271)
	at org.apache.catalina.core.ApplicationFilterChain.internalDoFilter(ApplicationFilterChain.java:193)
	at org.apache.catalina.core.ApplicationFilterChain.doFilter(ApplicationFilterChain.java:166)
	at org.springframework.web.filter.RequestContextFilter.doFilterInternal(RequestContextFilter.java:100)
	at org.springframework.web.filter.OncePerRequestFilter.doFilter(OncePerRequestFilter.java:119)
	at org.apache.catalina.core.ApplicationFilterChain.internalDoFilter(ApplicationFilterChain.java:193)
	at org.apache.catalina.core.ApplicationFilterChain.doFilter(ApplicationFilterChain.java:166)
	at org.springframework.web.filter.FormContentFilter.doFilterInternal(FormContentFilter.java:93)
	at org.springframework.web.filter.OncePerRequestFilter.doFilter(OncePerRequestFilter.java:119)
	at org.apache.catalina.core.ApplicationFilterChain.internalDoFilter(ApplicationFilterChain.java:193)
	at org.apache.catalina.core.ApplicationFilterChain.doFilter(ApplicationFilterChain.java:166)
	at org.springframework.boot.actuate.metrics.web.servlet.WebMvcMetricsFilter.doFilterInternal(WebMvcMetricsFilter.java:109)
	at org.springframework.web.filter.OncePerRequestFilter.doFilter(OncePerRequestFilter.java:119)
	at org.apache.catalina.core.ApplicationFilterChain.internalDoFilter(ApplicationFilterChain.java:193)
	at org.apache.catalina.core.ApplicationFilterChain.doFilter(ApplicationFilterChain.java:166)
	at org.springframework.web.filter.CharacterEncodingFilter.doFilterInternal(CharacterEncodingFilter.java:201)
	at org.springframework.web.filter.OncePerRequestFilter.doFilter(OncePerRequestFilter.java:119)
	at org.apache.catalina.core.ApplicationFilterChain.internalDoFilter(ApplicationFilterChain.java:193)
	at org.apache.catalina.core.ApplicationFilterChain.doFilter(ApplicationFilterChain.java:166)
	at org.apache.catalina.core.StandardWrapperValve.invoke(StandardWrapperValve.java:202)
	at org.apache.catalina.core.StandardContextValve.invoke(StandardContextValve.java:96)
	at org.apache.catalina.authenticator.AuthenticatorBase.invoke(AuthenticatorBase.java:541)
	at org.apache.catalina.core.StandardHostValve.invoke(StandardHostValve.java:139)
	at org.apache.catalina.valves.ErrorReportValve.invoke(ErrorReportValve.java:92)
	at org.apache.catalina.core.StandardEngineValve.invoke(StandardEngineValve.java:74)
	at org.apache.catalina.connector.CoyoteAdapter.service(CoyoteAdapter.java:343)
	at org.apache.coyote.http11.Http11Processor.service(Http11Processor.java:373)
	at org.apache.coyote.AbstractProcessorLight.process(AbstractProcessorLight.java:65)
	at org.apache.coyote.AbstractProtocol$ConnectionHandler.process(AbstractProtocol.java:868)
	at org.apache.tomcat.util.net.NioEndpoint$SocketProcessor.doRun(NioEndpoint.java:1594)
	at org.apache.tomcat.util.net.SocketProcessorBase.run(SocketProcessorBase.java:49)
	at java.base/java.util.concurrent.ThreadPoolExecutor.runWorker(ThreadPoolExecutor.java:1128)
	at java.base/java.util.concurrent.ThreadPoolExecutor$Worker.run(ThreadPoolExecutor.java:628)
	at org.apache.tomcat.util.threads.TaskThread$WrappingRunnable.run(TaskThread.java:61)
	at java.base/java.lang.Thread.run(Thread.java:834)
Caused by: java.io.IOException: Broken pipe
	at java.base/sun.nio.ch.FileDispatcherImpl.write0(Native Method)
	at java.base/sun.nio.ch.SocketDispatcher.write(SocketDispatcher.java:47)
	at java.base/sun.nio.ch.IOUtil.writeFromNativeBuffer(IOUtil.java:113)
	at java.base/sun.nio.ch.IOUtil.write(IOUtil.java:79)
	at java.base/sun.nio.ch.IOUtil.write(IOUtil.java:50)
	at java.base/sun.nio.ch.SocketChannelImpl.write(SocketChannelImpl.java:466)
	at org.apache.tomcat.util.net.NioChannel.write(NioChannel.java:138)
	at org.apache.tomcat.util.net.NioBlockingSelector.write(NioBlockingSelector.java:101)
	at org.apache.tomcat.util.net.NioSelectorPool.write(NioSelectorPool.java:152)
	at org.apache.tomcat.util.net.NioEndpoint$NioSocketWrapper.doWrite(NioEndpoint.java:1253)
	at org.apache.tomcat.util.net.SocketWrapperBase.doWrite(SocketWrapperBase.java:740)
	at org.apache.tomcat.util.net.SocketWrapperBase.writeBlocking(SocketWrapperBase.java:560)
	at org.apache.tomcat.util.net.SocketWrapperBase.write(SocketWrapperBase.java:504)
	at org.apache.coyote.http11.Http11OutputBuffer$SocketOutputBuffer.doWrite(Http11OutputBuffer.java:538)
	at org.apache.coyote.http11.filters.IdentityOutputFilter.doWrite(IdentityOutputFilter.java:73)
	at org.apache.coyote.http11.Http11OutputBuffer.doWrite(Http11OutputBuffer.java:190)
	at org.apache.coyote.Response.doWrite(Response.java:601)
	at org.apache.catalina.connector.OutputBuffer.realWriteBytes(OutputBuffer.java:339)
	... 99 common frames omitted
2020-05-22 19:00:52,832 WARN org.springframework.web.servlet.mvc.method.annotation.ExceptionHandlerExceptionResolver [http-nio-8080-exec-10] Failure in @ExceptionHandler com.surshree.app.exception.CustomResponseEntityExceptionHandler#handleAllException(Exception, WebRequest)
org.springframework.http.converter.HttpMessageNotWritableException: No converter for [class com.surshree.app.exception.ExceptionMessage] with preset Content-Type 'video/mp4'
	at org.springframework.web.servlet.mvc.method.annotation.AbstractMessageConverterMethodProcessor.writeWithMessageConverters(AbstractMessageConverterMethodProcessor.java:309)
	at org.springframework.web.servlet.mvc.method.annotation.HttpEntityMethodProcessor.handleReturnValue(HttpEntityMethodProcessor.java:219)
	at org.springframework.web.method.support.HandlerMethodReturnValueHandlerComposite.handleReturnValue(HandlerMethodReturnValueHandlerComposite.java:82)
	at org.springframework.web.servlet.mvc.method.annotation.ServletInvocableHandlerMethod.invokeAndHandle(ServletInvocableHandlerMethod.java:123)
	at org.springframework.web.servlet.mvc.method.annotation.ExceptionHandlerExceptionResolver.doResolveHandlerMethodException(ExceptionHandlerExceptionResolver.java:403)
	at org.springframework.web.servlet.handler.AbstractHandlerMethodExceptionResolver.doResolveException(AbstractHandlerMethodExceptionResolver.java:61)
	at org.springframework.web.servlet.handler.AbstractHandlerExceptionResolver.resolveException(AbstractHandlerExceptionResolver.java:141)
	at org.springframework.web.servlet.handler.HandlerExceptionResolverComposite.resolveException(HandlerExceptionResolverComposite.java:80)
	at org.springframework.web.servlet.DispatcherServlet.processHandlerException(DispatcherServlet.java:1300)
	at org.springframework.web.servlet.DispatcherServlet.processDispatchResult(DispatcherServlet.java:1111)
	at org.springframework.web.servlet.DispatcherServlet.doDispatch(DispatcherServlet.java:1057)
	at org.springframework.web.servlet.DispatcherServlet.doService(DispatcherServlet.java:943)
	at org.springframework.web.servlet.FrameworkServlet.processRequest(FrameworkServlet.java:1006)
	at org.springframework.web.servlet.FrameworkServlet.doGet(FrameworkServlet.java:898)
	at javax.servlet.http.HttpServlet.service(HttpServlet.java:634)
	at org.springframework.web.servlet.FrameworkServlet.service(FrameworkServlet.java:883)
	at javax.servlet.http.HttpServlet.service(HttpServlet.java:741)
	at org.apache.catalina.core.ApplicationFilterChain.internalDoFilter(ApplicationFilterChain.java:231)
	at org.apache.catalina.core.ApplicationFilterChain.doFilter(ApplicationFilterChain.java:166)
	at org.apache.tomcat.websocket.server.WsFilter.doFilter(WsFilter.java:53)
	at org.apache.catalina.core.ApplicationFilterChain.internalDoFilter(ApplicationFilterChain.java:193)
	at org.apache.catalina.core.ApplicationFilterChain.doFilter(ApplicationFilterChain.java:166)
	at org.springframework.security.web.FilterChainProxy$VirtualFilterChain.doFilter(FilterChainProxy.java:320)
	at org.springframework.security.web.access.intercept.FilterSecurityInterceptor.invoke(FilterSecurityInterceptor.java:126)
	at org.springframework.security.web.access.intercept.FilterSecurityInterceptor.doFilter(FilterSecurityInterceptor.java:90)
	at org.springframework.security.web.FilterChainProxy$VirtualFilterChain.doFilter(FilterChainProxy.java:334)
	at org.springframework.security.web.access.ExceptionTranslationFilter.doFilter(ExceptionTranslationFilter.java:118)
	at org.springframework.security.web.FilterChainProxy$VirtualFilterChain.doFilter(FilterChainProxy.java:334)
	at org.springframework.security.web.session.SessionManagementFilter.doFilter(SessionManagementFilter.java:137)
	at org.springframework.security.web.FilterChainProxy$VirtualFilterChain.doFilter(FilterChainProxy.java:334)
	at org.springframework.security.web.authentication.AnonymousAuthenticationFilter.doFilter(AnonymousAuthenticationFilter.java:111)
	at org.springframework.security.web.FilterChainProxy$VirtualFilterChain.doFilter(FilterChainProxy.java:334)
	at org.springframework.security.web.servletapi.SecurityContextHolderAwareRequestFilter.doFilter(SecurityContextHolderAwareRequestFilter.java:158)
	at org.springframework.security.web.FilterChainProxy$VirtualFilterChain.doFilter(FilterChainProxy.java:334)
	at org.springframework.security.web.savedrequest.RequestCacheAwareFilter.doFilter(RequestCacheAwareFilter.java:63)
	at org.springframework.security.web.FilterChainProxy$VirtualFilterChain.doFilter(FilterChainProxy.java:334)
	at org.springframework.security.web.authentication.www.BasicAuthenticationFilter.doFilterInternal(BasicAuthenticationFilter.java:155)
	at org.springframework.web.filter.OncePerRequestFilter.doFilter(OncePerRequestFilter.java:119)
	at org.springframework.security.web.FilterChainProxy$VirtualFilterChain.doFilter(FilterChainProxy.java:334)
	at org.springframework.security.web.authentication.logout.LogoutFilter.doFilter(LogoutFilter.java:116)
	at org.springframework.security.web.FilterChainProxy$VirtualFilterChain.doFilter(FilterChainProxy.java:334)
	at org.springframework.web.filter.CorsFilter.doFilterInternal(CorsFilter.java:92)
	at org.springframework.web.filter.OncePerRequestFilter.doFilter(OncePerRequestFilter.java:119)
	at org.springframework.security.web.FilterChainProxy$VirtualFilterChain.doFilter(FilterChainProxy.java:334)
	at org.springframework.security.web.header.HeaderWriterFilter.doHeadersAfter(HeaderWriterFilter.java:92)
	at org.springframework.security.web.header.HeaderWriterFilter.doFilterInternal(HeaderWriterFilter.java:77)
	at org.springframework.web.filter.OncePerRequestFilter.doFilter(OncePerRequestFilter.java:119)
	at org.springframework.security.web.FilterChainProxy$VirtualFilterChain.doFilter(FilterChainProxy.java:334)
	at org.springframework.security.web.context.SecurityContextPersistenceFilter.doFilter(SecurityContextPersistenceFilter.java:105)
	at org.springframework.security.web.FilterChainProxy$VirtualFilterChain.doFilter(FilterChainProxy.java:334)
	at org.springframework.security.web.context.request.async.WebAsyncManagerIntegrationFilter.doFilterInternal(WebAsyncManagerIntegrationFilter.java:56)
	at org.springframework.web.filter.OncePerRequestFilter.doFilter(OncePerRequestFilter.java:119)
	at org.springframework.security.web.FilterChainProxy$VirtualFilterChain.doFilter(FilterChainProxy.java:334)
	at org.springframework.security.web.FilterChainProxy.doFilterInternal(FilterChainProxy.java:215)
	at org.springframework.security.web.FilterChainProxy.doFilter(FilterChainProxy.java:178)
	at org.springframework.web.filter.DelegatingFilterProxy.invokeDelegate(DelegatingFilterProxy.java:358)
	at org.springframework.web.filter.DelegatingFilterProxy.doFilter(DelegatingFilterProxy.java:271)
	at org.apache.catalina.core.ApplicationFilterChain.internalDoFilter(ApplicationFilterChain.java:193)
	at org.apache.catalina.core.ApplicationFilterChain.doFilter(ApplicationFilterChain.java:166)
	at org.springframework.web.filter.RequestContextFilter.doFilterInternal(RequestContextFilter.java:100)
	at org.springframework.web.filter.OncePerRequestFilter.doFilter(OncePerRequestFilter.java:119)
	at org.apache.catalina.core.ApplicationFilterChain.internalDoFilter(ApplicationFilterChain.java:193)
	at org.apache.catalina.core.ApplicationFilterChain.doFilter(ApplicationFilterChain.java:166)
	at org.springframework.web.filter.FormContentFilter.doFilterInternal(FormContentFilter.java:93)
	at org.springframework.web.filter.OncePerRequestFilter.doFilter(OncePerRequestFilter.java:119)
	at org.apache.catalina.core.ApplicationFilterChain.internalDoFilter(ApplicationFilterChain.java:193)
	at org.apache.catalina.core.ApplicationFilterChain.doFilter(ApplicationFilterChain.java:166)
	at org.springframework.boot.actuate.metrics.web.servlet.WebMvcMetricsFilter.doFilterInternal(WebMvcMetricsFilter.java:109)
	at org.springframework.web.filter.OncePerRequestFilter.doFilter(OncePerRequestFilter.java:119)
	at org.apache.catalina.core.ApplicationFilterChain.internalDoFilter(ApplicationFilterChain.java:193)
	at org.apache.catalina.core.ApplicationFilterChain.doFilter(ApplicationFilterChain.java:166)
	at org.springframework.web.filter.CharacterEncodingFilter.doFilterInternal(CharacterEncodingFilter.java:201)
	at org.springframework.web.filter.OncePerRequestFilter.doFilter(OncePerRequestFilter.java:119)
	at org.apache.catalina.core.ApplicationFilterChain.internalDoFilter(ApplicationFilterChain.java:193)
	at org.apache.catalina.core.ApplicationFilterChain.doFilter(ApplicationFilterChain.java:166)
	at org.apache.catalina.core.StandardWrapperValve.invoke(StandardWrapperValve.java:202)
	at org.apache.catalina.core.StandardContextValve.invoke(StandardContextValve.java:96)
	at org.apache.catalina.authenticator.AuthenticatorBase.invoke(AuthenticatorBase.java:541)
	at org.apache.catalina.core.StandardHostValve.invoke(StandardHostValve.java:139)
	at org.apache.catalina.valves.ErrorReportValve.invoke(ErrorReportValve.java:92)
	at org.apache.catalina.core.StandardEngineValve.invoke(StandardEngineValve.java:74)
	at org.apache.catalina.connector.CoyoteAdapter.service(CoyoteAdapter.java:343)
	at org.apache.coyote.http11.Http11Processor.service(Http11Processor.java:373)
	at org.apache.coyote.AbstractProcessorLight.process(AbstractProcessorLight.java:65)
	at org.apache.coyote.AbstractProtocol$ConnectionHandler.process(AbstractProtocol.java:868)
	at org.apache.tomcat.util.net.NioEndpoint$SocketProcessor.doRun(NioEndpoint.java:1594)
	at org.apache.tomcat.util.net.SocketProcessorBase.run(SocketProcessorBase.java:49)
	at java.base/java.util.concurrent.ThreadPoolExecutor.runWorker(ThreadPoolExecutor.java:1128)
	at java.base/java.util.concurrent.ThreadPoolExecutor$Worker.run(ThreadPoolExecutor.java:628)
	at org.apache.tomcat.util.threads.TaskThread$WrappingRunnable.run(TaskThread.java:61)
	at java.base/java.lang.Thread.run(Thread.java:834)
2020-05-22 19:01:08,765 INFO com.surshree.app.scheduling.CacheScheduler [scheduling-1] Clear user cache : START
2020-05-22 19:01:08,776 INFO com.surshree.app.scheduling.CacheScheduler [scheduling-1] Clear user cache : END
2020-05-22 19:01:13,975 INFO com.surshree.app.services.CustomUserDetailsService [http-nio-8080-exec-8] Granted Authorities --> ROLE_CONT
2020-05-22 19:01:13,977 INFO com.surshree.app.services.CustomUserDetailsService [http-nio-8080-exec-8] Granted Authorities --> FUNC_CONT_MENU
2020-05-22 19:01:21,705 INFO com.surshree.app.services.CustomUserDetailsService [http-nio-8080-exec-6] Granted Authorities --> ROLE_CONT
2020-05-22 19:01:21,705 INFO com.surshree.app.services.CustomUserDetailsService [http-nio-8080-exec-6] Granted Authorities --> FUNC_CONT_MENU
2020-05-22 19:01:26,371 INFO com.surshree.app.services.CustomUserDetailsService [http-nio-8080-exec-1] Granted Authorities --> ROLE_CONT
2020-05-22 19:01:26,371 INFO com.surshree.app.services.CustomUserDetailsService [http-nio-8080-exec-1] Granted Authorities --> FUNC_CONT_MENU
2020-05-22 19:04:02,245 INFO org.springframework.security.oauth2.provider.token.store.JdbcTokenStore [http-nio-8080-exec-7] Failed to find access token for token 7b0432ba-b8c0-4b01-89ad-11ce1eaacc44
2020-05-22 19:04:46,453 INFO com.surshree.app.services.CustomUserDetailsService [http-nio-8080-exec-9] Granted Authorities --> ROLE_CONT
2020-05-22 19:04:46,456 INFO com.surshree.app.services.CustomUserDetailsService [http-nio-8080-exec-9] Granted Authorities --> FUNC_CONT_MENU
2020-05-22 19:04:46,518 INFO org.springframework.security.oauth2.provider.token.store.JdbcTokenStore [http-nio-8080-exec-9] Failed to find access token for token 0a70fd79-3a0d-411b-9d1c-6f60ef6aa3bc
2020-05-22 19:04:46,876 INFO com.surshree.app.services.CustomUserDetailsService [http-nio-8080-exec-4] Granted Authorities --> ROLE_CONT
2020-05-22 19:04:46,877 INFO com.surshree.app.services.CustomUserDetailsService [http-nio-8080-exec-4] Granted Authorities --> FUNC_CONT_MENU
2020-05-22 19:04:47,115 INFO com.surshree.app.services.CustomUserDetailsService [http-nio-8080-exec-1] Granted Authorities --> ROLE_CONT
2020-05-22 19:04:47,116 INFO com.surshree.app.services.CustomUserDetailsService [http-nio-8080-exec-1] Granted Authorities --> FUNC_CONT_MENU
2020-05-22 19:06:00,195 INFO com.surshree.app.services.CustomUserDetailsService [http-nio-8080-exec-9] Granted Authorities --> ROLE_CONT
2020-05-22 19:06:00,196 INFO com.surshree.app.services.CustomUserDetailsService [http-nio-8080-exec-9] Granted Authorities --> FUNC_CONT_MENU
2020-05-22 19:06:06,849 INFO com.surshree.app.services.CustomUserDetailsService [http-nio-8080-exec-4] Granted Authorities --> ROLE_CONT
2020-05-22 19:06:06,855 INFO com.surshree.app.services.CustomUserDetailsService [http-nio-8080-exec-4] Granted Authorities --> FUNC_CONT_MENU
2020-05-22 19:06:12,153 INFO com.surshree.app.services.CustomUserDetailsService [http-nio-8080-exec-2] Granted Authorities --> ROLE_CONT
2020-05-22 19:06:12,154 INFO com.surshree.app.services.CustomUserDetailsService [http-nio-8080-exec-2] Granted Authorities --> FUNC_CONT_MENU
2020-05-22 19:06:24,251 INFO com.surshree.app.services.CustomUserDetailsService [http-nio-8080-exec-10] Granted Authorities --> ROLE_CONT
2020-05-22 19:06:24,252 INFO com.surshree.app.services.CustomUserDetailsService [http-nio-8080-exec-10] Granted Authorities --> FUNC_CONT_MENU
2020-05-22 19:06:46,394 INFO com.surshree.app.services.CustomUserDetailsService [http-nio-8080-exec-5] Granted Authorities --> ROLE_CONT
2020-05-22 19:06:46,396 INFO com.surshree.app.services.CustomUserDetailsService [http-nio-8080-exec-5] Granted Authorities --> ROLE_ADMN
2020-05-22 19:06:46,397 INFO com.surshree.app.services.CustomUserDetailsService [http-nio-8080-exec-5] Granted Authorities --> FUNC_CONT_MENU
2020-05-22 19:06:46,397 INFO com.surshree.app.services.CustomUserDetailsService [http-nio-8080-exec-5] Granted Authorities --> FUNC_VIEW_ADMIN_MENU
2020-05-22 19:06:46,397 INFO com.surshree.app.services.CustomUserDetailsService [http-nio-8080-exec-5] Granted Authorities --> FUNC_CONT_MENU
2020-05-22 19:06:46,441 INFO org.springframework.security.oauth2.provider.token.store.JdbcTokenStore [http-nio-8080-exec-5] Failed to find access token for token 467b1101-6d06-48ad-8bf0-7dde1114c101
2020-05-22 19:06:46,742 INFO com.surshree.app.services.CustomUserDetailsService [http-nio-8080-exec-9] Granted Authorities --> ROLE_CONT
2020-05-22 19:06:46,742 INFO com.surshree.app.services.CustomUserDetailsService [http-nio-8080-exec-9] Granted Authorities --> ROLE_ADMN
2020-05-22 19:06:46,744 INFO com.surshree.app.services.CustomUserDetailsService [http-nio-8080-exec-9] Granted Authorities --> FUNC_CONT_MENU
2020-05-22 19:06:46,745 INFO com.surshree.app.services.CustomUserDetailsService [http-nio-8080-exec-9] Granted Authorities --> FUNC_VIEW_ADMIN_MENU
2020-05-22 19:06:46,745 INFO com.surshree.app.services.CustomUserDetailsService [http-nio-8080-exec-9] Granted Authorities --> FUNC_CONT_MENU
2020-05-22 19:06:46,982 INFO com.surshree.app.services.CustomUserDetailsService [http-nio-8080-exec-4] Granted Authorities --> ROLE_CONT
2020-05-22 19:06:46,983 INFO com.surshree.app.services.CustomUserDetailsService [http-nio-8080-exec-4] Granted Authorities --> ROLE_ADMN
2020-05-22 19:06:46,984 INFO com.surshree.app.services.CustomUserDetailsService [http-nio-8080-exec-4] Granted Authorities --> FUNC_CONT_MENU
2020-05-22 19:06:46,984 INFO com.surshree.app.services.CustomUserDetailsService [http-nio-8080-exec-4] Granted Authorities --> FUNC_VIEW_ADMIN_MENU
2020-05-22 19:06:46,985 INFO com.surshree.app.services.CustomUserDetailsService [http-nio-8080-exec-4] Granted Authorities --> FUNC_CONT_MENU
2020-05-22 19:06:55,780 INFO com.surshree.app.services.CustomUserDetailsService [http-nio-8080-exec-2] Granted Authorities --> ROLE_CONT
2020-05-22 19:06:55,781 INFO com.surshree.app.services.CustomUserDetailsService [http-nio-8080-exec-2] Granted Authorities --> ROLE_ADMN
2020-05-22 19:06:55,782 INFO com.surshree.app.services.CustomUserDetailsService [http-nio-8080-exec-2] Granted Authorities --> FUNC_CONT_MENU
2020-05-22 19:06:55,783 INFO com.surshree.app.services.CustomUserDetailsService [http-nio-8080-exec-2] Granted Authorities --> FUNC_VIEW_ADMIN_MENU
2020-05-22 19:06:55,784 INFO com.surshree.app.services.CustomUserDetailsService [http-nio-8080-exec-2] Granted Authorities --> FUNC_CONT_MENU
2020-05-22 19:09:39,454 INFO org.springframework.security.oauth2.provider.token.store.JdbcTokenStore [http-nio-8080-exec-7] Failed to find access token for token 7b0432ba-b8c0-4b01-89ad-11ce1eaacc44
2020-05-22 19:09:39,458 INFO org.springframework.security.oauth2.provider.endpoint.CheckTokenEndpoint [http-nio-8080-exec-7] Handling error: InvalidTokenException, Token was not recognised
2020-05-22 19:09:39,584 INFO com.surshree.app.services.CustomUserDetailsService [http-nio-8080-exec-4] Granted Authorities --> ROLE_CONT
2020-05-22 19:09:39,584 INFO com.surshree.app.services.CustomUserDetailsService [http-nio-8080-exec-4] Granted Authorities --> FUNC_CONT_MENU
2020-05-22 19:09:39,596 INFO org.springframework.security.oauth2.provider.token.store.JdbcTokenStore [http-nio-8080-exec-4] Failed to find access token for token bfa241d5-3aa1-4933-a69e-6929bbd5a0ea
2020-05-22 19:09:40,346 WARN org.springframework.security.oauth2.provider.endpoint.TokenEndpoint [http-nio-8080-exec-4] Handling error: DuplicateKeyException, PreparedStatementCallback; SQL [insert into oauth_access_token (token_id, token, authentication_id, user_name, client_id, authentication, refresh_token) values (?, ?, ?, ?, ?, ?, ?)]; ERROR: duplicate key value violates unique constraint "oauth_access_token_pkey"
  Detail: Key (authentication_id)=(06caeeae7e4754fbc9ad07b5bc91ae11) already exists.; nested exception is org.postgresql.util.PSQLException: ERROR: duplicate key value violates unique constraint "oauth_access_token_pkey"
  Detail: Key (authentication_id)=(06caeeae7e4754fbc9ad07b5bc91ae11) already exists.
2020-05-22 19:09:40,354 WARN org.springframework.web.servlet.mvc.method.annotation.ExceptionHandlerExceptionResolver [http-nio-8080-exec-4] Failure in @ExceptionHandler org.springframework.security.oauth2.provider.endpoint.TokenEndpoint#handleException(Exception)
org.springframework.web.HttpMediaTypeNotAcceptableException: Could not find acceptable representation
	at org.springframework.web.servlet.mvc.method.annotation.AbstractMessageConverterMethodProcessor.writeWithMessageConverters(AbstractMessageConverterMethodProcessor.java:243)
	at org.springframework.web.servlet.mvc.method.annotation.HttpEntityMethodProcessor.handleReturnValue(HttpEntityMethodProcessor.java:219)
	at org.springframework.web.method.support.HandlerMethodReturnValueHandlerComposite.handleReturnValue(HandlerMethodReturnValueHandlerComposite.java:82)
	at org.springframework.web.servlet.mvc.method.annotation.ServletInvocableHandlerMethod.invokeAndHandle(ServletInvocableHandlerMethod.java:123)
	at org.springframework.web.servlet.mvc.method.annotation.ExceptionHandlerExceptionResolver.doResolveHandlerMethodException(ExceptionHandlerExceptionResolver.java:403)
	at org.springframework.web.servlet.handler.AbstractHandlerMethodExceptionResolver.doResolveException(AbstractHandlerMethodExceptionResolver.java:61)
	at org.springframework.web.servlet.handler.AbstractHandlerExceptionResolver.resolveException(AbstractHandlerExceptionResolver.java:141)
	at org.springframework.web.servlet.handler.HandlerExceptionResolverComposite.resolveException(HandlerExceptionResolverComposite.java:80)
	at org.springframework.web.servlet.DispatcherServlet.processHandlerException(DispatcherServlet.java:1300)
	at org.springframework.web.servlet.DispatcherServlet.processDispatchResult(DispatcherServlet.java:1111)
	at org.springframework.web.servlet.DispatcherServlet.doDispatch(DispatcherServlet.java:1057)
	at org.springframework.web.servlet.DispatcherServlet.doService(DispatcherServlet.java:943)
	at org.springframework.web.servlet.FrameworkServlet.processRequest(FrameworkServlet.java:1006)
	at org.springframework.web.servlet.FrameworkServlet.doPost(FrameworkServlet.java:909)
	at javax.servlet.http.HttpServlet.service(HttpServlet.java:660)
	at org.springframework.web.servlet.FrameworkServlet.service(FrameworkServlet.java:883)
	at javax.servlet.http.HttpServlet.service(HttpServlet.java:741)
	at org.apache.catalina.core.ApplicationFilterChain.internalDoFilter(ApplicationFilterChain.java:231)
	at org.apache.catalina.core.ApplicationFilterChain.doFilter(ApplicationFilterChain.java:166)
	at org.apache.tomcat.websocket.server.WsFilter.doFilter(WsFilter.java:53)
	at org.apache.catalina.core.ApplicationFilterChain.internalDoFilter(ApplicationFilterChain.java:193)
	at org.apache.catalina.core.ApplicationFilterChain.doFilter(ApplicationFilterChain.java:166)
	at org.springframework.security.web.FilterChainProxy$VirtualFilterChain.doFilter(FilterChainProxy.java:320)
	at org.springframework.security.web.access.intercept.FilterSecurityInterceptor.invoke(FilterSecurityInterceptor.java:126)
	at org.springframework.security.web.access.intercept.FilterSecurityInterceptor.doFilter(FilterSecurityInterceptor.java:90)
	at org.springframework.security.web.FilterChainProxy$VirtualFilterChain.doFilter(FilterChainProxy.java:334)
	at org.springframework.security.web.access.ExceptionTranslationFilter.doFilter(ExceptionTranslationFilter.java:118)
	at org.springframework.security.web.FilterChainProxy$VirtualFilterChain.doFilter(FilterChainProxy.java:334)
	at org.springframework.security.web.session.SessionManagementFilter.doFilter(SessionManagementFilter.java:137)
	at org.springframework.security.web.FilterChainProxy$VirtualFilterChain.doFilter(FilterChainProxy.java:334)
	at org.springframework.security.web.authentication.AnonymousAuthenticationFilter.doFilter(AnonymousAuthenticationFilter.java:111)
	at org.springframework.security.web.FilterChainProxy$VirtualFilterChain.doFilter(FilterChainProxy.java:334)
	at org.springframework.security.web.servletapi.SecurityContextHolderAwareRequestFilter.doFilter(SecurityContextHolderAwareRequestFilter.java:158)
	at org.springframework.security.web.FilterChainProxy$VirtualFilterChain.doFilter(FilterChainProxy.java:334)
	at org.springframework.security.web.savedrequest.RequestCacheAwareFilter.doFilter(RequestCacheAwareFilter.java:63)
	at org.springframework.security.web.FilterChainProxy$VirtualFilterChain.doFilter(FilterChainProxy.java:334)
	at org.springframework.security.web.authentication.www.BasicAuthenticationFilter.doFilterInternal(BasicAuthenticationFilter.java:204)
	at org.springframework.web.filter.OncePerRequestFilter.doFilter(OncePerRequestFilter.java:119)
	at org.springframework.security.web.FilterChainProxy$VirtualFilterChain.doFilter(FilterChainProxy.java:334)
	at org.springframework.web.filter.CorsFilter.doFilterInternal(CorsFilter.java:92)
	at org.springframework.web.filter.OncePerRequestFilter.doFilter(OncePerRequestFilter.java:119)
	at org.springframework.security.web.FilterChainProxy$VirtualFilterChain.doFilter(FilterChainProxy.java:334)
	at org.springframework.security.web.authentication.logout.LogoutFilter.doFilter(LogoutFilter.java:116)
	at org.springframework.security.web.FilterChainProxy$VirtualFilterChain.doFilter(FilterChainProxy.java:334)
	at org.springframework.security.web.header.HeaderWriterFilter.doHeadersAfter(HeaderWriterFilter.java:92)
	at org.springframework.security.web.header.HeaderWriterFilter.doFilterInternal(HeaderWriterFilter.java:77)
	at org.springframework.web.filter.OncePerRequestFilter.doFilter(OncePerRequestFilter.java:119)
	at org.springframework.security.web.FilterChainProxy$VirtualFilterChain.doFilter(FilterChainProxy.java:334)
	at org.springframework.security.web.context.SecurityContextPersistenceFilter.doFilter(SecurityContextPersistenceFilter.java:105)
	at org.springframework.security.web.FilterChainProxy$VirtualFilterChain.doFilter(FilterChainProxy.java:334)
	at org.springframework.security.web.context.request.async.WebAsyncManagerIntegrationFilter.doFilterInternal(WebAsyncManagerIntegrationFilter.java:56)
	at org.springframework.web.filter.OncePerRequestFilter.doFilter(OncePerRequestFilter.java:119)
	at org.springframework.security.web.FilterChainProxy$VirtualFilterChain.doFilter(FilterChainProxy.java:334)
	at org.springframework.security.web.FilterChainProxy.doFilterInternal(FilterChainProxy.java:215)
	at org.springframework.security.web.FilterChainProxy.doFilter(FilterChainProxy.java:178)
	at org.springframework.web.filter.DelegatingFilterProxy.invokeDelegate(DelegatingFilterProxy.java:358)
	at org.springframework.web.filter.DelegatingFilterProxy.doFilter(DelegatingFilterProxy.java:271)
	at org.apache.catalina.core.ApplicationFilterChain.internalDoFilter(ApplicationFilterChain.java:193)
	at org.apache.catalina.core.ApplicationFilterChain.doFilter(ApplicationFilterChain.java:166)
	at org.springframework.web.filter.RequestContextFilter.doFilterInternal(RequestContextFilter.java:100)
	at org.springframework.web.filter.OncePerRequestFilter.doFilter(OncePerRequestFilter.java:119)
	at org.apache.catalina.core.ApplicationFilterChain.internalDoFilter(ApplicationFilterChain.java:193)
	at org.apache.catalina.core.ApplicationFilterChain.doFilter(ApplicationFilterChain.java:166)
	at org.springframework.web.filter.FormContentFilter.doFilterInternal(FormContentFilter.java:93)
	at org.springframework.web.filter.OncePerRequestFilter.doFilter(OncePerRequestFilter.java:119)
	at org.apache.catalina.core.ApplicationFilterChain.internalDoFilter(ApplicationFilterChain.java:193)
	at org.apache.catalina.core.ApplicationFilterChain.doFilter(ApplicationFilterChain.java:166)
	at org.springframework.boot.actuate.metrics.web.servlet.WebMvcMetricsFilter.doFilterInternal(WebMvcMetricsFilter.java:109)
	at org.springframework.web.filter.OncePerRequestFilter.doFilter(OncePerRequestFilter.java:119)
	at org.apache.catalina.core.ApplicationFilterChain.internalDoFilter(ApplicationFilterChain.java:193)
	at org.apache.catalina.core.ApplicationFilterChain.doFilter(ApplicationFilterChain.java:166)
	at org.springframework.web.filter.CharacterEncodingFilter.doFilterInternal(CharacterEncodingFilter.java:201)
	at org.springframework.web.filter.OncePerRequestFilter.doFilter(OncePerRequestFilter.java:119)
	at org.apache.catalina.core.ApplicationFilterChain.internalDoFilter(ApplicationFilterChain.java:193)
	at org.apache.catalina.core.ApplicationFilterChain.doFilter(ApplicationFilterChain.java:166)
	at org.apache.catalina.core.StandardWrapperValve.invoke(StandardWrapperValve.java:202)
	at org.apache.catalina.core.StandardContextValve.invoke(StandardContextValve.java:96)
	at org.apache.catalina.authenticator.AuthenticatorBase.invoke(AuthenticatorBase.java:541)
	at org.apache.catalina.core.StandardHostValve.invoke(StandardHostValve.java:139)
	at org.apache.catalina.valves.ErrorReportValve.invoke(ErrorReportValve.java:92)
	at org.apache.catalina.core.StandardEngineValve.invoke(StandardEngineValve.java:74)
	at org.apache.catalina.connector.CoyoteAdapter.service(CoyoteAdapter.java:343)
	at org.apache.coyote.http11.Http11Processor.service(Http11Processor.java:373)
	at org.apache.coyote.AbstractProcessorLight.process(AbstractProcessorLight.java:65)
	at org.apache.coyote.AbstractProtocol$ConnectionHandler.process(AbstractProtocol.java:868)
	at org.apache.tomcat.util.net.NioEndpoint$SocketProcessor.doRun(NioEndpoint.java:1594)
	at org.apache.tomcat.util.net.SocketProcessorBase.run(SocketProcessorBase.java:49)
	at java.base/java.util.concurrent.ThreadPoolExecutor.runWorker(ThreadPoolExecutor.java:1128)
	at java.base/java.util.concurrent.ThreadPoolExecutor$Worker.run(ThreadPoolExecutor.java:628)
	at org.apache.tomcat.util.threads.TaskThread$WrappingRunnable.run(TaskThread.java:61)
	at java.base/java.lang.Thread.run(Thread.java:834)
2020-05-22 19:09:40,361 ERROR org.apache.juli.logging.DirectJDKLog [http-nio-8080-exec-4] Servlet.service() for servlet [dispatcherServlet] in context with path [] threw exception [Request processing failed; nested exception is org.springframework.dao.DuplicateKeyException: PreparedStatementCallback; SQL [insert into oauth_access_token (token_id, token, authentication_id, user_name, client_id, authentication, refresh_token) values (?, ?, ?, ?, ?, ?, ?)]; ERROR: duplicate key value violates unique constraint "oauth_access_token_pkey"
  Detail: Key (authentication_id)=(06caeeae7e4754fbc9ad07b5bc91ae11) already exists.; nested exception is org.postgresql.util.PSQLException: ERROR: duplicate key value violates unique constraint "oauth_access_token_pkey"
  Detail: Key (authentication_id)=(06caeeae7e4754fbc9ad07b5bc91ae11) already exists.] with root cause
org.postgresql.util.PSQLException: ERROR: duplicate key value violates unique constraint "oauth_access_token_pkey"
  Detail: Key (authentication_id)=(06caeeae7e4754fbc9ad07b5bc91ae11) already exists.
	at org.postgresql.core.v3.QueryExecutorImpl.receiveErrorResponse(QueryExecutorImpl.java:2578)
	at org.postgresql.core.v3.QueryExecutorImpl.processResults(QueryExecutorImpl.java:2313)
	at org.postgresql.core.v3.QueryExecutorImpl.execute(QueryExecutorImpl.java:331)
	at org.postgresql.jdbc.PgStatement.executeInternal(PgStatement.java:448)
	at org.postgresql.jdbc.PgStatement.execute(PgStatement.java:369)
	at org.postgresql.jdbc.PgPreparedStatement.executeWithFlags(PgPreparedStatement.java:159)
	at org.postgresql.jdbc.PgPreparedStatement.executeUpdate(PgPreparedStatement.java:125)
	at com.zaxxer.hikari.pool.ProxyPreparedStatement.executeUpdate(ProxyPreparedStatement.java:61)
	at com.zaxxer.hikari.pool.HikariProxyPreparedStatement.executeUpdate(HikariProxyPreparedStatement.java)
	at org.springframework.jdbc.core.JdbcTemplate.lambda$update$0(JdbcTemplate.java:867)
	at org.springframework.jdbc.core.JdbcTemplate.execute(JdbcTemplate.java:617)
	at org.springframework.jdbc.core.JdbcTemplate.update(JdbcTemplate.java:862)
	at org.springframework.jdbc.core.JdbcTemplate.update(JdbcTemplate.java:917)
	at org.springframework.jdbc.core.JdbcTemplate.update(JdbcTemplate.java:922)
	at org.springframework.security.oauth2.provider.token.store.JdbcTokenStore.storeAccessToken(JdbcTokenStore.java:148)
	at org.springframework.security.oauth2.provider.token.DefaultTokenServices.refreshAccessToken(DefaultTokenServices.java:177)
	at org.springframework.security.oauth2.provider.refresh.RefreshTokenGranter.getAccessToken(RefreshTokenGranter.java:47)
	at org.springframework.security.oauth2.provider.token.AbstractTokenGranter.grant(AbstractTokenGranter.java:67)
	at org.springframework.security.oauth2.provider.CompositeTokenGranter.grant(CompositeTokenGranter.java:38)
	at org.springframework.security.oauth2.config.annotation.web.configurers.AuthorizationServerEndpointsConfigurer$4.grant(AuthorizationServerEndpointsConfigurer.java:583)
	at org.springframework.security.oauth2.provider.endpoint.TokenEndpoint.postAccessToken(TokenEndpoint.java:132)
	at java.base/jdk.internal.reflect.NativeMethodAccessorImpl.invoke0(Native Method)
	at java.base/jdk.internal.reflect.NativeMethodAccessorImpl.invoke(NativeMethodAccessorImpl.java:62)
	at java.base/jdk.internal.reflect.DelegatingMethodAccessorImpl.invoke(DelegatingMethodAccessorImpl.java:43)
	at java.base/java.lang.reflect.Method.invoke(Method.java:566)
	at org.springframework.web.method.support.InvocableHandlerMethod.doInvoke(InvocableHandlerMethod.java:190)
	at org.springframework.web.method.support.InvocableHandlerMethod.invokeForRequest(InvocableHandlerMethod.java:138)
	at org.springframework.web.servlet.mvc.method.annotation.ServletInvocableHandlerMethod.invokeAndHandle(ServletInvocableHandlerMethod.java:105)
	at org.springframework.web.servlet.mvc.method.annotation.RequestMappingHandlerAdapter.invokeHandlerMethod(RequestMappingHandlerAdapter.java:879)
	at org.springframework.web.servlet.mvc.method.annotation.RequestMappingHandlerAdapter.handleInternal(RequestMappingHandlerAdapter.java:793)
	at org.springframework.web.servlet.mvc.method.AbstractHandlerMethodAdapter.handle(AbstractHandlerMethodAdapter.java:87)
	at org.springframework.web.servlet.DispatcherServlet.doDispatch(DispatcherServlet.java:1040)
	at org.springframework.web.servlet.DispatcherServlet.doService(DispatcherServlet.java:943)
	at org.springframework.web.servlet.FrameworkServlet.processRequest(FrameworkServlet.java:1006)
	at org.springframework.web.servlet.FrameworkServlet.doPost(FrameworkServlet.java:909)
	at javax.servlet.http.HttpServlet.service(HttpServlet.java:660)
	at org.springframework.web.servlet.FrameworkServlet.service(FrameworkServlet.java:883)
	at javax.servlet.http.HttpServlet.service(HttpServlet.java:741)
	at org.apache.catalina.core.ApplicationFilterChain.internalDoFilter(ApplicationFilterChain.java:231)
	at org.apache.catalina.core.ApplicationFilterChain.doFilter(ApplicationFilterChain.java:166)
	at org.apache.tomcat.websocket.server.WsFilter.doFilter(WsFilter.java:53)
	at org.apache.catalina.core.ApplicationFilterChain.internalDoFilter(ApplicationFilterChain.java:193)
	at org.apache.catalina.core.ApplicationFilterChain.doFilter(ApplicationFilterChain.java:166)
	at org.springframework.security.web.FilterChainProxy$VirtualFilterChain.doFilter(FilterChainProxy.java:320)
	at org.springframework.security.web.access.intercept.FilterSecurityInterceptor.invoke(FilterSecurityInterceptor.java:126)
	at org.springframework.security.web.access.intercept.FilterSecurityInterceptor.doFilter(FilterSecurityInterceptor.java:90)
	at org.springframework.security.web.FilterChainProxy$VirtualFilterChain.doFilter(FilterChainProxy.java:334)
	at org.springframework.security.web.access.ExceptionTranslationFilter.doFilter(ExceptionTranslationFilter.java:118)
	at org.springframework.security.web.FilterChainProxy$VirtualFilterChain.doFilter(FilterChainProxy.java:334)
	at org.springframework.security.web.session.SessionManagementFilter.doFilter(SessionManagementFilter.java:137)
	at org.springframework.security.web.FilterChainProxy$VirtualFilterChain.doFilter(FilterChainProxy.java:334)
	at org.springframework.security.web.authentication.AnonymousAuthenticationFilter.doFilter(AnonymousAuthenticationFilter.java:111)
	at org.springframework.security.web.FilterChainProxy$VirtualFilterChain.doFilter(FilterChainProxy.java:334)
	at org.springframework.security.web.servletapi.SecurityContextHolderAwareRequestFilter.doFilter(SecurityContextHolderAwareRequestFilter.java:158)
	at org.springframework.security.web.FilterChainProxy$VirtualFilterChain.doFilter(FilterChainProxy.java:334)
	at org.springframework.security.web.savedrequest.RequestCacheAwareFilter.doFilter(RequestCacheAwareFilter.java:63)
	at org.springframework.security.web.FilterChainProxy$VirtualFilterChain.doFilter(FilterChainProxy.java:334)
	at org.springframework.security.web.authentication.www.BasicAuthenticationFilter.doFilterInternal(BasicAuthenticationFilter.java:204)
	at org.springframework.web.filter.OncePerRequestFilter.doFilter(OncePerRequestFilter.java:119)
	at org.springframework.security.web.FilterChainProxy$VirtualFilterChain.doFilter(FilterChainProxy.java:334)
	at org.springframework.web.filter.CorsFilter.doFilterInternal(CorsFilter.java:92)
	at org.springframework.web.filter.OncePerRequestFilter.doFilter(OncePerRequestFilter.java:119)
	at org.springframework.security.web.FilterChainProxy$VirtualFilterChain.doFilter(FilterChainProxy.java:334)
	at org.springframework.security.web.authentication.logout.LogoutFilter.doFilter(LogoutFilter.java:116)
	at org.springframework.security.web.FilterChainProxy$VirtualFilterChain.doFilter(FilterChainProxy.java:334)
	at org.springframework.security.web.header.HeaderWriterFilter.doHeadersAfter(HeaderWriterFilter.java:92)
	at org.springframework.security.web.header.HeaderWriterFilter.doFilterInternal(HeaderWriterFilter.java:77)
	at org.springframework.web.filter.OncePerRequestFilter.doFilter(OncePerRequestFilter.java:119)
	at org.springframework.security.web.FilterChainProxy$VirtualFilterChain.doFilter(FilterChainProxy.java:334)
	at org.springframework.security.web.context.SecurityContextPersistenceFilter.doFilter(SecurityContextPersistenceFilter.java:105)
	at org.springframework.security.web.FilterChainProxy$VirtualFilterChain.doFilter(FilterChainProxy.java:334)
	at org.springframework.security.web.context.request.async.WebAsyncManagerIntegrationFilter.doFilterInternal(WebAsyncManagerIntegrationFilter.java:56)
	at org.springframework.web.filter.OncePerRequestFilter.doFilter(OncePerRequestFilter.java:119)
	at org.springframework.security.web.FilterChainProxy$VirtualFilterChain.doFilter(FilterChainProxy.java:334)
	at org.springframework.security.web.FilterChainProxy.doFilterInternal(FilterChainProxy.java:215)
	at org.springframework.security.web.FilterChainProxy.doFilter(FilterChainProxy.java:178)
	at org.springframework.web.filter.DelegatingFilterProxy.invokeDelegate(DelegatingFilterProxy.java:358)
	at org.springframework.web.filter.DelegatingFilterProxy.doFilter(DelegatingFilterProxy.java:271)
	at org.apache.catalina.core.ApplicationFilterChain.internalDoFilter(ApplicationFilterChain.java:193)
	at org.apache.catalina.core.ApplicationFilterChain.doFilter(ApplicationFilterChain.java:166)
	at org.springframework.web.filter.RequestContextFilter.doFilterInternal(RequestContextFilter.java:100)
	at org.springframework.web.filter.OncePerRequestFilter.doFilter(OncePerRequestFilter.java:119)
	at org.apache.catalina.core.ApplicationFilterChain.internalDoFilter(ApplicationFilterChain.java:193)
	at org.apache.catalina.core.ApplicationFilterChain.doFilter(ApplicationFilterChain.java:166)
	at org.springframework.web.filter.FormContentFilter.doFilterInternal(FormContentFilter.java:93)
	at org.springframework.web.filter.OncePerRequestFilter.doFilter(OncePerRequestFilter.java:119)
	at org.apache.catalina.core.ApplicationFilterChain.internalDoFilter(ApplicationFilterChain.java:193)
	at org.apache.catalina.core.ApplicationFilterChain.doFilter(ApplicationFilterChain.java:166)
	at org.springframework.boot.actuate.metrics.web.servlet.WebMvcMetricsFilter.doFilterInternal(WebMvcMetricsFilter.java:109)
	at org.springframework.web.filter.OncePerRequestFilter.doFilter(OncePerRequestFilter.java:119)
	at org.apache.catalina.core.ApplicationFilterChain.internalDoFilter(ApplicationFilterChain.java:193)
	at org.apache.catalina.core.ApplicationFilterChain.doFilter(ApplicationFilterChain.java:166)
	at org.springframework.web.filter.CharacterEncodingFilter.doFilterInternal(CharacterEncodingFilter.java:201)
	at org.springframework.web.filter.OncePerRequestFilter.doFilter(OncePerRequestFilter.java:119)
	at org.apache.catalina.core.ApplicationFilterChain.internalDoFilter(ApplicationFilterChain.java:193)
	at org.apache.catalina.core.ApplicationFilterChain.doFilter(ApplicationFilterChain.java:166)
	at org.apache.catalina.core.StandardWrapperValve.invoke(StandardWrapperValve.java:202)
	at org.apache.catalina.core.StandardContextValve.invoke(StandardContextValve.java:96)
	at org.apache.catalina.authenticator.AuthenticatorBase.invoke(AuthenticatorBase.java:541)
	at org.apache.catalina.core.StandardHostValve.invoke(StandardHostValve.java:139)
	at org.apache.catalina.valves.ErrorReportValve.invoke(ErrorReportValve.java:92)
	at org.apache.catalina.core.StandardEngineValve.invoke(StandardEngineValve.java:74)
	at org.apache.catalina.connector.CoyoteAdapter.service(CoyoteAdapter.java:343)
	at org.apache.coyote.http11.Http11Processor.service(Http11Processor.java:373)
	at org.apache.coyote.AbstractProcessorLight.process(AbstractProcessorLight.java:65)
	at org.apache.coyote.AbstractProtocol$ConnectionHandler.process(AbstractProtocol.java:868)
	at org.apache.tomcat.util.net.NioEndpoint$SocketProcessor.doRun(NioEndpoint.java:1594)
	at org.apache.tomcat.util.net.SocketProcessorBase.run(SocketProcessorBase.java:49)
	at java.base/java.util.concurrent.ThreadPoolExecutor.runWorker(ThreadPoolExecutor.java:1128)
	at java.base/java.util.concurrent.ThreadPoolExecutor$Worker.run(ThreadPoolExecutor.java:628)
	at org.apache.tomcat.util.threads.TaskThread$WrappingRunnable.run(TaskThread.java:61)
	at java.base/java.lang.Thread.run(Thread.java:834)
2020-05-22 19:11:08,791 INFO com.surshree.app.scheduling.CacheScheduler [scheduling-1] Clear user cache : START
2020-05-22 19:11:08,792 INFO com.surshree.app.scheduling.CacheScheduler [scheduling-1] Clear user cache : END
2020-05-22 19:16:01,214 INFO com.surshree.app.services.CustomUserDetailsService [http-nio-8080-exec-2] Granted Authorities --> ROLE_CONT
2020-05-22 19:16:01,221 INFO com.surshree.app.services.CustomUserDetailsService [http-nio-8080-exec-2] Granted Authorities --> ROLE_ADMN
2020-05-22 19:16:01,222 INFO com.surshree.app.services.CustomUserDetailsService [http-nio-8080-exec-2] Granted Authorities --> FUNC_CONT_MENU
2020-05-22 19:16:01,222 INFO com.surshree.app.services.CustomUserDetailsService [http-nio-8080-exec-2] Granted Authorities --> FUNC_VIEW_ADMIN_MENU
2020-05-22 19:16:01,222 INFO com.surshree.app.services.CustomUserDetailsService [http-nio-8080-exec-2] Granted Authorities --> FUNC_CONT_MENU
2020-05-22 19:16:01,610 INFO com.surshree.app.services.CustomUserDetailsService [http-nio-8080-exec-7] Granted Authorities --> ROLE_CONT
2020-05-22 19:16:01,614 INFO com.surshree.app.services.CustomUserDetailsService [http-nio-8080-exec-7] Granted Authorities --> ROLE_ADMN
2020-05-22 19:16:01,617 INFO com.surshree.app.services.CustomUserDetailsService [http-nio-8080-exec-7] Granted Authorities --> FUNC_CONT_MENU
2020-05-22 19:16:01,622 INFO com.surshree.app.services.CustomUserDetailsService [http-nio-8080-exec-7] Granted Authorities --> FUNC_VIEW_ADMIN_MENU
2020-05-22 19:16:01,626 INFO com.surshree.app.services.CustomUserDetailsService [http-nio-8080-exec-7] Granted Authorities --> FUNC_CONT_MENU
2020-05-22 19:16:01,875 INFO com.surshree.app.services.CustomUserDetailsService [http-nio-8080-exec-1] Granted Authorities --> ROLE_CONT
2020-05-22 19:16:01,877 INFO com.surshree.app.services.CustomUserDetailsService [http-nio-8080-exec-1] Granted Authorities --> ROLE_ADMN
2020-05-22 19:16:01,879 INFO com.surshree.app.services.CustomUserDetailsService [http-nio-8080-exec-1] Granted Authorities --> FUNC_CONT_MENU
2020-05-22 19:16:01,881 INFO com.surshree.app.services.CustomUserDetailsService [http-nio-8080-exec-1] Granted Authorities --> FUNC_VIEW_ADMIN_MENU
2020-05-22 19:16:01,882 INFO com.surshree.app.services.CustomUserDetailsService [http-nio-8080-exec-1] Granted Authorities --> FUNC_CONT_MENU
2020-05-22 19:16:16,467 INFO com.surshree.app.services.CustomUserDetailsService [http-nio-8080-exec-9] Granted Authorities --> ROLE_CONT
2020-05-22 19:16:16,468 INFO com.surshree.app.services.CustomUserDetailsService [http-nio-8080-exec-9] Granted Authorities --> ROLE_ADMN
2020-05-22 19:16:16,470 INFO com.surshree.app.services.CustomUserDetailsService [http-nio-8080-exec-9] Granted Authorities --> FUNC_CONT_MENU
2020-05-22 19:16:16,471 INFO com.surshree.app.services.CustomUserDetailsService [http-nio-8080-exec-9] Granted Authorities --> FUNC_VIEW_ADMIN_MENU
2020-05-22 19:16:16,471 INFO com.surshree.app.services.CustomUserDetailsService [http-nio-8080-exec-9] Granted Authorities --> FUNC_CONT_MENU
2020-05-22 19:16:26,569 INFO com.surshree.app.services.CustomUserDetailsService [http-nio-8080-exec-1] Granted Authorities --> ROLE_CONT
2020-05-22 19:16:26,571 INFO com.surshree.app.services.CustomUserDetailsService [http-nio-8080-exec-1] Granted Authorities --> ROLE_ADMN
2020-05-22 19:16:26,574 INFO com.surshree.app.services.CustomUserDetailsService [http-nio-8080-exec-1] Granted Authorities --> FUNC_CONT_MENU
2020-05-22 19:16:26,574 INFO com.surshree.app.services.CustomUserDetailsService [http-nio-8080-exec-1] Granted Authorities --> FUNC_VIEW_ADMIN_MENU
2020-05-22 19:16:26,575 INFO com.surshree.app.services.CustomUserDetailsService [http-nio-8080-exec-1] Granted Authorities --> FUNC_CONT_MENU
2020-05-22 19:21:08,816 INFO com.surshree.app.scheduling.CacheScheduler [scheduling-1] Clear user cache : START
2020-05-22 19:21:08,828 INFO com.surshree.app.scheduling.CacheScheduler [scheduling-1] Clear user cache : END
2020-05-22 19:25:06,260 INFO com.surshree.app.services.CustomUserDetailsService [http-nio-8080-exec-10] Granted Authorities --> ROLE_ADMN
2020-05-22 19:25:06,280 INFO com.surshree.app.services.CustomUserDetailsService [http-nio-8080-exec-10] Granted Authorities --> ROLE_CONT
2020-05-22 19:25:06,280 INFO com.surshree.app.services.CustomUserDetailsService [http-nio-8080-exec-10] Granted Authorities --> FUNC_CONT_MENU
2020-05-22 19:25:06,281 INFO com.surshree.app.services.CustomUserDetailsService [http-nio-8080-exec-10] Granted Authorities --> FUNC_VIEW_ADMIN_MENU
2020-05-22 19:25:06,282 INFO com.surshree.app.services.CustomUserDetailsService [http-nio-8080-exec-10] Granted Authorities --> FUNC_CONT_MENU
2020-05-22 19:25:06,674 INFO com.surshree.app.services.CustomUserDetailsService [http-nio-8080-exec-2] Granted Authorities --> ROLE_ADMN
2020-05-22 19:25:06,693 INFO com.surshree.app.services.CustomUserDetailsService [http-nio-8080-exec-2] Granted Authorities --> ROLE_CONT
2020-05-22 19:25:06,695 INFO com.surshree.app.services.CustomUserDetailsService [http-nio-8080-exec-2] Granted Authorities --> FUNC_CONT_MENU
2020-05-22 19:25:06,697 INFO com.surshree.app.services.CustomUserDetailsService [http-nio-8080-exec-2] Granted Authorities --> FUNC_VIEW_ADMIN_MENU
2020-05-22 19:25:06,699 INFO com.surshree.app.services.CustomUserDetailsService [http-nio-8080-exec-2] Granted Authorities --> FUNC_CONT_MENU
2020-05-22 19:25:07,160 INFO com.surshree.app.services.CustomUserDetailsService [http-nio-8080-exec-5] Granted Authorities --> ROLE_ADMN
2020-05-22 19:25:07,162 INFO com.surshree.app.services.CustomUserDetailsService [http-nio-8080-exec-5] Granted Authorities --> ROLE_CONT
2020-05-22 19:25:07,162 INFO com.surshree.app.services.CustomUserDetailsService [http-nio-8080-exec-5] Granted Authorities --> FUNC_CONT_MENU
2020-05-22 19:25:07,163 INFO com.surshree.app.services.CustomUserDetailsService [http-nio-8080-exec-5] Granted Authorities --> FUNC_VIEW_ADMIN_MENU
2020-05-22 19:25:07,163 INFO com.surshree.app.services.CustomUserDetailsService [http-nio-8080-exec-5] Granted Authorities --> FUNC_CONT_MENU
2020-05-22 19:25:44,215 INFO com.surshree.app.services.CustomUserDetailsService [http-nio-8080-exec-5] Granted Authorities --> ROLE_ADMN
2020-05-22 19:25:44,219 INFO com.surshree.app.services.CustomUserDetailsService [http-nio-8080-exec-5] Granted Authorities --> ROLE_CONT
2020-05-22 19:25:44,220 INFO com.surshree.app.services.CustomUserDetailsService [http-nio-8080-exec-5] Granted Authorities --> FUNC_CONT_MENU
2020-05-22 19:25:44,221 INFO com.surshree.app.services.CustomUserDetailsService [http-nio-8080-exec-5] Granted Authorities --> FUNC_VIEW_ADMIN_MENU
2020-05-22 19:25:44,224 INFO com.surshree.app.services.CustomUserDetailsService [http-nio-8080-exec-5] Granted Authorities --> FUNC_CONT_MENU
2020-05-22 19:25:44,894 INFO com.surshree.app.services.CustomUserDetailsService [http-nio-8080-exec-10] Granted Authorities --> ROLE_ADMN
2020-05-22 19:25:44,896 INFO com.surshree.app.services.CustomUserDetailsService [http-nio-8080-exec-10] Granted Authorities --> ROLE_CONT
2020-05-22 19:25:44,897 INFO com.surshree.app.services.CustomUserDetailsService [http-nio-8080-exec-10] Granted Authorities --> FUNC_CONT_MENU
2020-05-22 19:25:44,897 INFO com.surshree.app.services.CustomUserDetailsService [http-nio-8080-exec-10] Granted Authorities --> FUNC_VIEW_ADMIN_MENU
2020-05-22 19:25:44,898 INFO com.surshree.app.services.CustomUserDetailsService [http-nio-8080-exec-10] Granted Authorities --> FUNC_CONT_MENU
2020-05-22 19:25:46,327 INFO com.surshree.app.services.CustomUserDetailsService [http-nio-8080-exec-2] Granted Authorities --> ROLE_ADMN
2020-05-22 19:25:46,328 INFO com.surshree.app.services.CustomUserDetailsService [http-nio-8080-exec-2] Granted Authorities --> ROLE_CONT
2020-05-22 19:25:46,329 INFO com.surshree.app.services.CustomUserDetailsService [http-nio-8080-exec-2] Granted Authorities --> FUNC_CONT_MENU
2020-05-22 19:25:46,329 INFO com.surshree.app.services.CustomUserDetailsService [http-nio-8080-exec-2] Granted Authorities --> FUNC_VIEW_ADMIN_MENU
2020-05-22 19:25:46,331 INFO com.surshree.app.services.CustomUserDetailsService [http-nio-8080-exec-2] Granted Authorities --> FUNC_CONT_MENU
2020-05-22 19:25:47,560 INFO com.surshree.app.services.CustomUserDetailsService [http-nio-8080-exec-7] Granted Authorities --> ROLE_ADMN
2020-05-22 19:25:47,561 INFO com.surshree.app.services.CustomUserDetailsService [http-nio-8080-exec-7] Granted Authorities --> ROLE_CONT
2020-05-22 19:25:47,561 INFO com.surshree.app.services.CustomUserDetailsService [http-nio-8080-exec-7] Granted Authorities --> FUNC_CONT_MENU
2020-05-22 19:25:47,562 INFO com.surshree.app.services.CustomUserDetailsService [http-nio-8080-exec-7] Granted Authorities --> FUNC_VIEW_ADMIN_MENU
2020-05-22 19:25:47,562 INFO com.surshree.app.services.CustomUserDetailsService [http-nio-8080-exec-7] Granted Authorities --> FUNC_CONT_MENU
2020-05-22 19:26:03,423 INFO com.surshree.app.services.CustomUserDetailsService [http-nio-8080-exec-3] Granted Authorities --> ROLE_ADMN
2020-05-22 19:26:03,425 INFO com.surshree.app.services.CustomUserDetailsService [http-nio-8080-exec-3] Granted Authorities --> ROLE_CONT
2020-05-22 19:26:03,426 INFO com.surshree.app.services.CustomUserDetailsService [http-nio-8080-exec-3] Granted Authorities --> FUNC_CONT_MENU
2020-05-22 19:26:03,426 INFO com.surshree.app.services.CustomUserDetailsService [http-nio-8080-exec-3] Granted Authorities --> FUNC_VIEW_ADMIN_MENU
2020-05-22 19:26:03,427 INFO com.surshree.app.services.CustomUserDetailsService [http-nio-8080-exec-3] Granted Authorities --> FUNC_CONT_MENU
2020-05-22 19:26:03,975 INFO com.surshree.app.services.CustomUserDetailsService [http-nio-8080-exec-10] Granted Authorities --> ROLE_ADMN
2020-05-22 19:26:03,976 INFO com.surshree.app.services.CustomUserDetailsService [http-nio-8080-exec-10] Granted Authorities --> ROLE_CONT
2020-05-22 19:26:03,977 INFO com.surshree.app.services.CustomUserDetailsService [http-nio-8080-exec-10] Granted Authorities --> FUNC_CONT_MENU
2020-05-22 19:26:03,979 INFO com.surshree.app.services.CustomUserDetailsService [http-nio-8080-exec-10] Granted Authorities --> FUNC_VIEW_ADMIN_MENU
2020-05-22 19:26:03,980 INFO com.surshree.app.services.CustomUserDetailsService [http-nio-8080-exec-10] Granted Authorities --> FUNC_CONT_MENU
2020-05-22 19:26:06,608 INFO com.surshree.app.services.CustomUserDetailsService [http-nio-8080-exec-9] Granted Authorities --> ROLE_ADMN
2020-05-22 19:26:06,609 INFO com.surshree.app.services.CustomUserDetailsService [http-nio-8080-exec-9] Granted Authorities --> ROLE_CONT
2020-05-22 19:26:06,611 INFO com.surshree.app.services.CustomUserDetailsService [http-nio-8080-exec-9] Granted Authorities --> FUNC_CONT_MENU
2020-05-22 19:26:06,612 INFO com.surshree.app.services.CustomUserDetailsService [http-nio-8080-exec-9] Granted Authorities --> FUNC_VIEW_ADMIN_MENU
2020-05-22 19:26:06,631 INFO com.surshree.app.services.CustomUserDetailsService [http-nio-8080-exec-9] Granted Authorities --> FUNC_CONT_MENU
2020-05-22 19:26:07,127 INFO com.surshree.app.services.CustomUserDetailsService [http-nio-8080-exec-8] Granted Authorities --> ROLE_ADMN
2020-05-22 19:26:07,129 INFO com.surshree.app.services.CustomUserDetailsService [http-nio-8080-exec-8] Granted Authorities --> ROLE_CONT
2020-05-22 19:26:07,131 INFO com.surshree.app.services.CustomUserDetailsService [http-nio-8080-exec-8] Granted Authorities --> FUNC_CONT_MENU
2020-05-22 19:26:07,134 INFO com.surshree.app.services.CustomUserDetailsService [http-nio-8080-exec-8] Granted Authorities --> FUNC_VIEW_ADMIN_MENU
2020-05-22 19:26:07,135 INFO com.surshree.app.services.CustomUserDetailsService [http-nio-8080-exec-8] Granted Authorities --> FUNC_CONT_MENU
2020-05-22 19:26:15,584 INFO com.surshree.app.services.CustomUserDetailsService [http-nio-8080-exec-6] Granted Authorities --> ROLE_ADMN
2020-05-22 19:26:15,586 INFO com.surshree.app.services.CustomUserDetailsService [http-nio-8080-exec-6] Granted Authorities --> ROLE_CONT
2020-05-22 19:26:15,586 INFO com.surshree.app.services.CustomUserDetailsService [http-nio-8080-exec-6] Granted Authorities --> FUNC_CONT_MENU
2020-05-22 19:26:15,588 INFO com.surshree.app.services.CustomUserDetailsService [http-nio-8080-exec-6] Granted Authorities --> FUNC_VIEW_ADMIN_MENU
2020-05-22 19:26:15,591 INFO com.surshree.app.services.CustomUserDetailsService [http-nio-8080-exec-6] Granted Authorities --> FUNC_CONT_MENU
2020-05-22 19:26:15,817 INFO com.surshree.app.services.CustomUserDetailsService [http-nio-8080-exec-10] Granted Authorities --> ROLE_ADMN
2020-05-22 19:26:15,817 INFO com.surshree.app.services.CustomUserDetailsService [http-nio-8080-exec-10] Granted Authorities --> ROLE_CONT
2020-05-22 19:26:15,818 INFO com.surshree.app.services.CustomUserDetailsService [http-nio-8080-exec-10] Granted Authorities --> FUNC_CONT_MENU
2020-05-22 19:26:15,818 INFO com.surshree.app.services.CustomUserDetailsService [http-nio-8080-exec-10] Granted Authorities --> FUNC_VIEW_ADMIN_MENU
2020-05-22 19:26:15,818 INFO com.surshree.app.services.CustomUserDetailsService [http-nio-8080-exec-10] Granted Authorities --> FUNC_CONT_MENU
2020-05-22 19:31:08,840 INFO com.surshree.app.scheduling.CacheScheduler [scheduling-1] Clear user cache : START
2020-05-22 19:31:08,854 INFO com.surshree.app.scheduling.CacheScheduler [scheduling-1] Clear user cache : END
2020-05-22 19:39:34,887 INFO org.springframework.boot.SpringApplication [main] No active profile set, falling back to default profiles: default
2020-05-22 19:39:37,191 INFO org.springframework.data.repository.config.RepositoryConfigurationDelegate [main] Bootstrapping Spring Data JPA repositories in DEFAULT mode.
2020-05-22 19:39:37,407 INFO org.springframework.data.repository.config.RepositoryConfigurationDelegate [main] Finished Spring Data repository scanning in 187ms. Found 9 JPA repository interfaces.
2020-05-22 19:39:39,981 INFO org.springframework.cloud.context.scope.GenericScope [main] BeanFactory id=496206d4-f1c2-3f13-b4d7-1c6b3e101b4b
2020-05-22 19:39:42,355 INFO org.springframework.boot.web.embedded.tomcat.TomcatWebServer [main] Tomcat initialized with port(s): 8080 (http)
2020-05-22 19:39:42,377 INFO org.apache.juli.logging.DirectJDKLog [main] Initializing ProtocolHandler ["http-nio-8080"]
2020-05-22 19:39:42,378 INFO org.apache.juli.logging.DirectJDKLog [main] Starting service [Tomcat]
2020-05-22 19:39:42,378 INFO org.apache.juli.logging.DirectJDKLog [main] Starting Servlet engine: [Apache Tomcat/9.0.33]
2020-05-22 19:39:42,670 INFO org.apache.juli.logging.DirectJDKLog [main] Initializing Spring embedded WebApplicationContext
2020-05-22 19:39:42,670 INFO org.springframework.boot.web.servlet.context.ServletWebServerApplicationContext [main] Root WebApplicationContext: initialization completed in 7701 ms
2020-05-22 19:39:43,548 INFO com.surshree.app.config.CacheConfig [main] Initializing cache.
2020-05-22 19:39:43,979 INFO org.hibernate.jpa.internal.util.LogHelper [main] HHH000204: Processing PersistenceUnitInfo [name: default]
2020-05-22 19:39:44,182 INFO org.hibernate.Version [main] HHH000412: Hibernate ORM core version 5.4.12.Final
2020-05-22 19:39:45,003 INFO org.hibernate.annotations.common.reflection.java.JavaReflectionManager [main] HCANN000001: Hibernate Commons Annotations {5.1.0.Final}
2020-05-22 19:39:45,487 INFO com.zaxxer.hikari.HikariDataSource [main] HikariPool-1 - Starting...
2020-05-22 19:39:45,938 INFO com.zaxxer.hikari.HikariDataSource [main] HikariPool-1 - Start completed.
2020-05-22 19:39:46,023 INFO org.hibernate.dialect.Dialect [main] HHH000400: Using dialect: org.hibernate.dialect.PostgreSQL10Dialect
2020-05-22 19:39:50,406 INFO org.hibernate.engine.transaction.jta.platform.internal.JtaPlatformInitiator [main] HHH000490: Using JtaPlatform implementation: [org.hibernate.engine.transaction.jta.platform.internal.NoJtaPlatform]
2020-05-22 19:39:50,667 INFO org.springframework.orm.jpa.AbstractEntityManagerFactoryBean [main] Initialized JPA EntityManagerFactory for persistence unit 'default'
2020-05-22 19:39:51,019 WARN org.springframework.boot.autoconfigure.orm.jpa.JpaBaseConfiguration$JpaWebConfiguration [main] spring.jpa.open-in-view is enabled by default. Therefore, database queries may be performed during view rendering. Explicitly configure spring.jpa.open-in-view to disable this warning
2020-05-22 19:39:54,888 INFO org.springframework.security.web.DefaultSecurityFilterChain [main] Creating filter chain: OrRequestMatcher [requestMatchers=[Ant [pattern='/oauth/token'], Ant [pattern='/oauth/token_key'], Ant [pattern='/oauth/check_token']]], [org.springframework.security.web.context.request.async.WebAsyncManagerIntegrationFilter@6d3dc0c5, org.springframework.security.web.context.SecurityContextPersistenceFilter@731a5a39, org.springframework.security.web.header.HeaderWriterFilter@3d1703f8, org.springframework.security.web.authentication.logout.LogoutFilter@4f9a8d71, org.springframework.web.filter.CorsFilter@4467088e, org.springframework.security.web.authentication.www.BasicAuthenticationFilter@6ca9f1d0, org.springframework.security.web.savedrequest.RequestCacheAwareFilter@6da76bb1, org.springframework.security.web.servletapi.SecurityContextHolderAwareRequestFilter@68ecc60e, org.springframework.security.web.authentication.AnonymousAuthenticationFilter@283074e8, org.springframework.security.web.session.SessionManagementFilter@119cd026, org.springframework.security.web.access.ExceptionTranslationFilter@4973fb7d, org.springframework.security.web.access.intercept.FilterSecurityInterceptor@6e591c03]
2020-05-22 19:39:54,914 INFO org.springframework.security.web.DefaultSecurityFilterChain [main] Creating filter chain: com.surshree.app.config.ResourceServerConfig$$Lambda$958/0x00000008009c0840@24fcfdb, [org.springframework.security.web.context.request.async.WebAsyncManagerIntegrationFilter@2eebb07, org.springframework.security.web.context.SecurityContextPersistenceFilter@5fc44b4b, org.springframework.security.web.header.HeaderWriterFilter@4474c514, org.springframework.security.web.authentication.logout.LogoutFilter@309d9033, org.springframework.security.oauth2.provider.authentication.OAuth2AuthenticationProcessingFilter@563bf9d2, org.springframework.security.web.savedrequest.RequestCacheAwareFilter@1c8e4810, org.springframework.security.web.servletapi.SecurityContextHolderAwareRequestFilter@7e3062f0, org.springframework.security.web.authentication.AnonymousAuthenticationFilter@4ab1ff80, org.springframework.security.web.session.SessionManagementFilter@465eb466, org.springframework.security.web.access.ExceptionTranslationFilter@670481b2, org.springframework.security.web.access.intercept.FilterSecurityInterceptor@19b7852b]
2020-05-22 19:39:55,624 INFO org.springframework.boot.actuate.endpoint.web.EndpointLinksResolver [main] Exposing 2 endpoint(s) beneath base path '/actuator'
2020-05-22 19:39:55,663 INFO org.springframework.security.web.DefaultSecurityFilterChain [main] Creating filter chain: any request, [org.springframework.security.web.context.request.async.WebAsyncManagerIntegrationFilter@3a7abd4, org.springframework.security.web.context.SecurityContextPersistenceFilter@5d956649, org.springframework.security.web.header.HeaderWriterFilter@347074a9, org.springframework.web.filter.CorsFilter@3846ba32, org.springframework.security.web.authentication.logout.LogoutFilter@1bfa398e, org.springframework.security.web.authentication.www.BasicAuthenticationFilter@1626612d, org.springframework.security.web.savedrequest.RequestCacheAwareFilter@21b508a0, org.springframework.security.web.servletapi.SecurityContextHolderAwareRequestFilter@16d7f503, org.springframework.security.web.authentication.AnonymousAuthenticationFilter@40a32c25, org.springframework.security.web.session.SessionManagementFilter@136d1d58, org.springframework.security.web.access.ExceptionTranslationFilter@6193a9e2, org.springframework.security.web.access.intercept.FilterSecurityInterceptor@796434a3]
2020-05-22 19:39:55,852 INFO org.springframework.scheduling.concurrent.ExecutorConfigurationSupport [main] Initializing ExecutorService 'applicationTaskExecutor'
2020-05-22 19:39:56,270 INFO org.springframework.scheduling.concurrent.ExecutorConfigurationSupport [main] Initializing ExecutorService 'taskScheduler'
2020-05-22 19:39:56,410 INFO com.surshree.app.scheduling.CacheScheduler [scheduling-1] Clear user cache : START
2020-05-22 19:39:56,412 INFO com.surshree.app.scheduling.CacheScheduler [scheduling-1] Clear user cache : END
2020-05-22 19:39:56,414 INFO org.apache.juli.logging.DirectJDKLog [main] Starting ProtocolHandler ["http-nio-8080"]
2020-05-22 19:39:56,531 INFO org.springframework.boot.web.embedded.tomcat.TomcatWebServer [main] Tomcat started on port(s): 8080 (http) with context path ''
2020-05-22 19:39:56,538 INFO org.springframework.boot.StartupInfoLogger [main] Started SurShreeApplication in 27.385 seconds (JVM running for 28.956)
2020-05-22 19:49:56,450 INFO com.surshree.app.scheduling.CacheScheduler [scheduling-1] Clear user cache : START
2020-05-22 19:49:56,456 INFO com.surshree.app.scheduling.CacheScheduler [scheduling-1] Clear user cache : END
2020-05-22 19:50:49,403 INFO org.apache.juli.logging.DirectJDKLog [http-nio-8080-exec-1] Initializing Spring DispatcherServlet 'dispatcherServlet'
2020-05-22 19:50:49,406 INFO org.springframework.web.servlet.FrameworkServlet [http-nio-8080-exec-1] Initializing Servlet 'dispatcherServlet'
2020-05-22 19:50:49,495 INFO org.springframework.web.servlet.FrameworkServlet [http-nio-8080-exec-1] Completed initialization in 87 ms
2020-05-22 19:50:51,114 INFO com.surshree.app.services.CustomUserDetailsService [http-nio-8080-exec-2] Granted Authorities --> ROLE_CONT
2020-05-22 19:50:51,115 INFO com.surshree.app.services.CustomUserDetailsService [http-nio-8080-exec-2] Granted Authorities --> ROLE_ADMN
2020-05-22 19:50:51,117 INFO com.surshree.app.services.CustomUserDetailsService [http-nio-8080-exec-2] Granted Authorities --> FUNC_CONT_MENU
2020-05-22 19:50:51,117 INFO com.surshree.app.services.CustomUserDetailsService [http-nio-8080-exec-2] Granted Authorities --> FUNC_CONT_MENU
2020-05-22 19:50:51,118 INFO com.surshree.app.services.CustomUserDetailsService [http-nio-8080-exec-2] Granted Authorities --> FUNC_VIEW_ADMIN_MENU
2020-05-22 19:50:52,117 INFO com.surshree.app.services.CustomUserDetailsService [http-nio-8080-exec-3] Granted Authorities --> ROLE_CONT
2020-05-22 19:50:52,117 INFO com.surshree.app.services.CustomUserDetailsService [http-nio-8080-exec-3] Granted Authorities --> ROLE_ADMN
2020-05-22 19:50:52,118 INFO com.surshree.app.services.CustomUserDetailsService [http-nio-8080-exec-3] Granted Authorities --> FUNC_CONT_MENU
2020-05-22 19:50:52,119 INFO com.surshree.app.services.CustomUserDetailsService [http-nio-8080-exec-3] Granted Authorities --> FUNC_CONT_MENU
2020-05-22 19:50:52,120 INFO com.surshree.app.services.CustomUserDetailsService [http-nio-8080-exec-3] Granted Authorities --> FUNC_VIEW_ADMIN_MENU
2020-05-22 19:50:53,190 INFO com.surshree.app.services.CustomUserDetailsService [http-nio-8080-exec-5] Granted Authorities --> ROLE_CONT
2020-05-22 19:50:53,192 INFO com.surshree.app.services.CustomUserDetailsService [http-nio-8080-exec-5] Granted Authorities --> ROLE_ADMN
2020-05-22 19:50:53,193 INFO com.surshree.app.services.CustomUserDetailsService [http-nio-8080-exec-5] Granted Authorities --> FUNC_CONT_MENU
2020-05-22 19:50:53,196 INFO com.surshree.app.services.CustomUserDetailsService [http-nio-8080-exec-5] Granted Authorities --> FUNC_CONT_MENU
2020-05-22 19:50:53,198 INFO com.surshree.app.services.CustomUserDetailsService [http-nio-8080-exec-5] Granted Authorities --> FUNC_VIEW_ADMIN_MENU
2020-05-22 19:51:46,086 INFO com.surshree.app.services.CustomUserDetailsService [http-nio-8080-exec-2] Granted Authorities --> ROLE_CONT
2020-05-22 19:51:46,093 INFO com.surshree.app.services.CustomUserDetailsService [http-nio-8080-exec-2] Granted Authorities --> ROLE_ADMN
2020-05-22 19:51:46,095 INFO com.surshree.app.services.CustomUserDetailsService [http-nio-8080-exec-2] Granted Authorities --> FUNC_CONT_MENU
2020-05-22 19:51:46,102 INFO com.surshree.app.services.CustomUserDetailsService [http-nio-8080-exec-2] Granted Authorities --> FUNC_CONT_MENU
2020-05-22 19:51:46,103 INFO com.surshree.app.services.CustomUserDetailsService [http-nio-8080-exec-2] Granted Authorities --> FUNC_VIEW_ADMIN_MENU
2020-05-22 19:54:26,950 INFO com.surshree.app.services.CustomUserDetailsService [http-nio-8080-exec-3] Granted Authorities --> ROLE_CONT
2020-05-22 19:54:26,958 INFO com.surshree.app.services.CustomUserDetailsService [http-nio-8080-exec-3] Granted Authorities --> ROLE_ADMN
2020-05-22 19:54:26,961 INFO com.surshree.app.services.CustomUserDetailsService [http-nio-8080-exec-3] Granted Authorities --> FUNC_CONT_MENU
2020-05-22 19:54:26,963 INFO com.surshree.app.services.CustomUserDetailsService [http-nio-8080-exec-3] Granted Authorities --> FUNC_CONT_MENU
2020-05-22 19:54:26,966 INFO com.surshree.app.services.CustomUserDetailsService [http-nio-8080-exec-3] Granted Authorities --> FUNC_VIEW_ADMIN_MENU
2020-05-22 19:54:28,196 INFO com.surshree.app.services.CustomUserDetailsService [http-nio-8080-exec-7] Granted Authorities --> ROLE_CONT
2020-05-22 19:54:28,197 INFO com.surshree.app.services.CustomUserDetailsService [http-nio-8080-exec-7] Granted Authorities --> ROLE_ADMN
2020-05-22 19:54:28,198 INFO com.surshree.app.services.CustomUserDetailsService [http-nio-8080-exec-7] Granted Authorities --> FUNC_CONT_MENU
2020-05-22 19:54:28,198 INFO com.surshree.app.services.CustomUserDetailsService [http-nio-8080-exec-7] Granted Authorities --> FUNC_CONT_MENU
2020-05-22 19:54:28,199 INFO com.surshree.app.services.CustomUserDetailsService [http-nio-8080-exec-7] Granted Authorities --> FUNC_VIEW_ADMIN_MENU
2020-05-22 19:59:56,490 INFO com.surshree.app.scheduling.CacheScheduler [scheduling-1] Clear user cache : START
2020-05-22 19:59:56,494 INFO com.surshree.app.scheduling.CacheScheduler [scheduling-1] Clear user cache : END
2020-05-22 20:02:00,756 INFO com.surshree.app.services.CustomUserDetailsService [http-nio-8080-exec-4] Granted Authorities --> ROLE_ADMN
2020-05-22 20:02:00,766 INFO com.surshree.app.services.CustomUserDetailsService [http-nio-8080-exec-4] Granted Authorities --> ROLE_CONT
2020-05-22 20:02:00,767 INFO com.surshree.app.services.CustomUserDetailsService [http-nio-8080-exec-4] Granted Authorities --> FUNC_VIEW_ADMIN_MENU
2020-05-22 20:02:00,768 INFO com.surshree.app.services.CustomUserDetailsService [http-nio-8080-exec-4] Granted Authorities --> FUNC_CONT_MENU
2020-05-22 20:02:00,769 INFO com.surshree.app.services.CustomUserDetailsService [http-nio-8080-exec-4] Granted Authorities --> FUNC_CONT_MENU
2020-05-22 20:05:22,211 INFO com.surshree.app.controllers.FileController [http-nio-8080-exec-9] File download URL --> http://192.168.15.13:8080/file/406d8a95-5871-46dc-a102-2148049bd8f4
2020-05-22 20:09:56,519 INFO com.surshree.app.scheduling.CacheScheduler [scheduling-1] Clear user cache : START
2020-05-22 20:09:56,533 INFO com.surshree.app.scheduling.CacheScheduler [scheduling-1] Clear user cache : END
2020-05-22 20:19:56,559 INFO com.surshree.app.scheduling.CacheScheduler [scheduling-1] Clear user cache : START
2020-05-22 20:19:56,565 INFO com.surshree.app.scheduling.CacheScheduler [scheduling-1] Clear user cache : END
2020-05-22 20:29:56,587 INFO com.surshree.app.scheduling.CacheScheduler [scheduling-1] Clear user cache : START
2020-05-22 20:29:56,601 INFO com.surshree.app.scheduling.CacheScheduler [scheduling-1] Clear user cache : END
2020-05-22 20:39:56,630 INFO com.surshree.app.scheduling.CacheScheduler [scheduling-1] Clear user cache : START
2020-05-22 20:39:56,748 INFO com.surshree.app.scheduling.CacheScheduler [scheduling-1] Clear user cache : END
2020-05-22 20:41:15,731 INFO org.springframework.boot.SpringApplication [main] No active profile set, falling back to default profiles: default
2020-05-22 20:41:22,443 INFO org.springframework.data.repository.config.RepositoryConfigurationDelegate [main] Bootstrapping Spring Data JPA repositories in DEFAULT mode.
2020-05-22 20:41:23,223 INFO org.springframework.data.repository.config.RepositoryConfigurationDelegate [main] Finished Spring Data repository scanning in 746ms. Found 9 JPA repository interfaces.
2020-05-22 20:41:28,223 INFO org.springframework.cloud.context.scope.GenericScope [main] BeanFactory id=496206d4-f1c2-3f13-b4d7-1c6b3e101b4b
2020-05-22 20:41:32,420 INFO org.springframework.boot.web.embedded.tomcat.TomcatWebServer [main] Tomcat initialized with port(s): 8080 (http)
2020-05-22 20:41:32,469 INFO org.apache.juli.logging.DirectJDKLog [main] Initializing ProtocolHandler ["http-nio-8080"]
2020-05-22 20:41:32,475 INFO org.apache.juli.logging.DirectJDKLog [main] Starting service [Tomcat]
2020-05-22 20:41:32,477 INFO org.apache.juli.logging.DirectJDKLog [main] Starting Servlet engine: [Apache Tomcat/9.0.33]
2020-05-22 20:41:33,379 INFO org.apache.juli.logging.DirectJDKLog [main] Initializing Spring embedded WebApplicationContext
2020-05-22 20:41:33,380 INFO org.springframework.boot.web.servlet.context.ServletWebServerApplicationContext [main] Root WebApplicationContext: initialization completed in 16753 ms
2020-05-22 20:41:36,227 INFO com.surshree.app.config.CacheConfig [main] Initializing cache.
2020-05-22 20:41:36,734 INFO org.hibernate.jpa.internal.util.LogHelper [main] HHH000204: Processing PersistenceUnitInfo [name: default]
2020-05-22 20:41:37,307 INFO org.hibernate.Version [main] HHH000412: Hibernate ORM core version 5.4.12.Final
2020-05-22 20:41:38,450 INFO org.hibernate.annotations.common.reflection.java.JavaReflectionManager [main] HCANN000001: Hibernate Commons Annotations {5.1.0.Final}
2020-05-22 20:41:40,096 INFO com.zaxxer.hikari.HikariDataSource [main] HikariPool-1 - Starting...
2020-05-22 20:41:41,060 INFO com.zaxxer.hikari.HikariDataSource [main] HikariPool-1 - Start completed.
2020-05-22 20:41:41,453 INFO org.hibernate.dialect.Dialect [main] HHH000400: Using dialect: org.hibernate.dialect.PostgreSQL10Dialect
2020-05-22 20:41:51,641 INFO org.hibernate.engine.transaction.jta.platform.internal.JtaPlatformInitiator [main] HHH000490: Using JtaPlatform implementation: [org.hibernate.engine.transaction.jta.platform.internal.NoJtaPlatform]
2020-05-22 20:41:53,353 INFO org.springframework.orm.jpa.AbstractEntityManagerFactoryBean [main] Initialized JPA EntityManagerFactory for persistence unit 'default'
2020-05-22 20:41:53,815 WARN org.springframework.boot.autoconfigure.orm.jpa.JpaBaseConfiguration$JpaWebConfiguration [main] spring.jpa.open-in-view is enabled by default. Therefore, database queries may be performed during view rendering. Explicitly configure spring.jpa.open-in-view to disable this warning
2020-05-22 20:42:01,559 INFO org.springframework.security.web.DefaultSecurityFilterChain [main] Creating filter chain: OrRequestMatcher [requestMatchers=[Ant [pattern='/oauth/token'], Ant [pattern='/oauth/token_key'], Ant [pattern='/oauth/check_token']]], [org.springframework.security.web.context.request.async.WebAsyncManagerIntegrationFilter@198c97d0, org.springframework.security.web.context.SecurityContextPersistenceFilter@16745ba7, org.springframework.security.web.header.HeaderWriterFilter@7b3db079, org.springframework.security.web.authentication.logout.LogoutFilter@3f4b59fd, org.springframework.web.filter.CorsFilter@25e9f5e6, org.springframework.security.web.authentication.www.BasicAuthenticationFilter@55c901b2, org.springframework.security.web.savedrequest.RequestCacheAwareFilter@2d094add, org.springframework.security.web.servletapi.SecurityContextHolderAwareRequestFilter@25a2a71d, org.springframework.security.web.authentication.AnonymousAuthenticationFilter@512319dc, org.springframework.security.web.session.SessionManagementFilter@598f065f, org.springframework.security.web.access.ExceptionTranslationFilter@361065d1, org.springframework.security.web.access.intercept.FilterSecurityInterceptor@38f1f6c9]
2020-05-22 20:42:01,601 INFO org.springframework.security.web.DefaultSecurityFilterChain [main] Creating filter chain: com.surshree.app.config.ResourceServerConfig$$Lambda$958/0x00000008009c0840@4df8f4e9, [org.springframework.security.web.context.request.async.WebAsyncManagerIntegrationFilter@7785430c, org.springframework.security.web.context.SecurityContextPersistenceFilter@5565d718, org.springframework.security.web.header.HeaderWriterFilter@12c55199, org.springframework.security.web.authentication.logout.LogoutFilter@5ccc07ae, org.springframework.security.oauth2.provider.authentication.OAuth2AuthenticationProcessingFilter@40ef1198, org.springframework.security.web.savedrequest.RequestCacheAwareFilter@4832813d, org.springframework.security.web.servletapi.SecurityContextHolderAwareRequestFilter@70c3483b, org.springframework.security.web.authentication.AnonymousAuthenticationFilter@13056efe, org.springframework.security.web.session.SessionManagementFilter@63f6811e, org.springframework.security.web.access.ExceptionTranslationFilter@4eba6e1f, org.springframework.security.web.access.intercept.FilterSecurityInterceptor@f41db7f]
2020-05-22 20:42:03,306 INFO org.springframework.boot.actuate.endpoint.web.EndpointLinksResolver [main] Exposing 2 endpoint(s) beneath base path '/actuator'
2020-05-22 20:42:03,399 INFO org.springframework.security.web.DefaultSecurityFilterChain [main] Creating filter chain: any request, [org.springframework.security.web.context.request.async.WebAsyncManagerIntegrationFilter@7cfb255, org.springframework.security.web.context.SecurityContextPersistenceFilter@11636d43, org.springframework.security.web.header.HeaderWriterFilter@37bafef8, org.springframework.web.filter.CorsFilter@214fe287, org.springframework.security.web.authentication.logout.LogoutFilter@28b36817, org.springframework.security.web.authentication.www.BasicAuthenticationFilter@19cc697c, org.springframework.security.web.savedrequest.RequestCacheAwareFilter@753b6846, org.springframework.security.web.servletapi.SecurityContextHolderAwareRequestFilter@15961527, org.springframework.security.web.authentication.AnonymousAuthenticationFilter@4545ac62, org.springframework.security.web.session.SessionManagementFilter@2a6b6f4, org.springframework.security.web.access.ExceptionTranslationFilter@4164ab12, org.springframework.security.web.access.intercept.FilterSecurityInterceptor@681ba763]
2020-05-22 20:42:04,125 INFO org.springframework.scheduling.concurrent.ExecutorConfigurationSupport [main] Initializing ExecutorService 'applicationTaskExecutor'
2020-05-22 20:42:04,924 INFO org.springframework.scheduling.concurrent.ExecutorConfigurationSupport [main] Initializing ExecutorService 'taskScheduler'
2020-05-22 20:42:05,513 INFO com.surshree.app.scheduling.CacheScheduler [scheduling-1] Clear user cache : START
2020-05-22 20:42:05,515 INFO com.surshree.app.scheduling.CacheScheduler [scheduling-1] Clear user cache : END
2020-05-22 20:42:05,516 INFO org.apache.juli.logging.DirectJDKLog [main] Starting ProtocolHandler ["http-nio-8080"]
2020-05-22 20:42:05,675 INFO org.springframework.boot.web.embedded.tomcat.TomcatWebServer [main] Tomcat started on port(s): 8080 (http) with context path ''
2020-05-22 20:42:05,715 INFO org.springframework.boot.StartupInfoLogger [main] Started SurShreeApplication in 63.825 seconds (JVM running for 68.871)
2020-05-22 20:52:05,535 INFO com.surshree.app.scheduling.CacheScheduler [scheduling-1] Clear user cache : START
2020-05-22 20:52:05,554 INFO com.surshree.app.scheduling.CacheScheduler [scheduling-1] Clear user cache : END
2020-05-22 20:58:49,245 INFO org.apache.juli.logging.DirectJDKLog [http-nio-8080-exec-1] Initializing Spring DispatcherServlet 'dispatcherServlet'
2020-05-22 20:58:49,248 INFO org.springframework.web.servlet.FrameworkServlet [http-nio-8080-exec-1] Initializing Servlet 'dispatcherServlet'
2020-05-22 20:58:49,400 INFO org.springframework.web.servlet.FrameworkServlet [http-nio-8080-exec-1] Completed initialization in 151 ms
2020-05-22 20:58:53,136 INFO com.surshree.app.services.CustomUserDetailsService [http-nio-8080-exec-2] Granted Authorities --> ROLE_ADMN
2020-05-22 20:58:53,138 INFO com.surshree.app.services.CustomUserDetailsService [http-nio-8080-exec-2] Granted Authorities --> ROLE_CONT
2020-05-22 20:58:53,140 INFO com.surshree.app.services.CustomUserDetailsService [http-nio-8080-exec-2] Granted Authorities --> FUNC_CONT_MENU
2020-05-22 20:58:53,142 INFO com.surshree.app.services.CustomUserDetailsService [http-nio-8080-exec-2] Granted Authorities --> FUNC_VIEW_ADMIN_MENU
2020-05-22 20:58:53,143 INFO com.surshree.app.services.CustomUserDetailsService [http-nio-8080-exec-2] Granted Authorities --> FUNC_CONT_MENU
2020-05-22 20:58:54,123 INFO org.springframework.security.oauth2.provider.token.store.JdbcTokenStore [http-nio-8080-exec-2] Failed to find access token for token 0e649307-3820-4a40-8b2e-5aaafef7c5d0
2020-05-22 20:58:55,261 INFO com.surshree.app.services.CustomUserDetailsService [http-nio-8080-exec-4] Granted Authorities --> ROLE_ADMN
2020-05-22 20:58:55,263 INFO com.surshree.app.services.CustomUserDetailsService [http-nio-8080-exec-4] Granted Authorities --> ROLE_CONT
2020-05-22 20:58:55,264 INFO com.surshree.app.services.CustomUserDetailsService [http-nio-8080-exec-4] Granted Authorities --> FUNC_CONT_MENU
2020-05-22 20:58:55,264 INFO com.surshree.app.services.CustomUserDetailsService [http-nio-8080-exec-4] Granted Authorities --> FUNC_VIEW_ADMIN_MENU
2020-05-22 20:58:55,265 INFO com.surshree.app.services.CustomUserDetailsService [http-nio-8080-exec-4] Granted Authorities --> FUNC_CONT_MENU
2020-05-22 20:58:56,923 INFO com.surshree.app.services.CustomUserDetailsService [http-nio-8080-exec-8] Granted Authorities --> ROLE_ADMN
2020-05-22 20:58:56,926 INFO com.surshree.app.services.CustomUserDetailsService [http-nio-8080-exec-8] Granted Authorities --> ROLE_CONT
2020-05-22 20:58:56,929 INFO com.surshree.app.services.CustomUserDetailsService [http-nio-8080-exec-8] Granted Authorities --> FUNC_CONT_MENU
2020-05-22 20:58:56,933 INFO com.surshree.app.services.CustomUserDetailsService [http-nio-8080-exec-8] Granted Authorities --> FUNC_VIEW_ADMIN_MENU
2020-05-22 20:58:56,934 INFO com.surshree.app.services.CustomUserDetailsService [http-nio-8080-exec-8] Granted Authorities --> FUNC_CONT_MENU
2020-05-22 20:59:22,753 INFO com.surshree.app.services.CustomUserDetailsService [http-nio-8080-exec-5] Granted Authorities --> ROLE_ADMN
2020-05-22 20:59:22,755 INFO com.surshree.app.services.CustomUserDetailsService [http-nio-8080-exec-5] Granted Authorities --> ROLE_CONT
2020-05-22 20:59:22,756 INFO com.surshree.app.services.CustomUserDetailsService [http-nio-8080-exec-5] Granted Authorities --> FUNC_CONT_MENU
2020-05-22 20:59:22,757 INFO com.surshree.app.services.CustomUserDetailsService [http-nio-8080-exec-5] Granted Authorities --> FUNC_VIEW_ADMIN_MENU
2020-05-22 20:59:22,758 INFO com.surshree.app.services.CustomUserDetailsService [http-nio-8080-exec-5] Granted Authorities --> FUNC_CONT_MENU
2020-05-22 20:59:23,657 INFO com.surshree.app.services.CustomUserDetailsService [http-nio-8080-exec-7] Granted Authorities --> ROLE_ADMN
2020-05-22 20:59:23,658 INFO com.surshree.app.services.CustomUserDetailsService [http-nio-8080-exec-7] Granted Authorities --> ROLE_CONT
2020-05-22 20:59:23,659 INFO com.surshree.app.services.CustomUserDetailsService [http-nio-8080-exec-7] Granted Authorities --> FUNC_CONT_MENU
2020-05-22 20:59:23,660 INFO com.surshree.app.services.CustomUserDetailsService [http-nio-8080-exec-7] Granted Authorities --> FUNC_VIEW_ADMIN_MENU
2020-05-22 20:59:23,663 INFO com.surshree.app.services.CustomUserDetailsService [http-nio-8080-exec-7] Granted Authorities --> FUNC_CONT_MENU
2020-05-22 20:59:30,119 INFO com.surshree.app.services.CustomUserDetailsService [http-nio-8080-exec-1] Granted Authorities --> ROLE_ADMN
2020-05-22 20:59:30,120 INFO com.surshree.app.services.CustomUserDetailsService [http-nio-8080-exec-1] Granted Authorities --> ROLE_CONT
2020-05-22 20:59:30,121 INFO com.surshree.app.services.CustomUserDetailsService [http-nio-8080-exec-1] Granted Authorities --> FUNC_CONT_MENU
2020-05-22 20:59:30,123 INFO com.surshree.app.services.CustomUserDetailsService [http-nio-8080-exec-1] Granted Authorities --> FUNC_VIEW_ADMIN_MENU
2020-05-22 20:59:30,124 INFO com.surshree.app.services.CustomUserDetailsService [http-nio-8080-exec-1] Granted Authorities --> FUNC_CONT_MENU
2020-05-22 20:59:34,345 INFO com.surshree.app.services.CustomUserDetailsService [http-nio-8080-exec-2] Granted Authorities --> ROLE_ADMN
2020-05-22 20:59:34,346 INFO com.surshree.app.services.CustomUserDetailsService [http-nio-8080-exec-2] Granted Authorities --> ROLE_CONT
2020-05-22 20:59:34,347 INFO com.surshree.app.services.CustomUserDetailsService [http-nio-8080-exec-2] Granted Authorities --> FUNC_CONT_MENU
2020-05-22 20:59:34,347 INFO com.surshree.app.services.CustomUserDetailsService [http-nio-8080-exec-2] Granted Authorities --> FUNC_VIEW_ADMIN_MENU
2020-05-22 20:59:34,348 INFO com.surshree.app.services.CustomUserDetailsService [http-nio-8080-exec-2] Granted Authorities --> FUNC_CONT_MENU
2020-05-22 20:59:48,783 INFO com.surshree.app.controllers.FileController [http-nio-8080-exec-6] File download URL --> http://localhost:8080/file/c00fa786-5c95-4811-8718-bdebd6547a51
2020-05-22 21:00:01,349 INFO com.surshree.app.services.CustomUserDetailsService [http-nio-8080-exec-10] Granted Authorities --> ROLE_ADMN
2020-05-22 21:00:01,356 INFO com.surshree.app.services.CustomUserDetailsService [http-nio-8080-exec-10] Granted Authorities --> ROLE_CONT
2020-05-22 21:00:01,359 INFO com.surshree.app.services.CustomUserDetailsService [http-nio-8080-exec-10] Granted Authorities --> FUNC_CONT_MENU
2020-05-22 21:00:01,360 INFO com.surshree.app.services.CustomUserDetailsService [http-nio-8080-exec-10] Granted Authorities --> FUNC_VIEW_ADMIN_MENU
2020-05-22 21:00:01,362 INFO com.surshree.app.services.CustomUserDetailsService [http-nio-8080-exec-10] Granted Authorities --> FUNC_CONT_MENU
2020-05-22 21:00:47,849 INFO com.surshree.app.controllers.FileController [http-nio-8080-exec-2] File download URL --> http://localhost:8080/file/6dea0442-a669-4362-aa28-eb916bb0a8d9
2020-05-22 21:02:05,579 INFO com.surshree.app.scheduling.CacheScheduler [scheduling-1] Clear user cache : START
2020-05-22 21:02:05,585 INFO com.surshree.app.scheduling.CacheScheduler [scheduling-1] Clear user cache : END
2020-05-22 21:12:05,609 INFO com.surshree.app.scheduling.CacheScheduler [scheduling-1] Clear user cache : START
2020-05-22 21:12:05,622 INFO com.surshree.app.scheduling.CacheScheduler [scheduling-1] Clear user cache : END
2020-05-22 21:14:32,831 INFO com.surshree.app.services.CustomUserDetailsService [http-nio-8080-exec-1] Granted Authorities --> ROLE_ADMN
2020-05-22 21:14:32,838 INFO com.surshree.app.services.CustomUserDetailsService [http-nio-8080-exec-1] Granted Authorities --> ROLE_CONT
2020-05-22 21:14:32,839 INFO com.surshree.app.services.CustomUserDetailsService [http-nio-8080-exec-1] Granted Authorities --> FUNC_VIEW_ADMIN_MENU
2020-05-22 21:14:32,841 INFO com.surshree.app.services.CustomUserDetailsService [http-nio-8080-exec-1] Granted Authorities --> FUNC_CONT_MENU
2020-05-22 21:14:32,848 INFO com.surshree.app.services.CustomUserDetailsService [http-nio-8080-exec-1] Granted Authorities --> FUNC_CONT_MENU
